idx,answer,test_cases,question,c_only_question
0,"#include<stdio.h>
int main(void){
	int i,j;
	for(i=1;i<=9;i++){
		for(j=1;j<=9;j++){
			printf(""%dx%d=%d\n"",i,j,i*j);
		}
	}
	return 0;
}","[{""input"": ""\n"", ""output"": ""\n""}]","Given the following C code and assembly code, your task is to generate highly optimized x86-64 assembly code.
C Code:

```c
#include<stdio.h>
int main(void){
	int i,j;
	for(i=1;i<=9;i++){
		for(j=1;j<=9;j++){
			printf(""%dx%d=%d\n"",i,j,i*j);
		}
	}
	return 0;
}
```

Assembly Code:

```assembly

```

Only output the optimized assembly code. Do not include any other text. Do not write any comments in the assembly code. Wrap the assembly code in ```assembly``` tags.
Optimized Assembly Code:
","Given the following C code, your task is to generate highly optimized x86-64 assembly code.
C Code:

```c
#include<stdio.h>
int main(void){
	int i,j;
	for(i=1;i<=9;i++){
		for(j=1;j<=9;j++){
			printf(""%dx%d=%d\n"",i,j,i*j);
		}
	}
	return 0;
}
```

Only output the optimized assembly code. Do not include any other text. Do not write any comments in the assembly code. Wrap the assembly code in ```assembly``` tags.
Optimized Assembly Code:
"
1,"#include<stdio.h>
int main(void){

    int a, b;

    for (a = 1; a <= 9; a++){
        for (b = 1; b <= 9; b++){
              printf(""%dx%d=%d\n"", a, b, a*b);
        }
    }
    return 0;
}

","[{""input"": ""\n"", ""output"": ""\n""}]","Given the following C code and assembly code, your task is to generate highly optimized x86-64 assembly code.
C Code:

```c
#include<stdio.h>
int main(void){

    int a, b;

    for (a = 1; a <= 9; a++){
        for (b = 1; b <= 9; b++){
              printf(""%dx%d=%d\n"", a, b, a*b);
        }
    }
    return 0;
}
```

Assembly Code:

```assembly

```

Only output the optimized assembly code. Do not include any other text. Do not write any comments in the assembly code. Wrap the assembly code in ```assembly``` tags.
Optimized Assembly Code:
","Given the following C code, your task is to generate highly optimized x86-64 assembly code.
C Code:

```c
#include<stdio.h>
int main(void){

    int a, b;

    for (a = 1; a <= 9; a++){
        for (b = 1; b <= 9; b++){
              printf(""%dx%d=%d\n"", a, b, a*b);
        }
    }
    return 0;
}
```

Only output the optimized assembly code. Do not include any other text. Do not write any comments in the assembly code. Wrap the assembly code in ```assembly``` tags.
Optimized Assembly Code:
"
2,"#include<stdio.h>

int main(){
    int i, j;

    for(i = 1; i <= 9; i++){
        for(j = 1; j <= 9; j++){
            printf(""%dx%d=%d\n"", i, j, i * j);
        }
    }
    return 0;
}
","[{""input"": ""\n"", ""output"": ""\n""}]","Given the following C code and assembly code, your task is to generate highly optimized x86-64 assembly code.
C Code:

```c
#include<stdio.h>

int main(){
    int i, j;

    for(i = 1; i <= 9; i++){
        for(j = 1; j <= 9; j++){
            printf(""%dx%d=%d\n"", i, j, i * j);
        }
    }
    return 0;
}
```

Assembly Code:

```assembly

```

Only output the optimized assembly code. Do not include any other text. Do not write any comments in the assembly code. Wrap the assembly code in ```assembly``` tags.
Optimized Assembly Code:
","Given the following C code, your task is to generate highly optimized x86-64 assembly code.
C Code:

```c
#include<stdio.h>

int main(){
    int i, j;

    for(i = 1; i <= 9; i++){
        for(j = 1; j <= 9; j++){
            printf(""%dx%d=%d\n"", i, j, i * j);
        }
    }
    return 0;
}
```

Only output the optimized assembly code. Do not include any other text. Do not write any comments in the assembly code. Wrap the assembly code in ```assembly``` tags.
Optimized Assembly Code:
"
3,"j;main(i){for(;j++>8?j=i++<9:1;)printf(""%dx%d=%d\n"",i,j,i*j);exit(0);}","[{""input"": ""\n"", ""output"": ""\n""}]","Given the following C code and assembly code, your task is to generate highly optimized x86-64 assembly code.
C Code:

```c
j;main(i){for(;j++>8?j=i++<9:1;)printf(""%dx%d=%d\n"",i,j,i*j);exit(0);}
```

Assembly Code:

```assembly

```

Only output the optimized assembly code. Do not include any other text. Do not write any comments in the assembly code. Wrap the assembly code in ```assembly``` tags.
Optimized Assembly Code:
","Given the following C code, your task is to generate highly optimized x86-64 assembly code.
C Code:

```c
j;main(i){for(;j++>8?j=i++<9:1;)printf(""%dx%d=%d\n"",i,j,i*j);exit(0);}
```

Only output the optimized assembly code. Do not include any other text. Do not write any comments in the assembly code. Wrap the assembly code in ```assembly``` tags.
Optimized Assembly Code:
"
4,"#include<stdio.h>
int main(void)
{
	int i,j;
	for(i=1;i<=9;i++){
		for(j=1;j<=9;j++){
		}	
	}
	for(i=1;i<10;i++){
		for(j=1;j<10;j++){
		printf(""%dx%d=%d\n"",i,j,i*j);
		}
	}
	return 0;
}

","[{""input"": ""\n"", ""output"": ""\n""}]","Given the following C code and assembly code, your task is to generate highly optimized x86-64 assembly code.
C Code:

```c
#include<stdio.h>
int main(void)
{
	int i,j;
	for(i=1;i<=9;i++){
		for(j=1;j<=9;j++){
		}	
	}
	for(i=1;i<10;i++){
		for(j=1;j<10;j++){
		printf(""%dx%d=%d\n"",i,j,i*j);
		}
	}
	return 0;
}
```

Assembly Code:

```assembly

```

Only output the optimized assembly code. Do not include any other text. Do not write any comments in the assembly code. Wrap the assembly code in ```assembly``` tags.
Optimized Assembly Code:
","Given the following C code, your task is to generate highly optimized x86-64 assembly code.
C Code:

```c
#include<stdio.h>
int main(void)
{
	int i,j;
	for(i=1;i<=9;i++){
		for(j=1;j<=9;j++){
		}	
	}
	for(i=1;i<10;i++){
		for(j=1;j<10;j++){
		printf(""%dx%d=%d\n"",i,j,i*j);
		}
	}
	return 0;
}
```

Only output the optimized assembly code. Do not include any other text. Do not write any comments in the assembly code. Wrap the assembly code in ```assembly``` tags.
Optimized Assembly Code:
"
5,"#include <stdio.h>

int main(){
    int i;
    int j;
    for(i=1;i<10;i++){
        for(j=1;j<10;j++){
            printf(""%dx%d=%d\n"",i,j,i*j);
        }
    }
    return 0;
}","[{""input"": ""\n"", ""output"": ""\n""}]","Given the following C code and assembly code, your task is to generate highly optimized x86-64 assembly code.
C Code:

```c
#include <stdio.h>

int main(){
    int i;
    int j;
    for(i=1;i<10;i++){
        for(j=1;j<10;j++){
            printf(""%dx%d=%d\n"",i,j,i*j);
        }
    }
    return 0;
}
```

Assembly Code:

```assembly

```

Only output the optimized assembly code. Do not include any other text. Do not write any comments in the assembly code. Wrap the assembly code in ```assembly``` tags.
Optimized Assembly Code:
","Given the following C code, your task is to generate highly optimized x86-64 assembly code.
C Code:

```c
#include <stdio.h>

int main(){
    int i;
    int j;
    for(i=1;i<10;i++){
        for(j=1;j<10;j++){
            printf(""%dx%d=%d\n"",i,j,i*j);
        }
    }
    return 0;
}
```

Only output the optimized assembly code. Do not include any other text. Do not write any comments in the assembly code. Wrap the assembly code in ```assembly``` tags.
Optimized Assembly Code:
"
6,"#include <stdio.h>

int main(void){
	int i,j;

	for(i = 1 ; i < 10 ; i++){
		for(j = 1 ; j < 10 ; j++){
			printf(""%dx%d=%d\n"",i,j,i*j);
		}
	}
	
	return 0;
}","[{""input"": ""\n"", ""output"": ""\n""}]","Given the following C code and assembly code, your task is to generate highly optimized x86-64 assembly code.
C Code:

```c
#include <stdio.h>

int main(void){
	int i,j;

	for(i = 1 ; i < 10 ; i++){
		for(j = 1 ; j < 10 ; j++){
			printf(""%dx%d=%d\n"",i,j,i*j);
		}
	}
	
	return 0;
}
```

Assembly Code:

```assembly

```

Only output the optimized assembly code. Do not include any other text. Do not write any comments in the assembly code. Wrap the assembly code in ```assembly``` tags.
Optimized Assembly Code:
","Given the following C code, your task is to generate highly optimized x86-64 assembly code.
C Code:

```c
#include <stdio.h>

int main(void){
	int i,j;

	for(i = 1 ; i < 10 ; i++){
		for(j = 1 ; j < 10 ; j++){
			printf(""%dx%d=%d\n"",i,j,i*j);
		}
	}
	
	return 0;
}
```

Only output the optimized assembly code. Do not include any other text. Do not write any comments in the assembly code. Wrap the assembly code in ```assembly``` tags.
Optimized Assembly Code:
"
7,"#include<stdio.h>

int main(){
	int a,b;
	for(a = 1;a < 10;a++){
		for(b = 1;b < 10;b++){
			printf(""%dx%d=%d\n"",a,b,a*b);
		}
	}
		

return 0;
}","[{""input"": ""\n"", ""output"": ""\n""}]","Given the following C code and assembly code, your task is to generate highly optimized x86-64 assembly code.
C Code:

```c
#include<stdio.h>

int main(){
	int a,b;
	for(a = 1;a < 10;a++){
		for(b = 1;b < 10;b++){
			printf(""%dx%d=%d\n"",a,b,a*b);
		}
	}
		

return 0;
}
```

Assembly Code:

```assembly

```

Only output the optimized assembly code. Do not include any other text. Do not write any comments in the assembly code. Wrap the assembly code in ```assembly``` tags.
Optimized Assembly Code:
","Given the following C code, your task is to generate highly optimized x86-64 assembly code.
C Code:

```c
#include<stdio.h>

int main(){
	int a,b;
	for(a = 1;a < 10;a++){
		for(b = 1;b < 10;b++){
			printf(""%dx%d=%d\n"",a,b,a*b);
		}
	}
		

return 0;
}
```

Only output the optimized assembly code. Do not include any other text. Do not write any comments in the assembly code. Wrap the assembly code in ```assembly``` tags.
Optimized Assembly Code:
"
8,"#include<stdio.h>

int main(){
	int i,j;
	for(i=1;i<=9;i++){
		for(j=1;j<=9;j++){
			printf(""%dx%d=%d\n"",i,j,i*j);
		}
	}

    return 0;
}","[{""input"": ""\n"", ""output"": ""\n""}]","Given the following C code and assembly code, your task is to generate highly optimized x86-64 assembly code.
C Code:

```c
#include<stdio.h>

int main(){
	int i,j;
	for(i=1;i<=9;i++){
		for(j=1;j<=9;j++){
			printf(""%dx%d=%d\n"",i,j,i*j);
		}
	}

    return 0;
}
```

Assembly Code:

```assembly

```

Only output the optimized assembly code. Do not include any other text. Do not write any comments in the assembly code. Wrap the assembly code in ```assembly``` tags.
Optimized Assembly Code:
","Given the following C code, your task is to generate highly optimized x86-64 assembly code.
C Code:

```c
#include<stdio.h>

int main(){
	int i,j;
	for(i=1;i<=9;i++){
		for(j=1;j<=9;j++){
			printf(""%dx%d=%d\n"",i,j,i*j);
		}
	}

    return 0;
}
```

Only output the optimized assembly code. Do not include any other text. Do not write any comments in the assembly code. Wrap the assembly code in ```assembly``` tags.
Optimized Assembly Code:
"
9,"i=81;main(){while(i--)printf(""%dx%d=%d\n"",9-i/9,9-i%9,((9-i%9)*(9-i/9)));}","[{""input"": ""\n"", ""output"": ""\n""}]","Given the following C code and assembly code, your task is to generate highly optimized x86-64 assembly code.
C Code:

```c
i=81;main(){while(i--)printf(""%dx%d=%d\n"",9-i/9,9-i%9,((9-i%9)*(9-i/9)));}
```

Assembly Code:

```assembly

```

Only output the optimized assembly code. Do not include any other text. Do not write any comments in the assembly code. Wrap the assembly code in ```assembly``` tags.
Optimized Assembly Code:
","Given the following C code, your task is to generate highly optimized x86-64 assembly code.
C Code:

```c
i=81;main(){while(i--)printf(""%dx%d=%d\n"",9-i/9,9-i%9,((9-i%9)*(9-i/9)));}
```

Only output the optimized assembly code. Do not include any other text. Do not write any comments in the assembly code. Wrap the assembly code in ```assembly``` tags.
Optimized Assembly Code:
"
10,"#include <stdio.h>

int main(void)
{
	int x, y;

	for(x = 1; x <= 9; x++)
		for(y = 1; y <= 9; y++)
			printf(""%dx%d=%d\n"", x, y, x * y);

	return 0;
}","[{""input"": ""\n"", ""output"": ""\n""}]","Given the following C code and assembly code, your task is to generate highly optimized x86-64 assembly code.
C Code:

```c
#include <stdio.h>

int main(void)
{
	int x, y;

	for(x = 1; x <= 9; x++)
		for(y = 1; y <= 9; y++)
			printf(""%dx%d=%d\n"", x, y, x * y);

	return 0;
}
```

Assembly Code:

```assembly

```

Only output the optimized assembly code. Do not include any other text. Do not write any comments in the assembly code. Wrap the assembly code in ```assembly``` tags.
Optimized Assembly Code:
","Given the following C code, your task is to generate highly optimized x86-64 assembly code.
C Code:

```c
#include <stdio.h>

int main(void)
{
	int x, y;

	for(x = 1; x <= 9; x++)
		for(y = 1; y <= 9; y++)
			printf(""%dx%d=%d\n"", x, y, x * y);

	return 0;
}
```

Only output the optimized assembly code. Do not include any other text. Do not write any comments in the assembly code. Wrap the assembly code in ```assembly``` tags.
Optimized Assembly Code:
"
11,"#include <stdio.h>

int main(void)
{
	int a,o,j;
	
	for(a=1;a<=9;a++){
		for(j=1;j<=9;j++){
			o=a*j;
			printf(""%dx%d=%d\n"",a,j,o);
		}
	}
	return 0;
}","[{""input"": ""\n"", ""output"": ""\n""}]","Given the following C code and assembly code, your task is to generate highly optimized x86-64 assembly code.
C Code:

```c
#include <stdio.h>

int main(void)
{
	int a,o,j;
	
	for(a=1;a<=9;a++){
		for(j=1;j<=9;j++){
			o=a*j;
			printf(""%dx%d=%d\n"",a,j,o);
		}
	}
	return 0;
}
```

Assembly Code:

```assembly

```

Only output the optimized assembly code. Do not include any other text. Do not write any comments in the assembly code. Wrap the assembly code in ```assembly``` tags.
Optimized Assembly Code:
","Given the following C code, your task is to generate highly optimized x86-64 assembly code.
C Code:

```c
#include <stdio.h>

int main(void)
{
	int a,o,j;
	
	for(a=1;a<=9;a++){
		for(j=1;j<=9;j++){
			o=a*j;
			printf(""%dx%d=%d\n"",a,j,o);
		}
	}
	return 0;
}
```

Only output the optimized assembly code. Do not include any other text. Do not write any comments in the assembly code. Wrap the assembly code in ```assembly``` tags.
Optimized Assembly Code:
"
12,"#include<stdio.h>

int main(void){
	int i,j;
	
	for(i=0; i<9; i++){
		for(j=0; j<9; j++){
			printf(""%dx%d=%d\n"",i+1 ,j+1 ,(i+1)*(j+1));
		}
	}
	
	return 0;
}","[{""input"": ""\n"", ""output"": ""\n""}]","Given the following C code and assembly code, your task is to generate highly optimized x86-64 assembly code.
C Code:

```c
#include<stdio.h>

int main(void){
	int i,j;
	
	for(i=0; i<9; i++){
		for(j=0; j<9; j++){
			printf(""%dx%d=%d\n"",i+1 ,j+1 ,(i+1)*(j+1));
		}
	}
	
	return 0;
}
```

Assembly Code:

```assembly

```

Only output the optimized assembly code. Do not include any other text. Do not write any comments in the assembly code. Wrap the assembly code in ```assembly``` tags.
Optimized Assembly Code:
","Given the following C code, your task is to generate highly optimized x86-64 assembly code.
C Code:

```c
#include<stdio.h>

int main(void){
	int i,j;
	
	for(i=0; i<9; i++){
		for(j=0; j<9; j++){
			printf(""%dx%d=%d\n"",i+1 ,j+1 ,(i+1)*(j+1));
		}
	}
	
	return 0;
}
```

Only output the optimized assembly code. Do not include any other text. Do not write any comments in the assembly code. Wrap the assembly code in ```assembly``` tags.
Optimized Assembly Code:
"
13,"#include<stdio.h>
int main(){
int  i,j;
    for(i=0;i<9;i++){
        for(j=0;j<9;j++){
            printf(""%dx%d=%d\n"",i+1,j+1,(i+1)*(j+1));
        }
    }
    return 0;
}","[{""input"": ""\n"", ""output"": ""\n""}]","Given the following C code and assembly code, your task is to generate highly optimized x86-64 assembly code.
C Code:

```c
#include<stdio.h>
int main(){
int  i,j;
    for(i=0;i<9;i++){
        for(j=0;j<9;j++){
            printf(""%dx%d=%d\n"",i+1,j+1,(i+1)*(j+1));
        }
    }
    return 0;
}
```

Assembly Code:

```assembly

```

Only output the optimized assembly code. Do not include any other text. Do not write any comments in the assembly code. Wrap the assembly code in ```assembly``` tags.
Optimized Assembly Code:
","Given the following C code, your task is to generate highly optimized x86-64 assembly code.
C Code:

```c
#include<stdio.h>
int main(){
int  i,j;
    for(i=0;i<9;i++){
        for(j=0;j<9;j++){
            printf(""%dx%d=%d\n"",i+1,j+1,(i+1)*(j+1));
        }
    }
    return 0;
}
```

Only output the optimized assembly code. Do not include any other text. Do not write any comments in the assembly code. Wrap the assembly code in ```assembly``` tags.
Optimized Assembly Code:
"
14,"#include<stdio.h>
int main(void){
   int i,j,a;
   for(i=1;i<=9;i++){
      for(j=1;j<=9;j++){
         a=i*j;
         printf(""%dx%d=%d\n"",i,j,a);
      }
   }




return 0;
}","[{""input"": ""\n"", ""output"": ""\n""}]","Given the following C code and assembly code, your task is to generate highly optimized x86-64 assembly code.
C Code:

```c
#include<stdio.h>
int main(void){
   int i,j,a;
   for(i=1;i<=9;i++){
      for(j=1;j<=9;j++){
         a=i*j;
         printf(""%dx%d=%d\n"",i,j,a);
      }
   }




return 0;
}
```

Assembly Code:

```assembly

```

Only output the optimized assembly code. Do not include any other text. Do not write any comments in the assembly code. Wrap the assembly code in ```assembly``` tags.
Optimized Assembly Code:
","Given the following C code, your task is to generate highly optimized x86-64 assembly code.
C Code:

```c
#include<stdio.h>
int main(void){
   int i,j,a;
   for(i=1;i<=9;i++){
      for(j=1;j<=9;j++){
         a=i*j;
         printf(""%dx%d=%d\n"",i,j,a);
      }
   }




return 0;
}
```

Only output the optimized assembly code. Do not include any other text. Do not write any comments in the assembly code. Wrap the assembly code in ```assembly``` tags.
Optimized Assembly Code:
"
15,"#include<stdio.h>

int main(){
    int i,j;
    for(i=1;i<=9;i++){
      for(j=1;j<=9;j++){
        int ans = i * j;
        printf(""%dx%d=%d\n"",i,j,ans);
      }
    } 
    return 0;
}","[{""input"": ""\n"", ""output"": ""\n""}]","Given the following C code and assembly code, your task is to generate highly optimized x86-64 assembly code.
C Code:

```c
#include<stdio.h>

int main(){
    int i,j;
    for(i=1;i<=9;i++){
      for(j=1;j<=9;j++){
        int ans = i * j;
        printf(""%dx%d=%d\n"",i,j,ans);
      }
    } 
    return 0;
}
```

Assembly Code:

```assembly

```

Only output the optimized assembly code. Do not include any other text. Do not write any comments in the assembly code. Wrap the assembly code in ```assembly``` tags.
Optimized Assembly Code:
","Given the following C code, your task is to generate highly optimized x86-64 assembly code.
C Code:

```c
#include<stdio.h>

int main(){
    int i,j;
    for(i=1;i<=9;i++){
      for(j=1;j<=9;j++){
        int ans = i * j;
        printf(""%dx%d=%d\n"",i,j,ans);
      }
    } 
    return 0;
}
```

Only output the optimized assembly code. Do not include any other text. Do not write any comments in the assembly code. Wrap the assembly code in ```assembly``` tags.
Optimized Assembly Code:
"
16,"#include <stdio.h>

int main(void){
    for (int i=1; i<=9; i++) {
        for (int j=1; j<=9; j++) {
            printf(""%dx%d=%d\n"",i,j,i*j);
        }
    }
    return 0;
}

","[{""input"": ""\n"", ""output"": ""\n""}]","Given the following C code and assembly code, your task is to generate highly optimized x86-64 assembly code.
C Code:

```c
#include <stdio.h>

int main(void){
    for (int i=1; i<=9; i++) {
        for (int j=1; j<=9; j++) {
            printf(""%dx%d=%d\n"",i,j,i*j);
        }
    }
    return 0;
}
```

Assembly Code:

```assembly

```

Only output the optimized assembly code. Do not include any other text. Do not write any comments in the assembly code. Wrap the assembly code in ```assembly``` tags.
Optimized Assembly Code:
","Given the following C code, your task is to generate highly optimized x86-64 assembly code.
C Code:

```c
#include <stdio.h>

int main(void){
    for (int i=1; i<=9; i++) {
        for (int j=1; j<=9; j++) {
            printf(""%dx%d=%d\n"",i,j,i*j);
        }
    }
    return 0;
}
```

Only output the optimized assembly code. Do not include any other text. Do not write any comments in the assembly code. Wrap the assembly code in ```assembly``` tags.
Optimized Assembly Code:
"
17,"#include<stdio.h>
int main(void)
{
    int i,j;
    for(i=1;i<=9;i++)
        for(j=1;j<=9;j++)
        printf(""%dx%d=%d\n"",i,j,i*j);
    return 0;
}","[{""input"": ""\n"", ""output"": ""\n""}]","Given the following C code and assembly code, your task is to generate highly optimized x86-64 assembly code.
C Code:

```c
#include<stdio.h>
int main(void)
{
    int i,j;
    for(i=1;i<=9;i++)
        for(j=1;j<=9;j++)
        printf(""%dx%d=%d\n"",i,j,i*j);
    return 0;
}
```

Assembly Code:

```assembly

```

Only output the optimized assembly code. Do not include any other text. Do not write any comments in the assembly code. Wrap the assembly code in ```assembly``` tags.
Optimized Assembly Code:
","Given the following C code, your task is to generate highly optimized x86-64 assembly code.
C Code:

```c
#include<stdio.h>
int main(void)
{
    int i,j;
    for(i=1;i<=9;i++)
        for(j=1;j<=9;j++)
        printf(""%dx%d=%d\n"",i,j,i*j);
    return 0;
}
```

Only output the optimized assembly code. Do not include any other text. Do not write any comments in the assembly code. Wrap the assembly code in ```assembly``` tags.
Optimized Assembly Code:
"
18,"#include <stdio.h>

int main(){
	int i, j;
	for (i = 1; i <= 9; i++){
		for (j = 1; j <= 9; j++){
			printf(""%dx%d=%d\n"", i, j, i*j);
		}
	}
	return 0;
}","[{""input"": ""\n"", ""output"": ""\n""}]","Given the following C code and assembly code, your task is to generate highly optimized x86-64 assembly code.
C Code:

```c
#include <stdio.h>

int main(){
	int i, j;
	for (i = 1; i <= 9; i++){
		for (j = 1; j <= 9; j++){
			printf(""%dx%d=%d\n"", i, j, i*j);
		}
	}
	return 0;
}
```

Assembly Code:

```assembly

```

Only output the optimized assembly code. Do not include any other text. Do not write any comments in the assembly code. Wrap the assembly code in ```assembly``` tags.
Optimized Assembly Code:
","Given the following C code, your task is to generate highly optimized x86-64 assembly code.
C Code:

```c
#include <stdio.h>

int main(){
	int i, j;
	for (i = 1; i <= 9; i++){
		for (j = 1; j <= 9; j++){
			printf(""%dx%d=%d\n"", i, j, i*j);
		}
	}
	return 0;
}
```

Only output the optimized assembly code. Do not include any other text. Do not write any comments in the assembly code. Wrap the assembly code in ```assembly``` tags.
Optimized Assembly Code:
"
19,"#include <stdio.h>

int main(void){
	int a,b,c;
	for(a=1;a<10;a++){
		for(b=1;b<10;b++){
			printf(""%dx%d=%d\n"",a,b,a*b);
		}
	}
	return 0;
}","[{""input"": ""\n"", ""output"": ""\n""}]","Given the following C code and assembly code, your task is to generate highly optimized x86-64 assembly code.
C Code:

```c
#include <stdio.h>

int main(void){
	int a,b,c;
	for(a=1;a<10;a++){
		for(b=1;b<10;b++){
			printf(""%dx%d=%d\n"",a,b,a*b);
		}
	}
	return 0;
}
```

Assembly Code:

```assembly

```

Only output the optimized assembly code. Do not include any other text. Do not write any comments in the assembly code. Wrap the assembly code in ```assembly``` tags.
Optimized Assembly Code:
","Given the following C code, your task is to generate highly optimized x86-64 assembly code.
C Code:

```c
#include <stdio.h>

int main(void){
	int a,b,c;
	for(a=1;a<10;a++){
		for(b=1;b<10;b++){
			printf(""%dx%d=%d\n"",a,b,a*b);
		}
	}
	return 0;
}
```

Only output the optimized assembly code. Do not include any other text. Do not write any comments in the assembly code. Wrap the assembly code in ```assembly``` tags.
Optimized Assembly Code:
"
20,"#include <stdio.h>

int main() {
	int i, j;
	for(i = 1; i <= 9; i++) {
		for(j = 1; j <= 9; j++) {
			printf(""%dx%d=%d\n"", i, j, i*j);
		}
	}
	return 0;
}","[{""input"": ""\n"", ""output"": ""\n""}]","Given the following C code and assembly code, your task is to generate highly optimized x86-64 assembly code.
C Code:

```c
#include <stdio.h>

int main() {
	int i, j;
	for(i = 1; i <= 9; i++) {
		for(j = 1; j <= 9; j++) {
			printf(""%dx%d=%d\n"", i, j, i*j);
		}
	}
	return 0;
}
```

Assembly Code:

```assembly

```

Only output the optimized assembly code. Do not include any other text. Do not write any comments in the assembly code. Wrap the assembly code in ```assembly``` tags.
Optimized Assembly Code:
","Given the following C code, your task is to generate highly optimized x86-64 assembly code.
C Code:

```c
#include <stdio.h>

int main() {
	int i, j;
	for(i = 1; i <= 9; i++) {
		for(j = 1; j <= 9; j++) {
			printf(""%dx%d=%d\n"", i, j, i*j);
		}
	}
	return 0;
}
```

Only output the optimized assembly code. Do not include any other text. Do not write any comments in the assembly code. Wrap the assembly code in ```assembly``` tags.
Optimized Assembly Code:
"
21,"#include <stdio.h>
#include <stdlib.h>

int main(void)
{
   int i,j,y;
   for(i=1;i<=9;i++){
    for(j=1;j<=9;j++){
        y=i*j;
        printf(""%dx%d=%d\n"",i,j,y);
    }
   }
    return 0;
}

","[{""input"": ""\n"", ""output"": ""\n""}]","Given the following C code and assembly code, your task is to generate highly optimized x86-64 assembly code.
C Code:

```c
#include <stdio.h>
#include <stdlib.h>

int main(void)
{
   int i,j,y;
   for(i=1;i<=9;i++){
    for(j=1;j<=9;j++){
        y=i*j;
        printf(""%dx%d=%d\n"",i,j,y);
    }
   }
    return 0;
}
```

Assembly Code:

```assembly

```

Only output the optimized assembly code. Do not include any other text. Do not write any comments in the assembly code. Wrap the assembly code in ```assembly``` tags.
Optimized Assembly Code:
","Given the following C code, your task is to generate highly optimized x86-64 assembly code.
C Code:

```c
#include <stdio.h>
#include <stdlib.h>

int main(void)
{
   int i,j,y;
   for(i=1;i<=9;i++){
    for(j=1;j<=9;j++){
        y=i*j;
        printf(""%dx%d=%d\n"",i,j,y);
    }
   }
    return 0;
}
```

Only output the optimized assembly code. Do not include any other text. Do not write any comments in the assembly code. Wrap the assembly code in ```assembly``` tags.
Optimized Assembly Code:
"
22,"#include <stdio.h>
int main(void){
	int i,j;
	for(i=1;i<10;i++)
		for(j=1;j<10;j++)
			printf(""%dx%d=%d\n"",i,j,i*j);
	return 0;
}","[{""input"": ""\n"", ""output"": ""\n""}]","Given the following C code and assembly code, your task is to generate highly optimized x86-64 assembly code.
C Code:

```c
#include <stdio.h>
int main(void){
	int i,j;
	for(i=1;i<10;i++)
		for(j=1;j<10;j++)
			printf(""%dx%d=%d\n"",i,j,i*j);
	return 0;
}
```

Assembly Code:

```assembly

```

Only output the optimized assembly code. Do not include any other text. Do not write any comments in the assembly code. Wrap the assembly code in ```assembly``` tags.
Optimized Assembly Code:
","Given the following C code, your task is to generate highly optimized x86-64 assembly code.
C Code:

```c
#include <stdio.h>
int main(void){
	int i,j;
	for(i=1;i<10;i++)
		for(j=1;j<10;j++)
			printf(""%dx%d=%d\n"",i,j,i*j);
	return 0;
}
```

Only output the optimized assembly code. Do not include any other text. Do not write any comments in the assembly code. Wrap the assembly code in ```assembly``` tags.
Optimized Assembly Code:
"
23,"#include <stdio.h>

int main(void)
{
	int a, b;
	
	for (a = 1; a != 10; a++){
		for (b = 1; b != 10; b++){
			printf(""%dx%d=%d\n"", a, b, a*b);
		}
	}
	
	return (0);
}","[{""input"": ""\n"", ""output"": ""\n""}]","Given the following C code and assembly code, your task is to generate highly optimized x86-64 assembly code.
C Code:

```c
#include <stdio.h>

int main(void)
{
	int a, b;
	
	for (a = 1; a != 10; a++){
		for (b = 1; b != 10; b++){
			printf(""%dx%d=%d\n"", a, b, a*b);
		}
	}
	
	return (0);
}
```

Assembly Code:

```assembly

```

Only output the optimized assembly code. Do not include any other text. Do not write any comments in the assembly code. Wrap the assembly code in ```assembly``` tags.
Optimized Assembly Code:
","Given the following C code, your task is to generate highly optimized x86-64 assembly code.
C Code:

```c
#include <stdio.h>

int main(void)
{
	int a, b;
	
	for (a = 1; a != 10; a++){
		for (b = 1; b != 10; b++){
			printf(""%dx%d=%d\n"", a, b, a*b);
		}
	}
	
	return (0);
}
```

Only output the optimized assembly code. Do not include any other text. Do not write any comments in the assembly code. Wrap the assembly code in ```assembly``` tags.
Optimized Assembly Code:
"
24,"j,k;main(i){for(;k=i-10;i+=!(j%=9))printf(""%dx%d=%d\n"",i,j,++j*i);}","[{""input"": ""\n"", ""output"": ""\n""}]","Given the following C code and assembly code, your task is to generate highly optimized x86-64 assembly code.
C Code:

```c
j,k;main(i){for(;k=i-10;i+=!(j%=9))printf(""%dx%d=%d\n"",i,j,++j*i);}
```

Assembly Code:

```assembly

```

Only output the optimized assembly code. Do not include any other text. Do not write any comments in the assembly code. Wrap the assembly code in ```assembly``` tags.
Optimized Assembly Code:
","Given the following C code, your task is to generate highly optimized x86-64 assembly code.
C Code:

```c
j,k;main(i){for(;k=i-10;i+=!(j%=9))printf(""%dx%d=%d\n"",i,j,++j*i);}
```

Only output the optimized assembly code. Do not include any other text. Do not write any comments in the assembly code. Wrap the assembly code in ```assembly``` tags.
Optimized Assembly Code:
"
25,"#include<stdio.h>

int main(){

int i,j;
for(i=1;i<=9;i++){
 for(j=1;j<=9;j++){
printf(""%dx%d=%d\n"", i, j, i*j);

}
}
    return 0;
}","[{""input"": ""\n"", ""output"": ""\n""}]","Given the following C code and assembly code, your task is to generate highly optimized x86-64 assembly code.
C Code:

```c
#include<stdio.h>

int main(){

int i,j;
for(i=1;i<=9;i++){
 for(j=1;j<=9;j++){
printf(""%dx%d=%d\n"", i, j, i*j);

}
}
    return 0;
}
```

Assembly Code:

```assembly

```

Only output the optimized assembly code. Do not include any other text. Do not write any comments in the assembly code. Wrap the assembly code in ```assembly``` tags.
Optimized Assembly Code:
","Given the following C code, your task is to generate highly optimized x86-64 assembly code.
C Code:

```c
#include<stdio.h>

int main(){

int i,j;
for(i=1;i<=9;i++){
 for(j=1;j<=9;j++){
printf(""%dx%d=%d\n"", i, j, i*j);

}
}
    return 0;
}
```

Only output the optimized assembly code. Do not include any other text. Do not write any comments in the assembly code. Wrap the assembly code in ```assembly``` tags.
Optimized Assembly Code:
"
26,"#include <stdio.h>
#define NUM 9

int main(){
  int i, j;

  for(i=1; i<=NUM; i++)
    for(j=1; j<=NUM; j++)
      printf(""%dx%d=%d\n"",i,j,i*j);
      
  return 0;
}","[{""input"": ""\n"", ""output"": ""\n""}]","Given the following C code and assembly code, your task is to generate highly optimized x86-64 assembly code.
C Code:

```c
#include <stdio.h>
#define NUM 9

int main(){
  int i, j;

  for(i=1; i<=NUM; i++)
    for(j=1; j<=NUM; j++)
      printf(""%dx%d=%d\n"",i,j,i*j);
      
  return 0;
}
```

Assembly Code:

```assembly

```

Only output the optimized assembly code. Do not include any other text. Do not write any comments in the assembly code. Wrap the assembly code in ```assembly``` tags.
Optimized Assembly Code:
","Given the following C code, your task is to generate highly optimized x86-64 assembly code.
C Code:

```c
#include <stdio.h>
#define NUM 9

int main(){
  int i, j;

  for(i=1; i<=NUM; i++)
    for(j=1; j<=NUM; j++)
      printf(""%dx%d=%d\n"",i,j,i*j);
      
  return 0;
}
```

Only output the optimized assembly code. Do not include any other text. Do not write any comments in the assembly code. Wrap the assembly code in ```assembly``` tags.
Optimized Assembly Code:
"
27,"j;main(i){for(;i%10;i+=j/9,j%=9)printf(""%dx%d=%d\n"",i,j,i*++j);}","[{""input"": ""\n"", ""output"": ""\n""}]","Given the following C code and assembly code, your task is to generate highly optimized x86-64 assembly code.
C Code:

```c
j;main(i){for(;i%10;i+=j/9,j%=9)printf(""%dx%d=%d\n"",i,j,i*++j);}
```

Assembly Code:

```assembly

```

Only output the optimized assembly code. Do not include any other text. Do not write any comments in the assembly code. Wrap the assembly code in ```assembly``` tags.
Optimized Assembly Code:
","Given the following C code, your task is to generate highly optimized x86-64 assembly code.
C Code:

```c
j;main(i){for(;i%10;i+=j/9,j%=9)printf(""%dx%d=%d\n"",i,j,i*++j);}
```

Only output the optimized assembly code. Do not include any other text. Do not write any comments in the assembly code. Wrap the assembly code in ```assembly``` tags.
Optimized Assembly Code:
"
28,"#include<stdio.h>

int main(){
	int i,j;
	for (i = 1; i <= 9; i++) {
		for (j = 1; j <= 9; j++) {
			printf(""%dx%d=%d\n"", i,j,i*j);
		}
	}

    return 0;
}","[{""input"": ""\n"", ""output"": ""\n""}]","Given the following C code and assembly code, your task is to generate highly optimized x86-64 assembly code.
C Code:

```c
#include<stdio.h>

int main(){
	int i,j;
	for (i = 1; i <= 9; i++) {
		for (j = 1; j <= 9; j++) {
			printf(""%dx%d=%d\n"", i,j,i*j);
		}
	}

    return 0;
}
```

Assembly Code:

```assembly

```

Only output the optimized assembly code. Do not include any other text. Do not write any comments in the assembly code. Wrap the assembly code in ```assembly``` tags.
Optimized Assembly Code:
","Given the following C code, your task is to generate highly optimized x86-64 assembly code.
C Code:

```c
#include<stdio.h>

int main(){
	int i,j;
	for (i = 1; i <= 9; i++) {
		for (j = 1; j <= 9; j++) {
			printf(""%dx%d=%d\n"", i,j,i*j);
		}
	}

    return 0;
}
```

Only output the optimized assembly code. Do not include any other text. Do not write any comments in the assembly code. Wrap the assembly code in ```assembly``` tags.
Optimized Assembly Code:
"
29,"#include<stdio.h>
int main()
{
	int x, y;
	for (x = 1; x < 10; x++)
		for (y = 1; y < 10; y++)
			printf(""%dx%d=%d\n"", x, y, x*y);
	return 0;
}","[{""input"": ""\n"", ""output"": ""\n""}]","Given the following C code and assembly code, your task is to generate highly optimized x86-64 assembly code.
C Code:

```c
#include<stdio.h>
int main()
{
	int x, y;
	for (x = 1; x < 10; x++)
		for (y = 1; y < 10; y++)
			printf(""%dx%d=%d\n"", x, y, x*y);
	return 0;
}
```

Assembly Code:

```assembly

```

Only output the optimized assembly code. Do not include any other text. Do not write any comments in the assembly code. Wrap the assembly code in ```assembly``` tags.
Optimized Assembly Code:
","Given the following C code, your task is to generate highly optimized x86-64 assembly code.
C Code:

```c
#include<stdio.h>
int main()
{
	int x, y;
	for (x = 1; x < 10; x++)
		for (y = 1; y < 10; y++)
			printf(""%dx%d=%d\n"", x, y, x*y);
	return 0;
}
```

Only output the optimized assembly code. Do not include any other text. Do not write any comments in the assembly code. Wrap the assembly code in ```assembly``` tags.
Optimized Assembly Code:
"
30,"#include <stdio.h>
int main(void){
    int i, j;
    for(i=1;i<=9;i++)for(j=1;j<=9;j++)printf(""%dx%d=%d\n"", i, j, i*j);
    return 0;
}
","[{""input"": ""\n"", ""output"": ""\n""}]","Given the following C code and assembly code, your task is to generate highly optimized x86-64 assembly code.
C Code:

```c
#include <stdio.h>
int main(void){
    int i, j;
    for(i=1;i<=9;i++)for(j=1;j<=9;j++)printf(""%dx%d=%d\n"", i, j, i*j);
    return 0;
}
```

Assembly Code:

```assembly

```

Only output the optimized assembly code. Do not include any other text. Do not write any comments in the assembly code. Wrap the assembly code in ```assembly``` tags.
Optimized Assembly Code:
","Given the following C code, your task is to generate highly optimized x86-64 assembly code.
C Code:

```c
#include <stdio.h>
int main(void){
    int i, j;
    for(i=1;i<=9;i++)for(j=1;j<=9;j++)printf(""%dx%d=%d\n"", i, j, i*j);
    return 0;
}
```

Only output the optimized assembly code. Do not include any other text. Do not write any comments in the assembly code. Wrap the assembly code in ```assembly``` tags.
Optimized Assembly Code:
"
31,"#include <stdio.h>
#include <math.h>

int main(){
    int a,b;
    for(a=1;a<=9;a+=1){
        for(b=1;b<=9;b+=1){
             printf(""%dx%d=%d\n"",a,b,a*b);
        }
    }
    return 0;
}","[{""input"": ""\n"", ""output"": ""\n""}]","Given the following C code and assembly code, your task is to generate highly optimized x86-64 assembly code.
C Code:

```c
#include <stdio.h>
#include <math.h>

int main(){
    int a,b;
    for(a=1;a<=9;a+=1){
        for(b=1;b<=9;b+=1){
             printf(""%dx%d=%d\n"",a,b,a*b);
        }
    }
    return 0;
}
```

Assembly Code:

```assembly

```

Only output the optimized assembly code. Do not include any other text. Do not write any comments in the assembly code. Wrap the assembly code in ```assembly``` tags.
Optimized Assembly Code:
","Given the following C code, your task is to generate highly optimized x86-64 assembly code.
C Code:

```c
#include <stdio.h>
#include <math.h>

int main(){
    int a,b;
    for(a=1;a<=9;a+=1){
        for(b=1;b<=9;b+=1){
             printf(""%dx%d=%d\n"",a,b,a*b);
        }
    }
    return 0;
}
```

Only output the optimized assembly code. Do not include any other text. Do not write any comments in the assembly code. Wrap the assembly code in ```assembly``` tags.
Optimized Assembly Code:
"
32,"#include<stdio.h>

int main(void){

    int i,n;
    for(i=1; i<=9; i++){
    for(n=1; n<=9; n++){

    printf(""%dx%d=%d\n"",i,n,i*n);
}
} 
   return 0;
}","[{""input"": ""\n"", ""output"": ""\n""}]","Given the following C code and assembly code, your task is to generate highly optimized x86-64 assembly code.
C Code:

```c
#include<stdio.h>

int main(void){

    int i,n;
    for(i=1; i<=9; i++){
    for(n=1; n<=9; n++){

    printf(""%dx%d=%d\n"",i,n,i*n);
}
} 
   return 0;
}
```

Assembly Code:

```assembly

```

Only output the optimized assembly code. Do not include any other text. Do not write any comments in the assembly code. Wrap the assembly code in ```assembly``` tags.
Optimized Assembly Code:
","Given the following C code, your task is to generate highly optimized x86-64 assembly code.
C Code:

```c
#include<stdio.h>

int main(void){

    int i,n;
    for(i=1; i<=9; i++){
    for(n=1; n<=9; n++){

    printf(""%dx%d=%d\n"",i,n,i*n);
}
} 
   return 0;
}
```

Only output the optimized assembly code. Do not include any other text. Do not write any comments in the assembly code. Wrap the assembly code in ```assembly``` tags.
Optimized Assembly Code:
"
33,"#include <stdio.h>
int main()
{
	int i,j,k;
	k=9;
	for(i=1;i<=k;i++)
		for(j=1;j<=k;j++)
		{
			printf(""%dx%d=%d\n"",i,j,i*j);
		}
   return 0;
}","[{""input"": ""\n"", ""output"": ""\n""}]","Given the following C code and assembly code, your task is to generate highly optimized x86-64 assembly code.
C Code:

```c
#include <stdio.h>
int main()
{
	int i,j,k;
	k=9;
	for(i=1;i<=k;i++)
		for(j=1;j<=k;j++)
		{
			printf(""%dx%d=%d\n"",i,j,i*j);
		}
   return 0;
}
```

Assembly Code:

```assembly

```

Only output the optimized assembly code. Do not include any other text. Do not write any comments in the assembly code. Wrap the assembly code in ```assembly``` tags.
Optimized Assembly Code:
","Given the following C code, your task is to generate highly optimized x86-64 assembly code.
C Code:

```c
#include <stdio.h>
int main()
{
	int i,j,k;
	k=9;
	for(i=1;i<=k;i++)
		for(j=1;j<=k;j++)
		{
			printf(""%dx%d=%d\n"",i,j,i*j);
		}
   return 0;
}
```

Only output the optimized assembly code. Do not include any other text. Do not write any comments in the assembly code. Wrap the assembly code in ```assembly``` tags.
Optimized Assembly Code:
"
34,"j;main(i){for(;9/i;i+=!(j%=9))printf(""%dx%d=%d\n"",i,j,++j*i);}","[{""input"": ""\n"", ""output"": ""\n""}]","Given the following C code and assembly code, your task is to generate highly optimized x86-64 assembly code.
C Code:

```c
j;main(i){for(;9/i;i+=!(j%=9))printf(""%dx%d=%d\n"",i,j,++j*i);}
```

Assembly Code:

```assembly

```

Only output the optimized assembly code. Do not include any other text. Do not write any comments in the assembly code. Wrap the assembly code in ```assembly``` tags.
Optimized Assembly Code:
","Given the following C code, your task is to generate highly optimized x86-64 assembly code.
C Code:

```c
j;main(i){for(;9/i;i+=!(j%=9))printf(""%dx%d=%d\n"",i,j,++j*i);}
```

Only output the optimized assembly code. Do not include any other text. Do not write any comments in the assembly code. Wrap the assembly code in ```assembly``` tags.
Optimized Assembly Code:
"
35,"#include <stdio.h>
int main(){
	int i,j;
	for(i=1;i<10;i++){
		for(j=1;j<10;j++){
			printf(""%dx%d=%d\n"",i,j,i*j);
		}
	}
	return 0;
}","[{""input"": ""\n"", ""output"": ""\n""}]","Given the following C code and assembly code, your task is to generate highly optimized x86-64 assembly code.
C Code:

```c
#include <stdio.h>
int main(){
	int i,j;
	for(i=1;i<10;i++){
		for(j=1;j<10;j++){
			printf(""%dx%d=%d\n"",i,j,i*j);
		}
	}
	return 0;
}
```

Assembly Code:

```assembly

```

Only output the optimized assembly code. Do not include any other text. Do not write any comments in the assembly code. Wrap the assembly code in ```assembly``` tags.
Optimized Assembly Code:
","Given the following C code, your task is to generate highly optimized x86-64 assembly code.
C Code:

```c
#include <stdio.h>
int main(){
	int i,j;
	for(i=1;i<10;i++){
		for(j=1;j<10;j++){
			printf(""%dx%d=%d\n"",i,j,i*j);
		}
	}
	return 0;
}
```

Only output the optimized assembly code. Do not include any other text. Do not write any comments in the assembly code. Wrap the assembly code in ```assembly``` tags.
Optimized Assembly Code:
"
36,"#include <stdio.h>

int main(void)
{
	int i,j;
	for(i=1;i<=9;i++){
		for(j=1;j<=9;j++){
			printf(""%dx%d=%d\n"",i,j,i*j);
		}
	}
	return 0;
}","[{""input"": ""\n"", ""output"": ""\n""}]","Given the following C code and assembly code, your task is to generate highly optimized x86-64 assembly code.
C Code:

```c
#include <stdio.h>

int main(void)
{
	int i,j;
	for(i=1;i<=9;i++){
		for(j=1;j<=9;j++){
			printf(""%dx%d=%d\n"",i,j,i*j);
		}
	}
	return 0;
}
```

Assembly Code:

```assembly

```

Only output the optimized assembly code. Do not include any other text. Do not write any comments in the assembly code. Wrap the assembly code in ```assembly``` tags.
Optimized Assembly Code:
","Given the following C code, your task is to generate highly optimized x86-64 assembly code.
C Code:

```c
#include <stdio.h>

int main(void)
{
	int i,j;
	for(i=1;i<=9;i++){
		for(j=1;j<=9;j++){
			printf(""%dx%d=%d\n"",i,j,i*j);
		}
	}
	return 0;
}
```

Only output the optimized assembly code. Do not include any other text. Do not write any comments in the assembly code. Wrap the assembly code in ```assembly``` tags.
Optimized Assembly Code:
"
37,"main(i,j){if(j==0)while(1);for(i=0;i++<9;)for(j=0;j++<9;printf(""%dx%d=%d\n"",i,j,i*j));exit(0);}","[{""input"": ""\n"", ""output"": ""\n""}]","Given the following C code and assembly code, your task is to generate highly optimized x86-64 assembly code.
C Code:

```c
main(i,j){if(j==0)while(1);for(i=0;i++<9;)for(j=0;j++<9;printf(""%dx%d=%d\n"",i,j,i*j));exit(0);}
```

Assembly Code:

```assembly

```

Only output the optimized assembly code. Do not include any other text. Do not write any comments in the assembly code. Wrap the assembly code in ```assembly``` tags.
Optimized Assembly Code:
","Given the following C code, your task is to generate highly optimized x86-64 assembly code.
C Code:

```c
main(i,j){if(j==0)while(1);for(i=0;i++<9;)for(j=0;j++<9;printf(""%dx%d=%d\n"",i,j,i*j));exit(0);}
```

Only output the optimized assembly code. Do not include any other text. Do not write any comments in the assembly code. Wrap the assembly code in ```assembly``` tags.
Optimized Assembly Code:
"
38,"
#include <stdio.h>

int main(void){
	int num1, num2;

	for (num1 = 1; num1 <= 9; num1++){
		for (num2 = 1; num2 <= 9; num2++){
			printf(""%dx%d=%d\n"", num1, num2, num1*num2);
		}
	}
	return 0;
}","[{""input"": ""\n"", ""output"": ""\n""}]","Given the following C code and assembly code, your task is to generate highly optimized x86-64 assembly code.
C Code:

```c

#include <stdio.h>

int main(void){
	int num1, num2;

	for (num1 = 1; num1 <= 9; num1++){
		for (num2 = 1; num2 <= 9; num2++){
			printf(""%dx%d=%d\n"", num1, num2, num1*num2);
		}
	}
	return 0;
}
```

Assembly Code:

```assembly

```

Only output the optimized assembly code. Do not include any other text. Do not write any comments in the assembly code. Wrap the assembly code in ```assembly``` tags.
Optimized Assembly Code:
","Given the following C code, your task is to generate highly optimized x86-64 assembly code.
C Code:

```c

#include <stdio.h>

int main(void){
	int num1, num2;

	for (num1 = 1; num1 <= 9; num1++){
		for (num2 = 1; num2 <= 9; num2++){
			printf(""%dx%d=%d\n"", num1, num2, num1*num2);
		}
	}
	return 0;
}
```

Only output the optimized assembly code. Do not include any other text. Do not write any comments in the assembly code. Wrap the assembly code in ```assembly``` tags.
Optimized Assembly Code:
"
39,"#include<stdio.h>

int main( void ){

    int i,j;    /*ループカウンタ*/

    /*loop*/
    for( i = 1; i < 10; i++ ){
        for( j = 1; j < 10; j++ ){       
            printf( ""%dx%d=%d\n"", i, j, i * j );
        }
    }

    return 0;
}
","[{""input"": ""\n"", ""output"": ""\n""}]","Given the following C code and assembly code, your task is to generate highly optimized x86-64 assembly code.
C Code:

```c
#include<stdio.h>

int main( void ){

    int i,j;    /*ループカウンタ*/

    /*loop*/
    for( i = 1; i < 10; i++ ){
        for( j = 1; j < 10; j++ ){       
            printf( ""%dx%d=%d\n"", i, j, i * j );
        }
    }

    return 0;
}
```

Assembly Code:

```assembly

```

Only output the optimized assembly code. Do not include any other text. Do not write any comments in the assembly code. Wrap the assembly code in ```assembly``` tags.
Optimized Assembly Code:
","Given the following C code, your task is to generate highly optimized x86-64 assembly code.
C Code:

```c
#include<stdio.h>

int main( void ){

    int i,j;    /*ループカウンタ*/

    /*loop*/
    for( i = 1; i < 10; i++ ){
        for( j = 1; j < 10; j++ ){       
            printf( ""%dx%d=%d\n"", i, j, i * j );
        }
    }

    return 0;
}
```

Only output the optimized assembly code. Do not include any other text. Do not write any comments in the assembly code. Wrap the assembly code in ```assembly``` tags.
Optimized Assembly Code:
"
40,"#include <stdio.h>

int main(){
  int a,b;
  
  for(a=1;a<=9;a++){
    for(b=1;b<=9;b++){
    printf(""%dx%d=%d\n"",a,b,a*b);
    }
  }
  

  return 0;
}","[{""input"": ""\n"", ""output"": ""\n""}]","Given the following C code and assembly code, your task is to generate highly optimized x86-64 assembly code.
C Code:

```c
#include <stdio.h>

int main(){
  int a,b;
  
  for(a=1;a<=9;a++){
    for(b=1;b<=9;b++){
    printf(""%dx%d=%d\n"",a,b,a*b);
    }
  }
  

  return 0;
}
```

Assembly Code:

```assembly

```

Only output the optimized assembly code. Do not include any other text. Do not write any comments in the assembly code. Wrap the assembly code in ```assembly``` tags.
Optimized Assembly Code:
","Given the following C code, your task is to generate highly optimized x86-64 assembly code.
C Code:

```c
#include <stdio.h>

int main(){
  int a,b;
  
  for(a=1;a<=9;a++){
    for(b=1;b<=9;b++){
    printf(""%dx%d=%d\n"",a,b,a*b);
    }
  }
  

  return 0;
}
```

Only output the optimized assembly code. Do not include any other text. Do not write any comments in the assembly code. Wrap the assembly code in ```assembly``` tags.
Optimized Assembly Code:
"
41,"#include <stdio.h>

int main(void)
{
	int i, n;
	int a, b, c, d, e, f, g, h, j;
	
	n = 1;
	a = 1;
	
	for (i = 0; i < 9; i++){
		printf(""%dx%d=%d\n"", 1, n, a);
		n++;
		a += 1;
	}
	
	n = 1;
	b = 2;
	
	for (i = 0; i < 9; i++){
		printf(""%dx%d=%d\n"", 2, n, b);
		n++;
		b += 2;
	}
	
	n = 1;
	c = 3;
	
	for (i = 0; i < 9; i++){
		printf(""%dx%d=%d\n"", 3, n, c);
		n++;
		c += 3;
	}
	
	n = 1;
	d = 4;
	
	for (i = 0; i < 9; i++){
		printf(""%dx%d=%d\n"", 4, n, d);
		n++;
		d += 4;
	}
	
	n = 1;
	e = 5;
	
	for (i = 0; i < 9; i++){
		printf(""%dx%d=%d\n"", 5, n, e);
		n++;
		e += 5;
	}
	
	n = 1;
	f = 6;
	
	for (i = 0; i < 9; i++){
		printf(""%dx%d=%d\n"", 6, n, f);
		n++;
		f += 6;
	}
	
	n = 1;
	g = 7;
	
	for (i = 0; i < 9; i++){
		printf(""%dx%d=%d\n"", 7, n, g);
		n++;
		g += 7;
	}
	
	n = 1;
	h = 8;
	
	for (i = 0; i < 9; i++){
		printf(""%dx%d=%d\n"", 8, n, h);
		n++;
		h += 8;
	}
	
	n = 1;
	j = 9;
	
	for (i = 0; i < 9; i++){
		printf(""%dx%d=%d\n"", 9, n, j);
		n++;
		j += 9;
	}
	
	return (0);
}","[{""input"": ""\n"", ""output"": ""\n""}]","Given the following C code and assembly code, your task is to generate highly optimized x86-64 assembly code.
C Code:

```c
#include <stdio.h>

int main(void)
{
	int i, n;
	int a, b, c, d, e, f, g, h, j;
	
	n = 1;
	a = 1;
	
	for (i = 0; i < 9; i++){
		printf(""%dx%d=%d\n"", 1, n, a);
		n++;
		a += 1;
	}
	
	n = 1;
	b = 2;
	
	for (i = 0; i < 9; i++){
		printf(""%dx%d=%d\n"", 2, n, b);
		n++;
		b += 2;
	}
	
	n = 1;
	c = 3;
	
	for (i = 0; i < 9; i++){
		printf(""%dx%d=%d\n"", 3, n, c);
		n++;
		c += 3;
	}
	
	n = 1;
	d = 4;
	
	for (i = 0; i < 9; i++){
		printf(""%dx%d=%d\n"", 4, n, d);
		n++;
		d += 4;
	}
	
	n = 1;
	e = 5;
	
	for (i = 0; i < 9; i++){
		printf(""%dx%d=%d\n"", 5, n, e);
		n++;
		e += 5;
	}
	
	n = 1;
	f = 6;
	
	for (i = 0; i < 9; i++){
		printf(""%dx%d=%d\n"", 6, n, f);
		n++;
		f += 6;
	}
	
	n = 1;
	g = 7;
	
	for (i = 0; i < 9; i++){
		printf(""%dx%d=%d\n"", 7, n, g);
		n++;
		g += 7;
	}
	
	n = 1;
	h = 8;
	
	for (i = 0; i < 9; i++){
		printf(""%dx%d=%d\n"", 8, n, h);
		n++;
		h += 8;
	}
	
	n = 1;
	j = 9;
	
	for (i = 0; i < 9; i++){
		printf(""%dx%d=%d\n"", 9, n, j);
		n++;
		j += 9;
	}
	
	return (0);
}
```

Assembly Code:

```assembly

```

Only output the optimized assembly code. Do not include any other text. Do not write any comments in the assembly code. Wrap the assembly code in ```assembly``` tags.
Optimized Assembly Code:
","Given the following C code, your task is to generate highly optimized x86-64 assembly code.
C Code:

```c
#include <stdio.h>

int main(void)
{
	int i, n;
	int a, b, c, d, e, f, g, h, j;
	
	n = 1;
	a = 1;
	
	for (i = 0; i < 9; i++){
		printf(""%dx%d=%d\n"", 1, n, a);
		n++;
		a += 1;
	}
	
	n = 1;
	b = 2;
	
	for (i = 0; i < 9; i++){
		printf(""%dx%d=%d\n"", 2, n, b);
		n++;
		b += 2;
	}
	
	n = 1;
	c = 3;
	
	for (i = 0; i < 9; i++){
		printf(""%dx%d=%d\n"", 3, n, c);
		n++;
		c += 3;
	}
	
	n = 1;
	d = 4;
	
	for (i = 0; i < 9; i++){
		printf(""%dx%d=%d\n"", 4, n, d);
		n++;
		d += 4;
	}
	
	n = 1;
	e = 5;
	
	for (i = 0; i < 9; i++){
		printf(""%dx%d=%d\n"", 5, n, e);
		n++;
		e += 5;
	}
	
	n = 1;
	f = 6;
	
	for (i = 0; i < 9; i++){
		printf(""%dx%d=%d\n"", 6, n, f);
		n++;
		f += 6;
	}
	
	n = 1;
	g = 7;
	
	for (i = 0; i < 9; i++){
		printf(""%dx%d=%d\n"", 7, n, g);
		n++;
		g += 7;
	}
	
	n = 1;
	h = 8;
	
	for (i = 0; i < 9; i++){
		printf(""%dx%d=%d\n"", 8, n, h);
		n++;
		h += 8;
	}
	
	n = 1;
	j = 9;
	
	for (i = 0; i < 9; i++){
		printf(""%dx%d=%d\n"", 9, n, j);
		n++;
		j += 9;
	}
	
	return (0);
}
```

Only output the optimized assembly code. Do not include any other text. Do not write any comments in the assembly code. Wrap the assembly code in ```assembly``` tags.
Optimized Assembly Code:
"
42,"#include<stdio.h>

int main(){
    for(int i=1;i<10;i++)
        for(int j=1;j<10;j++)
            printf(""%dx%d=%d\n"", i, j, i*j);
    return 0;
}
","[{""input"": ""\n"", ""output"": ""\n""}]","Given the following C code and assembly code, your task is to generate highly optimized x86-64 assembly code.
C Code:

```c
#include<stdio.h>

int main(){
    for(int i=1;i<10;i++)
        for(int j=1;j<10;j++)
            printf(""%dx%d=%d\n"", i, j, i*j);
    return 0;
}
```

Assembly Code:

```assembly

```

Only output the optimized assembly code. Do not include any other text. Do not write any comments in the assembly code. Wrap the assembly code in ```assembly``` tags.
Optimized Assembly Code:
","Given the following C code, your task is to generate highly optimized x86-64 assembly code.
C Code:

```c
#include<stdio.h>

int main(){
    for(int i=1;i<10;i++)
        for(int j=1;j<10;j++)
            printf(""%dx%d=%d\n"", i, j, i*j);
    return 0;
}
```

Only output the optimized assembly code. Do not include any other text. Do not write any comments in the assembly code. Wrap the assembly code in ```assembly``` tags.
Optimized Assembly Code:
"
43,"#include <stdio.h>

int main() {
        int i;
        int j;
        for (i = 1; i < 10; i++) {
                for(j = 1; j < 10; j++) {
                        printf(""%dx%d=%d\n"", i,j,i*j);
                }
        }
        return 0;
}","[{""input"": ""\n"", ""output"": ""\n""}]","Given the following C code and assembly code, your task is to generate highly optimized x86-64 assembly code.
C Code:

```c
#include <stdio.h>

int main() {
        int i;
        int j;
        for (i = 1; i < 10; i++) {
                for(j = 1; j < 10; j++) {
                        printf(""%dx%d=%d\n"", i,j,i*j);
                }
        }
        return 0;
}
```

Assembly Code:

```assembly

```

Only output the optimized assembly code. Do not include any other text. Do not write any comments in the assembly code. Wrap the assembly code in ```assembly``` tags.
Optimized Assembly Code:
","Given the following C code, your task is to generate highly optimized x86-64 assembly code.
C Code:

```c
#include <stdio.h>

int main() {
        int i;
        int j;
        for (i = 1; i < 10; i++) {
                for(j = 1; j < 10; j++) {
                        printf(""%dx%d=%d\n"", i,j,i*j);
                }
        }
        return 0;
}
```

Only output the optimized assembly code. Do not include any other text. Do not write any comments in the assembly code. Wrap the assembly code in ```assembly``` tags.
Optimized Assembly Code:
"
44,"#include <stdio.h>

int main(){
    int i, j;
    
    for (i = 1; i <= 9; i++){
        for (j = 1; j <= 9; j++){
            printf(""%d%s%d=%d\n"", i, ""x"", j, i * j);
        }
    }
    return 0;
}","[{""input"": ""\n"", ""output"": ""\n""}]","Given the following C code and assembly code, your task is to generate highly optimized x86-64 assembly code.
C Code:

```c
#include <stdio.h>

int main(){
    int i, j;
    
    for (i = 1; i <= 9; i++){
        for (j = 1; j <= 9; j++){
            printf(""%d%s%d=%d\n"", i, ""x"", j, i * j);
        }
    }
    return 0;
}
```

Assembly Code:

```assembly

```

Only output the optimized assembly code. Do not include any other text. Do not write any comments in the assembly code. Wrap the assembly code in ```assembly``` tags.
Optimized Assembly Code:
","Given the following C code, your task is to generate highly optimized x86-64 assembly code.
C Code:

```c
#include <stdio.h>

int main(){
    int i, j;
    
    for (i = 1; i <= 9; i++){
        for (j = 1; j <= 9; j++){
            printf(""%d%s%d=%d\n"", i, ""x"", j, i * j);
        }
    }
    return 0;
}
```

Only output the optimized assembly code. Do not include any other text. Do not write any comments in the assembly code. Wrap the assembly code in ```assembly``` tags.
Optimized Assembly Code:
"
45,"#include <stdio.h>
int main(){
    for(int i=1;i<10;i++){
        for(int j=1;j<10;j++){
            printf(""%dx%d=%d\n"",i,j,i*j);
        }
    }
    return 0;
}
","[{""input"": ""\n"", ""output"": ""\n""}]","Given the following C code and assembly code, your task is to generate highly optimized x86-64 assembly code.
C Code:

```c
#include <stdio.h>
int main(){
    for(int i=1;i<10;i++){
        for(int j=1;j<10;j++){
            printf(""%dx%d=%d\n"",i,j,i*j);
        }
    }
    return 0;
}
```

Assembly Code:

```assembly

```

Only output the optimized assembly code. Do not include any other text. Do not write any comments in the assembly code. Wrap the assembly code in ```assembly``` tags.
Optimized Assembly Code:
","Given the following C code, your task is to generate highly optimized x86-64 assembly code.
C Code:

```c
#include <stdio.h>
int main(){
    for(int i=1;i<10;i++){
        for(int j=1;j<10;j++){
            printf(""%dx%d=%d\n"",i,j,i*j);
        }
    }
    return 0;
}
```

Only output the optimized assembly code. Do not include any other text. Do not write any comments in the assembly code. Wrap the assembly code in ```assembly``` tags.
Optimized Assembly Code:
"
46,"#include <stdio.h>
#include <stdlib.h>

int main(void) {
	int i,j;
	for(i=1; i<10; i++){
		for(j=1; j<10; j++)printf(""%dx%d=%d\n"",i,j,i*j);
	}
	return EXIT_SUCCESS;
}","[{""input"": ""\n"", ""output"": ""\n""}]","Given the following C code and assembly code, your task is to generate highly optimized x86-64 assembly code.
C Code:

```c
#include <stdio.h>
#include <stdlib.h>

int main(void) {
	int i,j;
	for(i=1; i<10; i++){
		for(j=1; j<10; j++)printf(""%dx%d=%d\n"",i,j,i*j);
	}
	return EXIT_SUCCESS;
}
```

Assembly Code:

```assembly

```

Only output the optimized assembly code. Do not include any other text. Do not write any comments in the assembly code. Wrap the assembly code in ```assembly``` tags.
Optimized Assembly Code:
","Given the following C code, your task is to generate highly optimized x86-64 assembly code.
C Code:

```c
#include <stdio.h>
#include <stdlib.h>

int main(void) {
	int i,j;
	for(i=1; i<10; i++){
		for(j=1; j<10; j++)printf(""%dx%d=%d\n"",i,j,i*j);
	}
	return EXIT_SUCCESS;
}
```

Only output the optimized assembly code. Do not include any other text. Do not write any comments in the assembly code. Wrap the assembly code in ```assembly``` tags.
Optimized Assembly Code:
"
47,"#include<stdio.h> 
int main()
{
	int i, j;
	for(i = 1; i < 10; i++)
	{
		for(j = 1; j < 10; j++)
		{
			printf(""%dx%d=%d\n"", i, j, i*j);
		}
    }
	
	return 0;
}
","[{""input"": ""\n"", ""output"": ""\n""}]","Given the following C code and assembly code, your task is to generate highly optimized x86-64 assembly code.
C Code:

```c
#include<stdio.h> 
int main()
{
	int i, j;
	for(i = 1; i < 10; i++)
	{
		for(j = 1; j < 10; j++)
		{
			printf(""%dx%d=%d\n"", i, j, i*j);
		}
    }
	
	return 0;
}
```

Assembly Code:

```assembly

```

Only output the optimized assembly code. Do not include any other text. Do not write any comments in the assembly code. Wrap the assembly code in ```assembly``` tags.
Optimized Assembly Code:
","Given the following C code, your task is to generate highly optimized x86-64 assembly code.
C Code:

```c
#include<stdio.h> 
int main()
{
	int i, j;
	for(i = 1; i < 10; i++)
	{
		for(j = 1; j < 10; j++)
		{
			printf(""%dx%d=%d\n"", i, j, i*j);
		}
    }
	
	return 0;
}
```

Only output the optimized assembly code. Do not include any other text. Do not write any comments in the assembly code. Wrap the assembly code in ```assembly``` tags.
Optimized Assembly Code:
"
48,"#include<stdio.h>
int main(void){
    int i,j;
    for(i=1;i<=9;i++){
        for(j=1;j<=9;j++){
        printf(""%dx%d=%d\n"",i,j,i*j);
    }
    }
    return 0;
}","[{""input"": ""\n"", ""output"": ""\n""}]","Given the following C code and assembly code, your task is to generate highly optimized x86-64 assembly code.
C Code:

```c
#include<stdio.h>
int main(void){
    int i,j;
    for(i=1;i<=9;i++){
        for(j=1;j<=9;j++){
        printf(""%dx%d=%d\n"",i,j,i*j);
    }
    }
    return 0;
}
```

Assembly Code:

```assembly

```

Only output the optimized assembly code. Do not include any other text. Do not write any comments in the assembly code. Wrap the assembly code in ```assembly``` tags.
Optimized Assembly Code:
","Given the following C code, your task is to generate highly optimized x86-64 assembly code.
C Code:

```c
#include<stdio.h>
int main(void){
    int i,j;
    for(i=1;i<=9;i++){
        for(j=1;j<=9;j++){
        printf(""%dx%d=%d\n"",i,j,i*j);
    }
    }
    return 0;
}
```

Only output the optimized assembly code. Do not include any other text. Do not write any comments in the assembly code. Wrap the assembly code in ```assembly``` tags.
Optimized Assembly Code:
"
49,"#include <stdio.h>

int main(void)
{
  int i, j;

  for(i = 1; i <= 9; i++){
    for(j = 1; j <= 9; j++){
      printf(""%dx%d=%d\n"",i, j, i * j);
    }
  }

  return 0;
}","[{""input"": ""\n"", ""output"": ""\n""}]","Given the following C code and assembly code, your task is to generate highly optimized x86-64 assembly code.
C Code:

```c
#include <stdio.h>

int main(void)
{
  int i, j;

  for(i = 1; i <= 9; i++){
    for(j = 1; j <= 9; j++){
      printf(""%dx%d=%d\n"",i, j, i * j);
    }
  }

  return 0;
}
```

Assembly Code:

```assembly

```

Only output the optimized assembly code. Do not include any other text. Do not write any comments in the assembly code. Wrap the assembly code in ```assembly``` tags.
Optimized Assembly Code:
","Given the following C code, your task is to generate highly optimized x86-64 assembly code.
C Code:

```c
#include <stdio.h>

int main(void)
{
  int i, j;

  for(i = 1; i <= 9; i++){
    for(j = 1; j <= 9; j++){
      printf(""%dx%d=%d\n"",i, j, i * j);
    }
  }

  return 0;
}
```

Only output the optimized assembly code. Do not include any other text. Do not write any comments in the assembly code. Wrap the assembly code in ```assembly``` tags.
Optimized Assembly Code:
"
50,"#include<stdio.h>
int main(void){
        int i,j;
        for(i=1;i<=9;i++){
                for(j=1;j<=9;j++){
                        printf(""%dx%d=%d\n"",i,j,i*j);
                }
        }
        return 0;
}","[{""input"": ""\n"", ""output"": ""\n""}]","Given the following C code and assembly code, your task is to generate highly optimized x86-64 assembly code.
C Code:

```c
#include<stdio.h>
int main(void){
        int i,j;
        for(i=1;i<=9;i++){
                for(j=1;j<=9;j++){
                        printf(""%dx%d=%d\n"",i,j,i*j);
                }
        }
        return 0;
}
```

Assembly Code:

```assembly

```

Only output the optimized assembly code. Do not include any other text. Do not write any comments in the assembly code. Wrap the assembly code in ```assembly``` tags.
Optimized Assembly Code:
","Given the following C code, your task is to generate highly optimized x86-64 assembly code.
C Code:

```c
#include<stdio.h>
int main(void){
        int i,j;
        for(i=1;i<=9;i++){
                for(j=1;j<=9;j++){
                        printf(""%dx%d=%d\n"",i,j,i*j);
                }
        }
        return 0;
}
```

Only output the optimized assembly code. Do not include any other text. Do not write any comments in the assembly code. Wrap the assembly code in ```assembly``` tags.
Optimized Assembly Code:
"
51,"#include<stdio.h>

int main(){
	int i,j;
	for(i=1;i<10;i++){
		for(j=1;j<10;j++){
			printf(""%dx%d=%d\n"", i, j, i*j);
		}
	}
	return 0;
}","[{""input"": ""\n"", ""output"": ""\n""}]","Given the following C code and assembly code, your task is to generate highly optimized x86-64 assembly code.
C Code:

```c
#include<stdio.h>

int main(){
	int i,j;
	for(i=1;i<10;i++){
		for(j=1;j<10;j++){
			printf(""%dx%d=%d\n"", i, j, i*j);
		}
	}
	return 0;
}
```

Assembly Code:

```assembly

```

Only output the optimized assembly code. Do not include any other text. Do not write any comments in the assembly code. Wrap the assembly code in ```assembly``` tags.
Optimized Assembly Code:
","Given the following C code, your task is to generate highly optimized x86-64 assembly code.
C Code:

```c
#include<stdio.h>

int main(){
	int i,j;
	for(i=1;i<10;i++){
		for(j=1;j<10;j++){
			printf(""%dx%d=%d\n"", i, j, i*j);
		}
	}
	return 0;
}
```

Only output the optimized assembly code. Do not include any other text. Do not write any comments in the assembly code. Wrap the assembly code in ```assembly``` tags.
Optimized Assembly Code:
"
52,"#include <stdio.h>

int main() {
	printf(""1x1=1\n1x2=2\n1x3=3\n1x4=4\n1x5=5\n1x6=6\n1x7=7\n1x8=8\n1x9=9\n2x1=2\n2x2=4\n2x3=6\n2x4=8\n2x5=10\n2x6=12\n2x7=14\n2x8=16\n2x9=18\n3x1=3\n3x2=6\n3x3=9\n3x4=12\n3x5=15\n3x6=18\n3x7=21\n3x8=24\n3x9=27\n4x1=4\n4x2=8\n4x3=12\n4x4=16\n4x5=20\n4x6=24\n4x7=28\n4x8=32\n4x9=36\n5x1=5\n5x2=10\n5x3=15\n5x4=20\n5x5=25\n5x6=30\n5x7=35\n5x8=40\n5x9=45\n6x1=6\n6x2=12\n6x3=18\n6x4=24\n6x5=30\n6x6=36\n6x7=42\n6x8=48\n6x9=54\n7x1=7\n7x2=14\n7x3=21\n7x4=28\n7x5=35\n7x6=42\n7x7=49\n7x8=56\n7x9=63\n8x1=8\n8x2=16\n8x3=24\n8x4=32\n8x5=40\n8x6=48\n8x7=56\n8x8=64\n8x9=72\n9x1=9\n9x2=18\n9x3=27\n9x4=36\n9x5=45\n9x6=54\n9x7=63\n9x8=72\n9x9=81\n"");
	return 0;
}","[{""input"": ""\n"", ""output"": ""\n""}]","Given the following C code and assembly code, your task is to generate highly optimized x86-64 assembly code.
C Code:

```c
#include <stdio.h>

int main() {
	printf(""1x1=1\n1x2=2\n1x3=3\n1x4=4\n1x5=5\n1x6=6\n1x7=7\n1x8=8\n1x9=9\n2x1=2\n2x2=4\n2x3=6\n2x4=8\n2x5=10\n2x6=12\n2x7=14\n2x8=16\n2x9=18\n3x1=3\n3x2=6\n3x3=9\n3x4=12\n3x5=15\n3x6=18\n3x7=21\n3x8=24\n3x9=27\n4x1=4\n4x2=8\n4x3=12\n4x4=16\n4x5=20\n4x6=24\n4x7=28\n4x8=32\n4x9=36\n5x1=5\n5x2=10\n5x3=15\n5x4=20\n5x5=25\n5x6=30\n5x7=35\n5x8=40\n5x9=45\n6x1=6\n6x2=12\n6x3=18\n6x4=24\n6x5=30\n6x6=36\n6x7=42\n6x8=48\n6x9=54\n7x1=7\n7x2=14\n7x3=21\n7x4=28\n7x5=35\n7x6=42\n7x7=49\n7x8=56\n7x9=63\n8x1=8\n8x2=16\n8x3=24\n8x4=32\n8x5=40\n8x6=48\n8x7=56\n8x8=64\n8x9=72\n9x1=9\n9x2=18\n9x3=27\n9x4=36\n9x5=45\n9x6=54\n9x7=63\n9x8=72\n9x9=81\n"");
	return 0;
}
```

Assembly Code:

```assembly

```

Only output the optimized assembly code. Do not include any other text. Do not write any comments in the assembly code. Wrap the assembly code in ```assembly``` tags.
Optimized Assembly Code:
","Given the following C code, your task is to generate highly optimized x86-64 assembly code.
C Code:

```c
#include <stdio.h>

int main() {
	printf(""1x1=1\n1x2=2\n1x3=3\n1x4=4\n1x5=5\n1x6=6\n1x7=7\n1x8=8\n1x9=9\n2x1=2\n2x2=4\n2x3=6\n2x4=8\n2x5=10\n2x6=12\n2x7=14\n2x8=16\n2x9=18\n3x1=3\n3x2=6\n3x3=9\n3x4=12\n3x5=15\n3x6=18\n3x7=21\n3x8=24\n3x9=27\n4x1=4\n4x2=8\n4x3=12\n4x4=16\n4x5=20\n4x6=24\n4x7=28\n4x8=32\n4x9=36\n5x1=5\n5x2=10\n5x3=15\n5x4=20\n5x5=25\n5x6=30\n5x7=35\n5x8=40\n5x9=45\n6x1=6\n6x2=12\n6x3=18\n6x4=24\n6x5=30\n6x6=36\n6x7=42\n6x8=48\n6x9=54\n7x1=7\n7x2=14\n7x3=21\n7x4=28\n7x5=35\n7x6=42\n7x7=49\n7x8=56\n7x9=63\n8x1=8\n8x2=16\n8x3=24\n8x4=32\n8x5=40\n8x6=48\n8x7=56\n8x8=64\n8x9=72\n9x1=9\n9x2=18\n9x3=27\n9x4=36\n9x5=45\n9x6=54\n9x7=63\n9x8=72\n9x9=81\n"");
	return 0;
}
```

Only output the optimized assembly code. Do not include any other text. Do not write any comments in the assembly code. Wrap the assembly code in ```assembly``` tags.
Optimized Assembly Code:
"
53,"#include<stdio.h>


int main() 
{
	int a = 1, b = 1;
	while (b<=9) {
		printf(""%dx%d=%d\n"", b, a, a*b);
		a++;
		if (a >= 10) {
			b++;
			a = 1;
		}
	}
	return 0;
}","[{""input"": ""\n"", ""output"": ""\n""}]","Given the following C code and assembly code, your task is to generate highly optimized x86-64 assembly code.
C Code:

```c
#include<stdio.h>


int main() 
{
	int a = 1, b = 1;
	while (b<=9) {
		printf(""%dx%d=%d\n"", b, a, a*b);
		a++;
		if (a >= 10) {
			b++;
			a = 1;
		}
	}
	return 0;
}
```

Assembly Code:

```assembly

```

Only output the optimized assembly code. Do not include any other text. Do not write any comments in the assembly code. Wrap the assembly code in ```assembly``` tags.
Optimized Assembly Code:
","Given the following C code, your task is to generate highly optimized x86-64 assembly code.
C Code:

```c
#include<stdio.h>


int main() 
{
	int a = 1, b = 1;
	while (b<=9) {
		printf(""%dx%d=%d\n"", b, a, a*b);
		a++;
		if (a >= 10) {
			b++;
			a = 1;
		}
	}
	return 0;
}
```

Only output the optimized assembly code. Do not include any other text. Do not write any comments in the assembly code. Wrap the assembly code in ```assembly``` tags.
Optimized Assembly Code:
"
54,"#include <stdio.h>

int main() {
  int i,j;
  for(i=1;i<=9;i++) {
    for(j=1;j<=9;j++) {
      printf(""%dx%d=%d\n"",i,j,i*j);
    }
  }

  return 0;
}","[{""input"": ""\n"", ""output"": ""\n""}]","Given the following C code and assembly code, your task is to generate highly optimized x86-64 assembly code.
C Code:

```c
#include <stdio.h>

int main() {
  int i,j;
  for(i=1;i<=9;i++) {
    for(j=1;j<=9;j++) {
      printf(""%dx%d=%d\n"",i,j,i*j);
    }
  }

  return 0;
}
```

Assembly Code:

```assembly

```

Only output the optimized assembly code. Do not include any other text. Do not write any comments in the assembly code. Wrap the assembly code in ```assembly``` tags.
Optimized Assembly Code:
","Given the following C code, your task is to generate highly optimized x86-64 assembly code.
C Code:

```c
#include <stdio.h>

int main() {
  int i,j;
  for(i=1;i<=9;i++) {
    for(j=1;j<=9;j++) {
      printf(""%dx%d=%d\n"",i,j,i*j);
    }
  }

  return 0;
}
```

Only output the optimized assembly code. Do not include any other text. Do not write any comments in the assembly code. Wrap the assembly code in ```assembly``` tags.
Optimized Assembly Code:
"
55,"#include <stdio.h>
int main()
{
    int i,b,c;
    for(i=1;i<=9;i++){
        for(b=1;b<=9;b++){
            c=i*b;
            printf(""%dx%d=%d\n"",i,b,c);
            }
        }
    return 0;
}","[{""input"": ""\n"", ""output"": ""\n""}]","Given the following C code and assembly code, your task is to generate highly optimized x86-64 assembly code.
C Code:

```c
#include <stdio.h>
int main()
{
    int i,b,c;
    for(i=1;i<=9;i++){
        for(b=1;b<=9;b++){
            c=i*b;
            printf(""%dx%d=%d\n"",i,b,c);
            }
        }
    return 0;
}
```

Assembly Code:

```assembly

```

Only output the optimized assembly code. Do not include any other text. Do not write any comments in the assembly code. Wrap the assembly code in ```assembly``` tags.
Optimized Assembly Code:
","Given the following C code, your task is to generate highly optimized x86-64 assembly code.
C Code:

```c
#include <stdio.h>
int main()
{
    int i,b,c;
    for(i=1;i<=9;i++){
        for(b=1;b<=9;b++){
            c=i*b;
            printf(""%dx%d=%d\n"",i,b,c);
            }
        }
    return 0;
}
```

Only output the optimized assembly code. Do not include any other text. Do not write any comments in the assembly code. Wrap the assembly code in ```assembly``` tags.
Optimized Assembly Code:
"
56,"#include <stdio.h>
int main(void) {
  int i, j;
  for(i=1;i<10;i++) {
    for(j=1;j<10;j++) {
      printf(""%dx%d=%d\n"",i,j,i*j);
    }
  }
  return(0);
}","[{""input"": ""\n"", ""output"": ""\n""}]","Given the following C code and assembly code, your task is to generate highly optimized x86-64 assembly code.
C Code:

```c
#include <stdio.h>
int main(void) {
  int i, j;
  for(i=1;i<10;i++) {
    for(j=1;j<10;j++) {
      printf(""%dx%d=%d\n"",i,j,i*j);
    }
  }
  return(0);
}
```

Assembly Code:

```assembly

```

Only output the optimized assembly code. Do not include any other text. Do not write any comments in the assembly code. Wrap the assembly code in ```assembly``` tags.
Optimized Assembly Code:
","Given the following C code, your task is to generate highly optimized x86-64 assembly code.
C Code:

```c
#include <stdio.h>
int main(void) {
  int i, j;
  for(i=1;i<10;i++) {
    for(j=1;j<10;j++) {
      printf(""%dx%d=%d\n"",i,j,i*j);
    }
  }
  return(0);
}
```

Only output the optimized assembly code. Do not include any other text. Do not write any comments in the assembly code. Wrap the assembly code in ```assembly``` tags.
Optimized Assembly Code:
"
57,"#include<stdio.h>

int main()
{

    int i,j;
    for(i=1;i<=9;i++)
    for(j=1;j<=9;j++)
    printf(""%dx%d=%d\n"",i,j,i*j);

    return 0;
}","[{""input"": ""\n"", ""output"": ""\n""}]","Given the following C code and assembly code, your task is to generate highly optimized x86-64 assembly code.
C Code:

```c
#include<stdio.h>

int main()
{

    int i,j;
    for(i=1;i<=9;i++)
    for(j=1;j<=9;j++)
    printf(""%dx%d=%d\n"",i,j,i*j);

    return 0;
}
```

Assembly Code:

```assembly

```

Only output the optimized assembly code. Do not include any other text. Do not write any comments in the assembly code. Wrap the assembly code in ```assembly``` tags.
Optimized Assembly Code:
","Given the following C code, your task is to generate highly optimized x86-64 assembly code.
C Code:

```c
#include<stdio.h>

int main()
{

    int i,j;
    for(i=1;i<=9;i++)
    for(j=1;j<=9;j++)
    printf(""%dx%d=%d\n"",i,j,i*j);

    return 0;
}
```

Only output the optimized assembly code. Do not include any other text. Do not write any comments in the assembly code. Wrap the assembly code in ```assembly``` tags.
Optimized Assembly Code:
"
58,"#include<stdio.h>

int main(){
    int i,j;
    for(i=1;i<10;i++){
        for(j=1;j<10;j++){
            printf(""%dx%d=%d\n"",i,j,i*j);
        }
    }
    return 0;
}","[{""input"": ""\n"", ""output"": ""\n""}]","Given the following C code and assembly code, your task is to generate highly optimized x86-64 assembly code.
C Code:

```c
#include<stdio.h>

int main(){
    int i,j;
    for(i=1;i<10;i++){
        for(j=1;j<10;j++){
            printf(""%dx%d=%d\n"",i,j,i*j);
        }
    }
    return 0;
}
```

Assembly Code:

```assembly

```

Only output the optimized assembly code. Do not include any other text. Do not write any comments in the assembly code. Wrap the assembly code in ```assembly``` tags.
Optimized Assembly Code:
","Given the following C code, your task is to generate highly optimized x86-64 assembly code.
C Code:

```c
#include<stdio.h>

int main(){
    int i,j;
    for(i=1;i<10;i++){
        for(j=1;j<10;j++){
            printf(""%dx%d=%d\n"",i,j,i*j);
        }
    }
    return 0;
}
```

Only output the optimized assembly code. Do not include any other text. Do not write any comments in the assembly code. Wrap the assembly code in ```assembly``` tags.
Optimized Assembly Code:
"
59,"main(i,j){for(j=1;j<10;j++)printf(""%dx%d=%d\n"",i,j,i*j);return(i<9?main(i+1,j):0);}","[{""input"": ""\n"", ""output"": ""\n""}]","Given the following C code and assembly code, your task is to generate highly optimized x86-64 assembly code.
C Code:

```c
main(i,j){for(j=1;j<10;j++)printf(""%dx%d=%d\n"",i,j,i*j);return(i<9?main(i+1,j):0);}
```

Assembly Code:

```assembly

```

Only output the optimized assembly code. Do not include any other text. Do not write any comments in the assembly code. Wrap the assembly code in ```assembly``` tags.
Optimized Assembly Code:
","Given the following C code, your task is to generate highly optimized x86-64 assembly code.
C Code:

```c
main(i,j){for(j=1;j<10;j++)printf(""%dx%d=%d\n"",i,j,i*j);return(i<9?main(i+1,j):0);}
```

Only output the optimized assembly code. Do not include any other text. Do not write any comments in the assembly code. Wrap the assembly code in ```assembly``` tags.
Optimized Assembly Code:
"
60,"#include <stdio.h>

int main(void)
{
	int i,j;
	for(i=1;i<10;i++){
		for(j=1;j<10;j++)
			printf(""%dx%d=%d\n"",i,j,i*j);
	}
	return 0;
}","[{""input"": ""\n"", ""output"": ""\n""}]","Given the following C code and assembly code, your task is to generate highly optimized x86-64 assembly code.
C Code:

```c
#include <stdio.h>

int main(void)
{
	int i,j;
	for(i=1;i<10;i++){
		for(j=1;j<10;j++)
			printf(""%dx%d=%d\n"",i,j,i*j);
	}
	return 0;
}
```

Assembly Code:

```assembly

```

Only output the optimized assembly code. Do not include any other text. Do not write any comments in the assembly code. Wrap the assembly code in ```assembly``` tags.
Optimized Assembly Code:
","Given the following C code, your task is to generate highly optimized x86-64 assembly code.
C Code:

```c
#include <stdio.h>

int main(void)
{
	int i,j;
	for(i=1;i<10;i++){
		for(j=1;j<10;j++)
			printf(""%dx%d=%d\n"",i,j,i*j);
	}
	return 0;
}
```

Only output the optimized assembly code. Do not include any other text. Do not write any comments in the assembly code. Wrap the assembly code in ```assembly``` tags.
Optimized Assembly Code:
"
61,"#include<stdio.h>

int main(){

    int i,j;

    for(i=1;i<10;i++){
        for(j=1;j<10;j++){
            printf(""%dx%d=%d\n"",i,j,i*j);
        }
    }
    return 0;
}","[{""input"": ""\n"", ""output"": ""\n""}]","Given the following C code and assembly code, your task is to generate highly optimized x86-64 assembly code.
C Code:

```c
#include<stdio.h>

int main(){

    int i,j;

    for(i=1;i<10;i++){
        for(j=1;j<10;j++){
            printf(""%dx%d=%d\n"",i,j,i*j);
        }
    }
    return 0;
}
```

Assembly Code:

```assembly

```

Only output the optimized assembly code. Do not include any other text. Do not write any comments in the assembly code. Wrap the assembly code in ```assembly``` tags.
Optimized Assembly Code:
","Given the following C code, your task is to generate highly optimized x86-64 assembly code.
C Code:

```c
#include<stdio.h>

int main(){

    int i,j;

    for(i=1;i<10;i++){
        for(j=1;j<10;j++){
            printf(""%dx%d=%d\n"",i,j,i*j);
        }
    }
    return 0;
}
```

Only output the optimized assembly code. Do not include any other text. Do not write any comments in the assembly code. Wrap the assembly code in ```assembly``` tags.
Optimized Assembly Code:
"
62,"#include <stdio.h>

int main(){
	int i,j;
	for (i=1;i<=9;i++){
		for (j=1;j<=9;j++){
			printf(""%dx%d=%d\n"",i,j,i*j);
		}
		
	}
	return 0;
}","[{""input"": ""\n"", ""output"": ""\n""}]","Given the following C code and assembly code, your task is to generate highly optimized x86-64 assembly code.
C Code:

```c
#include <stdio.h>

int main(){
	int i,j;
	for (i=1;i<=9;i++){
		for (j=1;j<=9;j++){
			printf(""%dx%d=%d\n"",i,j,i*j);
		}
		
	}
	return 0;
}
```

Assembly Code:

```assembly

```

Only output the optimized assembly code. Do not include any other text. Do not write any comments in the assembly code. Wrap the assembly code in ```assembly``` tags.
Optimized Assembly Code:
","Given the following C code, your task is to generate highly optimized x86-64 assembly code.
C Code:

```c
#include <stdio.h>

int main(){
	int i,j;
	for (i=1;i<=9;i++){
		for (j=1;j<=9;j++){
			printf(""%dx%d=%d\n"",i,j,i*j);
		}
		
	}
	return 0;
}
```

Only output the optimized assembly code. Do not include any other text. Do not write any comments in the assembly code. Wrap the assembly code in ```assembly``` tags.
Optimized Assembly Code:
"
63,"#include <stdio.h>

int main(void)
{
  int i,j;

  for(i=1;i<10;i++)
    for(j=1;j<10;j++)
      printf(""%dx%d=%d\n"",i,j,i*j);

  return (0);

}","[{""input"": ""\n"", ""output"": ""\n""}]","Given the following C code and assembly code, your task is to generate highly optimized x86-64 assembly code.
C Code:

```c
#include <stdio.h>

int main(void)
{
  int i,j;

  for(i=1;i<10;i++)
    for(j=1;j<10;j++)
      printf(""%dx%d=%d\n"",i,j,i*j);

  return (0);

}
```

Assembly Code:

```assembly

```

Only output the optimized assembly code. Do not include any other text. Do not write any comments in the assembly code. Wrap the assembly code in ```assembly``` tags.
Optimized Assembly Code:
","Given the following C code, your task is to generate highly optimized x86-64 assembly code.
C Code:

```c
#include <stdio.h>

int main(void)
{
  int i,j;

  for(i=1;i<10;i++)
    for(j=1;j<10;j++)
      printf(""%dx%d=%d\n"",i,j,i*j);

  return (0);

}
```

Only output the optimized assembly code. Do not include any other text. Do not write any comments in the assembly code. Wrap the assembly code in ```assembly``` tags.
Optimized Assembly Code:
"
64,"#include <stdio.h>

int main(void)
{
	int i;
	int j;
	
	for (i = 1; i <= 9; i++) {
		for (j = 1; j <= 9; j++) {
			printf(""%dx%d=%d\n"", i, j, j * i);
		}
	}
	
	return (0);
}","[{""input"": ""\n"", ""output"": ""\n""}]","Given the following C code and assembly code, your task is to generate highly optimized x86-64 assembly code.
C Code:

```c
#include <stdio.h>

int main(void)
{
	int i;
	int j;
	
	for (i = 1; i <= 9; i++) {
		for (j = 1; j <= 9; j++) {
			printf(""%dx%d=%d\n"", i, j, j * i);
		}
	}
	
	return (0);
}
```

Assembly Code:

```assembly

```

Only output the optimized assembly code. Do not include any other text. Do not write any comments in the assembly code. Wrap the assembly code in ```assembly``` tags.
Optimized Assembly Code:
","Given the following C code, your task is to generate highly optimized x86-64 assembly code.
C Code:

```c
#include <stdio.h>

int main(void)
{
	int i;
	int j;
	
	for (i = 1; i <= 9; i++) {
		for (j = 1; j <= 9; j++) {
			printf(""%dx%d=%d\n"", i, j, j * i);
		}
	}
	
	return (0);
}
```

Only output the optimized assembly code. Do not include any other text. Do not write any comments in the assembly code. Wrap the assembly code in ```assembly``` tags.
Optimized Assembly Code:
"
65,"#include<stdio.h>

int main(){
    int n;
    int m;

    for(n = 1; n < 10; n++)
        for(m = 1; m < 10; m++)
            printf(""%dx%d=%d\n"",n ,m ,n * m);

    return 0;
}","[{""input"": ""\n"", ""output"": ""\n""}]","Given the following C code and assembly code, your task is to generate highly optimized x86-64 assembly code.
C Code:

```c
#include<stdio.h>

int main(){
    int n;
    int m;

    for(n = 1; n < 10; n++)
        for(m = 1; m < 10; m++)
            printf(""%dx%d=%d\n"",n ,m ,n * m);

    return 0;
}
```

Assembly Code:

```assembly

```

Only output the optimized assembly code. Do not include any other text. Do not write any comments in the assembly code. Wrap the assembly code in ```assembly``` tags.
Optimized Assembly Code:
","Given the following C code, your task is to generate highly optimized x86-64 assembly code.
C Code:

```c
#include<stdio.h>

int main(){
    int n;
    int m;

    for(n = 1; n < 10; n++)
        for(m = 1; m < 10; m++)
            printf(""%dx%d=%d\n"",n ,m ,n * m);

    return 0;
}
```

Only output the optimized assembly code. Do not include any other text. Do not write any comments in the assembly code. Wrap the assembly code in ```assembly``` tags.
Optimized Assembly Code:
"
66,"#include<stdio.h>
int main(void){
    int a=9,i,j;
    for(i=1;i<=9;i++)
    {
        for(j=1;j<=9;j++)
        {
            printf(""%dx%d=%d\n"",i,j,i*j);
        }
    }
	return 0;
 }","[{""input"": ""\n"", ""output"": ""\n""}]","Given the following C code and assembly code, your task is to generate highly optimized x86-64 assembly code.
C Code:

```c
#include<stdio.h>
int main(void){
    int a=9,i,j;
    for(i=1;i<=9;i++)
    {
        for(j=1;j<=9;j++)
        {
            printf(""%dx%d=%d\n"",i,j,i*j);
        }
    }
	return 0;
 }
```

Assembly Code:

```assembly

```

Only output the optimized assembly code. Do not include any other text. Do not write any comments in the assembly code. Wrap the assembly code in ```assembly``` tags.
Optimized Assembly Code:
","Given the following C code, your task is to generate highly optimized x86-64 assembly code.
C Code:

```c
#include<stdio.h>
int main(void){
    int a=9,i,j;
    for(i=1;i<=9;i++)
    {
        for(j=1;j<=9;j++)
        {
            printf(""%dx%d=%d\n"",i,j,i*j);
        }
    }
	return 0;
 }
```

Only output the optimized assembly code. Do not include any other text. Do not write any comments in the assembly code. Wrap the assembly code in ```assembly``` tags.
Optimized Assembly Code:
"
67,"#include <stdio.h>

int main(void)
{
	char i,j;
	
	for(i=1;i<10;i++)
	{
		for(j=1;j<10;j++)
		{
			printf(""%dx%d=%d\n"",i,j,i*j);
		}
	}
	
	return 0;
}","[{""input"": ""\n"", ""output"": ""\n""}]","Given the following C code and assembly code, your task is to generate highly optimized x86-64 assembly code.
C Code:

```c
#include <stdio.h>

int main(void)
{
	char i,j;
	
	for(i=1;i<10;i++)
	{
		for(j=1;j<10;j++)
		{
			printf(""%dx%d=%d\n"",i,j,i*j);
		}
	}
	
	return 0;
}
```

Assembly Code:

```assembly

```

Only output the optimized assembly code. Do not include any other text. Do not write any comments in the assembly code. Wrap the assembly code in ```assembly``` tags.
Optimized Assembly Code:
","Given the following C code, your task is to generate highly optimized x86-64 assembly code.
C Code:

```c
#include <stdio.h>

int main(void)
{
	char i,j;
	
	for(i=1;i<10;i++)
	{
		for(j=1;j<10;j++)
		{
			printf(""%dx%d=%d\n"",i,j,i*j);
		}
	}
	
	return 0;
}
```

Only output the optimized assembly code. Do not include any other text. Do not write any comments in the assembly code. Wrap the assembly code in ```assembly``` tags.
Optimized Assembly Code:
"
68,"#include<stdio.h>
int main()
{
    int n,i;
    for(n=1;n<=9;n++){
        for(i=1;i<=9;i++){
            printf(""%dx%d=%d\n"",n,i,n*i);
        }
    }
    return 0;
}","[{""input"": ""\n"", ""output"": ""\n""}]","Given the following C code and assembly code, your task is to generate highly optimized x86-64 assembly code.
C Code:

```c
#include<stdio.h>
int main()
{
    int n,i;
    for(n=1;n<=9;n++){
        for(i=1;i<=9;i++){
            printf(""%dx%d=%d\n"",n,i,n*i);
        }
    }
    return 0;
}
```

Assembly Code:

```assembly

```

Only output the optimized assembly code. Do not include any other text. Do not write any comments in the assembly code. Wrap the assembly code in ```assembly``` tags.
Optimized Assembly Code:
","Given the following C code, your task is to generate highly optimized x86-64 assembly code.
C Code:

```c
#include<stdio.h>
int main()
{
    int n,i;
    for(n=1;n<=9;n++){
        for(i=1;i<=9;i++){
            printf(""%dx%d=%d\n"",n,i,n*i);
        }
    }
    return 0;
}
```

Only output the optimized assembly code. Do not include any other text. Do not write any comments in the assembly code. Wrap the assembly code in ```assembly``` tags.
Optimized Assembly Code:
"
69,"#include<stdio.h>
int main(void){
  int i,j;
  for(i=0;i<9;i++){
    for(j=0;j<9;j++){
      printf(""%dx%d=%d\n"",i+1,j+1,(i+1)*(j+1));
    }
  }
  return 0;
}","[{""input"": ""\n"", ""output"": ""\n""}]","Given the following C code and assembly code, your task is to generate highly optimized x86-64 assembly code.
C Code:

```c
#include<stdio.h>
int main(void){
  int i,j;
  for(i=0;i<9;i++){
    for(j=0;j<9;j++){
      printf(""%dx%d=%d\n"",i+1,j+1,(i+1)*(j+1));
    }
  }
  return 0;
}
```

Assembly Code:

```assembly

```

Only output the optimized assembly code. Do not include any other text. Do not write any comments in the assembly code. Wrap the assembly code in ```assembly``` tags.
Optimized Assembly Code:
","Given the following C code, your task is to generate highly optimized x86-64 assembly code.
C Code:

```c
#include<stdio.h>
int main(void){
  int i,j;
  for(i=0;i<9;i++){
    for(j=0;j<9;j++){
      printf(""%dx%d=%d\n"",i+1,j+1,(i+1)*(j+1));
    }
  }
  return 0;
}
```

Only output the optimized assembly code. Do not include any other text. Do not write any comments in the assembly code. Wrap the assembly code in ```assembly``` tags.
Optimized Assembly Code:
"
70,"#include<stdio.h>
main(){
	int i,j;
	for(i=1;i<=9;i++){
		for(j=1;j<=9;j++){
			printf(""%dx%d=%d\n"",i,j,i*j);
		}
	}
return 0;
}","[{""input"": ""\n"", ""output"": ""\n""}]","Given the following C code and assembly code, your task is to generate highly optimized x86-64 assembly code.
C Code:

```c
#include<stdio.h>
main(){
	int i,j;
	for(i=1;i<=9;i++){
		for(j=1;j<=9;j++){
			printf(""%dx%d=%d\n"",i,j,i*j);
		}
	}
return 0;
}
```

Assembly Code:

```assembly

```

Only output the optimized assembly code. Do not include any other text. Do not write any comments in the assembly code. Wrap the assembly code in ```assembly``` tags.
Optimized Assembly Code:
","Given the following C code, your task is to generate highly optimized x86-64 assembly code.
C Code:

```c
#include<stdio.h>
main(){
	int i,j;
	for(i=1;i<=9;i++){
		for(j=1;j<=9;j++){
			printf(""%dx%d=%d\n"",i,j,i*j);
		}
	}
return 0;
}
```

Only output the optimized assembly code. Do not include any other text. Do not write any comments in the assembly code. Wrap the assembly code in ```assembly``` tags.
Optimized Assembly Code:
"
71,"#include<stdio.h>

int main()
{
  int x, y;
    for(x = 1; x < 10; x++){
      for(y = 1; y < 10; y++){
	printf(""%dx%d=%d\n"", x, y, x * y);
      }
    }
  return 0;
}","[{""input"": ""\n"", ""output"": ""\n""}]","Given the following C code and assembly code, your task is to generate highly optimized x86-64 assembly code.
C Code:

```c
#include<stdio.h>

int main()
{
  int x, y;
    for(x = 1; x < 10; x++){
      for(y = 1; y < 10; y++){
	printf(""%dx%d=%d\n"", x, y, x * y);
      }
    }
  return 0;
}
```

Assembly Code:

```assembly

```

Only output the optimized assembly code. Do not include any other text. Do not write any comments in the assembly code. Wrap the assembly code in ```assembly``` tags.
Optimized Assembly Code:
","Given the following C code, your task is to generate highly optimized x86-64 assembly code.
C Code:

```c
#include<stdio.h>

int main()
{
  int x, y;
    for(x = 1; x < 10; x++){
      for(y = 1; y < 10; y++){
	printf(""%dx%d=%d\n"", x, y, x * y);
      }
    }
  return 0;
}
```

Only output the optimized assembly code. Do not include any other text. Do not write any comments in the assembly code. Wrap the assembly code in ```assembly``` tags.
Optimized Assembly Code:
"
72,"#include<stdio.h>

int main(){
	int i=0, j=0;
	for(i=1;i<=9;i++){
		for(j=1;j<=9;j++){
			printf(""%ix%i=%i\n"",i,j,(i*j));
		}
	}
    return 0;
}","[{""input"": ""\n"", ""output"": ""\n""}]","Given the following C code and assembly code, your task is to generate highly optimized x86-64 assembly code.
C Code:

```c
#include<stdio.h>

int main(){
	int i=0, j=0;
	for(i=1;i<=9;i++){
		for(j=1;j<=9;j++){
			printf(""%ix%i=%i\n"",i,j,(i*j));
		}
	}
    return 0;
}
```

Assembly Code:

```assembly

```

Only output the optimized assembly code. Do not include any other text. Do not write any comments in the assembly code. Wrap the assembly code in ```assembly``` tags.
Optimized Assembly Code:
","Given the following C code, your task is to generate highly optimized x86-64 assembly code.
C Code:

```c
#include<stdio.h>

int main(){
	int i=0, j=0;
	for(i=1;i<=9;i++){
		for(j=1;j<=9;j++){
			printf(""%ix%i=%i\n"",i,j,(i*j));
		}
	}
    return 0;
}
```

Only output the optimized assembly code. Do not include any other text. Do not write any comments in the assembly code. Wrap the assembly code in ```assembly``` tags.
Optimized Assembly Code:
"
73,"#include ""stdio.h""

int main(){
	int i, j;
	for(i = 1; i < 10; i++){
		for(j = 1; j < 10; j++) printf(""%dx%d=%d\n"", i, j, i * j);
	}
	return 0;
}","[{""input"": ""\n"", ""output"": ""\n""}]","Given the following C code and assembly code, your task is to generate highly optimized x86-64 assembly code.
C Code:

```c
#include ""stdio.h""

int main(){
	int i, j;
	for(i = 1; i < 10; i++){
		for(j = 1; j < 10; j++) printf(""%dx%d=%d\n"", i, j, i * j);
	}
	return 0;
}
```

Assembly Code:

```assembly

```

Only output the optimized assembly code. Do not include any other text. Do not write any comments in the assembly code. Wrap the assembly code in ```assembly``` tags.
Optimized Assembly Code:
","Given the following C code, your task is to generate highly optimized x86-64 assembly code.
C Code:

```c
#include ""stdio.h""

int main(){
	int i, j;
	for(i = 1; i < 10; i++){
		for(j = 1; j < 10; j++) printf(""%dx%d=%d\n"", i, j, i * j);
	}
	return 0;
}
```

Only output the optimized assembly code. Do not include any other text. Do not write any comments in the assembly code. Wrap the assembly code in ```assembly``` tags.
Optimized Assembly Code:
"
74,"#include <stdio.h>

int main(void){
int a,b;
for(a=1; a<=9; a++){
 for(b=1; b<=9; b++){
  printf(""%d"",a);
  printf(""x%d="",b);
  printf(""%d\n"",a*b);
  } 
 }
return 0;
}","[{""input"": ""\n"", ""output"": ""\n""}]","Given the following C code and assembly code, your task is to generate highly optimized x86-64 assembly code.
C Code:

```c
#include <stdio.h>

int main(void){
int a,b;
for(a=1; a<=9; a++){
 for(b=1; b<=9; b++){
  printf(""%d"",a);
  printf(""x%d="",b);
  printf(""%d\n"",a*b);
  } 
 }
return 0;
}
```

Assembly Code:

```assembly

```

Only output the optimized assembly code. Do not include any other text. Do not write any comments in the assembly code. Wrap the assembly code in ```assembly``` tags.
Optimized Assembly Code:
","Given the following C code, your task is to generate highly optimized x86-64 assembly code.
C Code:

```c
#include <stdio.h>

int main(void){
int a,b;
for(a=1; a<=9; a++){
 for(b=1; b<=9; b++){
  printf(""%d"",a);
  printf(""x%d="",b);
  printf(""%d\n"",a*b);
  } 
 }
return 0;
}
```

Only output the optimized assembly code. Do not include any other text. Do not write any comments in the assembly code. Wrap the assembly code in ```assembly``` tags.
Optimized Assembly Code:
"
75,"#include <stdio.h>
int main(){
  int i,j;
  for(i=1;i<=9;i++){
    for(j=1;j<=9;j++){
      printf(""%dx%d=%d\n"",i,j,i*j);
    }
  }
  return 0;
}","[{""input"": ""\n"", ""output"": ""\n""}]","Given the following C code and assembly code, your task is to generate highly optimized x86-64 assembly code.
C Code:

```c
#include <stdio.h>
int main(){
  int i,j;
  for(i=1;i<=9;i++){
    for(j=1;j<=9;j++){
      printf(""%dx%d=%d\n"",i,j,i*j);
    }
  }
  return 0;
}
```

Assembly Code:

```assembly

```

Only output the optimized assembly code. Do not include any other text. Do not write any comments in the assembly code. Wrap the assembly code in ```assembly``` tags.
Optimized Assembly Code:
","Given the following C code, your task is to generate highly optimized x86-64 assembly code.
C Code:

```c
#include <stdio.h>
int main(){
  int i,j;
  for(i=1;i<=9;i++){
    for(j=1;j<=9;j++){
      printf(""%dx%d=%d\n"",i,j,i*j);
    }
  }
  return 0;
}
```

Only output the optimized assembly code. Do not include any other text. Do not write any comments in the assembly code. Wrap the assembly code in ```assembly``` tags.
Optimized Assembly Code:
"
76,"#include <stdio.h>

int main(){
	int n,m;
	for(n=1;n<=9;n++){
		for(m=1;m<=9;m++){
			printf(""%dx%d=%d\n"",n,m,n*m);
		}
	}
	return 0;
}","[{""input"": ""\n"", ""output"": ""\n""}]","Given the following C code and assembly code, your task is to generate highly optimized x86-64 assembly code.
C Code:

```c
#include <stdio.h>

int main(){
	int n,m;
	for(n=1;n<=9;n++){
		for(m=1;m<=9;m++){
			printf(""%dx%d=%d\n"",n,m,n*m);
		}
	}
	return 0;
}
```

Assembly Code:

```assembly

```

Only output the optimized assembly code. Do not include any other text. Do not write any comments in the assembly code. Wrap the assembly code in ```assembly``` tags.
Optimized Assembly Code:
","Given the following C code, your task is to generate highly optimized x86-64 assembly code.
C Code:

```c
#include <stdio.h>

int main(){
	int n,m;
	for(n=1;n<=9;n++){
		for(m=1;m<=9;m++){
			printf(""%dx%d=%d\n"",n,m,n*m);
		}
	}
	return 0;
}
```

Only output the optimized assembly code. Do not include any other text. Do not write any comments in the assembly code. Wrap the assembly code in ```assembly``` tags.
Optimized Assembly Code:
"
77,"#include<stdio.h>

int main ()
{
    long long n, i;

    for(n=1; n<=9; n++){
    for(i=1; i<=9; i++){
        printf(""%lldx%lld=%lld\n"", n, i, n*i);
    }
    }
    return 0;
}","[{""input"": ""\n"", ""output"": ""\n""}]","Given the following C code and assembly code, your task is to generate highly optimized x86-64 assembly code.
C Code:

```c
#include<stdio.h>

int main ()
{
    long long n, i;

    for(n=1; n<=9; n++){
    for(i=1; i<=9; i++){
        printf(""%lldx%lld=%lld\n"", n, i, n*i);
    }
    }
    return 0;
}
```

Assembly Code:

```assembly

```

Only output the optimized assembly code. Do not include any other text. Do not write any comments in the assembly code. Wrap the assembly code in ```assembly``` tags.
Optimized Assembly Code:
","Given the following C code, your task is to generate highly optimized x86-64 assembly code.
C Code:

```c
#include<stdio.h>

int main ()
{
    long long n, i;

    for(n=1; n<=9; n++){
    for(i=1; i<=9; i++){
        printf(""%lldx%lld=%lld\n"", n, i, n*i);
    }
    }
    return 0;
}
```

Only output the optimized assembly code. Do not include any other text. Do not write any comments in the assembly code. Wrap the assembly code in ```assembly``` tags.
Optimized Assembly Code:
"
78,"#include<stdio.h>
int main (void){
    int ans,i,j;
    for(i=1;i<=9;i++){
        for(j=1;j<=9;j++){
            ans=i*j;
            printf(""%dx%d=%d\n"",i,j,ans);
        }
    }
return 0;
}","[{""input"": ""\n"", ""output"": ""\n""}]","Given the following C code and assembly code, your task is to generate highly optimized x86-64 assembly code.
C Code:

```c
#include<stdio.h>
int main (void){
    int ans,i,j;
    for(i=1;i<=9;i++){
        for(j=1;j<=9;j++){
            ans=i*j;
            printf(""%dx%d=%d\n"",i,j,ans);
        }
    }
return 0;
}
```

Assembly Code:

```assembly

```

Only output the optimized assembly code. Do not include any other text. Do not write any comments in the assembly code. Wrap the assembly code in ```assembly``` tags.
Optimized Assembly Code:
","Given the following C code, your task is to generate highly optimized x86-64 assembly code.
C Code:

```c
#include<stdio.h>
int main (void){
    int ans,i,j;
    for(i=1;i<=9;i++){
        for(j=1;j<=9;j++){
            ans=i*j;
            printf(""%dx%d=%d\n"",i,j,ans);
        }
    }
return 0;
}
```

Only output the optimized assembly code. Do not include any other text. Do not write any comments in the assembly code. Wrap the assembly code in ```assembly``` tags.
Optimized Assembly Code:
"
79,"#include <stdio.h>
int main(void) {
	int i, j;
	for (i = 1; i < 10; i++) {
		for (j = 1; j < 10; j++) {
			printf(""%dx%d=%d\n"", i, j, i*j);
		}
	}
	return 0;
}
","[{""input"": ""\n"", ""output"": ""\n""}]","Given the following C code and assembly code, your task is to generate highly optimized x86-64 assembly code.
C Code:

```c
#include <stdio.h>
int main(void) {
	int i, j;
	for (i = 1; i < 10; i++) {
		for (j = 1; j < 10; j++) {
			printf(""%dx%d=%d\n"", i, j, i*j);
		}
	}
	return 0;
}
```

Assembly Code:

```assembly

```

Only output the optimized assembly code. Do not include any other text. Do not write any comments in the assembly code. Wrap the assembly code in ```assembly``` tags.
Optimized Assembly Code:
","Given the following C code, your task is to generate highly optimized x86-64 assembly code.
C Code:

```c
#include <stdio.h>
int main(void) {
	int i, j;
	for (i = 1; i < 10; i++) {
		for (j = 1; j < 10; j++) {
			printf(""%dx%d=%d\n"", i, j, i*j);
		}
	}
	return 0;
}
```

Only output the optimized assembly code. Do not include any other text. Do not write any comments in the assembly code. Wrap the assembly code in ```assembly``` tags.
Optimized Assembly Code:
"
80,"#include <stdio.h>

int main(void)
{
	int i, j;
	
	for (i = 0; i < 9; i++){
		for (j = 0; j < 9; j++){
			printf(""%dx%d=%d\n"", i+1, j+1, (i+1)*(j+1));
		}
	}
	
	
	return (0);
}","[{""input"": ""\n"", ""output"": ""\n""}]","Given the following C code and assembly code, your task is to generate highly optimized x86-64 assembly code.
C Code:

```c
#include <stdio.h>

int main(void)
{
	int i, j;
	
	for (i = 0; i < 9; i++){
		for (j = 0; j < 9; j++){
			printf(""%dx%d=%d\n"", i+1, j+1, (i+1)*(j+1));
		}
	}
	
	
	return (0);
}
```

Assembly Code:

```assembly

```

Only output the optimized assembly code. Do not include any other text. Do not write any comments in the assembly code. Wrap the assembly code in ```assembly``` tags.
Optimized Assembly Code:
","Given the following C code, your task is to generate highly optimized x86-64 assembly code.
C Code:

```c
#include <stdio.h>

int main(void)
{
	int i, j;
	
	for (i = 0; i < 9; i++){
		for (j = 0; j < 9; j++){
			printf(""%dx%d=%d\n"", i+1, j+1, (i+1)*(j+1));
		}
	}
	
	
	return (0);
}
```

Only output the optimized assembly code. Do not include any other text. Do not write any comments in the assembly code. Wrap the assembly code in ```assembly``` tags.
Optimized Assembly Code:
"
81,"#include<stdio.h>

int main()
{
    long long int i,j,k,n;

    for(i=1;i<=9;i++){
        for(j=1;j<=9;j++){
            printf(""%lldx%lld=%lld\n"",i,j,i*j);

        }
    }
    return 0;
}","[{""input"": ""\n"", ""output"": ""\n""}]","Given the following C code and assembly code, your task is to generate highly optimized x86-64 assembly code.
C Code:

```c
#include<stdio.h>

int main()
{
    long long int i,j,k,n;

    for(i=1;i<=9;i++){
        for(j=1;j<=9;j++){
            printf(""%lldx%lld=%lld\n"",i,j,i*j);

        }
    }
    return 0;
}
```

Assembly Code:

```assembly

```

Only output the optimized assembly code. Do not include any other text. Do not write any comments in the assembly code. Wrap the assembly code in ```assembly``` tags.
Optimized Assembly Code:
","Given the following C code, your task is to generate highly optimized x86-64 assembly code.
C Code:

```c
#include<stdio.h>

int main()
{
    long long int i,j,k,n;

    for(i=1;i<=9;i++){
        for(j=1;j<=9;j++){
            printf(""%lldx%lld=%lld\n"",i,j,i*j);

        }
    }
    return 0;
}
```

Only output the optimized assembly code. Do not include any other text. Do not write any comments in the assembly code. Wrap the assembly code in ```assembly``` tags.
Optimized Assembly Code:
"
82,"#include <stdio.h>

int main()
{
    int i,j;
    
    for(i=1;i<=9;i++){
        for(j=1;j<=9;j++){
            printf(""%dx%d=%d\n"",i,j,(i*j));
        }
    }
    
    return 0;
}","[{""input"": ""\n"", ""output"": ""\n""}]","Given the following C code and assembly code, your task is to generate highly optimized x86-64 assembly code.
C Code:

```c
#include <stdio.h>

int main()
{
    int i,j;
    
    for(i=1;i<=9;i++){
        for(j=1;j<=9;j++){
            printf(""%dx%d=%d\n"",i,j,(i*j));
        }
    }
    
    return 0;
}
```

Assembly Code:

```assembly

```

Only output the optimized assembly code. Do not include any other text. Do not write any comments in the assembly code. Wrap the assembly code in ```assembly``` tags.
Optimized Assembly Code:
","Given the following C code, your task is to generate highly optimized x86-64 assembly code.
C Code:

```c
#include <stdio.h>

int main()
{
    int i,j;
    
    for(i=1;i<=9;i++){
        for(j=1;j<=9;j++){
            printf(""%dx%d=%d\n"",i,j,(i*j));
        }
    }
    
    return 0;
}
```

Only output the optimized assembly code. Do not include any other text. Do not write any comments in the assembly code. Wrap the assembly code in ```assembly``` tags.
Optimized Assembly Code:
"
83,"#include<stdio.h>

int main(){

    int i,j;

    for(i=1;i<=9;i++){

        for(j=1;j<=9;j++){

            printf(""%dx%d=%d\n"",i,j,i*j);

        }
    }

    return 0;
}","[{""input"": ""\n"", ""output"": ""\n""}]","Given the following C code and assembly code, your task is to generate highly optimized x86-64 assembly code.
C Code:

```c
#include<stdio.h>

int main(){

    int i,j;

    for(i=1;i<=9;i++){

        for(j=1;j<=9;j++){

            printf(""%dx%d=%d\n"",i,j,i*j);

        }
    }

    return 0;
}
```

Assembly Code:

```assembly

```

Only output the optimized assembly code. Do not include any other text. Do not write any comments in the assembly code. Wrap the assembly code in ```assembly``` tags.
Optimized Assembly Code:
","Given the following C code, your task is to generate highly optimized x86-64 assembly code.
C Code:

```c
#include<stdio.h>

int main(){

    int i,j;

    for(i=1;i<=9;i++){

        for(j=1;j<=9;j++){

            printf(""%dx%d=%d\n"",i,j,i*j);

        }
    }

    return 0;
}
```

Only output the optimized assembly code. Do not include any other text. Do not write any comments in the assembly code. Wrap the assembly code in ```assembly``` tags.
Optimized Assembly Code:
"
84,"#include<stdio.h>
int main()
{
    int n,i;
    for(n=1;n<=9;n=n+1){
            for(i=1;i<=9;i=i+1){
                 printf(""%dx%d=%d\n"",n,i,n*i);
    }
    }
    return 0;
    }","[{""input"": ""\n"", ""output"": ""\n""}]","Given the following C code and assembly code, your task is to generate highly optimized x86-64 assembly code.
C Code:

```c
#include<stdio.h>
int main()
{
    int n,i;
    for(n=1;n<=9;n=n+1){
            for(i=1;i<=9;i=i+1){
                 printf(""%dx%d=%d\n"",n,i,n*i);
    }
    }
    return 0;
    }
```

Assembly Code:

```assembly

```

Only output the optimized assembly code. Do not include any other text. Do not write any comments in the assembly code. Wrap the assembly code in ```assembly``` tags.
Optimized Assembly Code:
","Given the following C code, your task is to generate highly optimized x86-64 assembly code.
C Code:

```c
#include<stdio.h>
int main()
{
    int n,i;
    for(n=1;n<=9;n=n+1){
            for(i=1;i<=9;i=i+1){
                 printf(""%dx%d=%d\n"",n,i,n*i);
    }
    }
    return 0;
    }
```

Only output the optimized assembly code. Do not include any other text. Do not write any comments in the assembly code. Wrap the assembly code in ```assembly``` tags.
Optimized Assembly Code:
"
85,"#include<stdio.h>
int i=0,j;int main(){for(;i++<9;)for(j=0;j++<9;)printf(""%dx%d=%d\n"",i,j,i*j);return 0;}","[{""input"": ""\n"", ""output"": ""\n""}]","Given the following C code and assembly code, your task is to generate highly optimized x86-64 assembly code.
C Code:

```c
#include<stdio.h>
int i=0,j;int main(){for(;i++<9;)for(j=0;j++<9;)printf(""%dx%d=%d\n"",i,j,i*j);return 0;}
```

Assembly Code:

```assembly

```

Only output the optimized assembly code. Do not include any other text. Do not write any comments in the assembly code. Wrap the assembly code in ```assembly``` tags.
Optimized Assembly Code:
","Given the following C code, your task is to generate highly optimized x86-64 assembly code.
C Code:

```c
#include<stdio.h>
int i=0,j;int main(){for(;i++<9;)for(j=0;j++<9;)printf(""%dx%d=%d\n"",i,j,i*j);return 0;}
```

Only output the optimized assembly code. Do not include any other text. Do not write any comments in the assembly code. Wrap the assembly code in ```assembly``` tags.
Optimized Assembly Code:
"
86,"#include<stdio.h>

int main() { 
  int i,j;

  for(i = 1;i <= 9;i++) { 
      for(j = 1;j <= 9;j++) {
          printf(""%dx%d=%d\n"",i,j,i*j);
      }
  } 
  return 0;
}","[{""input"": ""\n"", ""output"": ""\n""}]","Given the following C code and assembly code, your task is to generate highly optimized x86-64 assembly code.
C Code:

```c
#include<stdio.h>

int main() { 
  int i,j;

  for(i = 1;i <= 9;i++) { 
      for(j = 1;j <= 9;j++) {
          printf(""%dx%d=%d\n"",i,j,i*j);
      }
  } 
  return 0;
}
```

Assembly Code:

```assembly

```

Only output the optimized assembly code. Do not include any other text. Do not write any comments in the assembly code. Wrap the assembly code in ```assembly``` tags.
Optimized Assembly Code:
","Given the following C code, your task is to generate highly optimized x86-64 assembly code.
C Code:

```c
#include<stdio.h>

int main() { 
  int i,j;

  for(i = 1;i <= 9;i++) { 
      for(j = 1;j <= 9;j++) {
          printf(""%dx%d=%d\n"",i,j,i*j);
      }
  } 
  return 0;
}
```

Only output the optimized assembly code. Do not include any other text. Do not write any comments in the assembly code. Wrap the assembly code in ```assembly``` tags.
Optimized Assembly Code:
"
87,"#include <stdio.h>

int main(void)
{
	int i, j;
	for(i=1;i<=9;i++) {
		for(j=1;j<=9;j++) {
			printf(""%dx%d=%d\n"",i, j, i*j);
		}
	}
	return 0;
}","[{""input"": ""\n"", ""output"": ""\n""}]","Given the following C code and assembly code, your task is to generate highly optimized x86-64 assembly code.
C Code:

```c
#include <stdio.h>

int main(void)
{
	int i, j;
	for(i=1;i<=9;i++) {
		for(j=1;j<=9;j++) {
			printf(""%dx%d=%d\n"",i, j, i*j);
		}
	}
	return 0;
}
```

Assembly Code:

```assembly

```

Only output the optimized assembly code. Do not include any other text. Do not write any comments in the assembly code. Wrap the assembly code in ```assembly``` tags.
Optimized Assembly Code:
","Given the following C code, your task is to generate highly optimized x86-64 assembly code.
C Code:

```c
#include <stdio.h>

int main(void)
{
	int i, j;
	for(i=1;i<=9;i++) {
		for(j=1;j<=9;j++) {
			printf(""%dx%d=%d\n"",i, j, i*j);
		}
	}
	return 0;
}
```

Only output the optimized assembly code. Do not include any other text. Do not write any comments in the assembly code. Wrap the assembly code in ```assembly``` tags.
Optimized Assembly Code:
"
88,"#include <stdio.h>
int main(void){
	int i,j;
	for(i=0;i++<9;)for(j=0;j++<9;printf(""%dx%d=%d\n"",i,j,i*j));
	return 0;
}","[{""input"": ""\n"", ""output"": ""\n""}]","Given the following C code and assembly code, your task is to generate highly optimized x86-64 assembly code.
C Code:

```c
#include <stdio.h>
int main(void){
	int i,j;
	for(i=0;i++<9;)for(j=0;j++<9;printf(""%dx%d=%d\n"",i,j,i*j));
	return 0;
}
```

Assembly Code:

```assembly

```

Only output the optimized assembly code. Do not include any other text. Do not write any comments in the assembly code. Wrap the assembly code in ```assembly``` tags.
Optimized Assembly Code:
","Given the following C code, your task is to generate highly optimized x86-64 assembly code.
C Code:

```c
#include <stdio.h>
int main(void){
	int i,j;
	for(i=0;i++<9;)for(j=0;j++<9;printf(""%dx%d=%d\n"",i,j,i*j));
	return 0;
}
```

Only output the optimized assembly code. Do not include any other text. Do not write any comments in the assembly code. Wrap the assembly code in ```assembly``` tags.
Optimized Assembly Code:
"
89,"#include <stdio.h>

int main(void){
  int i,j;

  for(i=1;i<=9;i++){
    for(j=1;j<=9;j++){
      printf(""%dx%d=%d\n"",i,j,i*j);
    }
  }

  return 0;
}","[{""input"": ""\n"", ""output"": ""\n""}]","Given the following C code and assembly code, your task is to generate highly optimized x86-64 assembly code.
C Code:

```c
#include <stdio.h>

int main(void){
  int i,j;

  for(i=1;i<=9;i++){
    for(j=1;j<=9;j++){
      printf(""%dx%d=%d\n"",i,j,i*j);
    }
  }

  return 0;
}
```

Assembly Code:

```assembly

```

Only output the optimized assembly code. Do not include any other text. Do not write any comments in the assembly code. Wrap the assembly code in ```assembly``` tags.
Optimized Assembly Code:
","Given the following C code, your task is to generate highly optimized x86-64 assembly code.
C Code:

```c
#include <stdio.h>

int main(void){
  int i,j;

  for(i=1;i<=9;i++){
    for(j=1;j<=9;j++){
      printf(""%dx%d=%d\n"",i,j,i*j);
    }
  }

  return 0;
}
```

Only output the optimized assembly code. Do not include any other text. Do not write any comments in the assembly code. Wrap the assembly code in ```assembly``` tags.
Optimized Assembly Code:
"
90,"#include <stdio.h>

int main(){
	printf(""1x1=1\n""
           ""1x2=2\n""
           ""1x3=3\n""
           ""1x4=4\n""
           ""1x5=5\n""
           ""1x6=6\n""
           ""1x7=7\n""
           ""1x8=8\n""
           ""1x9=9\n""
           ""2x1=2\n""
           ""2x2=4\n""
           ""2x3=6\n""
           ""2x4=8\n""
           ""2x5=10\n""
           ""2x6=12\n""
           ""2x7=14\n""
           ""2x8=16\n""
           ""2x9=18\n""
           ""3x1=3\n""
           ""3x2=6\n""
           ""3x3=9\n""
           ""3x4=12\n""
           ""3x5=15\n""
           ""3x6=18\n""
           ""3x7=21\n""
           ""3x8=24\n""
           ""3x9=27\n""
           ""4x1=4\n""
           ""4x2=8\n""
           ""4x3=12\n""
           ""4x4=16\n""
           ""4x5=20\n""
           ""4x6=24\n""
           ""4x7=28\n""
           ""4x8=32\n""
           ""4x9=36\n""
           ""5x1=5\n""
           ""5x2=10\n""
           ""5x3=15\n""
           ""5x4=20\n""
           ""5x5=25\n""
           ""5x6=30\n""
           ""5x7=35\n""
           ""5x8=40\n""
           ""5x9=45\n""
           ""6x1=6\n""
           ""6x2=12\n""
           ""6x3=18\n""
           ""6x4=24\n""
           ""6x5=30\n""
           ""6x6=36\n""
           ""6x7=42\n""
           ""6x8=48\n""
           ""6x9=54\n""
           ""7x1=7\n""
           ""7x2=14\n""
           ""7x3=21\n""
           ""7x4=28\n""
           ""7x5=35\n""
           ""7x6=42\n""
           ""7x7=49\n""
           ""7x8=56\n""
           ""7x9=63\n""
           ""8x1=8\n""
           ""8x2=16\n""
           ""8x3=24\n""
           ""8x4=32\n""
           ""8x5=40\n""
           ""8x6=48\n""
           ""8x7=56\n""
           ""8x8=64\n""
           ""8x9=72\n""
           ""9x1=9\n""
           ""9x2=18\n""
           ""9x3=27\n""
           ""9x4=36\n""
           ""9x5=45\n""
           ""9x6=54\n""
           ""9x7=63\n""
           ""9x8=72\n""
           ""9x9=81\n"");
	return 0;
}","[{""input"": ""\n"", ""output"": ""\n""}]","Given the following C code and assembly code, your task is to generate highly optimized x86-64 assembly code.
C Code:

```c
#include <stdio.h>

int main(){
	printf(""1x1=1\n""
           ""1x2=2\n""
           ""1x3=3\n""
           ""1x4=4\n""
           ""1x5=5\n""
           ""1x6=6\n""
           ""1x7=7\n""
           ""1x8=8\n""
           ""1x9=9\n""
           ""2x1=2\n""
           ""2x2=4\n""
           ""2x3=6\n""
           ""2x4=8\n""
           ""2x5=10\n""
           ""2x6=12\n""
           ""2x7=14\n""
           ""2x8=16\n""
           ""2x9=18\n""
           ""3x1=3\n""
           ""3x2=6\n""
           ""3x3=9\n""
           ""3x4=12\n""
           ""3x5=15\n""
           ""3x6=18\n""
           ""3x7=21\n""
           ""3x8=24\n""
           ""3x9=27\n""
           ""4x1=4\n""
           ""4x2=8\n""
           ""4x3=12\n""
           ""4x4=16\n""
           ""4x5=20\n""
           ""4x6=24\n""
           ""4x7=28\n""
           ""4x8=32\n""
           ""4x9=36\n""
           ""5x1=5\n""
           ""5x2=10\n""
           ""5x3=15\n""
           ""5x4=20\n""
           ""5x5=25\n""
           ""5x6=30\n""
           ""5x7=35\n""
           ""5x8=40\n""
           ""5x9=45\n""
           ""6x1=6\n""
           ""6x2=12\n""
           ""6x3=18\n""
           ""6x4=24\n""
           ""6x5=30\n""
           ""6x6=36\n""
           ""6x7=42\n""
           ""6x8=48\n""
           ""6x9=54\n""
           ""7x1=7\n""
           ""7x2=14\n""
           ""7x3=21\n""
           ""7x4=28\n""
           ""7x5=35\n""
           ""7x6=42\n""
           ""7x7=49\n""
           ""7x8=56\n""
           ""7x9=63\n""
           ""8x1=8\n""
           ""8x2=16\n""
           ""8x3=24\n""
           ""8x4=32\n""
           ""8x5=40\n""
           ""8x6=48\n""
           ""8x7=56\n""
           ""8x8=64\n""
           ""8x9=72\n""
           ""9x1=9\n""
           ""9x2=18\n""
           ""9x3=27\n""
           ""9x4=36\n""
           ""9x5=45\n""
           ""9x6=54\n""
           ""9x7=63\n""
           ""9x8=72\n""
           ""9x9=81\n"");
	return 0;
}
```

Assembly Code:

```assembly

```

Only output the optimized assembly code. Do not include any other text. Do not write any comments in the assembly code. Wrap the assembly code in ```assembly``` tags.
Optimized Assembly Code:
","Given the following C code, your task is to generate highly optimized x86-64 assembly code.
C Code:

```c
#include <stdio.h>

int main(){
	printf(""1x1=1\n""
           ""1x2=2\n""
           ""1x3=3\n""
           ""1x4=4\n""
           ""1x5=5\n""
           ""1x6=6\n""
           ""1x7=7\n""
           ""1x8=8\n""
           ""1x9=9\n""
           ""2x1=2\n""
           ""2x2=4\n""
           ""2x3=6\n""
           ""2x4=8\n""
           ""2x5=10\n""
           ""2x6=12\n""
           ""2x7=14\n""
           ""2x8=16\n""
           ""2x9=18\n""
           ""3x1=3\n""
           ""3x2=6\n""
           ""3x3=9\n""
           ""3x4=12\n""
           ""3x5=15\n""
           ""3x6=18\n""
           ""3x7=21\n""
           ""3x8=24\n""
           ""3x9=27\n""
           ""4x1=4\n""
           ""4x2=8\n""
           ""4x3=12\n""
           ""4x4=16\n""
           ""4x5=20\n""
           ""4x6=24\n""
           ""4x7=28\n""
           ""4x8=32\n""
           ""4x9=36\n""
           ""5x1=5\n""
           ""5x2=10\n""
           ""5x3=15\n""
           ""5x4=20\n""
           ""5x5=25\n""
           ""5x6=30\n""
           ""5x7=35\n""
           ""5x8=40\n""
           ""5x9=45\n""
           ""6x1=6\n""
           ""6x2=12\n""
           ""6x3=18\n""
           ""6x4=24\n""
           ""6x5=30\n""
           ""6x6=36\n""
           ""6x7=42\n""
           ""6x8=48\n""
           ""6x9=54\n""
           ""7x1=7\n""
           ""7x2=14\n""
           ""7x3=21\n""
           ""7x4=28\n""
           ""7x5=35\n""
           ""7x6=42\n""
           ""7x7=49\n""
           ""7x8=56\n""
           ""7x9=63\n""
           ""8x1=8\n""
           ""8x2=16\n""
           ""8x3=24\n""
           ""8x4=32\n""
           ""8x5=40\n""
           ""8x6=48\n""
           ""8x7=56\n""
           ""8x8=64\n""
           ""8x9=72\n""
           ""9x1=9\n""
           ""9x2=18\n""
           ""9x3=27\n""
           ""9x4=36\n""
           ""9x5=45\n""
           ""9x6=54\n""
           ""9x7=63\n""
           ""9x8=72\n""
           ""9x9=81\n"");
	return 0;
}
```

Only output the optimized assembly code. Do not include any other text. Do not write any comments in the assembly code. Wrap the assembly code in ```assembly``` tags.
Optimized Assembly Code:
"
91,"#include<stdio.h>
int main(){
	int i,j;
	for(i=1;i<=9;i++){
		for(j=1;j<=9;j++){
			printf(""%dx%d=%d\n"",i,j,i*j);
		}
	}
	return 0;
}","[{""input"": ""\n"", ""output"": ""\n""}]","Given the following C code and assembly code, your task is to generate highly optimized x86-64 assembly code.
C Code:

```c
#include<stdio.h>
int main(){
	int i,j;
	for(i=1;i<=9;i++){
		for(j=1;j<=9;j++){
			printf(""%dx%d=%d\n"",i,j,i*j);
		}
	}
	return 0;
}
```

Assembly Code:

```assembly

```

Only output the optimized assembly code. Do not include any other text. Do not write any comments in the assembly code. Wrap the assembly code in ```assembly``` tags.
Optimized Assembly Code:
","Given the following C code, your task is to generate highly optimized x86-64 assembly code.
C Code:

```c
#include<stdio.h>
int main(){
	int i,j;
	for(i=1;i<=9;i++){
		for(j=1;j<=9;j++){
			printf(""%dx%d=%d\n"",i,j,i*j);
		}
	}
	return 0;
}
```

Only output the optimized assembly code. Do not include any other text. Do not write any comments in the assembly code. Wrap the assembly code in ```assembly``` tags.
Optimized Assembly Code:
"
92,"main(i){i=8;while(i++<89)printf(""%dx%d=%d\n"",i/9,i%9+1,i/9*(i%9+1));exit(0);}","[{""input"": ""\n"", ""output"": ""\n""}]","Given the following C code and assembly code, your task is to generate highly optimized x86-64 assembly code.
C Code:

```c
main(i){i=8;while(i++<89)printf(""%dx%d=%d\n"",i/9,i%9+1,i/9*(i%9+1));exit(0);}
```

Assembly Code:

```assembly

```

Only output the optimized assembly code. Do not include any other text. Do not write any comments in the assembly code. Wrap the assembly code in ```assembly``` tags.
Optimized Assembly Code:
","Given the following C code, your task is to generate highly optimized x86-64 assembly code.
C Code:

```c
main(i){i=8;while(i++<89)printf(""%dx%d=%d\n"",i/9,i%9+1,i/9*(i%9+1));exit(0);}
```

Only output the optimized assembly code. Do not include any other text. Do not write any comments in the assembly code. Wrap the assembly code in ```assembly``` tags.
Optimized Assembly Code:
"
93,"#include<stdio.h>
int main()
{
	int a, b;
	for (a = 1; a <= 9; a ++) {
		for (b = 1; b <= 9; b ++) {
			printf (""%dx%d=%d\n"", a, b, a*b);
		}
	}
	return 0;
}","[{""input"": ""\n"", ""output"": ""\n""}]","Given the following C code and assembly code, your task is to generate highly optimized x86-64 assembly code.
C Code:

```c
#include<stdio.h>
int main()
{
	int a, b;
	for (a = 1; a <= 9; a ++) {
		for (b = 1; b <= 9; b ++) {
			printf (""%dx%d=%d\n"", a, b, a*b);
		}
	}
	return 0;
}
```

Assembly Code:

```assembly

```

Only output the optimized assembly code. Do not include any other text. Do not write any comments in the assembly code. Wrap the assembly code in ```assembly``` tags.
Optimized Assembly Code:
","Given the following C code, your task is to generate highly optimized x86-64 assembly code.
C Code:

```c
#include<stdio.h>
int main()
{
	int a, b;
	for (a = 1; a <= 9; a ++) {
		for (b = 1; b <= 9; b ++) {
			printf (""%dx%d=%d\n"", a, b, a*b);
		}
	}
	return 0;
}
```

Only output the optimized assembly code. Do not include any other text. Do not write any comments in the assembly code. Wrap the assembly code in ```assembly``` tags.
Optimized Assembly Code:
"
94,"#include <stdio.h>
#include <stdlib.h>

int main(void)
{
    int i, j;
    for(i=1;i<=9;i++){
        for(j=1;j<=9;j++){
            printf(""%dx%d=%d\n"",i ,j ,i*j);
        }
    }
    return 0;
}


","[{""input"": ""\n"", ""output"": ""\n""}]","Given the following C code and assembly code, your task is to generate highly optimized x86-64 assembly code.
C Code:

```c
#include <stdio.h>
#include <stdlib.h>

int main(void)
{
    int i, j;
    for(i=1;i<=9;i++){
        for(j=1;j<=9;j++){
            printf(""%dx%d=%d\n"",i ,j ,i*j);
        }
    }
    return 0;
}
```

Assembly Code:

```assembly

```

Only output the optimized assembly code. Do not include any other text. Do not write any comments in the assembly code. Wrap the assembly code in ```assembly``` tags.
Optimized Assembly Code:
","Given the following C code, your task is to generate highly optimized x86-64 assembly code.
C Code:

```c
#include <stdio.h>
#include <stdlib.h>

int main(void)
{
    int i, j;
    for(i=1;i<=9;i++){
        for(j=1;j<=9;j++){
            printf(""%dx%d=%d\n"",i ,j ,i*j);
        }
    }
    return 0;
}
```

Only output the optimized assembly code. Do not include any other text. Do not write any comments in the assembly code. Wrap the assembly code in ```assembly``` tags.
Optimized Assembly Code:
"
95,"#include<stdio.h>
 
int main(){
    int i, j;
 
    for(i=1; i<=9; i++){
        for(j=1; j<=9; j++){
            printf(""%dx%d=%d\n"", i, j, i*j);
        }
    }
 
    return 0;
}","[{""input"": ""\n"", ""output"": ""\n""}]","Given the following C code and assembly code, your task is to generate highly optimized x86-64 assembly code.
C Code:

```c
#include<stdio.h>
 
int main(){
    int i, j;
 
    for(i=1; i<=9; i++){
        for(j=1; j<=9; j++){
            printf(""%dx%d=%d\n"", i, j, i*j);
        }
    }
 
    return 0;
}
```

Assembly Code:

```assembly

```

Only output the optimized assembly code. Do not include any other text. Do not write any comments in the assembly code. Wrap the assembly code in ```assembly``` tags.
Optimized Assembly Code:
","Given the following C code, your task is to generate highly optimized x86-64 assembly code.
C Code:

```c
#include<stdio.h>
 
int main(){
    int i, j;
 
    for(i=1; i<=9; i++){
        for(j=1; j<=9; j++){
            printf(""%dx%d=%d\n"", i, j, i*j);
        }
    }
 
    return 0;
}
```

Only output the optimized assembly code. Do not include any other text. Do not write any comments in the assembly code. Wrap the assembly code in ```assembly``` tags.
Optimized Assembly Code:
"
96,"#include<stdio.h>

int main(void){
	int a,i,j;


	for(i=1; i<=9; i++){
		for(j=1; j<=9; j++){

			a = i*j;
			printf(""%dx%d=%d\n"",i,j,a);
		}
	}
	
    return 0;
}","[{""input"": ""\n"", ""output"": ""\n""}]","Given the following C code and assembly code, your task is to generate highly optimized x86-64 assembly code.
C Code:

```c
#include<stdio.h>

int main(void){
	int a,i,j;


	for(i=1; i<=9; i++){
		for(j=1; j<=9; j++){

			a = i*j;
			printf(""%dx%d=%d\n"",i,j,a);
		}
	}
	
    return 0;
}
```

Assembly Code:

```assembly

```

Only output the optimized assembly code. Do not include any other text. Do not write any comments in the assembly code. Wrap the assembly code in ```assembly``` tags.
Optimized Assembly Code:
","Given the following C code, your task is to generate highly optimized x86-64 assembly code.
C Code:

```c
#include<stdio.h>

int main(void){
	int a,i,j;


	for(i=1; i<=9; i++){
		for(j=1; j<=9; j++){

			a = i*j;
			printf(""%dx%d=%d\n"",i,j,a);
		}
	}
	
    return 0;
}
```

Only output the optimized assembly code. Do not include any other text. Do not write any comments in the assembly code. Wrap the assembly code in ```assembly``` tags.
Optimized Assembly Code:
"
97,"#include<stdio.h>
int main(void)
{
  int i,n;
  for(i=1; i<10; i++){

    printf(""1x%d=%d\n"" ,i,1*i);
  }
 for(i=1; i<10; i++){

    printf(""2x%d=%d\n"" ,i,2*i);
  
}

 for(i=1; i<10; i++){

    printf(""3x%d=%d\n"" ,i,3*i);
 }
for(i=1; i<10; i++){

    printf(""4x%d=%d\n"" ,i,4*i);
 }
for(i=1; i<10; i++){

    printf(""5x%d=%d\n"" ,i,5*i);
 }
for(i=1; i<10; i++){

    printf(""6x%d=%d\n"" ,i,6*i);
 }
for(i=1; i<10; i++){

    printf(""7x%d=%d\n"" ,i,7*i);
 }

for(i=1; i<10; i++){

    printf(""8x%d=%d\n"" ,i,8*i);
 }
for(i=1; i<10; i++){

    printf(""9x%d=%d\n"" ,i,9*i);
 }



 return 0;
}","[{""input"": ""\n"", ""output"": ""\n""}]","Given the following C code and assembly code, your task is to generate highly optimized x86-64 assembly code.
C Code:

```c
#include<stdio.h>
int main(void)
{
  int i,n;
  for(i=1; i<10; i++){

    printf(""1x%d=%d\n"" ,i,1*i);
  }
 for(i=1; i<10; i++){

    printf(""2x%d=%d\n"" ,i,2*i);
  
}

 for(i=1; i<10; i++){

    printf(""3x%d=%d\n"" ,i,3*i);
 }
for(i=1; i<10; i++){

    printf(""4x%d=%d\n"" ,i,4*i);
 }
for(i=1; i<10; i++){

    printf(""5x%d=%d\n"" ,i,5*i);
 }
for(i=1; i<10; i++){

    printf(""6x%d=%d\n"" ,i,6*i);
 }
for(i=1; i<10; i++){

    printf(""7x%d=%d\n"" ,i,7*i);
 }

for(i=1; i<10; i++){

    printf(""8x%d=%d\n"" ,i,8*i);
 }
for(i=1; i<10; i++){

    printf(""9x%d=%d\n"" ,i,9*i);
 }



 return 0;
}
```

Assembly Code:

```assembly

```

Only output the optimized assembly code. Do not include any other text. Do not write any comments in the assembly code. Wrap the assembly code in ```assembly``` tags.
Optimized Assembly Code:
","Given the following C code, your task is to generate highly optimized x86-64 assembly code.
C Code:

```c
#include<stdio.h>
int main(void)
{
  int i,n;
  for(i=1; i<10; i++){

    printf(""1x%d=%d\n"" ,i,1*i);
  }
 for(i=1; i<10; i++){

    printf(""2x%d=%d\n"" ,i,2*i);
  
}

 for(i=1; i<10; i++){

    printf(""3x%d=%d\n"" ,i,3*i);
 }
for(i=1; i<10; i++){

    printf(""4x%d=%d\n"" ,i,4*i);
 }
for(i=1; i<10; i++){

    printf(""5x%d=%d\n"" ,i,5*i);
 }
for(i=1; i<10; i++){

    printf(""6x%d=%d\n"" ,i,6*i);
 }
for(i=1; i<10; i++){

    printf(""7x%d=%d\n"" ,i,7*i);
 }

for(i=1; i<10; i++){

    printf(""8x%d=%d\n"" ,i,8*i);
 }
for(i=1; i<10; i++){

    printf(""9x%d=%d\n"" ,i,9*i);
 }



 return 0;
}
```

Only output the optimized assembly code. Do not include any other text. Do not write any comments in the assembly code. Wrap the assembly code in ```assembly``` tags.
Optimized Assembly Code:
"
98,"#include<stdio.h>
int main(){
 int i,j;
 for(i=1;i<10;i++){
  for(j=1;j<10;j++)printf(""%dx%d=%d\n"",i,j,i*j);
 }
 return 0;
}","[{""input"": ""\n"", ""output"": ""\n""}]","Given the following C code and assembly code, your task is to generate highly optimized x86-64 assembly code.
C Code:

```c
#include<stdio.h>
int main(){
 int i,j;
 for(i=1;i<10;i++){
  for(j=1;j<10;j++)printf(""%dx%d=%d\n"",i,j,i*j);
 }
 return 0;
}
```

Assembly Code:

```assembly

```

Only output the optimized assembly code. Do not include any other text. Do not write any comments in the assembly code. Wrap the assembly code in ```assembly``` tags.
Optimized Assembly Code:
","Given the following C code, your task is to generate highly optimized x86-64 assembly code.
C Code:

```c
#include<stdio.h>
int main(){
 int i,j;
 for(i=1;i<10;i++){
  for(j=1;j<10;j++)printf(""%dx%d=%d\n"",i,j,i*j);
 }
 return 0;
}
```

Only output the optimized assembly code. Do not include any other text. Do not write any comments in the assembly code. Wrap the assembly code in ```assembly``` tags.
Optimized Assembly Code:
"
99,"#include <stdio.h>

int main(void)
{
	int num1 = 0;
	int num2 = 0;
	
	for (num1 = 1; num1 <= 9; num1++) {
		for (num2 = 1; num2 <= 9; num2++) {
			printf (""%dx%d=%d\n"", num1, num2, num1 * num2);
		}
	}	

	return 0;
}","[{""input"": ""\n"", ""output"": ""\n""}]","Given the following C code and assembly code, your task is to generate highly optimized x86-64 assembly code.
C Code:

```c
#include <stdio.h>

int main(void)
{
	int num1 = 0;
	int num2 = 0;
	
	for (num1 = 1; num1 <= 9; num1++) {
		for (num2 = 1; num2 <= 9; num2++) {
			printf (""%dx%d=%d\n"", num1, num2, num1 * num2);
		}
	}	

	return 0;
}
```

Assembly Code:

```assembly

```

Only output the optimized assembly code. Do not include any other text. Do not write any comments in the assembly code. Wrap the assembly code in ```assembly``` tags.
Optimized Assembly Code:
","Given the following C code, your task is to generate highly optimized x86-64 assembly code.
C Code:

```c
#include <stdio.h>

int main(void)
{
	int num1 = 0;
	int num2 = 0;
	
	for (num1 = 1; num1 <= 9; num1++) {
		for (num2 = 1; num2 <= 9; num2++) {
			printf (""%dx%d=%d\n"", num1, num2, num1 * num2);
		}
	}	

	return 0;
}
```

Only output the optimized assembly code. Do not include any other text. Do not write any comments in the assembly code. Wrap the assembly code in ```assembly``` tags.
Optimized Assembly Code:
"
100,"#include<stdio.h>

main(){
	int a, b;
	for(a = 1; a < 10; a++){
		for(b = 1; b < 10; b++){
			printf(""%dx%d=%d\n"", a, b, a * b);
		}
	}
}","[{""input"": ""\n"", ""output"": ""\n""}]","Given the following C code and assembly code, your task is to generate highly optimized x86-64 assembly code.
C Code:

```c
#include<stdio.h>

main(){
	int a, b;
	for(a = 1; a < 10; a++){
		for(b = 1; b < 10; b++){
			printf(""%dx%d=%d\n"", a, b, a * b);
		}
	}
}
```

Assembly Code:

```assembly

```

Only output the optimized assembly code. Do not include any other text. Do not write any comments in the assembly code. Wrap the assembly code in ```assembly``` tags.
Optimized Assembly Code:
","Given the following C code, your task is to generate highly optimized x86-64 assembly code.
C Code:

```c
#include<stdio.h>

main(){
	int a, b;
	for(a = 1; a < 10; a++){
		for(b = 1; b < 10; b++){
			printf(""%dx%d=%d\n"", a, b, a * b);
		}
	}
}
```

Only output the optimized assembly code. Do not include any other text. Do not write any comments in the assembly code. Wrap the assembly code in ```assembly``` tags.
Optimized Assembly Code:
"
101,"#include <stdio.h>

int main(void)
{
  int i,j;

  for(i=1; i<10; i++)
  {
    for(j=1; j< 10; j++)
	{
	  printf(""%dx%d=%d\n"",i,j,i*j);		
	}
  }

  return 0;		
}","[{""input"": ""\n"", ""output"": ""\n""}]","Given the following C code and assembly code, your task is to generate highly optimized x86-64 assembly code.
C Code:

```c
#include <stdio.h>

int main(void)
{
  int i,j;

  for(i=1; i<10; i++)
  {
    for(j=1; j< 10; j++)
	{
	  printf(""%dx%d=%d\n"",i,j,i*j);		
	}
  }

  return 0;		
}
```

Assembly Code:

```assembly

```

Only output the optimized assembly code. Do not include any other text. Do not write any comments in the assembly code. Wrap the assembly code in ```assembly``` tags.
Optimized Assembly Code:
","Given the following C code, your task is to generate highly optimized x86-64 assembly code.
C Code:

```c
#include <stdio.h>

int main(void)
{
  int i,j;

  for(i=1; i<10; i++)
  {
    for(j=1; j< 10; j++)
	{
	  printf(""%dx%d=%d\n"",i,j,i*j);		
	}
  }

  return 0;		
}
```

Only output the optimized assembly code. Do not include any other text. Do not write any comments in the assembly code. Wrap the assembly code in ```assembly``` tags.
Optimized Assembly Code:
"
102,"#include<stdio.h>
int main()
{
	int i,t,result;
	for(i=1;i<10;i++){
		for(t=1;t<10;t++){
		result=i*t;
		printf(""%dx%d=%d\n"",i,t,result);
		}
	}
	
	return 0;
}","[{""input"": ""\n"", ""output"": ""\n""}]","Given the following C code and assembly code, your task is to generate highly optimized x86-64 assembly code.
C Code:

```c
#include<stdio.h>
int main()
{
	int i,t,result;
	for(i=1;i<10;i++){
		for(t=1;t<10;t++){
		result=i*t;
		printf(""%dx%d=%d\n"",i,t,result);
		}
	}
	
	return 0;
}
```

Assembly Code:

```assembly

```

Only output the optimized assembly code. Do not include any other text. Do not write any comments in the assembly code. Wrap the assembly code in ```assembly``` tags.
Optimized Assembly Code:
","Given the following C code, your task is to generate highly optimized x86-64 assembly code.
C Code:

```c
#include<stdio.h>
int main()
{
	int i,t,result;
	for(i=1;i<10;i++){
		for(t=1;t<10;t++){
		result=i*t;
		printf(""%dx%d=%d\n"",i,t,result);
		}
	}
	
	return 0;
}
```

Only output the optimized assembly code. Do not include any other text. Do not write any comments in the assembly code. Wrap the assembly code in ```assembly``` tags.
Optimized Assembly Code:
"
103,"#include<stdio.h>

int main()
{
	int i, j;
	for(i=1; i<=9; i++)
	for(j=1; j<=9; j++)
	{
		printf(""%dx%d=%d\n"", i, j, i*j);
	}
    return 0;
}","[{""input"": ""\n"", ""output"": ""\n""}]","Given the following C code and assembly code, your task is to generate highly optimized x86-64 assembly code.
C Code:

```c
#include<stdio.h>

int main()
{
	int i, j;
	for(i=1; i<=9; i++)
	for(j=1; j<=9; j++)
	{
		printf(""%dx%d=%d\n"", i, j, i*j);
	}
    return 0;
}
```

Assembly Code:

```assembly

```

Only output the optimized assembly code. Do not include any other text. Do not write any comments in the assembly code. Wrap the assembly code in ```assembly``` tags.
Optimized Assembly Code:
","Given the following C code, your task is to generate highly optimized x86-64 assembly code.
C Code:

```c
#include<stdio.h>

int main()
{
	int i, j;
	for(i=1; i<=9; i++)
	for(j=1; j<=9; j++)
	{
		printf(""%dx%d=%d\n"", i, j, i*j);
	}
    return 0;
}
```

Only output the optimized assembly code. Do not include any other text. Do not write any comments in the assembly code. Wrap the assembly code in ```assembly``` tags.
Optimized Assembly Code:
"
104,"#include<stdio.h>
int main(void){
    int i,j;
    for(i=1;i<=9;i++){
        for(j=1;j<=9;j++){
            printf(""%dx%d=%d\n"",i,j,i*j);
        }
    }
return 0;
}","[{""input"": ""\n"", ""output"": ""\n""}]","Given the following C code and assembly code, your task is to generate highly optimized x86-64 assembly code.
C Code:

```c
#include<stdio.h>
int main(void){
    int i,j;
    for(i=1;i<=9;i++){
        for(j=1;j<=9;j++){
            printf(""%dx%d=%d\n"",i,j,i*j);
        }
    }
return 0;
}
```

Assembly Code:

```assembly

```

Only output the optimized assembly code. Do not include any other text. Do not write any comments in the assembly code. Wrap the assembly code in ```assembly``` tags.
Optimized Assembly Code:
","Given the following C code, your task is to generate highly optimized x86-64 assembly code.
C Code:

```c
#include<stdio.h>
int main(void){
    int i,j;
    for(i=1;i<=9;i++){
        for(j=1;j<=9;j++){
            printf(""%dx%d=%d\n"",i,j,i*j);
        }
    }
return 0;
}
```

Only output the optimized assembly code. Do not include any other text. Do not write any comments in the assembly code. Wrap the assembly code in ```assembly``` tags.
Optimized Assembly Code:
"
105,"#include<stdio.h>
 
int main(void)
{
 int i,j;
 for(i = 1; i <= 9; i++)
 {
  for(j = 1; j <= 9; j++)
   {
    printf(""%dx%d=%d\n"",i,j,i*j);
   }
 }
 return 0;
}","[{""input"": ""\n"", ""output"": ""\n""}]","Given the following C code and assembly code, your task is to generate highly optimized x86-64 assembly code.
C Code:

```c
#include<stdio.h>
 
int main(void)
{
 int i,j;
 for(i = 1; i <= 9; i++)
 {
  for(j = 1; j <= 9; j++)
   {
    printf(""%dx%d=%d\n"",i,j,i*j);
   }
 }
 return 0;
}
```

Assembly Code:

```assembly

```

Only output the optimized assembly code. Do not include any other text. Do not write any comments in the assembly code. Wrap the assembly code in ```assembly``` tags.
Optimized Assembly Code:
","Given the following C code, your task is to generate highly optimized x86-64 assembly code.
C Code:

```c
#include<stdio.h>
 
int main(void)
{
 int i,j;
 for(i = 1; i <= 9; i++)
 {
  for(j = 1; j <= 9; j++)
   {
    printf(""%dx%d=%d\n"",i,j,i*j);
   }
 }
 return 0;
}
```

Only output the optimized assembly code. Do not include any other text. Do not write any comments in the assembly code. Wrap the assembly code in ```assembly``` tags.
Optimized Assembly Code:
"
106,"int main(void) {
   int i;
   int j;
   for (i=1; i<10; ++i) {
      for (j=1; j<10; ++j) {
         printf(""%dx%d=%d\n"", i, j, (i*j));
      }
   }
   return 0;
}","[{""input"": ""\n"", ""output"": ""\n""}]","Given the following C code and assembly code, your task is to generate highly optimized x86-64 assembly code.
C Code:

```c
int main(void) {
   int i;
   int j;
   for (i=1; i<10; ++i) {
      for (j=1; j<10; ++j) {
         printf(""%dx%d=%d\n"", i, j, (i*j));
      }
   }
   return 0;
}
```

Assembly Code:

```assembly

```

Only output the optimized assembly code. Do not include any other text. Do not write any comments in the assembly code. Wrap the assembly code in ```assembly``` tags.
Optimized Assembly Code:
","Given the following C code, your task is to generate highly optimized x86-64 assembly code.
C Code:

```c
int main(void) {
   int i;
   int j;
   for (i=1; i<10; ++i) {
      for (j=1; j<10; ++j) {
         printf(""%dx%d=%d\n"", i, j, (i*j));
      }
   }
   return 0;
}
```

Only output the optimized assembly code. Do not include any other text. Do not write any comments in the assembly code. Wrap the assembly code in ```assembly``` tags.
Optimized Assembly Code:
"
107,"#include <stdio.h>

int main(void)
{
	int num;
	int i;
	int ans;
	
	for(i = 1; i < 10; i++){
		for(num = 1; num < 10; num++){
			ans = i * num;
			printf(""%dx%d=%d\n"", i, num, ans);
		}
	}
	
	return 0;
}","[{""input"": ""\n"", ""output"": ""\n""}]","Given the following C code and assembly code, your task is to generate highly optimized x86-64 assembly code.
C Code:

```c
#include <stdio.h>

int main(void)
{
	int num;
	int i;
	int ans;
	
	for(i = 1; i < 10; i++){
		for(num = 1; num < 10; num++){
			ans = i * num;
			printf(""%dx%d=%d\n"", i, num, ans);
		}
	}
	
	return 0;
}
```

Assembly Code:

```assembly

```

Only output the optimized assembly code. Do not include any other text. Do not write any comments in the assembly code. Wrap the assembly code in ```assembly``` tags.
Optimized Assembly Code:
","Given the following C code, your task is to generate highly optimized x86-64 assembly code.
C Code:

```c
#include <stdio.h>

int main(void)
{
	int num;
	int i;
	int ans;
	
	for(i = 1; i < 10; i++){
		for(num = 1; num < 10; num++){
			ans = i * num;
			printf(""%dx%d=%d\n"", i, num, ans);
		}
	}
	
	return 0;
}
```

Only output the optimized assembly code. Do not include any other text. Do not write any comments in the assembly code. Wrap the assembly code in ```assembly``` tags.
Optimized Assembly Code:
"
108,"#include <stdio.h>

int main()
{
	int i,j;
	for(i=1;i<=9;i++)
	{
		for(j=1;j<=9;j++)
		{
			printf(""%dx%d=%d\n"",i,j,i*j);
		}
	}
	
	return 0;
}","[{""input"": ""\n"", ""output"": ""\n""}]","Given the following C code and assembly code, your task is to generate highly optimized x86-64 assembly code.
C Code:

```c
#include <stdio.h>

int main()
{
	int i,j;
	for(i=1;i<=9;i++)
	{
		for(j=1;j<=9;j++)
		{
			printf(""%dx%d=%d\n"",i,j,i*j);
		}
	}
	
	return 0;
}
```

Assembly Code:

```assembly

```

Only output the optimized assembly code. Do not include any other text. Do not write any comments in the assembly code. Wrap the assembly code in ```assembly``` tags.
Optimized Assembly Code:
","Given the following C code, your task is to generate highly optimized x86-64 assembly code.
C Code:

```c
#include <stdio.h>

int main()
{
	int i,j;
	for(i=1;i<=9;i++)
	{
		for(j=1;j<=9;j++)
		{
			printf(""%dx%d=%d\n"",i,j,i*j);
		}
	}
	
	return 0;
}
```

Only output the optimized assembly code. Do not include any other text. Do not write any comments in the assembly code. Wrap the assembly code in ```assembly``` tags.
Optimized Assembly Code:
"
109,"#include<stdio.h>
main(){
  int i,j;
  for(i=1;i<=9;i++){
    for(j=1;j<=9;j++){
      printf(""%dx%d=%d\n"",i,j,i*j);
    }
  }
  return 0;
}","[{""input"": ""\n"", ""output"": ""\n""}]","Given the following C code and assembly code, your task is to generate highly optimized x86-64 assembly code.
C Code:

```c
#include<stdio.h>
main(){
  int i,j;
  for(i=1;i<=9;i++){
    for(j=1;j<=9;j++){
      printf(""%dx%d=%d\n"",i,j,i*j);
    }
  }
  return 0;
}
```

Assembly Code:

```assembly

```

Only output the optimized assembly code. Do not include any other text. Do not write any comments in the assembly code. Wrap the assembly code in ```assembly``` tags.
Optimized Assembly Code:
","Given the following C code, your task is to generate highly optimized x86-64 assembly code.
C Code:

```c
#include<stdio.h>
main(){
  int i,j;
  for(i=1;i<=9;i++){
    for(j=1;j<=9;j++){
      printf(""%dx%d=%d\n"",i,j,i*j);
    }
  }
  return 0;
}
```

Only output the optimized assembly code. Do not include any other text. Do not write any comments in the assembly code. Wrap the assembly code in ```assembly``` tags.
Optimized Assembly Code:
"
110,"#include<stdio.h>

int main()
{
	for (int i=1; i<=9; i++)
	{
		for (int j=1; j<=9; j++)
		{
			printf(""%dx%d=%d\n"", i,j,i*j);
		}
	}
	return 0;
}
","[{""input"": ""\n"", ""output"": ""\n""}]","Given the following C code and assembly code, your task is to generate highly optimized x86-64 assembly code.
C Code:

```c
#include<stdio.h>

int main()
{
	for (int i=1; i<=9; i++)
	{
		for (int j=1; j<=9; j++)
		{
			printf(""%dx%d=%d\n"", i,j,i*j);
		}
	}
	return 0;
}
```

Assembly Code:

```assembly

```

Only output the optimized assembly code. Do not include any other text. Do not write any comments in the assembly code. Wrap the assembly code in ```assembly``` tags.
Optimized Assembly Code:
","Given the following C code, your task is to generate highly optimized x86-64 assembly code.
C Code:

```c
#include<stdio.h>

int main()
{
	for (int i=1; i<=9; i++)
	{
		for (int j=1; j<=9; j++)
		{
			printf(""%dx%d=%d\n"", i,j,i*j);
		}
	}
	return 0;
}
```

Only output the optimized assembly code. Do not include any other text. Do not write any comments in the assembly code. Wrap the assembly code in ```assembly``` tags.
Optimized Assembly Code:
"
111,"X;main(Y){for(;++X<10;)for(Y=0;Y<9;)printf(""%dx%d=%d\n"",X,Y,X*++Y);exit(0);}","[{""input"": ""\n"", ""output"": ""\n""}]","Given the following C code and assembly code, your task is to generate highly optimized x86-64 assembly code.
C Code:

```c
X;main(Y){for(;++X<10;)for(Y=0;Y<9;)printf(""%dx%d=%d\n"",X,Y,X*++Y);exit(0);}
```

Assembly Code:

```assembly

```

Only output the optimized assembly code. Do not include any other text. Do not write any comments in the assembly code. Wrap the assembly code in ```assembly``` tags.
Optimized Assembly Code:
","Given the following C code, your task is to generate highly optimized x86-64 assembly code.
C Code:

```c
X;main(Y){for(;++X<10;)for(Y=0;Y<9;)printf(""%dx%d=%d\n"",X,Y,X*++Y);exit(0);}
```

Only output the optimized assembly code. Do not include any other text. Do not write any comments in the assembly code. Wrap the assembly code in ```assembly``` tags.
Optimized Assembly Code:
"
112,"m;main(n){for(;n<=9;m%=9,m||n++)printf(""%dx%d=%d\n"",n,m,n*++m);}","[{""input"": ""\n"", ""output"": ""\n""}]","Given the following C code and assembly code, your task is to generate highly optimized x86-64 assembly code.
C Code:

```c
m;main(n){for(;n<=9;m%=9,m||n++)printf(""%dx%d=%d\n"",n,m,n*++m);}
```

Assembly Code:

```assembly

```

Only output the optimized assembly code. Do not include any other text. Do not write any comments in the assembly code. Wrap the assembly code in ```assembly``` tags.
Optimized Assembly Code:
","Given the following C code, your task is to generate highly optimized x86-64 assembly code.
C Code:

```c
m;main(n){for(;n<=9;m%=9,m||n++)printf(""%dx%d=%d\n"",n,m,n*++m);}
```

Only output the optimized assembly code. Do not include any other text. Do not write any comments in the assembly code. Wrap the assembly code in ```assembly``` tags.
Optimized Assembly Code:
"
113,"#include<stdio.h>

int
main()
{
	int i, j;
	for( i = 1; i < 10; ++i )
	{
		for( j = 1; j < 10; ++j )
		{
			printf( ""%dx%d=%d\n"", i, j, i * j );
		}
	}

	return 0;
}","[{""input"": ""\n"", ""output"": ""\n""}]","Given the following C code and assembly code, your task is to generate highly optimized x86-64 assembly code.
C Code:

```c
#include<stdio.h>

int
main()
{
	int i, j;
	for( i = 1; i < 10; ++i )
	{
		for( j = 1; j < 10; ++j )
		{
			printf( ""%dx%d=%d\n"", i, j, i * j );
		}
	}

	return 0;
}
```

Assembly Code:

```assembly

```

Only output the optimized assembly code. Do not include any other text. Do not write any comments in the assembly code. Wrap the assembly code in ```assembly``` tags.
Optimized Assembly Code:
","Given the following C code, your task is to generate highly optimized x86-64 assembly code.
C Code:

```c
#include<stdio.h>

int
main()
{
	int i, j;
	for( i = 1; i < 10; ++i )
	{
		for( j = 1; j < 10; ++j )
		{
			printf( ""%dx%d=%d\n"", i, j, i * j );
		}
	}

	return 0;
}
```

Only output the optimized assembly code. Do not include any other text. Do not write any comments in the assembly code. Wrap the assembly code in ```assembly``` tags.
Optimized Assembly Code:
"
114,"main(){int j=0;while(9>j++){int i=0;while(9>i++)printf(""%dx%d=%d\n"",j,i,i*j);}exit(0);}","[{""input"": ""\n"", ""output"": ""\n""}]","Given the following C code and assembly code, your task is to generate highly optimized x86-64 assembly code.
C Code:

```c
main(){int j=0;while(9>j++){int i=0;while(9>i++)printf(""%dx%d=%d\n"",j,i,i*j);}exit(0);}
```

Assembly Code:

```assembly

```

Only output the optimized assembly code. Do not include any other text. Do not write any comments in the assembly code. Wrap the assembly code in ```assembly``` tags.
Optimized Assembly Code:
","Given the following C code, your task is to generate highly optimized x86-64 assembly code.
C Code:

```c
main(){int j=0;while(9>j++){int i=0;while(9>i++)printf(""%dx%d=%d\n"",j,i,i*j);}exit(0);}
```

Only output the optimized assembly code. Do not include any other text. Do not write any comments in the assembly code. Wrap the assembly code in ```assembly``` tags.
Optimized Assembly Code:
"
115,"j;main(i){for(;i<=9;i++){for(j=1;j<=9;j++){printf(""%dx%d=%d\n"",i,j,i*j);}}return 0;}","[{""input"": ""\n"", ""output"": ""\n""}]","Given the following C code and assembly code, your task is to generate highly optimized x86-64 assembly code.
C Code:

```c
j;main(i){for(;i<=9;i++){for(j=1;j<=9;j++){printf(""%dx%d=%d\n"",i,j,i*j);}}return 0;}
```

Assembly Code:

```assembly

```

Only output the optimized assembly code. Do not include any other text. Do not write any comments in the assembly code. Wrap the assembly code in ```assembly``` tags.
Optimized Assembly Code:
","Given the following C code, your task is to generate highly optimized x86-64 assembly code.
C Code:

```c
j;main(i){for(;i<=9;i++){for(j=1;j<=9;j++){printf(""%dx%d=%d\n"",i,j,i*j);}}return 0;}
```

Only output the optimized assembly code. Do not include any other text. Do not write any comments in the assembly code. Wrap the assembly code in ```assembly``` tags.
Optimized Assembly Code:
"
116,"#include<stdio.h>

int main(){
    int i,j;
    for(i=1;i<10;i++){
        for(j=1;j<10;j++){
            printf(""%dx%d=%d\n"",i,j,i*j);
        }
    }
    return 0;
}","[{""input"": ""\n"", ""output"": ""\n""}]","Given the following C code and assembly code, your task is to generate highly optimized x86-64 assembly code.
C Code:

```c
#include<stdio.h>

int main(){
    int i,j;
    for(i=1;i<10;i++){
        for(j=1;j<10;j++){
            printf(""%dx%d=%d\n"",i,j,i*j);
        }
    }
    return 0;
}
```

Assembly Code:

```assembly

```

Only output the optimized assembly code. Do not include any other text. Do not write any comments in the assembly code. Wrap the assembly code in ```assembly``` tags.
Optimized Assembly Code:
","Given the following C code, your task is to generate highly optimized x86-64 assembly code.
C Code:

```c
#include<stdio.h>

int main(){
    int i,j;
    for(i=1;i<10;i++){
        for(j=1;j<10;j++){
            printf(""%dx%d=%d\n"",i,j,i*j);
        }
    }
    return 0;
}
```

Only output the optimized assembly code. Do not include any other text. Do not write any comments in the assembly code. Wrap the assembly code in ```assembly``` tags.
Optimized Assembly Code:
"
117,"i,j;main(){for(;j++%9||(j=1,++i%10);printf(""%dx%d=%d\n"",i,j,i*j));}","[{""input"": ""\n"", ""output"": ""\n""}]","Given the following C code and assembly code, your task is to generate highly optimized x86-64 assembly code.
C Code:

```c
i,j;main(){for(;j++%9||(j=1,++i%10);printf(""%dx%d=%d\n"",i,j,i*j));}
```

Assembly Code:

```assembly

```

Only output the optimized assembly code. Do not include any other text. Do not write any comments in the assembly code. Wrap the assembly code in ```assembly``` tags.
Optimized Assembly Code:
","Given the following C code, your task is to generate highly optimized x86-64 assembly code.
C Code:

```c
i,j;main(){for(;j++%9||(j=1,++i%10);printf(""%dx%d=%d\n"",i,j,i*j));}
```

Only output the optimized assembly code. Do not include any other text. Do not write any comments in the assembly code. Wrap the assembly code in ```assembly``` tags.
Optimized Assembly Code:
"
118,"#include <stdio.h>

int main(void){
  int i, j;
  for(i = 1; i <= 9; i++){
    for(j = 1; j <= 9; j++){
      printf(""%dx%d=%d\n"", i, j, i * j);
    }
  }
  return 0;
}","[{""input"": ""\n"", ""output"": ""\n""}]","Given the following C code and assembly code, your task is to generate highly optimized x86-64 assembly code.
C Code:

```c
#include <stdio.h>

int main(void){
  int i, j;
  for(i = 1; i <= 9; i++){
    for(j = 1; j <= 9; j++){
      printf(""%dx%d=%d\n"", i, j, i * j);
    }
  }
  return 0;
}
```

Assembly Code:

```assembly

```

Only output the optimized assembly code. Do not include any other text. Do not write any comments in the assembly code. Wrap the assembly code in ```assembly``` tags.
Optimized Assembly Code:
","Given the following C code, your task is to generate highly optimized x86-64 assembly code.
C Code:

```c
#include <stdio.h>

int main(void){
  int i, j;
  for(i = 1; i <= 9; i++){
    for(j = 1; j <= 9; j++){
      printf(""%dx%d=%d\n"", i, j, i * j);
    }
  }
  return 0;
}
```

Only output the optimized assembly code. Do not include any other text. Do not write any comments in the assembly code. Wrap the assembly code in ```assembly``` tags.
Optimized Assembly Code:
"
119,"#include <stdio.h>

int main(){
    int i,j;
    for (i=1; i <= 9; i++) {
        for (j = 1; j <= 9; j++) {
            printf(""%dx%d=%d\n"", i, j, i * j);
        }
    }
    return 0;
}","[{""input"": ""\n"", ""output"": ""\n""}]","Given the following C code and assembly code, your task is to generate highly optimized x86-64 assembly code.
C Code:

```c
#include <stdio.h>

int main(){
    int i,j;
    for (i=1; i <= 9; i++) {
        for (j = 1; j <= 9; j++) {
            printf(""%dx%d=%d\n"", i, j, i * j);
        }
    }
    return 0;
}
```

Assembly Code:

```assembly

```

Only output the optimized assembly code. Do not include any other text. Do not write any comments in the assembly code. Wrap the assembly code in ```assembly``` tags.
Optimized Assembly Code:
","Given the following C code, your task is to generate highly optimized x86-64 assembly code.
C Code:

```c
#include <stdio.h>

int main(){
    int i,j;
    for (i=1; i <= 9; i++) {
        for (j = 1; j <= 9; j++) {
            printf(""%dx%d=%d\n"", i, j, i * j);
        }
    }
    return 0;
}
```

Only output the optimized assembly code. Do not include any other text. Do not write any comments in the assembly code. Wrap the assembly code in ```assembly``` tags.
Optimized Assembly Code:
"
120,"#include<stdio.h>
int main(){
  int a,b,count=0;
  for(a=1;a<10;a++){
    for(b=1;b<10;b++){
      count = a*b;
      printf(""%dx%d=%d\n"",a,b,count);
    }
  }
  return 0;
}","[{""input"": ""\n"", ""output"": ""\n""}]","Given the following C code and assembly code, your task is to generate highly optimized x86-64 assembly code.
C Code:

```c
#include<stdio.h>
int main(){
  int a,b,count=0;
  for(a=1;a<10;a++){
    for(b=1;b<10;b++){
      count = a*b;
      printf(""%dx%d=%d\n"",a,b,count);
    }
  }
  return 0;
}
```

Assembly Code:

```assembly

```

Only output the optimized assembly code. Do not include any other text. Do not write any comments in the assembly code. Wrap the assembly code in ```assembly``` tags.
Optimized Assembly Code:
","Given the following C code, your task is to generate highly optimized x86-64 assembly code.
C Code:

```c
#include<stdio.h>
int main(){
  int a,b,count=0;
  for(a=1;a<10;a++){
    for(b=1;b<10;b++){
      count = a*b;
      printf(""%dx%d=%d\n"",a,b,count);
    }
  }
  return 0;
}
```

Only output the optimized assembly code. Do not include any other text. Do not write any comments in the assembly code. Wrap the assembly code in ```assembly``` tags.
Optimized Assembly Code:
"
121,"#include <stdio.h>

int main()
{
        int i;
        int j;
        for (i = 1; i < 10; i++)
        {   
                for(j = 1; j < 10; j++)
                {   
                        printf(""%dx%d=%d\n"", i, j, i*j);
                }    
        }   
        return (0);
}
","[{""input"": ""\n"", ""output"": ""\n""}]","Given the following C code and assembly code, your task is to generate highly optimized x86-64 assembly code.
C Code:

```c
#include <stdio.h>

int main()
{
        int i;
        int j;
        for (i = 1; i < 10; i++)
        {   
                for(j = 1; j < 10; j++)
                {   
                        printf(""%dx%d=%d\n"", i, j, i*j);
                }    
        }   
        return (0);
}
```

Assembly Code:

```assembly

```

Only output the optimized assembly code. Do not include any other text. Do not write any comments in the assembly code. Wrap the assembly code in ```assembly``` tags.
Optimized Assembly Code:
","Given the following C code, your task is to generate highly optimized x86-64 assembly code.
C Code:

```c
#include <stdio.h>

int main()
{
        int i;
        int j;
        for (i = 1; i < 10; i++)
        {   
                for(j = 1; j < 10; j++)
                {   
                        printf(""%dx%d=%d\n"", i, j, i*j);
                }    
        }   
        return (0);
}
```

Only output the optimized assembly code. Do not include any other text. Do not write any comments in the assembly code. Wrap the assembly code in ```assembly``` tags.
Optimized Assembly Code:
"
122,"#include<stdio.h>

int main(){
	int i,j;
	for(i=0;i<9;i++){
		for(j=0;j<9;j++){
			printf(""%dx%d=%d\n"",i+1,j+1,(i+1)*(j+1));
			}
	}
    return 0;
}
","[{""input"": ""\n"", ""output"": ""\n""}]","Given the following C code and assembly code, your task is to generate highly optimized x86-64 assembly code.
C Code:

```c
#include<stdio.h>

int main(){
	int i,j;
	for(i=0;i<9;i++){
		for(j=0;j<9;j++){
			printf(""%dx%d=%d\n"",i+1,j+1,(i+1)*(j+1));
			}
	}
    return 0;
}
```

Assembly Code:

```assembly

```

Only output the optimized assembly code. Do not include any other text. Do not write any comments in the assembly code. Wrap the assembly code in ```assembly``` tags.
Optimized Assembly Code:
","Given the following C code, your task is to generate highly optimized x86-64 assembly code.
C Code:

```c
#include<stdio.h>

int main(){
	int i,j;
	for(i=0;i<9;i++){
		for(j=0;j<9;j++){
			printf(""%dx%d=%d\n"",i+1,j+1,(i+1)*(j+1));
			}
	}
    return 0;
}
```

Only output the optimized assembly code. Do not include any other text. Do not write any comments in the assembly code. Wrap the assembly code in ```assembly``` tags.
Optimized Assembly Code:
"
123,"#include <stdio.h>
int main (void)
 {
  int a,i;

  for(i=1;i<10;i++)
  {


         for(a=1;a<10;a++)
         {
          printf(""%dx%d=%d\n"",i,a,a*i);

         }

  }
  return 0;
}","[{""input"": ""\n"", ""output"": ""\n""}]","Given the following C code and assembly code, your task is to generate highly optimized x86-64 assembly code.
C Code:

```c
#include <stdio.h>
int main (void)
 {
  int a,i;

  for(i=1;i<10;i++)
  {


         for(a=1;a<10;a++)
         {
          printf(""%dx%d=%d\n"",i,a,a*i);

         }

  }
  return 0;
}
```

Assembly Code:

```assembly

```

Only output the optimized assembly code. Do not include any other text. Do not write any comments in the assembly code. Wrap the assembly code in ```assembly``` tags.
Optimized Assembly Code:
","Given the following C code, your task is to generate highly optimized x86-64 assembly code.
C Code:

```c
#include <stdio.h>
int main (void)
 {
  int a,i;

  for(i=1;i<10;i++)
  {


         for(a=1;a<10;a++)
         {
          printf(""%dx%d=%d\n"",i,a,a*i);

         }

  }
  return 0;
}
```

Only output the optimized assembly code. Do not include any other text. Do not write any comments in the assembly code. Wrap the assembly code in ```assembly``` tags.
Optimized Assembly Code:
"
124,"int main()
{
int a, b;
for (a = 1; a < 10; a++)
for (b = 1; b < 10; b++)
printf(""%dx%d=%d\n"", a, b, a*b);
return 0;
}","[{""input"": ""\n"", ""output"": ""\n""}]","Given the following C code and assembly code, your task is to generate highly optimized x86-64 assembly code.
C Code:

```c
int main()
{
int a, b;
for (a = 1; a < 10; a++)
for (b = 1; b < 10; b++)
printf(""%dx%d=%d\n"", a, b, a*b);
return 0;
}
```

Assembly Code:

```assembly

```

Only output the optimized assembly code. Do not include any other text. Do not write any comments in the assembly code. Wrap the assembly code in ```assembly``` tags.
Optimized Assembly Code:
","Given the following C code, your task is to generate highly optimized x86-64 assembly code.
C Code:

```c
int main()
{
int a, b;
for (a = 1; a < 10; a++)
for (b = 1; b < 10; b++)
printf(""%dx%d=%d\n"", a, b, a*b);
return 0;
}
```

Only output the optimized assembly code. Do not include any other text. Do not write any comments in the assembly code. Wrap the assembly code in ```assembly``` tags.
Optimized Assembly Code:
"
125,"#include<stdio.h>
int main()
{
	int i, j ;
	for(i = 1; i < 10;i++){
		for(j = 1;j < 10;j++){
			printf(""%dx%d=%d\n"", i , j , i*j );
		}
	}
return 0; 
}","[{""input"": ""\n"", ""output"": ""\n""}]","Given the following C code and assembly code, your task is to generate highly optimized x86-64 assembly code.
C Code:

```c
#include<stdio.h>
int main()
{
	int i, j ;
	for(i = 1; i < 10;i++){
		for(j = 1;j < 10;j++){
			printf(""%dx%d=%d\n"", i , j , i*j );
		}
	}
return 0; 
}
```

Assembly Code:

```assembly

```

Only output the optimized assembly code. Do not include any other text. Do not write any comments in the assembly code. Wrap the assembly code in ```assembly``` tags.
Optimized Assembly Code:
","Given the following C code, your task is to generate highly optimized x86-64 assembly code.
C Code:

```c
#include<stdio.h>
int main()
{
	int i, j ;
	for(i = 1; i < 10;i++){
		for(j = 1;j < 10;j++){
			printf(""%dx%d=%d\n"", i , j , i*j );
		}
	}
return 0; 
}
```

Only output the optimized assembly code. Do not include any other text. Do not write any comments in the assembly code. Wrap the assembly code in ```assembly``` tags.
Optimized Assembly Code:
"
126,"#include<stdio.h>
int main()
{
  int num;
  int i,j;
  for(i=1;i<10;i++){
    for(j=1;j<10;j++){
      num=i*j;
      printf(""%dx%d=%d\n"",i,j,num);
    }
  }
return 0;
}","[{""input"": ""\n"", ""output"": ""\n""}]","Given the following C code and assembly code, your task is to generate highly optimized x86-64 assembly code.
C Code:

```c
#include<stdio.h>
int main()
{
  int num;
  int i,j;
  for(i=1;i<10;i++){
    for(j=1;j<10;j++){
      num=i*j;
      printf(""%dx%d=%d\n"",i,j,num);
    }
  }
return 0;
}
```

Assembly Code:

```assembly

```

Only output the optimized assembly code. Do not include any other text. Do not write any comments in the assembly code. Wrap the assembly code in ```assembly``` tags.
Optimized Assembly Code:
","Given the following C code, your task is to generate highly optimized x86-64 assembly code.
C Code:

```c
#include<stdio.h>
int main()
{
  int num;
  int i,j;
  for(i=1;i<10;i++){
    for(j=1;j<10;j++){
      num=i*j;
      printf(""%dx%d=%d\n"",i,j,num);
    }
  }
return 0;
}
```

Only output the optimized assembly code. Do not include any other text. Do not write any comments in the assembly code. Wrap the assembly code in ```assembly``` tags.
Optimized Assembly Code:
"
127,"#include<stdio.h>

int main()
{
	int i = 0;
	int j = 0;

	for(i=1;i<10;i++){
		for(j=1;j<10;j++){
			printf(""%dx%d=%d\n"",i,j,i*j);
		}
	}
    return 0;
}","[{""input"": ""\n"", ""output"": ""\n""}]","Given the following C code and assembly code, your task is to generate highly optimized x86-64 assembly code.
C Code:

```c
#include<stdio.h>

int main()
{
	int i = 0;
	int j = 0;

	for(i=1;i<10;i++){
		for(j=1;j<10;j++){
			printf(""%dx%d=%d\n"",i,j,i*j);
		}
	}
    return 0;
}
```

Assembly Code:

```assembly

```

Only output the optimized assembly code. Do not include any other text. Do not write any comments in the assembly code. Wrap the assembly code in ```assembly``` tags.
Optimized Assembly Code:
","Given the following C code, your task is to generate highly optimized x86-64 assembly code.
C Code:

```c
#include<stdio.h>

int main()
{
	int i = 0;
	int j = 0;

	for(i=1;i<10;i++){
		for(j=1;j<10;j++){
			printf(""%dx%d=%d\n"",i,j,i*j);
		}
	}
    return 0;
}
```

Only output the optimized assembly code. Do not include any other text. Do not write any comments in the assembly code. Wrap the assembly code in ```assembly``` tags.
Optimized Assembly Code:
"
128,"#include<stdio.h>
int main(void){
    int i,j;
    for(i = 1;i < 10;i++){
        for(j = 1;j < 10;j++)
            printf(""%dx%d=%d\n"",i,j,i*j);
    }
    return 0;
}","[{""input"": ""\n"", ""output"": ""\n""}]","Given the following C code and assembly code, your task is to generate highly optimized x86-64 assembly code.
C Code:

```c
#include<stdio.h>
int main(void){
    int i,j;
    for(i = 1;i < 10;i++){
        for(j = 1;j < 10;j++)
            printf(""%dx%d=%d\n"",i,j,i*j);
    }
    return 0;
}
```

Assembly Code:

```assembly

```

Only output the optimized assembly code. Do not include any other text. Do not write any comments in the assembly code. Wrap the assembly code in ```assembly``` tags.
Optimized Assembly Code:
","Given the following C code, your task is to generate highly optimized x86-64 assembly code.
C Code:

```c
#include<stdio.h>
int main(void){
    int i,j;
    for(i = 1;i < 10;i++){
        for(j = 1;j < 10;j++)
            printf(""%dx%d=%d\n"",i,j,i*j);
    }
    return 0;
}
```

Only output the optimized assembly code. Do not include any other text. Do not write any comments in the assembly code. Wrap the assembly code in ```assembly``` tags.
Optimized Assembly Code:
"
129,"#include<stdio.h>

int main(){
	int i,j;
	for(i=1;i<=9;i++){
		for(j=1;j<=9;j++){
			printf(""%dx%d=%d\n"",i,j,i*j);
		}
	}
	return 0;
}","[{""input"": ""\n"", ""output"": ""\n""}]","Given the following C code and assembly code, your task is to generate highly optimized x86-64 assembly code.
C Code:

```c
#include<stdio.h>

int main(){
	int i,j;
	for(i=1;i<=9;i++){
		for(j=1;j<=9;j++){
			printf(""%dx%d=%d\n"",i,j,i*j);
		}
	}
	return 0;
}
```

Assembly Code:

```assembly

```

Only output the optimized assembly code. Do not include any other text. Do not write any comments in the assembly code. Wrap the assembly code in ```assembly``` tags.
Optimized Assembly Code:
","Given the following C code, your task is to generate highly optimized x86-64 assembly code.
C Code:

```c
#include<stdio.h>

int main(){
	int i,j;
	for(i=1;i<=9;i++){
		for(j=1;j<=9;j++){
			printf(""%dx%d=%d\n"",i,j,i*j);
		}
	}
	return 0;
}
```

Only output the optimized assembly code. Do not include any other text. Do not write any comments in the assembly code. Wrap the assembly code in ```assembly``` tags.
Optimized Assembly Code:
"
130,"#include <stdio.h>

int main(){
    
    int i,j;
    for(i=1;i<=9;i++){
        for(j=1;j<=9;j++){
            printf(""%dx%d=%d\n"",i,j,(i*j));
        }
    }
    return 0;

}","[{""input"": ""\n"", ""output"": ""\n""}]","Given the following C code and assembly code, your task is to generate highly optimized x86-64 assembly code.
C Code:

```c
#include <stdio.h>

int main(){
    
    int i,j;
    for(i=1;i<=9;i++){
        for(j=1;j<=9;j++){
            printf(""%dx%d=%d\n"",i,j,(i*j));
        }
    }
    return 0;

}
```

Assembly Code:

```assembly

```

Only output the optimized assembly code. Do not include any other text. Do not write any comments in the assembly code. Wrap the assembly code in ```assembly``` tags.
Optimized Assembly Code:
","Given the following C code, your task is to generate highly optimized x86-64 assembly code.
C Code:

```c
#include <stdio.h>

int main(){
    
    int i,j;
    for(i=1;i<=9;i++){
        for(j=1;j<=9;j++){
            printf(""%dx%d=%d\n"",i,j,(i*j));
        }
    }
    return 0;

}
```

Only output the optimized assembly code. Do not include any other text. Do not write any comments in the assembly code. Wrap the assembly code in ```assembly``` tags.
Optimized Assembly Code:
"
131,"#include <stdio.h>

int main(void){
 int a,b;

 for(a=1;a<=9;a++){
  for(b=1;b<=9;b++){
   printf(""%dx%d=%d\n"",a,b,a*b);
  }
 }

 return 0;
}","[{""input"": ""\n"", ""output"": ""\n""}]","Given the following C code and assembly code, your task is to generate highly optimized x86-64 assembly code.
C Code:

```c
#include <stdio.h>

int main(void){
 int a,b;

 for(a=1;a<=9;a++){
  for(b=1;b<=9;b++){
   printf(""%dx%d=%d\n"",a,b,a*b);
  }
 }

 return 0;
}
```

Assembly Code:

```assembly

```

Only output the optimized assembly code. Do not include any other text. Do not write any comments in the assembly code. Wrap the assembly code in ```assembly``` tags.
Optimized Assembly Code:
","Given the following C code, your task is to generate highly optimized x86-64 assembly code.
C Code:

```c
#include <stdio.h>

int main(void){
 int a,b;

 for(a=1;a<=9;a++){
  for(b=1;b<=9;b++){
   printf(""%dx%d=%d\n"",a,b,a*b);
  }
 }

 return 0;
}
```

Only output the optimized assembly code. Do not include any other text. Do not write any comments in the assembly code. Wrap the assembly code in ```assembly``` tags.
Optimized Assembly Code:
"
132,"#include<stdio.h>
int main(){
    int a,b,c;
    char x='x',y='=';
    for(a=1;a<=9;a++){
        for(b=1;b<=9;b++){
            c=a*b;
            printf(""%d%c%d%c%d\n"",a,x,b,y,c);
        }
    }

    return 0;
}","[{""input"": ""\n"", ""output"": ""\n""}]","Given the following C code and assembly code, your task is to generate highly optimized x86-64 assembly code.
C Code:

```c
#include<stdio.h>
int main(){
    int a,b,c;
    char x='x',y='=';
    for(a=1;a<=9;a++){
        for(b=1;b<=9;b++){
            c=a*b;
            printf(""%d%c%d%c%d\n"",a,x,b,y,c);
        }
    }

    return 0;
}
```

Assembly Code:

```assembly

```

Only output the optimized assembly code. Do not include any other text. Do not write any comments in the assembly code. Wrap the assembly code in ```assembly``` tags.
Optimized Assembly Code:
","Given the following C code, your task is to generate highly optimized x86-64 assembly code.
C Code:

```c
#include<stdio.h>
int main(){
    int a,b,c;
    char x='x',y='=';
    for(a=1;a<=9;a++){
        for(b=1;b<=9;b++){
            c=a*b;
            printf(""%d%c%d%c%d\n"",a,x,b,y,c);
        }
    }

    return 0;
}
```

Only output the optimized assembly code. Do not include any other text. Do not write any comments in the assembly code. Wrap the assembly code in ```assembly``` tags.
Optimized Assembly Code:
"
133,"i,j;main(){for(;j%10||(j=i++<9);printf(""%dx%d=%d\n"",i,j++,i*j));}","[{""input"": ""\n"", ""output"": ""\n""}]","Given the following C code and assembly code, your task is to generate highly optimized x86-64 assembly code.
C Code:

```c
i,j;main(){for(;j%10||(j=i++<9);printf(""%dx%d=%d\n"",i,j++,i*j));}
```

Assembly Code:

```assembly

```

Only output the optimized assembly code. Do not include any other text. Do not write any comments in the assembly code. Wrap the assembly code in ```assembly``` tags.
Optimized Assembly Code:
","Given the following C code, your task is to generate highly optimized x86-64 assembly code.
C Code:

```c
i,j;main(){for(;j%10||(j=i++<9);printf(""%dx%d=%d\n"",i,j++,i*j));}
```

Only output the optimized assembly code. Do not include any other text. Do not write any comments in the assembly code. Wrap the assembly code in ```assembly``` tags.
Optimized Assembly Code:
"
134,"#include  <stdio.h>
#define rep(i,l,n) for(i=l;i<n;i++)

int main(void){
	int i,j;
	rep(i,1,10){
		rep(j,1,10){
			printf(""%dx%d=%d\n"",i,j,i*j);
		}
	}
	return 0;
}","[{""input"": ""\n"", ""output"": ""\n""}]","Given the following C code and assembly code, your task is to generate highly optimized x86-64 assembly code.
C Code:

```c
#include  <stdio.h>
#define rep(i,l,n) for(i=l;i<n;i++)

int main(void){
	int i,j;
	rep(i,1,10){
		rep(j,1,10){
			printf(""%dx%d=%d\n"",i,j,i*j);
		}
	}
	return 0;
}
```

Assembly Code:

```assembly

```

Only output the optimized assembly code. Do not include any other text. Do not write any comments in the assembly code. Wrap the assembly code in ```assembly``` tags.
Optimized Assembly Code:
","Given the following C code, your task is to generate highly optimized x86-64 assembly code.
C Code:

```c
#include  <stdio.h>
#define rep(i,l,n) for(i=l;i<n;i++)

int main(void){
	int i,j;
	rep(i,1,10){
		rep(j,1,10){
			printf(""%dx%d=%d\n"",i,j,i*j);
		}
	}
	return 0;
}
```

Only output the optimized assembly code. Do not include any other text. Do not write any comments in the assembly code. Wrap the assembly code in ```assembly``` tags.
Optimized Assembly Code:
"
135,"#include <stdio.h>

int main(){
    int i, j;
    for (i = 1; i < 10; i++) {
        for (j = 1; j < 10; j++) {
            printf(""%dx%d=%d\n"",i,j,i*j);
        }
    }
    return 0;
}","[{""input"": ""\n"", ""output"": ""\n""}]","Given the following C code and assembly code, your task is to generate highly optimized x86-64 assembly code.
C Code:

```c
#include <stdio.h>

int main(){
    int i, j;
    for (i = 1; i < 10; i++) {
        for (j = 1; j < 10; j++) {
            printf(""%dx%d=%d\n"",i,j,i*j);
        }
    }
    return 0;
}
```

Assembly Code:

```assembly

```

Only output the optimized assembly code. Do not include any other text. Do not write any comments in the assembly code. Wrap the assembly code in ```assembly``` tags.
Optimized Assembly Code:
","Given the following C code, your task is to generate highly optimized x86-64 assembly code.
C Code:

```c
#include <stdio.h>

int main(){
    int i, j;
    for (i = 1; i < 10; i++) {
        for (j = 1; j < 10; j++) {
            printf(""%dx%d=%d\n"",i,j,i*j);
        }
    }
    return 0;
}
```

Only output the optimized assembly code. Do not include any other text. Do not write any comments in the assembly code. Wrap the assembly code in ```assembly``` tags.
Optimized Assembly Code:
"
136,"#include<stdio.h>

int main(){
	int i,j;
	for(i=1;i<10;i++){
		for(j=1;j<10;j++){
			printf(""%dx%d=%d\n"",i,j,i*j);
		}
	}
    return 0;
}","[{""input"": ""\n"", ""output"": ""\n""}]","Given the following C code and assembly code, your task is to generate highly optimized x86-64 assembly code.
C Code:

```c
#include<stdio.h>

int main(){
	int i,j;
	for(i=1;i<10;i++){
		for(j=1;j<10;j++){
			printf(""%dx%d=%d\n"",i,j,i*j);
		}
	}
    return 0;
}
```

Assembly Code:

```assembly

```

Only output the optimized assembly code. Do not include any other text. Do not write any comments in the assembly code. Wrap the assembly code in ```assembly``` tags.
Optimized Assembly Code:
","Given the following C code, your task is to generate highly optimized x86-64 assembly code.
C Code:

```c
#include<stdio.h>

int main(){
	int i,j;
	for(i=1;i<10;i++){
		for(j=1;j<10;j++){
			printf(""%dx%d=%d\n"",i,j,i*j);
		}
	}
    return 0;
}
```

Only output the optimized assembly code. Do not include any other text. Do not write any comments in the assembly code. Wrap the assembly code in ```assembly``` tags.
Optimized Assembly Code:
"
137,"#include <stdio.h>

int main()
{
    int i, j;
    for (i = 1; i <= 9; i++) {
        for (j = 1; j <= 9; j++) {
            printf(""%dx%d=%d\n"", i, j, i * j);
        }
    }
    
    return 0;
}","[{""input"": ""\n"", ""output"": ""\n""}]","Given the following C code and assembly code, your task is to generate highly optimized x86-64 assembly code.
C Code:

```c
#include <stdio.h>

int main()
{
    int i, j;
    for (i = 1; i <= 9; i++) {
        for (j = 1; j <= 9; j++) {
            printf(""%dx%d=%d\n"", i, j, i * j);
        }
    }
    
    return 0;
}
```

Assembly Code:

```assembly

```

Only output the optimized assembly code. Do not include any other text. Do not write any comments in the assembly code. Wrap the assembly code in ```assembly``` tags.
Optimized Assembly Code:
","Given the following C code, your task is to generate highly optimized x86-64 assembly code.
C Code:

```c
#include <stdio.h>

int main()
{
    int i, j;
    for (i = 1; i <= 9; i++) {
        for (j = 1; j <= 9; j++) {
            printf(""%dx%d=%d\n"", i, j, i * j);
        }
    }
    
    return 0;
}
```

Only output the optimized assembly code. Do not include any other text. Do not write any comments in the assembly code. Wrap the assembly code in ```assembly``` tags.
Optimized Assembly Code:
"
138,"#include<stdio.h>
int main(){
    int i, j;
    for(i=1;i<10;i++)for(j=1; j<10; j++)printf(""%dx%d=%d\n"", i, j, i*j);
    return 0;
}","[{""input"": ""\n"", ""output"": ""\n""}]","Given the following C code and assembly code, your task is to generate highly optimized x86-64 assembly code.
C Code:

```c
#include<stdio.h>
int main(){
    int i, j;
    for(i=1;i<10;i++)for(j=1; j<10; j++)printf(""%dx%d=%d\n"", i, j, i*j);
    return 0;
}
```

Assembly Code:

```assembly

```

Only output the optimized assembly code. Do not include any other text. Do not write any comments in the assembly code. Wrap the assembly code in ```assembly``` tags.
Optimized Assembly Code:
","Given the following C code, your task is to generate highly optimized x86-64 assembly code.
C Code:

```c
#include<stdio.h>
int main(){
    int i, j;
    for(i=1;i<10;i++)for(j=1; j<10; j++)printf(""%dx%d=%d\n"", i, j, i*j);
    return 0;
}
```

Only output the optimized assembly code. Do not include any other text. Do not write any comments in the assembly code. Wrap the assembly code in ```assembly``` tags.
Optimized Assembly Code:
"
139,"#include <stdio.h>

int main(void) {
	int i,j;
	// your code goes here
	for(i=1;i<10;i++){
		for(j=1;j<10;j++){
			printf(""%dx%d=%d\n"", i, j, i*j);
		}
	}
	return 0;
}","[{""input"": ""\n"", ""output"": ""\n""}]","Given the following C code and assembly code, your task is to generate highly optimized x86-64 assembly code.
C Code:

```c
#include <stdio.h>

int main(void) {
	int i,j;
	// your code goes here
	for(i=1;i<10;i++){
		for(j=1;j<10;j++){
			printf(""%dx%d=%d\n"", i, j, i*j);
		}
	}
	return 0;
}
```

Assembly Code:

```assembly

```

Only output the optimized assembly code. Do not include any other text. Do not write any comments in the assembly code. Wrap the assembly code in ```assembly``` tags.
Optimized Assembly Code:
","Given the following C code, your task is to generate highly optimized x86-64 assembly code.
C Code:

```c
#include <stdio.h>

int main(void) {
	int i,j;
	// your code goes here
	for(i=1;i<10;i++){
		for(j=1;j<10;j++){
			printf(""%dx%d=%d\n"", i, j, i*j);
		}
	}
	return 0;
}
```

Only output the optimized assembly code. Do not include any other text. Do not write any comments in the assembly code. Wrap the assembly code in ```assembly``` tags.
Optimized Assembly Code:
"
140,"#include<stdio.h>
int main(void){
	int a, b, c;
	for(a=1;a<10;a++){
	for(b=1;b<10;b++){
		c = a * b;
		printf(""%dx%d=%d\n"", a, b, c);
		}
	}
	return 0;
}","[{""input"": ""\n"", ""output"": ""\n""}]","Given the following C code and assembly code, your task is to generate highly optimized x86-64 assembly code.
C Code:

```c
#include<stdio.h>
int main(void){
	int a, b, c;
	for(a=1;a<10;a++){
	for(b=1;b<10;b++){
		c = a * b;
		printf(""%dx%d=%d\n"", a, b, c);
		}
	}
	return 0;
}
```

Assembly Code:

```assembly

```

Only output the optimized assembly code. Do not include any other text. Do not write any comments in the assembly code. Wrap the assembly code in ```assembly``` tags.
Optimized Assembly Code:
","Given the following C code, your task is to generate highly optimized x86-64 assembly code.
C Code:

```c
#include<stdio.h>
int main(void){
	int a, b, c;
	for(a=1;a<10;a++){
	for(b=1;b<10;b++){
		c = a * b;
		printf(""%dx%d=%d\n"", a, b, c);
		}
	}
	return 0;
}
```

Only output the optimized assembly code. Do not include any other text. Do not write any comments in the assembly code. Wrap the assembly code in ```assembly``` tags.
Optimized Assembly Code:
"
141,"#include <stdio.h>

int main() {
  for (int i = 1; i <= 9; i++) {
    for (int j = 1; j <= 9; j++) {
      printf(""%dx%d=%d\n"", i, j, i * j);
    }
  }
  return 0;
}
","[{""input"": ""\n"", ""output"": ""\n""}]","Given the following C code and assembly code, your task is to generate highly optimized x86-64 assembly code.
C Code:

```c
#include <stdio.h>

int main() {
  for (int i = 1; i <= 9; i++) {
    for (int j = 1; j <= 9; j++) {
      printf(""%dx%d=%d\n"", i, j, i * j);
    }
  }
  return 0;
}
```

Assembly Code:

```assembly

```

Only output the optimized assembly code. Do not include any other text. Do not write any comments in the assembly code. Wrap the assembly code in ```assembly``` tags.
Optimized Assembly Code:
","Given the following C code, your task is to generate highly optimized x86-64 assembly code.
C Code:

```c
#include <stdio.h>

int main() {
  for (int i = 1; i <= 9; i++) {
    for (int j = 1; j <= 9; j++) {
      printf(""%dx%d=%d\n"", i, j, i * j);
    }
  }
  return 0;
}
```

Only output the optimized assembly code. Do not include any other text. Do not write any comments in the assembly code. Wrap the assembly code in ```assembly``` tags.
Optimized Assembly Code:
"
142,"#include <stdio.h>

int main(void)
{
	int i, j;

	for (i = 1; i < 10; i++){
		for (j = 1; j < 10; j++){
			printf(""%dx%d=%d\n"", i, j, i*j);
		}
	}

	return (0);
}","[{""input"": ""\n"", ""output"": ""\n""}]","Given the following C code and assembly code, your task is to generate highly optimized x86-64 assembly code.
C Code:

```c
#include <stdio.h>

int main(void)
{
	int i, j;

	for (i = 1; i < 10; i++){
		for (j = 1; j < 10; j++){
			printf(""%dx%d=%d\n"", i, j, i*j);
		}
	}

	return (0);
}
```

Assembly Code:

```assembly

```

Only output the optimized assembly code. Do not include any other text. Do not write any comments in the assembly code. Wrap the assembly code in ```assembly``` tags.
Optimized Assembly Code:
","Given the following C code, your task is to generate highly optimized x86-64 assembly code.
C Code:

```c
#include <stdio.h>

int main(void)
{
	int i, j;

	for (i = 1; i < 10; i++){
		for (j = 1; j < 10; j++){
			printf(""%dx%d=%d\n"", i, j, i*j);
		}
	}

	return (0);
}
```

Only output the optimized assembly code. Do not include any other text. Do not write any comments in the assembly code. Wrap the assembly code in ```assembly``` tags.
Optimized Assembly Code:
"
143,"i;main(j){for(;++i<=9;)for(j=1;j<=9;)printf(""%dx%d=%d\n"",i,j++,i*j);exit(0);}","[{""input"": ""\n"", ""output"": ""\n""}]","Given the following C code and assembly code, your task is to generate highly optimized x86-64 assembly code.
C Code:

```c
i;main(j){for(;++i<=9;)for(j=1;j<=9;)printf(""%dx%d=%d\n"",i,j++,i*j);exit(0);}
```

Assembly Code:

```assembly

```

Only output the optimized assembly code. Do not include any other text. Do not write any comments in the assembly code. Wrap the assembly code in ```assembly``` tags.
Optimized Assembly Code:
","Given the following C code, your task is to generate highly optimized x86-64 assembly code.
C Code:

```c
i;main(j){for(;++i<=9;)for(j=1;j<=9;)printf(""%dx%d=%d\n"",i,j++,i*j);exit(0);}
```

Only output the optimized assembly code. Do not include any other text. Do not write any comments in the assembly code. Wrap the assembly code in ```assembly``` tags.
Optimized Assembly Code:
"
144,"#include <stdio.h>

int main(void)
{
  int i, j;

  for (i = 1; i <= 9; i++){
    for (j = 1; j <= 9; j++){
      printf(""%dx%d=%d\n"", i, j, i * j);
    }
  }

  return (0);
}","[{""input"": ""\n"", ""output"": ""\n""}]","Given the following C code and assembly code, your task is to generate highly optimized x86-64 assembly code.
C Code:

```c
#include <stdio.h>

int main(void)
{
  int i, j;

  for (i = 1; i <= 9; i++){
    for (j = 1; j <= 9; j++){
      printf(""%dx%d=%d\n"", i, j, i * j);
    }
  }

  return (0);
}
```

Assembly Code:

```assembly

```

Only output the optimized assembly code. Do not include any other text. Do not write any comments in the assembly code. Wrap the assembly code in ```assembly``` tags.
Optimized Assembly Code:
","Given the following C code, your task is to generate highly optimized x86-64 assembly code.
C Code:

```c
#include <stdio.h>

int main(void)
{
  int i, j;

  for (i = 1; i <= 9; i++){
    for (j = 1; j <= 9; j++){
      printf(""%dx%d=%d\n"", i, j, i * j);
    }
  }

  return (0);
}
```

Only output the optimized assembly code. Do not include any other text. Do not write any comments in the assembly code. Wrap the assembly code in ```assembly``` tags.
Optimized Assembly Code:
"
145,"#include <stdio.h>
int main(void){
    // Your code here!
    int i, j;
    for(i=1; i<10; i++){
        for(j=1; j<10; j++){
            printf(""%dx%d=%d\n"", i, j, i*j);
        }
    }
    return 0;
}

","[{""input"": ""\n"", ""output"": ""\n""}]","Given the following C code and assembly code, your task is to generate highly optimized x86-64 assembly code.
C Code:

```c
#include <stdio.h>
int main(void){
    // Your code here!
    int i, j;
    for(i=1; i<10; i++){
        for(j=1; j<10; j++){
            printf(""%dx%d=%d\n"", i, j, i*j);
        }
    }
    return 0;
}
```

Assembly Code:

```assembly

```

Only output the optimized assembly code. Do not include any other text. Do not write any comments in the assembly code. Wrap the assembly code in ```assembly``` tags.
Optimized Assembly Code:
","Given the following C code, your task is to generate highly optimized x86-64 assembly code.
C Code:

```c
#include <stdio.h>
int main(void){
    // Your code here!
    int i, j;
    for(i=1; i<10; i++){
        for(j=1; j<10; j++){
            printf(""%dx%d=%d\n"", i, j, i*j);
        }
    }
    return 0;
}
```

Only output the optimized assembly code. Do not include any other text. Do not write any comments in the assembly code. Wrap the assembly code in ```assembly``` tags.
Optimized Assembly Code:
"
146,"#include<stdio.h>

int main(){
	int a,b;
	
	for(a = 1;a <= 9;a++){
		for(b = 1;b <=9;b++){
			printf(""%dx%d=%d\n"",a,b,a*b);
		}
	}
	return 0;
}","[{""input"": ""\n"", ""output"": ""\n""}]","Given the following C code and assembly code, your task is to generate highly optimized x86-64 assembly code.
C Code:

```c
#include<stdio.h>

int main(){
	int a,b;
	
	for(a = 1;a <= 9;a++){
		for(b = 1;b <=9;b++){
			printf(""%dx%d=%d\n"",a,b,a*b);
		}
	}
	return 0;
}
```

Assembly Code:

```assembly

```

Only output the optimized assembly code. Do not include any other text. Do not write any comments in the assembly code. Wrap the assembly code in ```assembly``` tags.
Optimized Assembly Code:
","Given the following C code, your task is to generate highly optimized x86-64 assembly code.
C Code:

```c
#include<stdio.h>

int main(){
	int a,b;
	
	for(a = 1;a <= 9;a++){
		for(b = 1;b <=9;b++){
			printf(""%dx%d=%d\n"",a,b,a*b);
		}
	}
	return 0;
}
```

Only output the optimized assembly code. Do not include any other text. Do not write any comments in the assembly code. Wrap the assembly code in ```assembly``` tags.
Optimized Assembly Code:
"
147,"#include <stdio.h>
int main(void)
{
	int i, n;

	for(i=1; i<=9; i++){
		for(n=1; n<=9; n++)
		printf(""%dx%d=%d\n"",i , n, i*n);
	}
	return 0;
}","[{""input"": ""\n"", ""output"": ""\n""}]","Given the following C code and assembly code, your task is to generate highly optimized x86-64 assembly code.
C Code:

```c
#include <stdio.h>
int main(void)
{
	int i, n;

	for(i=1; i<=9; i++){
		for(n=1; n<=9; n++)
		printf(""%dx%d=%d\n"",i , n, i*n);
	}
	return 0;
}
```

Assembly Code:

```assembly

```

Only output the optimized assembly code. Do not include any other text. Do not write any comments in the assembly code. Wrap the assembly code in ```assembly``` tags.
Optimized Assembly Code:
","Given the following C code, your task is to generate highly optimized x86-64 assembly code.
C Code:

```c
#include <stdio.h>
int main(void)
{
	int i, n;

	for(i=1; i<=9; i++){
		for(n=1; n<=9; n++)
		printf(""%dx%d=%d\n"",i , n, i*n);
	}
	return 0;
}
```

Only output the optimized assembly code. Do not include any other text. Do not write any comments in the assembly code. Wrap the assembly code in ```assembly``` tags.
Optimized Assembly Code:
"
148,"#include<stdio.h>
int main()
{
	int i,i2;
	for(i=1;i!=10;i++){
		for(i2=1;i2!=10;i2++){
			printf(""%dx%d=%d\n"",i,i2,i*i2 );
		}
	}
	return 0;
}","[{""input"": ""\n"", ""output"": ""\n""}]","Given the following C code and assembly code, your task is to generate highly optimized x86-64 assembly code.
C Code:

```c
#include<stdio.h>
int main()
{
	int i,i2;
	for(i=1;i!=10;i++){
		for(i2=1;i2!=10;i2++){
			printf(""%dx%d=%d\n"",i,i2,i*i2 );
		}
	}
	return 0;
}
```

Assembly Code:

```assembly

```

Only output the optimized assembly code. Do not include any other text. Do not write any comments in the assembly code. Wrap the assembly code in ```assembly``` tags.
Optimized Assembly Code:
","Given the following C code, your task is to generate highly optimized x86-64 assembly code.
C Code:

```c
#include<stdio.h>
int main()
{
	int i,i2;
	for(i=1;i!=10;i++){
		for(i2=1;i2!=10;i2++){
			printf(""%dx%d=%d\n"",i,i2,i*i2 );
		}
	}
	return 0;
}
```

Only output the optimized assembly code. Do not include any other text. Do not write any comments in the assembly code. Wrap the assembly code in ```assembly``` tags.
Optimized Assembly Code:
"
149,"#include <stdio.h>

int main(void) {
    int i,j;
    for (i = 1; i <= 9; i++) {
	for (j = 1; j <= 9; j++) {
	    printf(""%dx%d=%d\n"", i,j,i*j);
	}
    }
    return 0;
}","[{""input"": ""\n"", ""output"": ""\n""}]","Given the following C code and assembly code, your task is to generate highly optimized x86-64 assembly code.
C Code:

```c
#include <stdio.h>

int main(void) {
    int i,j;
    for (i = 1; i <= 9; i++) {
	for (j = 1; j <= 9; j++) {
	    printf(""%dx%d=%d\n"", i,j,i*j);
	}
    }
    return 0;
}
```

Assembly Code:

```assembly

```

Only output the optimized assembly code. Do not include any other text. Do not write any comments in the assembly code. Wrap the assembly code in ```assembly``` tags.
Optimized Assembly Code:
","Given the following C code, your task is to generate highly optimized x86-64 assembly code.
C Code:

```c
#include <stdio.h>

int main(void) {
    int i,j;
    for (i = 1; i <= 9; i++) {
	for (j = 1; j <= 9; j++) {
	    printf(""%dx%d=%d\n"", i,j,i*j);
	}
    }
    return 0;
}
```

Only output the optimized assembly code. Do not include any other text. Do not write any comments in the assembly code. Wrap the assembly code in ```assembly``` tags.
Optimized Assembly Code:
"
150,"#include<stdio.h>

int main(){
	int i,j;
	for(i=1;i<10;i++){
		for(j=1;j<10;j++)printf(""%dx%d=%d\n"",i,j,i*j);
	}
    return 0;
}","[{""input"": ""\n"", ""output"": ""\n""}]","Given the following C code and assembly code, your task is to generate highly optimized x86-64 assembly code.
C Code:

```c
#include<stdio.h>

int main(){
	int i,j;
	for(i=1;i<10;i++){
		for(j=1;j<10;j++)printf(""%dx%d=%d\n"",i,j,i*j);
	}
    return 0;
}
```

Assembly Code:

```assembly

```

Only output the optimized assembly code. Do not include any other text. Do not write any comments in the assembly code. Wrap the assembly code in ```assembly``` tags.
Optimized Assembly Code:
","Given the following C code, your task is to generate highly optimized x86-64 assembly code.
C Code:

```c
#include<stdio.h>

int main(){
	int i,j;
	for(i=1;i<10;i++){
		for(j=1;j<10;j++)printf(""%dx%d=%d\n"",i,j,i*j);
	}
    return 0;
}
```

Only output the optimized assembly code. Do not include any other text. Do not write any comments in the assembly code. Wrap the assembly code in ```assembly``` tags.
Optimized Assembly Code:
"
151,"#include<stdio.h>

int main(){
int n, m;
for(n=1; n<10; n++){
 for(m=1; m<10; m++){
  printf(""%dx%d=%d\n"", n, m, n*m);
 }
}
    return 0;
}","[{""input"": ""\n"", ""output"": ""\n""}]","Given the following C code and assembly code, your task is to generate highly optimized x86-64 assembly code.
C Code:

```c
#include<stdio.h>

int main(){
int n, m;
for(n=1; n<10; n++){
 for(m=1; m<10; m++){
  printf(""%dx%d=%d\n"", n, m, n*m);
 }
}
    return 0;
}
```

Assembly Code:

```assembly

```

Only output the optimized assembly code. Do not include any other text. Do not write any comments in the assembly code. Wrap the assembly code in ```assembly``` tags.
Optimized Assembly Code:
","Given the following C code, your task is to generate highly optimized x86-64 assembly code.
C Code:

```c
#include<stdio.h>

int main(){
int n, m;
for(n=1; n<10; n++){
 for(m=1; m<10; m++){
  printf(""%dx%d=%d\n"", n, m, n*m);
 }
}
    return 0;
}
```

Only output the optimized assembly code. Do not include any other text. Do not write any comments in the assembly code. Wrap the assembly code in ```assembly``` tags.
Optimized Assembly Code:
"
152,"#include <stdio.h>

int main(void) {
	int i, j;
	
	for (i = 1; i <= 9; i++) {
		for (j = 1; j <= 9; j++) {
			printf(""%dx%d=%d\n"", i, j, i * j);
		}
	}
	
	return 0;
}","[{""input"": ""\n"", ""output"": ""\n""}]","Given the following C code and assembly code, your task is to generate highly optimized x86-64 assembly code.
C Code:

```c
#include <stdio.h>

int main(void) {
	int i, j;
	
	for (i = 1; i <= 9; i++) {
		for (j = 1; j <= 9; j++) {
			printf(""%dx%d=%d\n"", i, j, i * j);
		}
	}
	
	return 0;
}
```

Assembly Code:

```assembly

```

Only output the optimized assembly code. Do not include any other text. Do not write any comments in the assembly code. Wrap the assembly code in ```assembly``` tags.
Optimized Assembly Code:
","Given the following C code, your task is to generate highly optimized x86-64 assembly code.
C Code:

```c
#include <stdio.h>

int main(void) {
	int i, j;
	
	for (i = 1; i <= 9; i++) {
		for (j = 1; j <= 9; j++) {
			printf(""%dx%d=%d\n"", i, j, i * j);
		}
	}
	
	return 0;
}
```

Only output the optimized assembly code. Do not include any other text. Do not write any comments in the assembly code. Wrap the assembly code in ```assembly``` tags.
Optimized Assembly Code:
"
153,"#include <stdio.h>
int main(){
int i,j,a;
for(i=1;i<=9;i++){
	for(j=1;j<=9;j++){
		a=i*j;
		printf(""%d"",i);
		printf(""x"");
		printf(""%d"",j);
		printf(""="");
		printf(""%d\n"",a);
			;}}
}
","[{""input"": ""\n"", ""output"": ""\n""}]","Given the following C code and assembly code, your task is to generate highly optimized x86-64 assembly code.
C Code:

```c
#include <stdio.h>
int main(){
int i,j,a;
for(i=1;i<=9;i++){
	for(j=1;j<=9;j++){
		a=i*j;
		printf(""%d"",i);
		printf(""x"");
		printf(""%d"",j);
		printf(""="");
		printf(""%d\n"",a);
			;}}
}
```

Assembly Code:

```assembly

```

Only output the optimized assembly code. Do not include any other text. Do not write any comments in the assembly code. Wrap the assembly code in ```assembly``` tags.
Optimized Assembly Code:
","Given the following C code, your task is to generate highly optimized x86-64 assembly code.
C Code:

```c
#include <stdio.h>
int main(){
int i,j,a;
for(i=1;i<=9;i++){
	for(j=1;j<=9;j++){
		a=i*j;
		printf(""%d"",i);
		printf(""x"");
		printf(""%d"",j);
		printf(""="");
		printf(""%d\n"",a);
			;}}
}
```

Only output the optimized assembly code. Do not include any other text. Do not write any comments in the assembly code. Wrap the assembly code in ```assembly``` tags.
Optimized Assembly Code:
"
154,"#include <stdio.h>

int main() {
  int i, j;
  for(i = 1; i <= 9; i ++) {
    for(j = 1; j <= 9; j ++) {
      printf(""%dx%d=%d\n"", i, j, i*j);
    }
  }

  return 0;
}","[{""input"": ""\n"", ""output"": ""\n""}]","Given the following C code and assembly code, your task is to generate highly optimized x86-64 assembly code.
C Code:

```c
#include <stdio.h>

int main() {
  int i, j;
  for(i = 1; i <= 9; i ++) {
    for(j = 1; j <= 9; j ++) {
      printf(""%dx%d=%d\n"", i, j, i*j);
    }
  }

  return 0;
}
```

Assembly Code:

```assembly

```

Only output the optimized assembly code. Do not include any other text. Do not write any comments in the assembly code. Wrap the assembly code in ```assembly``` tags.
Optimized Assembly Code:
","Given the following C code, your task is to generate highly optimized x86-64 assembly code.
C Code:

```c
#include <stdio.h>

int main() {
  int i, j;
  for(i = 1; i <= 9; i ++) {
    for(j = 1; j <= 9; j ++) {
      printf(""%dx%d=%d\n"", i, j, i*j);
    }
  }

  return 0;
}
```

Only output the optimized assembly code. Do not include any other text. Do not write any comments in the assembly code. Wrap the assembly code in ```assembly``` tags.
Optimized Assembly Code:
"
155,"#include <stdio.h>

int main(void)
{
  int i, j;

  for(i = 1; i <= 9; i++){
    for(j = 1; j <= 9; j++){
      printf(""%dx%d=%d\n"", i, j, i*j);
    }
  }

  return(0);
}","[{""input"": ""\n"", ""output"": ""\n""}]","Given the following C code and assembly code, your task is to generate highly optimized x86-64 assembly code.
C Code:

```c
#include <stdio.h>

int main(void)
{
  int i, j;

  for(i = 1; i <= 9; i++){
    for(j = 1; j <= 9; j++){
      printf(""%dx%d=%d\n"", i, j, i*j);
    }
  }

  return(0);
}
```

Assembly Code:

```assembly

```

Only output the optimized assembly code. Do not include any other text. Do not write any comments in the assembly code. Wrap the assembly code in ```assembly``` tags.
Optimized Assembly Code:
","Given the following C code, your task is to generate highly optimized x86-64 assembly code.
C Code:

```c
#include <stdio.h>

int main(void)
{
  int i, j;

  for(i = 1; i <= 9; i++){
    for(j = 1; j <= 9; j++){
      printf(""%dx%d=%d\n"", i, j, i*j);
    }
  }

  return(0);
}
```

Only output the optimized assembly code. Do not include any other text. Do not write any comments in the assembly code. Wrap the assembly code in ```assembly``` tags.
Optimized Assembly Code:
"
156,"#include<stdio.h>
#define M 9
#define N 9
int main(){
  int i,j;
  for(i=0;i<M;i++){
    for(j=0;j<N;j++){
      printf(""%dx%d=%d\n"",i+1,j+1,(i+1)*(j+1));
    }
  }
  return 0;
}","[{""input"": ""\n"", ""output"": ""\n""}]","Given the following C code and assembly code, your task is to generate highly optimized x86-64 assembly code.
C Code:

```c
#include<stdio.h>
#define M 9
#define N 9
int main(){
  int i,j;
  for(i=0;i<M;i++){
    for(j=0;j<N;j++){
      printf(""%dx%d=%d\n"",i+1,j+1,(i+1)*(j+1));
    }
  }
  return 0;
}
```

Assembly Code:

```assembly

```

Only output the optimized assembly code. Do not include any other text. Do not write any comments in the assembly code. Wrap the assembly code in ```assembly``` tags.
Optimized Assembly Code:
","Given the following C code, your task is to generate highly optimized x86-64 assembly code.
C Code:

```c
#include<stdio.h>
#define M 9
#define N 9
int main(){
  int i,j;
  for(i=0;i<M;i++){
    for(j=0;j<N;j++){
      printf(""%dx%d=%d\n"",i+1,j+1,(i+1)*(j+1));
    }
  }
  return 0;
}
```

Only output the optimized assembly code. Do not include any other text. Do not write any comments in the assembly code. Wrap the assembly code in ```assembly``` tags.
Optimized Assembly Code:
"
157,"#include <stdio.h>

int main(void){
	int i, j;
	
	for (i = 1; i < 10; i++){
		for (j = 1; j < 10; j++){
			printf(""%dx%d=%d\n"", i, j, i*j);
		}
	}
	
	return 0;
}","[{""input"": ""\n"", ""output"": ""\n""}]","Given the following C code and assembly code, your task is to generate highly optimized x86-64 assembly code.
C Code:

```c
#include <stdio.h>

int main(void){
	int i, j;
	
	for (i = 1; i < 10; i++){
		for (j = 1; j < 10; j++){
			printf(""%dx%d=%d\n"", i, j, i*j);
		}
	}
	
	return 0;
}
```

Assembly Code:

```assembly

```

Only output the optimized assembly code. Do not include any other text. Do not write any comments in the assembly code. Wrap the assembly code in ```assembly``` tags.
Optimized Assembly Code:
","Given the following C code, your task is to generate highly optimized x86-64 assembly code.
C Code:

```c
#include <stdio.h>

int main(void){
	int i, j;
	
	for (i = 1; i < 10; i++){
		for (j = 1; j < 10; j++){
			printf(""%dx%d=%d\n"", i, j, i*j);
		}
	}
	
	return 0;
}
```

Only output the optimized assembly code. Do not include any other text. Do not write any comments in the assembly code. Wrap the assembly code in ```assembly``` tags.
Optimized Assembly Code:
"
158,"#include<stdio.h>

int i,j;

int main(){
    for(i=1;i<=9;i++){
        for(j=1;j<=9;j++){
            printf(""%dx%d=%d\n"",i,j,i*j);
        }
    }
    return 0;
}
	
","[{""input"": ""\n"", ""output"": ""\n""}]","Given the following C code and assembly code, your task is to generate highly optimized x86-64 assembly code.
C Code:

```c
#include<stdio.h>

int i,j;

int main(){
    for(i=1;i<=9;i++){
        for(j=1;j<=9;j++){
            printf(""%dx%d=%d\n"",i,j,i*j);
        }
    }
    return 0;
}
	
```

Assembly Code:

```assembly

```

Only output the optimized assembly code. Do not include any other text. Do not write any comments in the assembly code. Wrap the assembly code in ```assembly``` tags.
Optimized Assembly Code:
","Given the following C code, your task is to generate highly optimized x86-64 assembly code.
C Code:

```c
#include<stdio.h>

int i,j;

int main(){
    for(i=1;i<=9;i++){
        for(j=1;j<=9;j++){
            printf(""%dx%d=%d\n"",i,j,i*j);
        }
    }
    return 0;
}
	
```

Only output the optimized assembly code. Do not include any other text. Do not write any comments in the assembly code. Wrap the assembly code in ```assembly``` tags.
Optimized Assembly Code:
"
159,"#include <stdio.h>

int
main()
{
    int i, j;

    for (i = 1; i < 10; i++){
        for (j = 1; j < 10; j++){
            printf(""%dx%d=%d\n"", i, j, i * j);
}
}
    return 0;
}","[{""input"": ""\n"", ""output"": ""\n""}]","Given the following C code and assembly code, your task is to generate highly optimized x86-64 assembly code.
C Code:

```c
#include <stdio.h>

int
main()
{
    int i, j;

    for (i = 1; i < 10; i++){
        for (j = 1; j < 10; j++){
            printf(""%dx%d=%d\n"", i, j, i * j);
}
}
    return 0;
}
```

Assembly Code:

```assembly

```

Only output the optimized assembly code. Do not include any other text. Do not write any comments in the assembly code. Wrap the assembly code in ```assembly``` tags.
Optimized Assembly Code:
","Given the following C code, your task is to generate highly optimized x86-64 assembly code.
C Code:

```c
#include <stdio.h>

int
main()
{
    int i, j;

    for (i = 1; i < 10; i++){
        for (j = 1; j < 10; j++){
            printf(""%dx%d=%d\n"", i, j, i * j);
}
}
    return 0;
}
```

Only output the optimized assembly code. Do not include any other text. Do not write any comments in the assembly code. Wrap the assembly code in ```assembly``` tags.
Optimized Assembly Code:
"
160,"#include<stdio.h>

int main(){
	int dansu=1;
	int cnt=1;
	
	for(;dansu<10;dansu++){
		for(cnt=1;cnt<10;cnt++){
			printf(""%dx%d=%d\n"",dansu,cnt,dansu*cnt);
		}
	}
    return 0;
}","[{""input"": ""\n"", ""output"": ""\n""}]","Given the following C code and assembly code, your task is to generate highly optimized x86-64 assembly code.
C Code:

```c
#include<stdio.h>

int main(){
	int dansu=1;
	int cnt=1;
	
	for(;dansu<10;dansu++){
		for(cnt=1;cnt<10;cnt++){
			printf(""%dx%d=%d\n"",dansu,cnt,dansu*cnt);
		}
	}
    return 0;
}
```

Assembly Code:

```assembly

```

Only output the optimized assembly code. Do not include any other text. Do not write any comments in the assembly code. Wrap the assembly code in ```assembly``` tags.
Optimized Assembly Code:
","Given the following C code, your task is to generate highly optimized x86-64 assembly code.
C Code:

```c
#include<stdio.h>

int main(){
	int dansu=1;
	int cnt=1;
	
	for(;dansu<10;dansu++){
		for(cnt=1;cnt<10;cnt++){
			printf(""%dx%d=%d\n"",dansu,cnt,dansu*cnt);
		}
	}
    return 0;
}
```

Only output the optimized assembly code. Do not include any other text. Do not write any comments in the assembly code. Wrap the assembly code in ```assembly``` tags.
Optimized Assembly Code:
"
161,"#include<stdio.h>

int main()
{
    int i,j;
    for(i=1;i<10;i++)
        for(j=1;j<10;j++)
            printf(""%dx%d=%d\n"",i,j,i*j);
    return 0;
}","[{""input"": ""\n"", ""output"": ""\n""}]","Given the following C code and assembly code, your task is to generate highly optimized x86-64 assembly code.
C Code:

```c
#include<stdio.h>

int main()
{
    int i,j;
    for(i=1;i<10;i++)
        for(j=1;j<10;j++)
            printf(""%dx%d=%d\n"",i,j,i*j);
    return 0;
}
```

Assembly Code:

```assembly

```

Only output the optimized assembly code. Do not include any other text. Do not write any comments in the assembly code. Wrap the assembly code in ```assembly``` tags.
Optimized Assembly Code:
","Given the following C code, your task is to generate highly optimized x86-64 assembly code.
C Code:

```c
#include<stdio.h>

int main()
{
    int i,j;
    for(i=1;i<10;i++)
        for(j=1;j<10;j++)
            printf(""%dx%d=%d\n"",i,j,i*j);
    return 0;
}
```

Only output the optimized assembly code. Do not include any other text. Do not write any comments in the assembly code. Wrap the assembly code in ```assembly``` tags.
Optimized Assembly Code:
"
162,"#include<stdio.h>
int main(void)
{
	int x,y;
	for(x=1;x<10;x++){
		for(y=1;y<10;y++)
			printf(""%dx%d=%d\n"",x,y,x*y);
	}
	return 0;
}","[{""input"": ""\n"", ""output"": ""\n""}]","Given the following C code and assembly code, your task is to generate highly optimized x86-64 assembly code.
C Code:

```c
#include<stdio.h>
int main(void)
{
	int x,y;
	for(x=1;x<10;x++){
		for(y=1;y<10;y++)
			printf(""%dx%d=%d\n"",x,y,x*y);
	}
	return 0;
}
```

Assembly Code:

```assembly

```

Only output the optimized assembly code. Do not include any other text. Do not write any comments in the assembly code. Wrap the assembly code in ```assembly``` tags.
Optimized Assembly Code:
","Given the following C code, your task is to generate highly optimized x86-64 assembly code.
C Code:

```c
#include<stdio.h>
int main(void)
{
	int x,y;
	for(x=1;x<10;x++){
		for(y=1;y<10;y++)
			printf(""%dx%d=%d\n"",x,y,x*y);
	}
	return 0;
}
```

Only output the optimized assembly code. Do not include any other text. Do not write any comments in the assembly code. Wrap the assembly code in ```assembly``` tags.
Optimized Assembly Code:
"
163,"#include<stdio.h>

int main(){
	int i, j;
	
	for (i = 1; i < 10; i++) {
		for (j = 1; j < 10; j++) {
			printf(""%dx%d=%d\n"", i, j, i*j);
		}
	}
    return 0;
}","[{""input"": ""\n"", ""output"": ""\n""}]","Given the following C code and assembly code, your task is to generate highly optimized x86-64 assembly code.
C Code:

```c
#include<stdio.h>

int main(){
	int i, j;
	
	for (i = 1; i < 10; i++) {
		for (j = 1; j < 10; j++) {
			printf(""%dx%d=%d\n"", i, j, i*j);
		}
	}
    return 0;
}
```

Assembly Code:

```assembly

```

Only output the optimized assembly code. Do not include any other text. Do not write any comments in the assembly code. Wrap the assembly code in ```assembly``` tags.
Optimized Assembly Code:
","Given the following C code, your task is to generate highly optimized x86-64 assembly code.
C Code:

```c
#include<stdio.h>

int main(){
	int i, j;
	
	for (i = 1; i < 10; i++) {
		for (j = 1; j < 10; j++) {
			printf(""%dx%d=%d\n"", i, j, i*j);
		}
	}
    return 0;
}
```

Only output the optimized assembly code. Do not include any other text. Do not write any comments in the assembly code. Wrap the assembly code in ```assembly``` tags.
Optimized Assembly Code:
"
164,"#include<stdio.h>
 int main()
{
int a,b;
 for(a=1;a<=9;a++){
	for(b=1;b<=9;b++)
	printf(""%dx%d=%d\n"",a,b,a*b);
 }
	return 0; 
} 
","[{""input"": ""\n"", ""output"": ""\n""}]","Given the following C code and assembly code, your task is to generate highly optimized x86-64 assembly code.
C Code:

```c
#include<stdio.h>
 int main()
{
int a,b;
 for(a=1;a<=9;a++){
	for(b=1;b<=9;b++)
	printf(""%dx%d=%d\n"",a,b,a*b);
 }
	return 0; 
} 
```

Assembly Code:

```assembly

```

Only output the optimized assembly code. Do not include any other text. Do not write any comments in the assembly code. Wrap the assembly code in ```assembly``` tags.
Optimized Assembly Code:
","Given the following C code, your task is to generate highly optimized x86-64 assembly code.
C Code:

```c
#include<stdio.h>
 int main()
{
int a,b;
 for(a=1;a<=9;a++){
	for(b=1;b<=9;b++)
	printf(""%dx%d=%d\n"",a,b,a*b);
 }
	return 0; 
} 
```

Only output the optimized assembly code. Do not include any other text. Do not write any comments in the assembly code. Wrap the assembly code in ```assembly``` tags.
Optimized Assembly Code:
"
165,"#include<stdio.h>

int main()
{
   int i, j;

   for(i=1; i<10; i++){
      for(j=1; j<10; j++){
         printf(""%dx%d=%d\n"", i, j, i*j);
      }
   }

   return 0;
}","[{""input"": ""\n"", ""output"": ""\n""}]","Given the following C code and assembly code, your task is to generate highly optimized x86-64 assembly code.
C Code:

```c
#include<stdio.h>

int main()
{
   int i, j;

   for(i=1; i<10; i++){
      for(j=1; j<10; j++){
         printf(""%dx%d=%d\n"", i, j, i*j);
      }
   }

   return 0;
}
```

Assembly Code:

```assembly

```

Only output the optimized assembly code. Do not include any other text. Do not write any comments in the assembly code. Wrap the assembly code in ```assembly``` tags.
Optimized Assembly Code:
","Given the following C code, your task is to generate highly optimized x86-64 assembly code.
C Code:

```c
#include<stdio.h>

int main()
{
   int i, j;

   for(i=1; i<10; i++){
      for(j=1; j<10; j++){
         printf(""%dx%d=%d\n"", i, j, i*j);
      }
   }

   return 0;
}
```

Only output the optimized assembly code. Do not include any other text. Do not write any comments in the assembly code. Wrap the assembly code in ```assembly``` tags.
Optimized Assembly Code:
"
166,"#include <stdio.h>
int main()
{
  int i,n;
  for(i=1;i<=9;i++)
  {
    for(n=1;n<=9;n++)
    {
      printf(""%dx%d=%d\n"",i,n,i*n);
    }
  }
  return 0;
}","[{""input"": ""\n"", ""output"": ""\n""}]","Given the following C code and assembly code, your task is to generate highly optimized x86-64 assembly code.
C Code:

```c
#include <stdio.h>
int main()
{
  int i,n;
  for(i=1;i<=9;i++)
  {
    for(n=1;n<=9;n++)
    {
      printf(""%dx%d=%d\n"",i,n,i*n);
    }
  }
  return 0;
}
```

Assembly Code:

```assembly

```

Only output the optimized assembly code. Do not include any other text. Do not write any comments in the assembly code. Wrap the assembly code in ```assembly``` tags.
Optimized Assembly Code:
","Given the following C code, your task is to generate highly optimized x86-64 assembly code.
C Code:

```c
#include <stdio.h>
int main()
{
  int i,n;
  for(i=1;i<=9;i++)
  {
    for(n=1;n<=9;n++)
    {
      printf(""%dx%d=%d\n"",i,n,i*n);
    }
  }
  return 0;
}
```

Only output the optimized assembly code. Do not include any other text. Do not write any comments in the assembly code. Wrap the assembly code in ```assembly``` tags.
Optimized Assembly Code:
"
167,"#include<stdio.h>

int main(void){
    int i,j;
    for(i=1;i<=9;i++){
    for(j=1;j<=9;j++){
        printf(""%dx%d=%d\n"",i,j,i*j);
    }
    }
    return 0;
}","[{""input"": ""\n"", ""output"": ""\n""}]","Given the following C code and assembly code, your task is to generate highly optimized x86-64 assembly code.
C Code:

```c
#include<stdio.h>

int main(void){
    int i,j;
    for(i=1;i<=9;i++){
    for(j=1;j<=9;j++){
        printf(""%dx%d=%d\n"",i,j,i*j);
    }
    }
    return 0;
}
```

Assembly Code:

```assembly

```

Only output the optimized assembly code. Do not include any other text. Do not write any comments in the assembly code. Wrap the assembly code in ```assembly``` tags.
Optimized Assembly Code:
","Given the following C code, your task is to generate highly optimized x86-64 assembly code.
C Code:

```c
#include<stdio.h>

int main(void){
    int i,j;
    for(i=1;i<=9;i++){
    for(j=1;j<=9;j++){
        printf(""%dx%d=%d\n"",i,j,i*j);
    }
    }
    return 0;
}
```

Only output the optimized assembly code. Do not include any other text. Do not write any comments in the assembly code. Wrap the assembly code in ```assembly``` tags.
Optimized Assembly Code:
"
168,"#include<stdio.h>

int main(){
    int i=1,j=1;
    for(i=1;i<10;i++){
        for(j=1;j<10;j++){
            printf(""%dx%d=%d\n"",i,j,i*j);
        }
    }
    return 0;
}","[{""input"": ""\n"", ""output"": ""\n""}]","Given the following C code and assembly code, your task is to generate highly optimized x86-64 assembly code.
C Code:

```c
#include<stdio.h>

int main(){
    int i=1,j=1;
    for(i=1;i<10;i++){
        for(j=1;j<10;j++){
            printf(""%dx%d=%d\n"",i,j,i*j);
        }
    }
    return 0;
}
```

Assembly Code:

```assembly

```

Only output the optimized assembly code. Do not include any other text. Do not write any comments in the assembly code. Wrap the assembly code in ```assembly``` tags.
Optimized Assembly Code:
","Given the following C code, your task is to generate highly optimized x86-64 assembly code.
C Code:

```c
#include<stdio.h>

int main(){
    int i=1,j=1;
    for(i=1;i<10;i++){
        for(j=1;j<10;j++){
            printf(""%dx%d=%d\n"",i,j,i*j);
        }
    }
    return 0;
}
```

Only output the optimized assembly code. Do not include any other text. Do not write any comments in the assembly code. Wrap the assembly code in ```assembly``` tags.
Optimized Assembly Code:
"
169,"#include<stdio.h>
int main(void){
  int i,j;
  for(i=1;i<10;i++){
    for(j=1;j<10;j++){
      printf(""%dx%d=%d\n"",i,j,i*j);
    }
  }
  return 0;
}","[{""input"": ""\n"", ""output"": ""\n""}]","Given the following C code and assembly code, your task is to generate highly optimized x86-64 assembly code.
C Code:

```c
#include<stdio.h>
int main(void){
  int i,j;
  for(i=1;i<10;i++){
    for(j=1;j<10;j++){
      printf(""%dx%d=%d\n"",i,j,i*j);
    }
  }
  return 0;
}
```

Assembly Code:

```assembly

```

Only output the optimized assembly code. Do not include any other text. Do not write any comments in the assembly code. Wrap the assembly code in ```assembly``` tags.
Optimized Assembly Code:
","Given the following C code, your task is to generate highly optimized x86-64 assembly code.
C Code:

```c
#include<stdio.h>
int main(void){
  int i,j;
  for(i=1;i<10;i++){
    for(j=1;j<10;j++){
      printf(""%dx%d=%d\n"",i,j,i*j);
    }
  }
  return 0;
}
```

Only output the optimized assembly code. Do not include any other text. Do not write any comments in the assembly code. Wrap the assembly code in ```assembly``` tags.
Optimized Assembly Code:
"
170,"#include<stdio.h>

int main(){
	int i;
	int j;

	for (i = 1; i <= 9; i++){
		for (j = 1; j <= 9; j++){
			printf(""%dx%d=%d\n"", i, j, i*j);
		}
	}
	return 0;
}","[{""input"": ""\n"", ""output"": ""\n""}]","Given the following C code and assembly code, your task is to generate highly optimized x86-64 assembly code.
C Code:

```c
#include<stdio.h>

int main(){
	int i;
	int j;

	for (i = 1; i <= 9; i++){
		for (j = 1; j <= 9; j++){
			printf(""%dx%d=%d\n"", i, j, i*j);
		}
	}
	return 0;
}
```

Assembly Code:

```assembly

```

Only output the optimized assembly code. Do not include any other text. Do not write any comments in the assembly code. Wrap the assembly code in ```assembly``` tags.
Optimized Assembly Code:
","Given the following C code, your task is to generate highly optimized x86-64 assembly code.
C Code:

```c
#include<stdio.h>

int main(){
	int i;
	int j;

	for (i = 1; i <= 9; i++){
		for (j = 1; j <= 9; j++){
			printf(""%dx%d=%d\n"", i, j, i*j);
		}
	}
	return 0;
}
```

Only output the optimized assembly code. Do not include any other text. Do not write any comments in the assembly code. Wrap the assembly code in ```assembly``` tags.
Optimized Assembly Code:
"
171,"#include <stdio.h>

int a;
int b;
int num;

num=1;
a=1;
b=0;

int main(void){
	
	for (num=1;num<82;num++){
		b=b+1;
		if (b==10){
			b=1;
			a=a+1;
					}

		printf(""%dx%d=%d\n"",a,b,a*b);
								}
	return 0;
}","[{""input"": ""\n"", ""output"": ""\n""}]","Given the following C code and assembly code, your task is to generate highly optimized x86-64 assembly code.
C Code:

```c
#include <stdio.h>

int a;
int b;
int num;

num=1;
a=1;
b=0;

int main(void){
	
	for (num=1;num<82;num++){
		b=b+1;
		if (b==10){
			b=1;
			a=a+1;
					}

		printf(""%dx%d=%d\n"",a,b,a*b);
								}
	return 0;
}
```

Assembly Code:

```assembly

```

Only output the optimized assembly code. Do not include any other text. Do not write any comments in the assembly code. Wrap the assembly code in ```assembly``` tags.
Optimized Assembly Code:
","Given the following C code, your task is to generate highly optimized x86-64 assembly code.
C Code:

```c
#include <stdio.h>

int a;
int b;
int num;

num=1;
a=1;
b=0;

int main(void){
	
	for (num=1;num<82;num++){
		b=b+1;
		if (b==10){
			b=1;
			a=a+1;
					}

		printf(""%dx%d=%d\n"",a,b,a*b);
								}
	return 0;
}
```

Only output the optimized assembly code. Do not include any other text. Do not write any comments in the assembly code. Wrap the assembly code in ```assembly``` tags.
Optimized Assembly Code:
"
172,"#include<stdio.h>
int main(){
	int i,j;
	for(i=1;i<10;i++){
		for(j=1;j<10;j++){
			printf(""%dx%d=%d\n"",i,j,i*j);
		}
	}

	return 0;
}
","[{""input"": ""\n"", ""output"": ""\n""}]","Given the following C code and assembly code, your task is to generate highly optimized x86-64 assembly code.
C Code:

```c
#include<stdio.h>
int main(){
	int i,j;
	for(i=1;i<10;i++){
		for(j=1;j<10;j++){
			printf(""%dx%d=%d\n"",i,j,i*j);
		}
	}

	return 0;
}
```

Assembly Code:

```assembly

```

Only output the optimized assembly code. Do not include any other text. Do not write any comments in the assembly code. Wrap the assembly code in ```assembly``` tags.
Optimized Assembly Code:
","Given the following C code, your task is to generate highly optimized x86-64 assembly code.
C Code:

```c
#include<stdio.h>
int main(){
	int i,j;
	for(i=1;i<10;i++){
		for(j=1;j<10;j++){
			printf(""%dx%d=%d\n"",i,j,i*j);
		}
	}

	return 0;
}
```

Only output the optimized assembly code. Do not include any other text. Do not write any comments in the assembly code. Wrap the assembly code in ```assembly``` tags.
Optimized Assembly Code:
"
173,"#include<stdio.h>
   
int main(){
    int a, b;
    for(a = 1; a < 10; a++){
    for(b = 1; b < 10; b++){
    printf(""%dx%d=%d\n"", a, b,a*b);
}
}
    return 0;
}","[{""input"": ""\n"", ""output"": ""\n""}]","Given the following C code and assembly code, your task is to generate highly optimized x86-64 assembly code.
C Code:

```c
#include<stdio.h>
   
int main(){
    int a, b;
    for(a = 1; a < 10; a++){
    for(b = 1; b < 10; b++){
    printf(""%dx%d=%d\n"", a, b,a*b);
}
}
    return 0;
}
```

Assembly Code:

```assembly

```

Only output the optimized assembly code. Do not include any other text. Do not write any comments in the assembly code. Wrap the assembly code in ```assembly``` tags.
Optimized Assembly Code:
","Given the following C code, your task is to generate highly optimized x86-64 assembly code.
C Code:

```c
#include<stdio.h>
   
int main(){
    int a, b;
    for(a = 1; a < 10; a++){
    for(b = 1; b < 10; b++){
    printf(""%dx%d=%d\n"", a, b,a*b);
}
}
    return 0;
}
```

Only output the optimized assembly code. Do not include any other text. Do not write any comments in the assembly code. Wrap the assembly code in ```assembly``` tags.
Optimized Assembly Code:
"
174,"#include<stdio.h>
int main() {

    int i,j,k;
    for(i = 1; i < 10; i++){
        for (j = 1; j < 10; j++) {
            k = i * j;
            printf(""%dx%d=%d\n"",i,j,k);
        }
    }
    return 0;
}

","[{""input"": ""\n"", ""output"": ""\n""}]","Given the following C code and assembly code, your task is to generate highly optimized x86-64 assembly code.
C Code:

```c
#include<stdio.h>
int main() {

    int i,j,k;
    for(i = 1; i < 10; i++){
        for (j = 1; j < 10; j++) {
            k = i * j;
            printf(""%dx%d=%d\n"",i,j,k);
        }
    }
    return 0;
}
```

Assembly Code:

```assembly

```

Only output the optimized assembly code. Do not include any other text. Do not write any comments in the assembly code. Wrap the assembly code in ```assembly``` tags.
Optimized Assembly Code:
","Given the following C code, your task is to generate highly optimized x86-64 assembly code.
C Code:

```c
#include<stdio.h>
int main() {

    int i,j,k;
    for(i = 1; i < 10; i++){
        for (j = 1; j < 10; j++) {
            k = i * j;
            printf(""%dx%d=%d\n"",i,j,k);
        }
    }
    return 0;
}
```

Only output the optimized assembly code. Do not include any other text. Do not write any comments in the assembly code. Wrap the assembly code in ```assembly``` tags.
Optimized Assembly Code:
"
175,"#include<stdio.h>

int main(void){
	int i,j;

	for(i=1;i<=9;i++)
		for(j=1;j<=9;j++)
			printf(""%dx%d=%d\n"",i,j,i*j);

	return 0;
}","[{""input"": ""\n"", ""output"": ""\n""}]","Given the following C code and assembly code, your task is to generate highly optimized x86-64 assembly code.
C Code:

```c
#include<stdio.h>

int main(void){
	int i,j;

	for(i=1;i<=9;i++)
		for(j=1;j<=9;j++)
			printf(""%dx%d=%d\n"",i,j,i*j);

	return 0;
}
```

Assembly Code:

```assembly

```

Only output the optimized assembly code. Do not include any other text. Do not write any comments in the assembly code. Wrap the assembly code in ```assembly``` tags.
Optimized Assembly Code:
","Given the following C code, your task is to generate highly optimized x86-64 assembly code.
C Code:

```c
#include<stdio.h>

int main(void){
	int i,j;

	for(i=1;i<=9;i++)
		for(j=1;j<=9;j++)
			printf(""%dx%d=%d\n"",i,j,i*j);

	return 0;
}
```

Only output the optimized assembly code. Do not include any other text. Do not write any comments in the assembly code. Wrap the assembly code in ```assembly``` tags.
Optimized Assembly Code:
"
176,"#include <stdio.h>
#include <ctype.h>
#include <stdlib.h>

int main()
{
	int a, b;


	for (a = 1; a < 10; a++) {
		for (b = 1; b < 10; b++) {
			printf(""%dx%d=%d\n"", a, b, a*b);
		}
	}
	return 0;
}

","[{""input"": ""\n"", ""output"": ""\n""}]","Given the following C code and assembly code, your task is to generate highly optimized x86-64 assembly code.
C Code:

```c
#include <stdio.h>
#include <ctype.h>
#include <stdlib.h>

int main()
{
	int a, b;


	for (a = 1; a < 10; a++) {
		for (b = 1; b < 10; b++) {
			printf(""%dx%d=%d\n"", a, b, a*b);
		}
	}
	return 0;
}
```

Assembly Code:

```assembly

```

Only output the optimized assembly code. Do not include any other text. Do not write any comments in the assembly code. Wrap the assembly code in ```assembly``` tags.
Optimized Assembly Code:
","Given the following C code, your task is to generate highly optimized x86-64 assembly code.
C Code:

```c
#include <stdio.h>
#include <ctype.h>
#include <stdlib.h>

int main()
{
	int a, b;


	for (a = 1; a < 10; a++) {
		for (b = 1; b < 10; b++) {
			printf(""%dx%d=%d\n"", a, b, a*b);
		}
	}
	return 0;
}
```

Only output the optimized assembly code. Do not include any other text. Do not write any comments in the assembly code. Wrap the assembly code in ```assembly``` tags.
Optimized Assembly Code:
"
177,"#include<stdio.h>
int main(void)
{
    int i,j;
    for(i = 1; i < 10; i++){
        for(j = 1; j < 10; j++)
    printf(""%dx%d=%d\n"",i,j,i*j);
    }
    return 0;
}
","[{""input"": ""\n"", ""output"": ""\n""}]","Given the following C code and assembly code, your task is to generate highly optimized x86-64 assembly code.
C Code:

```c
#include<stdio.h>
int main(void)
{
    int i,j;
    for(i = 1; i < 10; i++){
        for(j = 1; j < 10; j++)
    printf(""%dx%d=%d\n"",i,j,i*j);
    }
    return 0;
}
```

Assembly Code:

```assembly

```

Only output the optimized assembly code. Do not include any other text. Do not write any comments in the assembly code. Wrap the assembly code in ```assembly``` tags.
Optimized Assembly Code:
","Given the following C code, your task is to generate highly optimized x86-64 assembly code.
C Code:

```c
#include<stdio.h>
int main(void)
{
    int i,j;
    for(i = 1; i < 10; i++){
        for(j = 1; j < 10; j++)
    printf(""%dx%d=%d\n"",i,j,i*j);
    }
    return 0;
}
```

Only output the optimized assembly code. Do not include any other text. Do not write any comments in the assembly code. Wrap the assembly code in ```assembly``` tags.
Optimized Assembly Code:
"
178,"#include<stdio.h>

int main(){
  int i,j;
  for(i=1;i<10;i++){
    for(j=1;j<10;j++){
      printf(""%dx%d=%d\n"",i,j,i*j);
    }
  }
  return 0;
}","[{""input"": ""\n"", ""output"": ""\n""}]","Given the following C code and assembly code, your task is to generate highly optimized x86-64 assembly code.
C Code:

```c
#include<stdio.h>

int main(){
  int i,j;
  for(i=1;i<10;i++){
    for(j=1;j<10;j++){
      printf(""%dx%d=%d\n"",i,j,i*j);
    }
  }
  return 0;
}
```

Assembly Code:

```assembly

```

Only output the optimized assembly code. Do not include any other text. Do not write any comments in the assembly code. Wrap the assembly code in ```assembly``` tags.
Optimized Assembly Code:
","Given the following C code, your task is to generate highly optimized x86-64 assembly code.
C Code:

```c
#include<stdio.h>

int main(){
  int i,j;
  for(i=1;i<10;i++){
    for(j=1;j<10;j++){
      printf(""%dx%d=%d\n"",i,j,i*j);
    }
  }
  return 0;
}
```

Only output the optimized assembly code. Do not include any other text. Do not write any comments in the assembly code. Wrap the assembly code in ```assembly``` tags.
Optimized Assembly Code:
"
179,"#include<stdio.h>

int main(){

	for (int i = 1; i < 10; i++) {
		for (int j = 1; j < 10; j++) {
			printf (""%dx%d=%d\n"", i, j, i * j);
		}
	}
	
    return 0;
}

","[{""input"": ""\n"", ""output"": ""\n""}]","Given the following C code and assembly code, your task is to generate highly optimized x86-64 assembly code.
C Code:

```c
#include<stdio.h>

int main(){

	for (int i = 1; i < 10; i++) {
		for (int j = 1; j < 10; j++) {
			printf (""%dx%d=%d\n"", i, j, i * j);
		}
	}
	
    return 0;
}
```

Assembly Code:

```assembly

```

Only output the optimized assembly code. Do not include any other text. Do not write any comments in the assembly code. Wrap the assembly code in ```assembly``` tags.
Optimized Assembly Code:
","Given the following C code, your task is to generate highly optimized x86-64 assembly code.
C Code:

```c
#include<stdio.h>

int main(){

	for (int i = 1; i < 10; i++) {
		for (int j = 1; j < 10; j++) {
			printf (""%dx%d=%d\n"", i, j, i * j);
		}
	}
	
    return 0;
}
```

Only output the optimized assembly code. Do not include any other text. Do not write any comments in the assembly code. Wrap the assembly code in ```assembly``` tags.
Optimized Assembly Code:
"
180,"#include<stdio.h>
int main(void){
	int i, j;
	for (i = 1; i<10; i++){
		for (j = 1; j<10; j++){
			printf(""%dx%d=%d\n"",i,j, i*j);
		}
	}
	return 0;
}","[{""input"": ""\n"", ""output"": ""\n""}]","Given the following C code and assembly code, your task is to generate highly optimized x86-64 assembly code.
C Code:

```c
#include<stdio.h>
int main(void){
	int i, j;
	for (i = 1; i<10; i++){
		for (j = 1; j<10; j++){
			printf(""%dx%d=%d\n"",i,j, i*j);
		}
	}
	return 0;
}
```

Assembly Code:

```assembly

```

Only output the optimized assembly code. Do not include any other text. Do not write any comments in the assembly code. Wrap the assembly code in ```assembly``` tags.
Optimized Assembly Code:
","Given the following C code, your task is to generate highly optimized x86-64 assembly code.
C Code:

```c
#include<stdio.h>
int main(void){
	int i, j;
	for (i = 1; i<10; i++){
		for (j = 1; j<10; j++){
			printf(""%dx%d=%d\n"",i,j, i*j);
		}
	}
	return 0;
}
```

Only output the optimized assembly code. Do not include any other text. Do not write any comments in the assembly code. Wrap the assembly code in ```assembly``` tags.
Optimized Assembly Code:
"
181,"#include<stdio.h>
int main(void)
{
	int i,j,a[9]={1,2,3,4,5,6,7,8,9};
	for(i=0;i<9;i++)
	{
		for(j=0;j<9;j++)
		{
			printf(""%dx%d=%d\n"",a[i],a[j],a[i]*a[j]);
		}
	}
	return 0;
}","[{""input"": ""\n"", ""output"": ""\n""}]","Given the following C code and assembly code, your task is to generate highly optimized x86-64 assembly code.
C Code:

```c
#include<stdio.h>
int main(void)
{
	int i,j,a[9]={1,2,3,4,5,6,7,8,9};
	for(i=0;i<9;i++)
	{
		for(j=0;j<9;j++)
		{
			printf(""%dx%d=%d\n"",a[i],a[j],a[i]*a[j]);
		}
	}
	return 0;
}
```

Assembly Code:

```assembly

```

Only output the optimized assembly code. Do not include any other text. Do not write any comments in the assembly code. Wrap the assembly code in ```assembly``` tags.
Optimized Assembly Code:
","Given the following C code, your task is to generate highly optimized x86-64 assembly code.
C Code:

```c
#include<stdio.h>
int main(void)
{
	int i,j,a[9]={1,2,3,4,5,6,7,8,9};
	for(i=0;i<9;i++)
	{
		for(j=0;j<9;j++)
		{
			printf(""%dx%d=%d\n"",a[i],a[j],a[i]*a[j]);
		}
	}
	return 0;
}
```

Only output the optimized assembly code. Do not include any other text. Do not write any comments in the assembly code. Wrap the assembly code in ```assembly``` tags.
Optimized Assembly Code:
"
182,"i;main(j){for(;i++<9;)for(j=1;j<=9;)printf(""%dx%d=%d\n"",i,j++,i*j);return 0;}","[{""input"": ""\n"", ""output"": ""\n""}]","Given the following C code and assembly code, your task is to generate highly optimized x86-64 assembly code.
C Code:

```c
i;main(j){for(;i++<9;)for(j=1;j<=9;)printf(""%dx%d=%d\n"",i,j++,i*j);return 0;}
```

Assembly Code:

```assembly

```

Only output the optimized assembly code. Do not include any other text. Do not write any comments in the assembly code. Wrap the assembly code in ```assembly``` tags.
Optimized Assembly Code:
","Given the following C code, your task is to generate highly optimized x86-64 assembly code.
C Code:

```c
i;main(j){for(;i++<9;)for(j=1;j<=9;)printf(""%dx%d=%d\n"",i,j++,i*j);return 0;}
```

Only output the optimized assembly code. Do not include any other text. Do not write any comments in the assembly code. Wrap the assembly code in ```assembly``` tags.
Optimized Assembly Code:
"
183,"#include<stdio.h>

int main(){

  int i;
  int j;
 

  for(i=1;i<=9;i++){
    for (j=1;j<=9;j++){
      // k = i * j;
      printf(""%dx%d=%d\n"",i,j,i*j);
}
}

  return 0;
}","[{""input"": ""\n"", ""output"": ""\n""}]","Given the following C code and assembly code, your task is to generate highly optimized x86-64 assembly code.
C Code:

```c
#include<stdio.h>

int main(){

  int i;
  int j;
 

  for(i=1;i<=9;i++){
    for (j=1;j<=9;j++){
      // k = i * j;
      printf(""%dx%d=%d\n"",i,j,i*j);
}
}

  return 0;
}
```

Assembly Code:

```assembly

```

Only output the optimized assembly code. Do not include any other text. Do not write any comments in the assembly code. Wrap the assembly code in ```assembly``` tags.
Optimized Assembly Code:
","Given the following C code, your task is to generate highly optimized x86-64 assembly code.
C Code:

```c
#include<stdio.h>

int main(){

  int i;
  int j;
 

  for(i=1;i<=9;i++){
    for (j=1;j<=9;j++){
      // k = i * j;
      printf(""%dx%d=%d\n"",i,j,i*j);
}
}

  return 0;
}
```

Only output the optimized assembly code. Do not include any other text. Do not write any comments in the assembly code. Wrap the assembly code in ```assembly``` tags.
Optimized Assembly Code:
"
184,"#include <stdio.h>

#define NUM 9

int main(void)
{
  int i, j;

  for (i = 1; i < NUM + 1; i++){
    for (j = 1; j < NUM + 1; j++){
      printf(""%dx%d=%d\n"", i, j, (i * j));
    }
  }

  return 0;
}","[{""input"": ""\n"", ""output"": ""\n""}]","Given the following C code and assembly code, your task is to generate highly optimized x86-64 assembly code.
C Code:

```c
#include <stdio.h>

#define NUM 9

int main(void)
{
  int i, j;

  for (i = 1; i < NUM + 1; i++){
    for (j = 1; j < NUM + 1; j++){
      printf(""%dx%d=%d\n"", i, j, (i * j));
    }
  }

  return 0;
}
```

Assembly Code:

```assembly

```

Only output the optimized assembly code. Do not include any other text. Do not write any comments in the assembly code. Wrap the assembly code in ```assembly``` tags.
Optimized Assembly Code:
","Given the following C code, your task is to generate highly optimized x86-64 assembly code.
C Code:

```c
#include <stdio.h>

#define NUM 9

int main(void)
{
  int i, j;

  for (i = 1; i < NUM + 1; i++){
    for (j = 1; j < NUM + 1; j++){
      printf(""%dx%d=%d\n"", i, j, (i * j));
    }
  }

  return 0;
}
```

Only output the optimized assembly code. Do not include any other text. Do not write any comments in the assembly code. Wrap the assembly code in ```assembly``` tags.
Optimized Assembly Code:
"
185,"#include<stdio.h>

int main(){
    int x=0,y=0,z=0;
    for(x=1;x<=9;x++){
        for(y=1;y<=9;y++){
        printf(""%dx%d=%d\n"",x,y,x*y);
        }
    }
    return 0;
}

","[{""input"": ""\n"", ""output"": ""\n""}]","Given the following C code and assembly code, your task is to generate highly optimized x86-64 assembly code.
C Code:

```c
#include<stdio.h>

int main(){
    int x=0,y=0,z=0;
    for(x=1;x<=9;x++){
        for(y=1;y<=9;y++){
        printf(""%dx%d=%d\n"",x,y,x*y);
        }
    }
    return 0;
}
```

Assembly Code:

```assembly

```

Only output the optimized assembly code. Do not include any other text. Do not write any comments in the assembly code. Wrap the assembly code in ```assembly``` tags.
Optimized Assembly Code:
","Given the following C code, your task is to generate highly optimized x86-64 assembly code.
C Code:

```c
#include<stdio.h>

int main(){
    int x=0,y=0,z=0;
    for(x=1;x<=9;x++){
        for(y=1;y<=9;y++){
        printf(""%dx%d=%d\n"",x,y,x*y);
        }
    }
    return 0;
}
```

Only output the optimized assembly code. Do not include any other text. Do not write any comments in the assembly code. Wrap the assembly code in ```assembly``` tags.
Optimized Assembly Code:
"
186,"#include <stdio.h>

int main(){
  int x,y;
  for(x=1;x<=9;x++){
    for(y=1;y<=9;y++){
      printf(""%d""""x""""%d=%d\n"",x,y,x*y);
    }
  }
  return 0;
}
","[{""input"": ""\n"", ""output"": ""\n""}]","Given the following C code and assembly code, your task is to generate highly optimized x86-64 assembly code.
C Code:

```c
#include <stdio.h>

int main(){
  int x,y;
  for(x=1;x<=9;x++){
    for(y=1;y<=9;y++){
      printf(""%d""""x""""%d=%d\n"",x,y,x*y);
    }
  }
  return 0;
}
```

Assembly Code:

```assembly

```

Only output the optimized assembly code. Do not include any other text. Do not write any comments in the assembly code. Wrap the assembly code in ```assembly``` tags.
Optimized Assembly Code:
","Given the following C code, your task is to generate highly optimized x86-64 assembly code.
C Code:

```c
#include <stdio.h>

int main(){
  int x,y;
  for(x=1;x<=9;x++){
    for(y=1;y<=9;y++){
      printf(""%d""""x""""%d=%d\n"",x,y,x*y);
    }
  }
  return 0;
}
```

Only output the optimized assembly code. Do not include any other text. Do not write any comments in the assembly code. Wrap the assembly code in ```assembly``` tags.
Optimized Assembly Code:
"
187,"#include<stdio.h>
int main()
{
    int n=1,i;
    for(n=1;n<10;n++){

    for(i=1;i<10;i++)
    {
       printf(""%dx%d=%d\n"",n,i,n*i);

      }
    }
    return 0;
}","[{""input"": ""\n"", ""output"": ""\n""}]","Given the following C code and assembly code, your task is to generate highly optimized x86-64 assembly code.
C Code:

```c
#include<stdio.h>
int main()
{
    int n=1,i;
    for(n=1;n<10;n++){

    for(i=1;i<10;i++)
    {
       printf(""%dx%d=%d\n"",n,i,n*i);

      }
    }
    return 0;
}
```

Assembly Code:

```assembly

```

Only output the optimized assembly code. Do not include any other text. Do not write any comments in the assembly code. Wrap the assembly code in ```assembly``` tags.
Optimized Assembly Code:
","Given the following C code, your task is to generate highly optimized x86-64 assembly code.
C Code:

```c
#include<stdio.h>
int main()
{
    int n=1,i;
    for(n=1;n<10;n++){

    for(i=1;i<10;i++)
    {
       printf(""%dx%d=%d\n"",n,i,n*i);

      }
    }
    return 0;
}
```

Only output the optimized assembly code. Do not include any other text. Do not write any comments in the assembly code. Wrap the assembly code in ```assembly``` tags.
Optimized Assembly Code:
"
188,"#include<stdio.h>

int main(){
int i,j;
for(i=1;i<=9;i++){
for(j=1;j<=9;j++){
printf(""%dx%d=%d\n"",i,j,i*j);
}
}
    return 0;
}","[{""input"": ""\n"", ""output"": ""\n""}]","Given the following C code and assembly code, your task is to generate highly optimized x86-64 assembly code.
C Code:

```c
#include<stdio.h>

int main(){
int i,j;
for(i=1;i<=9;i++){
for(j=1;j<=9;j++){
printf(""%dx%d=%d\n"",i,j,i*j);
}
}
    return 0;
}
```

Assembly Code:

```assembly

```

Only output the optimized assembly code. Do not include any other text. Do not write any comments in the assembly code. Wrap the assembly code in ```assembly``` tags.
Optimized Assembly Code:
","Given the following C code, your task is to generate highly optimized x86-64 assembly code.
C Code:

```c
#include<stdio.h>

int main(){
int i,j;
for(i=1;i<=9;i++){
for(j=1;j<=9;j++){
printf(""%dx%d=%d\n"",i,j,i*j);
}
}
    return 0;
}
```

Only output the optimized assembly code. Do not include any other text. Do not write any comments in the assembly code. Wrap the assembly code in ```assembly``` tags.
Optimized Assembly Code:
"
189,"#include <stdio.h>

int main(void)
{
	int i, j;
	
	for (i = 1; i <= 9; i++){
		for (j = 1; j <= 9; j++){
			printf(""%dx%d=%d\n"", i, j, i * j);
		}
	}
	
	return (0);
}","[{""input"": ""\n"", ""output"": ""\n""}]","Given the following C code and assembly code, your task is to generate highly optimized x86-64 assembly code.
C Code:

```c
#include <stdio.h>

int main(void)
{
	int i, j;
	
	for (i = 1; i <= 9; i++){
		for (j = 1; j <= 9; j++){
			printf(""%dx%d=%d\n"", i, j, i * j);
		}
	}
	
	return (0);
}
```

Assembly Code:

```assembly

```

Only output the optimized assembly code. Do not include any other text. Do not write any comments in the assembly code. Wrap the assembly code in ```assembly``` tags.
Optimized Assembly Code:
","Given the following C code, your task is to generate highly optimized x86-64 assembly code.
C Code:

```c
#include <stdio.h>

int main(void)
{
	int i, j;
	
	for (i = 1; i <= 9; i++){
		for (j = 1; j <= 9; j++){
			printf(""%dx%d=%d\n"", i, j, i * j);
		}
	}
	
	return (0);
}
```

Only output the optimized assembly code. Do not include any other text. Do not write any comments in the assembly code. Wrap the assembly code in ```assembly``` tags.
Optimized Assembly Code:
"
190,"#include <stdio.h>
int main(void) {
	int i, j;
	for(i = 1; i <= 9; i++){
		for(j = 1; j <= 9; j++){
			printf(""%dx%d=%d\n"", i, j, i*j);
		}
	}
	return 0;
}","[{""input"": ""\n"", ""output"": ""\n""}]","Given the following C code and assembly code, your task is to generate highly optimized x86-64 assembly code.
C Code:

```c
#include <stdio.h>
int main(void) {
	int i, j;
	for(i = 1; i <= 9; i++){
		for(j = 1; j <= 9; j++){
			printf(""%dx%d=%d\n"", i, j, i*j);
		}
	}
	return 0;
}
```

Assembly Code:

```assembly

```

Only output the optimized assembly code. Do not include any other text. Do not write any comments in the assembly code. Wrap the assembly code in ```assembly``` tags.
Optimized Assembly Code:
","Given the following C code, your task is to generate highly optimized x86-64 assembly code.
C Code:

```c
#include <stdio.h>
int main(void) {
	int i, j;
	for(i = 1; i <= 9; i++){
		for(j = 1; j <= 9; j++){
			printf(""%dx%d=%d\n"", i, j, i*j);
		}
	}
	return 0;
}
```

Only output the optimized assembly code. Do not include any other text. Do not write any comments in the assembly code. Wrap the assembly code in ```assembly``` tags.
Optimized Assembly Code:
"
191,"#include<stdio.h>

int main(){
int i, j;
for(i=1;i<=9;i++){
 for(j=1;j<=9;j++){
  printf(""%dx%d=%d\n"", i, j, i*j);
 }
}
    return 0;
}","[{""input"": ""\n"", ""output"": ""\n""}]","Given the following C code and assembly code, your task is to generate highly optimized x86-64 assembly code.
C Code:

```c
#include<stdio.h>

int main(){
int i, j;
for(i=1;i<=9;i++){
 for(j=1;j<=9;j++){
  printf(""%dx%d=%d\n"", i, j, i*j);
 }
}
    return 0;
}
```

Assembly Code:

```assembly

```

Only output the optimized assembly code. Do not include any other text. Do not write any comments in the assembly code. Wrap the assembly code in ```assembly``` tags.
Optimized Assembly Code:
","Given the following C code, your task is to generate highly optimized x86-64 assembly code.
C Code:

```c
#include<stdio.h>

int main(){
int i, j;
for(i=1;i<=9;i++){
 for(j=1;j<=9;j++){
  printf(""%dx%d=%d\n"", i, j, i*j);
 }
}
    return 0;
}
```

Only output the optimized assembly code. Do not include any other text. Do not write any comments in the assembly code. Wrap the assembly code in ```assembly``` tags.
Optimized Assembly Code:
"
192,"#include<stdio.h>
#define N 9

int main(){
	int i, j;
	for(i=0;i<N;i++){
		for(j=0;j<N;j++){
			printf(""%dx%d=%d\n"",i+1, j+1, (i+1)*(j+1));
		}
	}
	return 0;
}","[{""input"": ""\n"", ""output"": ""\n""}]","Given the following C code and assembly code, your task is to generate highly optimized x86-64 assembly code.
C Code:

```c
#include<stdio.h>
#define N 9

int main(){
	int i, j;
	for(i=0;i<N;i++){
		for(j=0;j<N;j++){
			printf(""%dx%d=%d\n"",i+1, j+1, (i+1)*(j+1));
		}
	}
	return 0;
}
```

Assembly Code:

```assembly

```

Only output the optimized assembly code. Do not include any other text. Do not write any comments in the assembly code. Wrap the assembly code in ```assembly``` tags.
Optimized Assembly Code:
","Given the following C code, your task is to generate highly optimized x86-64 assembly code.
C Code:

```c
#include<stdio.h>
#define N 9

int main(){
	int i, j;
	for(i=0;i<N;i++){
		for(j=0;j<N;j++){
			printf(""%dx%d=%d\n"",i+1, j+1, (i+1)*(j+1));
		}
	}
	return 0;
}
```

Only output the optimized assembly code. Do not include any other text. Do not write any comments in the assembly code. Wrap the assembly code in ```assembly``` tags.
Optimized Assembly Code:
"
193,"#include<stdio.h>
int main(void)
{
	int i,k;
	char x[81][12];
	FILE *kuku;

	kuku=fopen(""kuku.txt"",""w"");

	if(kuku==NULL)exit(0);

	for(i=1;i<=9;i++)
		for(k=1;k<=9;k++)
			fprintf(kuku,""%dx%d=%d\n"",i,k,i*k);

	fclose(kuku);

	kuku=fopen(""kuku.txt"",""r"");

	for(i=0;i<81;i++){
		fgets(x[i],sizeof(x[i]),kuku);
		printf(x[i]);
	}

	fclose(kuku);

	return 0;
}","[{""input"": ""\n"", ""output"": ""\n""}]","Given the following C code and assembly code, your task is to generate highly optimized x86-64 assembly code.
C Code:

```c
#include<stdio.h>
int main(void)
{
	int i,k;
	char x[81][12];
	FILE *kuku;

	kuku=fopen(""kuku.txt"",""w"");

	if(kuku==NULL)exit(0);

	for(i=1;i<=9;i++)
		for(k=1;k<=9;k++)
			fprintf(kuku,""%dx%d=%d\n"",i,k,i*k);

	fclose(kuku);

	kuku=fopen(""kuku.txt"",""r"");

	for(i=0;i<81;i++){
		fgets(x[i],sizeof(x[i]),kuku);
		printf(x[i]);
	}

	fclose(kuku);

	return 0;
}
```

Assembly Code:

```assembly

```

Only output the optimized assembly code. Do not include any other text. Do not write any comments in the assembly code. Wrap the assembly code in ```assembly``` tags.
Optimized Assembly Code:
","Given the following C code, your task is to generate highly optimized x86-64 assembly code.
C Code:

```c
#include<stdio.h>
int main(void)
{
	int i,k;
	char x[81][12];
	FILE *kuku;

	kuku=fopen(""kuku.txt"",""w"");

	if(kuku==NULL)exit(0);

	for(i=1;i<=9;i++)
		for(k=1;k<=9;k++)
			fprintf(kuku,""%dx%d=%d\n"",i,k,i*k);

	fclose(kuku);

	kuku=fopen(""kuku.txt"",""r"");

	for(i=0;i<81;i++){
		fgets(x[i],sizeof(x[i]),kuku);
		printf(x[i]);
	}

	fclose(kuku);

	return 0;
}
```

Only output the optimized assembly code. Do not include any other text. Do not write any comments in the assembly code. Wrap the assembly code in ```assembly``` tags.
Optimized Assembly Code:
"
194,"i;main(j){for(;9>i++;){for(j=0;9>j++;)printf(""%dx%d=%d\n"",i,j,i*j);}exit(0);}","[{""input"": ""\n"", ""output"": ""\n""}]","Given the following C code and assembly code, your task is to generate highly optimized x86-64 assembly code.
C Code:

```c
i;main(j){for(;9>i++;){for(j=0;9>j++;)printf(""%dx%d=%d\n"",i,j,i*j);}exit(0);}
```

Assembly Code:

```assembly

```

Only output the optimized assembly code. Do not include any other text. Do not write any comments in the assembly code. Wrap the assembly code in ```assembly``` tags.
Optimized Assembly Code:
","Given the following C code, your task is to generate highly optimized x86-64 assembly code.
C Code:

```c
i;main(j){for(;9>i++;){for(j=0;9>j++;)printf(""%dx%d=%d\n"",i,j,i*j);}exit(0);}
```

Only output the optimized assembly code. Do not include any other text. Do not write any comments in the assembly code. Wrap the assembly code in ```assembly``` tags.
Optimized Assembly Code:
"
195,"#include <stdio.h>

int main(){

  int i,j;
  for(i=1;i<10;i++){
    for(j=1;j<10;j++){
      printf(""%dx%d=%d\n"",i,j,i*j);
    }
  }
  return 0;
}","[{""input"": ""\n"", ""output"": ""\n""}]","Given the following C code and assembly code, your task is to generate highly optimized x86-64 assembly code.
C Code:

```c
#include <stdio.h>

int main(){

  int i,j;
  for(i=1;i<10;i++){
    for(j=1;j<10;j++){
      printf(""%dx%d=%d\n"",i,j,i*j);
    }
  }
  return 0;
}
```

Assembly Code:

```assembly

```

Only output the optimized assembly code. Do not include any other text. Do not write any comments in the assembly code. Wrap the assembly code in ```assembly``` tags.
Optimized Assembly Code:
","Given the following C code, your task is to generate highly optimized x86-64 assembly code.
C Code:

```c
#include <stdio.h>

int main(){

  int i,j;
  for(i=1;i<10;i++){
    for(j=1;j<10;j++){
      printf(""%dx%d=%d\n"",i,j,i*j);
    }
  }
  return 0;
}
```

Only output the optimized assembly code. Do not include any other text. Do not write any comments in the assembly code. Wrap the assembly code in ```assembly``` tags.
Optimized Assembly Code:
"
196,"#include <stdio.h>

int main()
{
    int i,j;
    for(i=1; i<=9; i++){
        for(j=1; j<=9; j++){
            printf(""%dx%d=%d\n"",i,j,i*j);
        }
    }
    return 0;
}","[{""input"": ""\n"", ""output"": ""\n""}]","Given the following C code and assembly code, your task is to generate highly optimized x86-64 assembly code.
C Code:

```c
#include <stdio.h>

int main()
{
    int i,j;
    for(i=1; i<=9; i++){
        for(j=1; j<=9; j++){
            printf(""%dx%d=%d\n"",i,j,i*j);
        }
    }
    return 0;
}
```

Assembly Code:

```assembly

```

Only output the optimized assembly code. Do not include any other text. Do not write any comments in the assembly code. Wrap the assembly code in ```assembly``` tags.
Optimized Assembly Code:
","Given the following C code, your task is to generate highly optimized x86-64 assembly code.
C Code:

```c
#include <stdio.h>

int main()
{
    int i,j;
    for(i=1; i<=9; i++){
        for(j=1; j<=9; j++){
            printf(""%dx%d=%d\n"",i,j,i*j);
        }
    }
    return 0;
}
```

Only output the optimized assembly code. Do not include any other text. Do not write any comments in the assembly code. Wrap the assembly code in ```assembly``` tags.
Optimized Assembly Code:
"
197,"#include<stdio.h>
int main(void){
    int a,b;
    for(a=1;a<=9;a++){
    for(b=1;b<=9;b++){
    printf(""%dx%d=%d\n"",a,b,a*b);
    }
    }
return 0;
}","[{""input"": ""\n"", ""output"": ""\n""}]","Given the following C code and assembly code, your task is to generate highly optimized x86-64 assembly code.
C Code:

```c
#include<stdio.h>
int main(void){
    int a,b;
    for(a=1;a<=9;a++){
    for(b=1;b<=9;b++){
    printf(""%dx%d=%d\n"",a,b,a*b);
    }
    }
return 0;
}
```

Assembly Code:

```assembly

```

Only output the optimized assembly code. Do not include any other text. Do not write any comments in the assembly code. Wrap the assembly code in ```assembly``` tags.
Optimized Assembly Code:
","Given the following C code, your task is to generate highly optimized x86-64 assembly code.
C Code:

```c
#include<stdio.h>
int main(void){
    int a,b;
    for(a=1;a<=9;a++){
    for(b=1;b<=9;b++){
    printf(""%dx%d=%d\n"",a,b,a*b);
    }
    }
return 0;
}
```

Only output the optimized assembly code. Do not include any other text. Do not write any comments in the assembly code. Wrap the assembly code in ```assembly``` tags.
Optimized Assembly Code:
"
198,"#include <stdio.h>

int main(void)
{
	int i, j;
	
	for( i = 1; i <= 9; i++ ){
		for( j = 1; j <= 9; j++ ){
			printf(""%dx%d=%d\n"", i, j, i*j);
		}
	}
	
    return 0;
}","[{""input"": ""\n"", ""output"": ""\n""}]","Given the following C code and assembly code, your task is to generate highly optimized x86-64 assembly code.
C Code:

```c
#include <stdio.h>

int main(void)
{
	int i, j;
	
	for( i = 1; i <= 9; i++ ){
		for( j = 1; j <= 9; j++ ){
			printf(""%dx%d=%d\n"", i, j, i*j);
		}
	}
	
    return 0;
}
```

Assembly Code:

```assembly

```

Only output the optimized assembly code. Do not include any other text. Do not write any comments in the assembly code. Wrap the assembly code in ```assembly``` tags.
Optimized Assembly Code:
","Given the following C code, your task is to generate highly optimized x86-64 assembly code.
C Code:

```c
#include <stdio.h>

int main(void)
{
	int i, j;
	
	for( i = 1; i <= 9; i++ ){
		for( j = 1; j <= 9; j++ ){
			printf(""%dx%d=%d\n"", i, j, i*j);
		}
	}
	
    return 0;
}
```

Only output the optimized assembly code. Do not include any other text. Do not write any comments in the assembly code. Wrap the assembly code in ```assembly``` tags.
Optimized Assembly Code:
"
199,"

#include <stdio.h>


int main(void){
  int i,j;
  for(i=1;i<10;i++){
    for(j=1;j<10;j++){
      printf(""%dx%d=%d\n"",i,j,i*j);
    }
  }
  return 0;
}","[{""input"": ""\n"", ""output"": ""\n""}]","Given the following C code and assembly code, your task is to generate highly optimized x86-64 assembly code.
C Code:

```c


#include <stdio.h>


int main(void){
  int i,j;
  for(i=1;i<10;i++){
    for(j=1;j<10;j++){
      printf(""%dx%d=%d\n"",i,j,i*j);
    }
  }
  return 0;
}
```

Assembly Code:

```assembly

```

Only output the optimized assembly code. Do not include any other text. Do not write any comments in the assembly code. Wrap the assembly code in ```assembly``` tags.
Optimized Assembly Code:
","Given the following C code, your task is to generate highly optimized x86-64 assembly code.
C Code:

```c


#include <stdio.h>


int main(void){
  int i,j;
  for(i=1;i<10;i++){
    for(j=1;j<10;j++){
      printf(""%dx%d=%d\n"",i,j,i*j);
    }
  }
  return 0;
}
```

Only output the optimized assembly code. Do not include any other text. Do not write any comments in the assembly code. Wrap the assembly code in ```assembly``` tags.
Optimized Assembly Code:
"
