idx,answer,test_cases,question,c_only_question
0,"#include <stdio.h>
#include <ctype.h>

int main()
{
    char ch;
    int i, count[26] = {};
    
    while(scanf(""%c"", &ch) != EOF){
        ch = tolower(ch);
        if ('a' <= ch && ch <= 'z') count[ch - 'a']++;
    }
    for (i = 0; i < 26; i++)
        printf(""%c : %d\n"", 'a' + i, count[i]);
    
    return 0;
}","[{""input"": ""This is ` pen.\n"", ""output"": ""a : 0\nb : 0\nc : 0\nd : 0\ne : 1\nf : 0\ng : 0\nh : 1\ni : 2\nj : 0\nk : 0\nl : 0\nm : 0\nn : 1\no : 0\np : 1\nq : 0\nr : 0\ns : 2\nt : 1\nu : 0\nv : 0\nw : 0\nx : 0\ny : 0\nz : 0\n\n""}, {""input"": ""This si a pen.\n"", ""output"": ""a : 1\nb : 0\nc : 0\nd : 0\ne : 1\nf : 0\ng : 0\nh : 1\ni : 2\nj : 0\nk : 0\nl : 0\nm : 0\nn : 1\no : 0\np : 1\nq : 0\nr : 0\ns : 2\nt : 1\nu : 0\nv : 0\nw : 0\nx : 0\ny : 0\nz : 0\n\n""}, {""input"": ""hTit si a pen.\n"", ""output"": ""a : 1\nb : 0\nc : 0\nd : 0\ne : 1\nf : 0\ng : 0\nh : 1\ni : 2\nj : 0\nk : 0\nl : 0\nm : 0\nn : 1\no : 0\np : 1\nq : 0\nr : 0\ns : 1\nt : 2\nu : 0\nv : 0\nw : 0\nx : 0\ny : 0\nz : 0\n\n""}, {""input"": ""hTis ir a pen.\n"", ""output"": ""a : 1\nb : 0\nc : 0\nd : 0\ne : 1\nf : 0\ng : 0\nh : 1\ni : 2\nj : 0\nk : 0\nl : 0\nm : 0\nn : 1\no : 0\np : 1\nq : 0\nr : 1\ns : 1\nt : 1\nu : 0\nv : 0\nw : 0\nx : 0\ny : 0\nz : 0\n\n""}, {""input"": ""hTis ri a pdn.\n"", ""output"": ""a : 1\nb : 0\nc : 0\nd : 1\ne : 0\nf : 0\ng : 0\nh : 1\ni : 2\nj : 0\nk : 0\nl : 0\nm : 0\nn : 1\no : 0\np : 1\nq : 0\nr : 1\ns : 1\nt : 1\nu : 0\nv : 0\nw : 0\nx : 0\ny : 0\nz : 0\n\n""}, {""input"": ""hTis ri a odn.\n"", ""output"": ""a : 1\nb : 0\nc : 0\nd : 1\ne : 0\nf : 0\ng : 0\nh : 1\ni : 2\nj : 0\nk : 0\nl : 0\nm : 0\nn : 1\no : 1\np : 0\nq : 0\nr : 1\ns : 1\nt : 1\nu : 0\nv : 0\nw : 0\nx : 0\ny : 0\nz : 0\n\n""}, {""input"": ""hTis ri a odo.\n"", ""output"": ""a : 1\nb : 0\nc : 0\nd : 1\ne : 0\nf : 0\ng : 0\nh : 1\ni : 2\nj : 0\nk : 0\nl : 0\nm : 0\nn : 0\no : 2\np : 0\nq : 0\nr : 1\ns : 1\nt : 1\nu : 0\nv : 0\nw : 0\nx : 0\ny : 0\nz : 0\n\n""}, {""input"": ""hsiT rh a od.o\n"", ""output"": ""a : 1\nb : 0\nc : 0\nd : 1\ne : 0\nf : 0\ng : 0\nh : 2\ni : 1\nj : 0\nk : 0\nl : 0\nm : 0\nn : 0\no : 2\np : 0\nq : 0\nr : 1\ns : 1\nt : 1\nu : 0\nv : 0\nw : 0\nx : 0\ny : 0\nz : 0\n\n""}, {""input"": ""Tsih is a od-o\n"", ""output"": ""a : 1\nb : 0\nc : 0\nd : 1\ne : 0\nf : 0\ng : 0\nh : 1\ni : 2\nj : 0\nk : 0\nl : 0\nm : 0\nn : 0\no : 2\np : 0\nq : 0\nr : 0\ns : 2\nt : 1\nu : 0\nv : 0\nw : 0\nx : 0\ny : 0\nz : 0\n\n""}, {""input"": ""Tsih is ` od-o\n"", ""output"": ""a : 0\nb : 0\nc : 0\nd : 1\ne : 0\nf : 0\ng : 0\nh : 1\ni : 2\nj : 0\nk : 0\nl : 0\nm : 0\nn : 0\no : 2\np : 0\nq : 0\nr : 0\ns : 2\nt : 1\nu : 0\nv : 0\nw : 0\nx : 0\ny : 0\nz : 0\n\n""}]","Given the following C code and assembly code, your task is to generate highly optimized x86-64 assembly code.
C Code:

```c
#include <stdio.h>
#include <ctype.h>

int main()
{
    char ch;
    int i, count[26] = {};
    
    while(scanf(""%c"", &ch) != EOF){
        ch = tolower(ch);
        if ('a' <= ch && ch <= 'z') count[ch - 'a']++;
    }
    for (i = 0; i < 26; i++)
        printf(""%c : %d\n"", 'a' + i, count[i]);
    
    return 0;
}
```

Assembly Code:

```assembly

```

Only output the optimized assembly code. Do not include any other text. Do not write any comments in the assembly code. Wrap the assembly code in ```assembly``` tags.
Optimized Assembly Code:
","Given the following C code, your task is to generate highly optimized x86-64 assembly code.
C Code:

```c
#include <stdio.h>
#include <ctype.h>

int main()
{
    char ch;
    int i, count[26] = {};
    
    while(scanf(""%c"", &ch) != EOF){
        ch = tolower(ch);
        if ('a' <= ch && ch <= 'z') count[ch - 'a']++;
    }
    for (i = 0; i < 26; i++)
        printf(""%c : %d\n"", 'a' + i, count[i]);
    
    return 0;
}
```

Only output the optimized assembly code. Do not include any other text. Do not write any comments in the assembly code. Wrap the assembly code in ```assembly``` tags.
Optimized Assembly Code:
"
1,"#include<stdio.h>

int main(){
    int n, m, i, j, f;
    scanf(""%d %d"", &n, &m);
    int s[m], c[m];
    for(i=0;i<m;i++){
        s[i]=0; c[i]=0;
        scanf(""%d %d"",&s[i], &c[i]);
    }
    for(i=0;i<m-1;i++){
        for(j=i+1;j<m;j++){
            if(s[i]==s[j]&&c[i]!=c[j]){ printf(""-1""); return 0; }
        }
    }
    for(i=1;i<=n;i++){
        f=0;
        for(j=0;j<m;j++){
            if(s[j]==1&&c[j]==0&&n>1){ printf(""-1""); return 0; }
            else if(i==s[j]){ printf(""%d"",c[j]); f=1; break; }
        }
        if(f==0&&i==1&&n>1){ printf(""1""); }
        else if(f==0){ printf(""0""); }
    }
}","[{""input"": ""3 3\n1 14\n3 2\n1 7\n"", ""output"": ""-1\n\n""}, {""input"": ""3 0\n2 1\n2 3\n"", ""output"": ""100\n\n""}, {""input"": ""3 1\n2 1\n1 3\n"", ""output"": ""110\n\n""}, {""input"": ""3 1\n0 1\n1 0\n"", ""output"": ""101\n\n""}, {""input"": ""3 3\n1 7\n3 4\n1 7\n"", ""output"": ""704\n\n""}, {""input"": ""3 2\n2 0\n1 3\n"", ""output"": ""300\n\n""}, {""input"": ""3 3\n0 2\n3 2\n1 1\n"", ""output"": ""102\n\n""}, {""input"": ""3 2\n3 0\n2 6\n"", ""output"": ""160\n\n""}, {""input"": ""1 1\n0 1\n1 0\n"", ""output"": ""1\n\n""}, {""input"": ""2 1\n0 1\n1 0\n"", ""output"": ""11\n\n""}]","Given the following C code and assembly code, your task is to generate highly optimized x86-64 assembly code.
C Code:

```c
#include<stdio.h>

int main(){
    int n, m, i, j, f;
    scanf(""%d %d"", &n, &m);
    int s[m], c[m];
    for(i=0;i<m;i++){
        s[i]=0; c[i]=0;
        scanf(""%d %d"",&s[i], &c[i]);
    }
    for(i=0;i<m-1;i++){
        for(j=i+1;j<m;j++){
            if(s[i]==s[j]&&c[i]!=c[j]){ printf(""-1""); return 0; }
        }
    }
    for(i=1;i<=n;i++){
        f=0;
        for(j=0;j<m;j++){
            if(s[j]==1&&c[j]==0&&n>1){ printf(""-1""); return 0; }
            else if(i==s[j]){ printf(""%d"",c[j]); f=1; break; }
        }
        if(f==0&&i==1&&n>1){ printf(""1""); }
        else if(f==0){ printf(""0""); }
    }
}
```

Assembly Code:

```assembly

```

Only output the optimized assembly code. Do not include any other text. Do not write any comments in the assembly code. Wrap the assembly code in ```assembly``` tags.
Optimized Assembly Code:
","Given the following C code, your task is to generate highly optimized x86-64 assembly code.
C Code:

```c
#include<stdio.h>

int main(){
    int n, m, i, j, f;
    scanf(""%d %d"", &n, &m);
    int s[m], c[m];
    for(i=0;i<m;i++){
        s[i]=0; c[i]=0;
        scanf(""%d %d"",&s[i], &c[i]);
    }
    for(i=0;i<m-1;i++){
        for(j=i+1;j<m;j++){
            if(s[i]==s[j]&&c[i]!=c[j]){ printf(""-1""); return 0; }
        }
    }
    for(i=1;i<=n;i++){
        f=0;
        for(j=0;j<m;j++){
            if(s[j]==1&&c[j]==0&&n>1){ printf(""-1""); return 0; }
            else if(i==s[j]){ printf(""%d"",c[j]); f=1; break; }
        }
        if(f==0&&i==1&&n>1){ printf(""1""); }
        else if(f==0){ printf(""0""); }
    }
}
```

Only output the optimized assembly code. Do not include any other text. Do not write any comments in the assembly code. Wrap the assembly code in ```assembly``` tags.
Optimized Assembly Code:
"
2,"#include<stdio.h>
#include<math.h>

int main(){
    int n,k,y;
    double p=0.0,x;
    scanf(""%d %d"",&n,&k);
    for(int i=1;i<=n;i++){
        x=log2f(k)-log2f(i);
        y=x;
        if(y!=x){
            y+=1;
        }
        if(i<k){
            p+=1.0/(n*powl(2.0,y));
        }
        else{
            p+=((double)n-(double)k+1.0)/(double)n;
            break;
        }
    }
    printf(""%.10lf\n"",p);
}
","[{""input"": ""3 4\n"", ""output"": ""0.416666666667\n\n""}, {""input"": ""100000 8\n"", ""output"": ""0.999956249998\n\n""}, {""input"": ""3 7\n"", ""output"": ""0.208333333333\n\n""}, {""input"": ""100000 7\n"", ""output"": ""0.999961249998\n\n""}, {""input"": ""6 7\n"", ""output"": ""0.354166666667\n\n""}, {""input"": ""100100 7\n"", ""output"": ""0.999961288712\n\n""}, {""input"": ""4 7\n"", ""output"": ""0.28125\n\n""}, {""input"": ""100100 6\n"", ""output"": ""0.99996878122\n\n""}, {""input"": ""110100 7\n"", ""output"": ""0.999964804721\n\n""}, {""input"": ""111100 7\n"", ""output"": ""0.999965121513\n\n""}]","Given the following C code and assembly code, your task is to generate highly optimized x86-64 assembly code.
C Code:

```c
#include<stdio.h>
#include<math.h>

int main(){
    int n,k,y;
    double p=0.0,x;
    scanf(""%d %d"",&n,&k);
    for(int i=1;i<=n;i++){
        x=log2f(k)-log2f(i);
        y=x;
        if(y!=x){
            y+=1;
        }
        if(i<k){
            p+=1.0/(n*powl(2.0,y));
        }
        else{
            p+=((double)n-(double)k+1.0)/(double)n;
            break;
        }
    }
    printf(""%.10lf\n"",p);
}
```

Assembly Code:

```assembly

```

Only output the optimized assembly code. Do not include any other text. Do not write any comments in the assembly code. Wrap the assembly code in ```assembly``` tags.
Optimized Assembly Code:
","Given the following C code, your task is to generate highly optimized x86-64 assembly code.
C Code:

```c
#include<stdio.h>
#include<math.h>

int main(){
    int n,k,y;
    double p=0.0,x;
    scanf(""%d %d"",&n,&k);
    for(int i=1;i<=n;i++){
        x=log2f(k)-log2f(i);
        y=x;
        if(y!=x){
            y+=1;
        }
        if(i<k){
            p+=1.0/(n*powl(2.0,y));
        }
        else{
            p+=((double)n-(double)k+1.0)/(double)n;
            break;
        }
    }
    printf(""%.10lf\n"",p);
}
```

Only output the optimized assembly code. Do not include any other text. Do not write any comments in the assembly code. Wrap the assembly code in ```assembly``` tags.
Optimized Assembly Code:
"
3,"#include <stdio.h>
#include <stdlib.h>
#include <math.h>
#include <limits.h>
#include <string.h>

int main()
{
   char S[100001]={'\0'};
   scanf(""%s"",S);
   int count=0;
   for (int i =0;i<strlen(S)-1;i++)
   {
    if (S[i]==S[i+1])
    {
        count++;
        if (S[i+1]=='0')S[i+1]='1';
        else S[i+1]='0';

    }

   }

   printf(""%d"",count);
    return 0;
}
","[{""input"": ""10110010\n"", ""output"": ""2\n\n""}, {""input"": ""010\n"", ""output"": ""0\n\n""}, {""input"": ""10110110\n"", ""output"": ""3\n\n""}, {""input"": ""00110110\n"", ""output"": ""4\n\n""}, {""input"": ""100\n"", ""output"": ""1\n\n""}, {""input"": ""10100110\n"", ""output"": ""2\n\n""}, {""input"": ""01110110\n"", ""output"": ""3\n\n""}, {""input"": ""01110111\n"", ""output"": ""2\n\n""}, {""input"": ""10011010\n"", ""output"": ""2\n\n""}, {""input"": ""1\n"", ""output"": ""0\n\n""}]","Given the following C code and assembly code, your task is to generate highly optimized x86-64 assembly code.
C Code:

```c
#include <stdio.h>
#include <stdlib.h>
#include <math.h>
#include <limits.h>
#include <string.h>

int main()
{
   char S[100001]={'\0'};
   scanf(""%s"",S);
   int count=0;
   for (int i =0;i<strlen(S)-1;i++)
   {
    if (S[i]==S[i+1])
    {
        count++;
        if (S[i+1]=='0')S[i+1]='1';
        else S[i+1]='0';

    }

   }

   printf(""%d"",count);
    return 0;
}
```

Assembly Code:

```assembly

```

Only output the optimized assembly code. Do not include any other text. Do not write any comments in the assembly code. Wrap the assembly code in ```assembly``` tags.
Optimized Assembly Code:
","Given the following C code, your task is to generate highly optimized x86-64 assembly code.
C Code:

```c
#include <stdio.h>
#include <stdlib.h>
#include <math.h>
#include <limits.h>
#include <string.h>

int main()
{
   char S[100001]={'\0'};
   scanf(""%s"",S);
   int count=0;
   for (int i =0;i<strlen(S)-1;i++)
   {
    if (S[i]==S[i+1])
    {
        count++;
        if (S[i+1]=='0')S[i+1]='1';
        else S[i+1]='0';

    }

   }

   printf(""%d"",count);
    return 0;
}
```

Only output the optimized assembly code. Do not include any other text. Do not write any comments in the assembly code. Wrap the assembly code in ```assembly``` tags.
Optimized Assembly Code:
"
4,"#include<stdio.h>
int ans;
int d[202][202];
void solve(int g[], int n[], int gn, int nn)
{
	if (nn == 0)
	{
		int scor = 0;
		int i;
		for (i = 0; i < gn - 1; i++)
			scor += d[g[i]][g[i + 1]];
		if (ans > scor)
			ans = scor;
	}
	else
	{
		int a[11], b[11];
		int i, j, k;
		for (i = 0; i < nn; i++)
		{
			k = 0;
			for (j = 0; j < nn; j++)
			{
				if (i != j)
				{
					a[k] = n[j];
					k++;
				}
			}
			for (j = 0; j < gn; j++)
				b[j] = g[j];
			b[gn] = n[i];
			solve(b, a, gn + 1, nn - 1);
		}
	}
	return;
}
int main()
{
	int n, m, R;
	scanf(""%d %d %d"", &n, &m, &R);
	int i, j, k;
	int r[10];
	for (i = 0; i < R; i++)
	{
		scanf(""%d"", &r[i]);
		r[i]--;
	}
	int a[20004], b[20004], c[20004];
	for (i = 0; i < m; i++)
	{
		scanf(""%d %d %d"", &a[i], &b[i], &c[i]);
		a[i]--;
		b[i]--;
	}
	for (i = 0; i < n; i++)
		for (j = 0; j < n; j++)
			d[i][j] = 1e9;
	for (i = 0; i < m; i++)
		d[a[i]][b[i]] = d[b[i]][a[i]] = c[i];
	for (k = 0; k < n; k++)
		for (i = 0; i < n; i++)
			for (j = 0; j < n; j++)
				if (d[i][j] > d[i][k] + d[k][j])
					d[i][j] = d[i][k] + d[k][j];
	ans = 1e9;
	int p[10] = {};
	solve(p, r, 0, R);
	printf(""%d\n"", ans);
	return 0;
}","[{""input"": ""4 6 3\n2 3 4\n1 2 4\n2 3 6\n4 3 1\n1 4 1\n4 2 2\n3 1 6\n"", ""output"": ""3\n\n""}, {""input"": ""5 3 2\n1 3\n2 3 2\n1 3 6\n1 2 2\n"", ""output"": ""4\n\n""}, {""input"": ""4 6 3\n2 3 4\n1 2 4\n2 3 6\n4 3 1\n1 4 1\n4 1 2\n3 1 6\n"", ""output"": ""7\n\n""}, {""input"": ""5 3 2\n1 3\n2 3 2\n1 3 6\n1 1 2\n"", ""output"": ""6\n\n""}, {""input"": ""3 3 3\n1 2 3\n1 2 1\n2 2 1\n3 1 4\n"", ""output"": ""5\n\n""}, {""input"": ""4 6 3\n2 3 4\n1 2 4\n2 3 6\n4 4 1\n1 4 1\n4 2 2\n3 1 6\n"", ""output"": ""8\n\n""}, {""input"": ""4 6 3\n2 3 4\n1 2 4\n2 3 0\n4 3 1\n1 4 1\n4 1 2\n3 1 6\n"", ""output"": ""1\n\n""}, {""input"": ""3 3 2\n1 3\n2 3 0\n0 3 6\n1 2 2\n"", ""output"": ""2\n\n""}, {""input"": ""6 3 2\n1 3\n2 3 2\n1 3 9\n0 1 2\n"", ""output"": ""9\n\n""}, {""input"": ""5 3 2\n1 3\n2 3 2\n1 3 10\n1 1 2\n"", ""output"": ""10\n\n""}]","Given the following C code and assembly code, your task is to generate highly optimized x86-64 assembly code.
C Code:

```c
#include<stdio.h>
int ans;
int d[202][202];
void solve(int g[], int n[], int gn, int nn)
{
	if (nn == 0)
	{
		int scor = 0;
		int i;
		for (i = 0; i < gn - 1; i++)
			scor += d[g[i]][g[i + 1]];
		if (ans > scor)
			ans = scor;
	}
	else
	{
		int a[11], b[11];
		int i, j, k;
		for (i = 0; i < nn; i++)
		{
			k = 0;
			for (j = 0; j < nn; j++)
			{
				if (i != j)
				{
					a[k] = n[j];
					k++;
				}
			}
			for (j = 0; j < gn; j++)
				b[j] = g[j];
			b[gn] = n[i];
			solve(b, a, gn + 1, nn - 1);
		}
	}
	return;
}
int main()
{
	int n, m, R;
	scanf(""%d %d %d"", &n, &m, &R);
	int i, j, k;
	int r[10];
	for (i = 0; i < R; i++)
	{
		scanf(""%d"", &r[i]);
		r[i]--;
	}
	int a[20004], b[20004], c[20004];
	for (i = 0; i < m; i++)
	{
		scanf(""%d %d %d"", &a[i], &b[i], &c[i]);
		a[i]--;
		b[i]--;
	}
	for (i = 0; i < n; i++)
		for (j = 0; j < n; j++)
			d[i][j] = 1e9;
	for (i = 0; i < m; i++)
		d[a[i]][b[i]] = d[b[i]][a[i]] = c[i];
	for (k = 0; k < n; k++)
		for (i = 0; i < n; i++)
			for (j = 0; j < n; j++)
				if (d[i][j] > d[i][k] + d[k][j])
					d[i][j] = d[i][k] + d[k][j];
	ans = 1e9;
	int p[10] = {};
	solve(p, r, 0, R);
	printf(""%d\n"", ans);
	return 0;
}
```

Assembly Code:

```assembly

```

Only output the optimized assembly code. Do not include any other text. Do not write any comments in the assembly code. Wrap the assembly code in ```assembly``` tags.
Optimized Assembly Code:
","Given the following C code, your task is to generate highly optimized x86-64 assembly code.
C Code:

```c
#include<stdio.h>
int ans;
int d[202][202];
void solve(int g[], int n[], int gn, int nn)
{
	if (nn == 0)
	{
		int scor = 0;
		int i;
		for (i = 0; i < gn - 1; i++)
			scor += d[g[i]][g[i + 1]];
		if (ans > scor)
			ans = scor;
	}
	else
	{
		int a[11], b[11];
		int i, j, k;
		for (i = 0; i < nn; i++)
		{
			k = 0;
			for (j = 0; j < nn; j++)
			{
				if (i != j)
				{
					a[k] = n[j];
					k++;
				}
			}
			for (j = 0; j < gn; j++)
				b[j] = g[j];
			b[gn] = n[i];
			solve(b, a, gn + 1, nn - 1);
		}
	}
	return;
}
int main()
{
	int n, m, R;
	scanf(""%d %d %d"", &n, &m, &R);
	int i, j, k;
	int r[10];
	for (i = 0; i < R; i++)
	{
		scanf(""%d"", &r[i]);
		r[i]--;
	}
	int a[20004], b[20004], c[20004];
	for (i = 0; i < m; i++)
	{
		scanf(""%d %d %d"", &a[i], &b[i], &c[i]);
		a[i]--;
		b[i]--;
	}
	for (i = 0; i < n; i++)
		for (j = 0; j < n; j++)
			d[i][j] = 1e9;
	for (i = 0; i < m; i++)
		d[a[i]][b[i]] = d[b[i]][a[i]] = c[i];
	for (k = 0; k < n; k++)
		for (i = 0; i < n; i++)
			for (j = 0; j < n; j++)
				if (d[i][j] > d[i][k] + d[k][j])
					d[i][j] = d[i][k] + d[k][j];
	ans = 1e9;
	int p[10] = {};
	solve(p, r, 0, R);
	printf(""%d\n"", ans);
	return 0;
}
```

Only output the optimized assembly code. Do not include any other text. Do not write any comments in the assembly code. Wrap the assembly code in ```assembly``` tags.
Optimized Assembly Code:
"
5,"#include <stdio.h>
int main(void) {
    int a,b,n,i,j,x,y;
    while (scanf(""%d %d"",&a,&b)!=EOF&&(a!=0||b!=0)) {
        int map[18][18]={{0}};
        scanf(""%d"",&n);
        for (i=0; i<n; i++) {
            scanf(""%d %d"",&x,&y);
            map[x][y]=-1;
        }
        if (map[1][1]==-1) {
            printf(""0\n"");
            continue;
        } else {
            map[1][1]=1;
        }
        for (i=1; i<=a; i++) {
            for (j=1; j<=b; j++) {
                if (map[i][j]==-1) {
                    map[i][j]=0;
                } else {
                    map[i][j]+=map[i-1][j]+map[i][j-1];
                }
            }
        }
        printf(""%d\n"",map[a][b]);
    }
    return 0;
}","[{""input"": ""5 4\n3\n2 2\n2 3\n4 2\n5 4\n3\n2 2\n2 3\n4 2\n0 0\n"", ""output"": ""5\n5\n""}]","Given the following C code and assembly code, your task is to generate highly optimized x86-64 assembly code.
C Code:

```c
#include <stdio.h>
int main(void) {
    int a,b,n,i,j,x,y;
    while (scanf(""%d %d"",&a,&b)!=EOF&&(a!=0||b!=0)) {
        int map[18][18]={{0}};
        scanf(""%d"",&n);
        for (i=0; i<n; i++) {
            scanf(""%d %d"",&x,&y);
            map[x][y]=-1;
        }
        if (map[1][1]==-1) {
            printf(""0\n"");
            continue;
        } else {
            map[1][1]=1;
        }
        for (i=1; i<=a; i++) {
            for (j=1; j<=b; j++) {
                if (map[i][j]==-1) {
                    map[i][j]=0;
                } else {
                    map[i][j]+=map[i-1][j]+map[i][j-1];
                }
            }
        }
        printf(""%d\n"",map[a][b]);
    }
    return 0;
}
```

Assembly Code:

```assembly

```

Only output the optimized assembly code. Do not include any other text. Do not write any comments in the assembly code. Wrap the assembly code in ```assembly``` tags.
Optimized Assembly Code:
","Given the following C code, your task is to generate highly optimized x86-64 assembly code.
C Code:

```c
#include <stdio.h>
int main(void) {
    int a,b,n,i,j,x,y;
    while (scanf(""%d %d"",&a,&b)!=EOF&&(a!=0||b!=0)) {
        int map[18][18]={{0}};
        scanf(""%d"",&n);
        for (i=0; i<n; i++) {
            scanf(""%d %d"",&x,&y);
            map[x][y]=-1;
        }
        if (map[1][1]==-1) {
            printf(""0\n"");
            continue;
        } else {
            map[1][1]=1;
        }
        for (i=1; i<=a; i++) {
            for (j=1; j<=b; j++) {
                if (map[i][j]==-1) {
                    map[i][j]=0;
                } else {
                    map[i][j]+=map[i-1][j]+map[i][j-1];
                }
            }
        }
        printf(""%d\n"",map[a][b]);
    }
    return 0;
}
```

Only output the optimized assembly code. Do not include any other text. Do not write any comments in the assembly code. Wrap the assembly code in ```assembly``` tags.
Optimized Assembly Code:
"
6,"#include <stdbool.h>
#include <stdio.h>
#include <stdlib.h>
#include <inttypes.h>
#include <ctype.h>
#include <stdint.h>
#include <string.h>
#include <wchar.h>
#include <math.h>

#define N_MAX (100)
#define P_MAX (100)
#define DP_ARRAY_SIZE (N_MAX * P_MAX / 32 + 1)

#define MIN(a, b) ((a) < (b) ? (a) : (b))
#define MAX(a, b) ((a) > (b) ? (a) : (b))
#define ABS(a) ((a) < 0 ? -(a) : (a))
#define ABSS(a, b) ((a) > (b) ? (a) - (b) : (b) - (a))
#define SWAP(type, a, b) { const type tmp = a; a = b; b = tmp; }

int compare_sz_asc(const void* a, const void* b) {
    return *((size_t*)a) < *((size_t*)b) ? -1 : 1;
}

int compare_sz_desc(const void* a, const void* b) {
    return *((size_t*)a) > * ((size_t*)b) ? -1 : 1;
}

int compare_i64_asc(const void* a, const void* b) {
    return *((int64_t*)a) < *((int64_t*)b) ? -1 : 1;
}

int compare_i64_desc(const void* a, const void* b) {
    return *((int64_t*)a) > * ((int64_t*)b) ? -1 : 1;
}

int compare_u64_asc(const void* a, const void* b) {
    return *((uint64_t*)a) < *((uint64_t*)b) ? -1 : 1;
}

int compare_u64_desc(const void* a, const void* b) {
    return *((uint64_t*)a) > * ((uint64_t*)b) ? -1 : 1;
}

int compare_c_asc(const void* a, const void* b) {
    return *((char*)a) < *((char*)b) ? -1 : 1;
}

int compare_c_desc(const void* a, const void* b) {
    return *((char*)a) > * ((char*)b) ? -1 : 1;
}

int compare_dp_asc(const void* a, const void* b) {
    return *((double*)a) < *((double*)b) ? -1 : 1;
}

static uint64_t modinvU64(const uint64_t a, const uint64_t m) {
    int64_t aa = (int64_t)a;
    const int64_t mm = (int64_t)m;
    int64_t b = mm;
    int64_t u = 1;
    int64_t v = 0;

    while (b != 0) {
        const int64_t t = aa / b;

        aa -= t * b;
        SWAP(uint64_t, aa, b);
        u -= t * v;
        SWAP(uint64_t, u, v);
    }

    u %= mm;
    if (u < 0) {
        u += m;
    }

    return (uint64_t)u;
}

static size_t powSz(const size_t base, const size_t exp) {
    if (exp == 0) {
        return 1;
    }

    if (exp == 1) {
        return base;
    }

    if (exp % 2 == 0) {
        return powSz(base * base, exp / 2);
    }
    else {
        return base * powSz(base, exp - 1);
    }
}

static uint64_t powU64(const uint64_t base, const uint64_t exp) {
    if (exp == 0) {
        return 1;
    }

    if (exp == 1) {
        return base;
    }

    if (exp % 2 == 0) {
        return powU64(base * base, exp / 2);
    }
    else {
        return base * powU64(base, exp - 1);
    }
}

static uint64_t powU64WMod(const uint64_t base, const uint64_t exp, const uint64_t m) {
    if (exp == 0) {
        return 1;
    }

    if (exp == 1) {
        return base % m;
    }

    if (exp % 2 == 0) {
        return powU64WMod(base * base % m, exp / 2, m);
    }
    else {
        return base * powU64WMod(base, exp - 1, m) % m;
    }
}

static size_t comb(const size_t n, const size_t r) {
    size_t result = 1;

    for (size_t i = 0; i < r; i++) {
        result *= n - i;
        result /= i + 1;
    }

    return result;
}

static uint64_t combU64(const uint64_t n, const uint64_t r) {
    uint64_t result = 1;

    for (uint64_t i = 0; i < r; i++) {
        result *= n - i;
        result /= i + 1;
    }

    return result;
}

static uint64_t combU64WMod(const uint64_t n, const uint64_t r, const uint64_t m) {
    uint64_t result = 1;

    for (uint64_t i = 0; i < r; i++) {
        result = result * (n - i) % m;
        result = result * modinvU64(i + 1, m) % m;
    }

    return result;
}

static uint64_t permU64WMod(const uint64_t n, const uint64_t m) {
    uint64_t result = 1;

    for (uint64_t v = 2; v <= n; v++) {
        result *= v;
        result %= m;
    }

    return result;
}

static size_t gcdZu(size_t m, size_t n) {
    size_t temp;

    while (m % n != 0) {
        temp = n;
        n = m % n;
        m = temp;
    }

    return n;
}

static uint64_t gcdU64(uint64_t m, uint64_t n)
{
    uint64_t temp;

    while (m % n != 0) {
        temp = n;
        n = m % n;
        m = temp;
    }

    return n;
}

typedef struct {
    uint64_t val;
}BHeap_Val;

#define BHEAP_VAL_TYPE BHeap_Val

#define BHEAP_INVALID_NODE ((size_t)100000000)

typedef struct {
    BHEAP_VAL_TYPE val;
} BHeap_Node;


struct _BHeap_Ctx {
    size_t size;
    int (*compare)(const BHEAP_VAL_TYPE* parent, const BHEAP_VAL_TYPE* node);
    void(*notifyNodeChange)(const struct _BHeap_Ctx* const ctx, const size_t nodeListSize, const size_t* const nodeList);
    BHeap_Node* node;
};

typedef struct _BHeap_Ctx BHeap_Ctx;

static void bHeap_Init(BHeap_Ctx* const ctx, int(*compare)(const BHEAP_VAL_TYPE* parent, const BHEAP_VAL_TYPE* node), void(*notifyNodeChange)(const BHeap_Ctx* const ctx, const size_t nodeListSize, const size_t* const nodeList), BHeap_Node* const nodes) {
    ctx->size = 0;
    ctx->compare = compare;
    ctx->notifyNodeChange = notifyNodeChange;
    ctx->node = nodes;
}

static void bHeap_Swap(BHeap_Ctx* const ctx, const size_t node0, const size_t node1) {
    const BHEAP_VAL_TYPE tmp = ctx->node[node0].val;
    ctx->node[node0].val = ctx->node[node1].val;
    ctx->node[node1].val = tmp;

    if (ctx->notifyNodeChange != NULL) {
        const size_t nodeList[2] = { node0,node1 };
        ctx->notifyNodeChange(ctx, 2, nodeList);
    }
}

static void bHeap_UpHeap(BHeap_Ctx* const ctx, const size_t nodeIdx) {
    if (nodeIdx == 0) {
        return;
    }

    const size_t parentIdx = (nodeIdx + 1) / 2 - 1;

    const int compareResult = ctx->compare(&(ctx->node[parentIdx].val), &(ctx->node[nodeIdx].val));

    if (0 < compareResult) {
        bHeap_Swap(ctx, nodeIdx, parentIdx);

        if (parentIdx != 0) {
            bHeap_UpHeap(ctx, parentIdx);
        }
    }
}

static void bHeap_DownHeap(BHeap_Ctx* const ctx, const size_t nodeIdx) {
    if (ctx->size - 1 <= nodeIdx) {
        return;
    }

    const size_t leftIdx = 2 * (nodeIdx + 1) - 1;

    if (leftIdx < ctx->size) {
        const int leftResult = ctx->compare(&(ctx->node[nodeIdx].val), &(ctx->node[leftIdx].val));

        size_t swapTarget = leftResult < 0 ? BHEAP_INVALID_NODE : leftIdx;

        const size_t rightIdx = leftIdx + 1;

        if (rightIdx < ctx->size) {
            const int rightResult = ctx->compare(&(ctx->node[nodeIdx].val), &(ctx->node[rightIdx].val));

            if (swapTarget == BHEAP_INVALID_NODE) {
                if (0 < rightResult) {
                    swapTarget = rightIdx;
                }
            }
            else {
                if (0 < rightResult) {
                    const int rightLeftResult = ctx->compare(&(ctx->node[leftIdx].val), &(ctx->node[rightIdx].val));

                    if (0 < rightLeftResult) {
                        swapTarget = rightIdx;
                    }
                }
            }
        }

        if (swapTarget != BHEAP_INVALID_NODE) {
            bHeap_Swap(ctx, nodeIdx, swapTarget);

            bHeap_DownHeap(ctx, swapTarget);
        }
    }
}

static void bHeap_Add(BHeap_Ctx* const ctx, const BHEAP_VAL_TYPE val) {
    ctx->node[ctx->size].val = val;

    ctx->size++;

    if (ctx->notifyNodeChange != NULL) {
        const size_t node = ctx->size - 1;
        ctx->notifyNodeChange(ctx, 1, &node);
    }

    bHeap_UpHeap(ctx, ctx->size - 1);
}

static void bHeap_RemoveTop(BHeap_Ctx* const ctx) {
    if (ctx->size == 0) {
        return;
    }

    if (ctx->size == 1) {
        ctx->size--;
        return;
    }

    ctx->node[0].val = ctx->node[ctx->size - 1].val;

    if (ctx->notifyNodeChange != NULL) {
        const size_t node = 0;
        ctx->notifyNodeChange(ctx, 1, &node);
    }

    ctx->size--;

    bHeap_DownHeap(ctx, 0);
}

static void bHeap_RemoveNode(BHeap_Ctx* const ctx, const size_t node) {
    if (node == ctx->size - 1) {
        ctx->size--;
    }
    else {
        ctx->node[node].val = ctx->node[ctx->size - 1].val;

        ctx->size--;

        if (ctx->notifyNodeChange != NULL) {
            ctx->notifyNodeChange(ctx, 1, &node);
        }

        bHeap_DownHeap(ctx, node);
        bHeap_UpHeap(ctx, node);
    }
}

static BHEAP_VAL_TYPE* bHeap_GetTopVal(const BHeap_Ctx* const ctx) {
    return ctx->size == 0 ? NULL : &(ctx->node[0].val);
}

typedef struct {
    uint64_t cnt;
    size_t* child;
    size_t numChild;
    size_t maxNumChild;
} Tree_Node;

#define TREE_INIT_ALLOC (128)

static Tree_Node tree_Node[200000];

static void tree_Init(const uint64_t N) {
    for (uint64_t i = 0; i < N; i++) {
        tree_Node[i].cnt = 0;
        tree_Node[i].numChild = 0;
        tree_Node[i].child = malloc(sizeof(size_t) * TREE_INIT_ALLOC);
        tree_Node[i].maxNumChild = TREE_INIT_ALLOC;
    }
}

static void tree_AddChild(const size_t parent, const size_t child) {
    if (tree_Node[parent].maxNumChild <= tree_Node[parent].numChild) {
        tree_Node[parent].child = realloc(tree_Node[parent].child, sizeof(size_t) * tree_Node[parent].maxNumChild * 2);
        tree_Node[parent].maxNumChild *= 2;
    }

    tree_Node[parent].child[tree_Node[parent].numChild] = child;
    tree_Node[parent].numChild++;
}

static BHeap_Node BN_Asc[200000];
static BHeap_Node BN_Desc[200000];

static int _bHeap_Compare_Asc(const BHEAP_VAL_TYPE* parent, const BHEAP_VAL_TYPE* node) {
    return parent->val <= node->val ? -1 : 1;
}

static int _bHeap_Compare_Desc(const BHEAP_VAL_TYPE* parent, const BHEAP_VAL_TYPE* node) {
    return parent->val >= node->val ? -1 : 1;
}

static size_t PBHeap_Asc_Idx[200000];
static size_t PBHeap_Desc_Idx[200000];

static void _bHeap_NotifyNodeChange_Asc(const BHeap_Ctx* const ctx, const size_t nodeListSize, const size_t* const nodeList) {
    for (size_t i = 0; i < nodeListSize; i++) {
        PBHeap_Asc_Idx[ctx->node[nodeList[i]].val.val] = nodeList[i];
    }
}

static void _bHeap_NotifyNodeChange_Desc(const BHeap_Ctx* const ctx, const size_t nodeListSize, const size_t* const nodeList) {
    for (size_t i = 0; i < nodeListSize; i++) {
        PBHeap_Desc_Idx[ctx->node[nodeList[i]].val.val] = nodeList[i];
    }
}

#define MOD_VAL (UINT64_C(1000000007))

static size_t cnt[100000];

int main(void) {
    uint64_t N;

    scanf(""%""PRIu64, &N);

    for (uint64_t i = 0; i < N; i++) {
        cnt[i] = 0;
    }

    for (uint64_t i = 0; i < N; i++) {
        uint64_t A;
        scanf(""%""PRIu64, &A);

        cnt[A]++;
    }

    if (N % 2 == 0) {
        for (uint64_t i = 0; i < N; i++) {
            if (i % 2 == 0) {
                if (cnt[i] != 0) {
                    puts(""0"");
                    return 0;
                }
            }
            else {
                if (cnt[i] != 2) {
                    puts(""0"");
                    return 0;
                }
            }
        }
    }
    else {
        for (uint64_t i = 0; i < N; i++) {
            if (i == 0) {
                if (cnt[i] != 1) {
                    puts(""0"");
                    return 0;
                }
            }
            else if (i % 2 == 0) {
                if (cnt[i] != 2) {
                    puts(""0"");
                    return 0;
                }
            }
            else {
                if (cnt[i] != 0) {
                    puts(""0"");
                    return 0;
                }
            }
        }
    }

    printf(""%""PRIu64""\n"", powU64WMod(2, N / 2, MOD_VAL));

    return 0;
}
","[{""input"": ""8\n7 5 1 2 7 3 5 3\n"", ""output"": ""0\n\n""}, {""input"": ""7\n6 4 0 2 4 0 4\n"", ""output"": ""0\n\n""}, {""input"": ""5\n0 4 4 0 2\n"", ""output"": ""0\n\n""}, {""input"": ""7\n6 4 0 2 4 -1 4\n"", ""output"": ""0\n\n""}, {""input"": ""5\n0 4 4 0 1\n"", ""output"": ""0\n\n""}, {""input"": ""7\n6 4 0 2 8 -1 4\n"", ""output"": ""0\n\n""}, {""input"": ""5\n0 4 1 0 1\n"", ""output"": ""0\n\n""}, {""input"": ""7\n6 4 0 2 8 0 4\n"", ""output"": ""0\n\n""}, {""input"": ""5\n0 4 0 0 1\n"", ""output"": ""0\n\n""}, {""input"": ""7\n6 4 1 2 8 0 4\n"", ""output"": ""0\n\n""}]","Given the following C code and assembly code, your task is to generate highly optimized x86-64 assembly code.
C Code:

```c
#include <stdbool.h>
#include <stdio.h>
#include <stdlib.h>
#include <inttypes.h>
#include <ctype.h>
#include <stdint.h>
#include <string.h>
#include <wchar.h>
#include <math.h>

#define N_MAX (100)
#define P_MAX (100)
#define DP_ARRAY_SIZE (N_MAX * P_MAX / 32 + 1)

#define MIN(a, b) ((a) < (b) ? (a) : (b))
#define MAX(a, b) ((a) > (b) ? (a) : (b))
#define ABS(a) ((a) < 0 ? -(a) : (a))
#define ABSS(a, b) ((a) > (b) ? (a) - (b) : (b) - (a))
#define SWAP(type, a, b) { const type tmp = a; a = b; b = tmp; }

int compare_sz_asc(const void* a, const void* b) {
    return *((size_t*)a) < *((size_t*)b) ? -1 : 1;
}

int compare_sz_desc(const void* a, const void* b) {
    return *((size_t*)a) > * ((size_t*)b) ? -1 : 1;
}

int compare_i64_asc(const void* a, const void* b) {
    return *((int64_t*)a) < *((int64_t*)b) ? -1 : 1;
}

int compare_i64_desc(const void* a, const void* b) {
    return *((int64_t*)a) > * ((int64_t*)b) ? -1 : 1;
}

int compare_u64_asc(const void* a, const void* b) {
    return *((uint64_t*)a) < *((uint64_t*)b) ? -1 : 1;
}

int compare_u64_desc(const void* a, const void* b) {
    return *((uint64_t*)a) > * ((uint64_t*)b) ? -1 : 1;
}

int compare_c_asc(const void* a, const void* b) {
    return *((char*)a) < *((char*)b) ? -1 : 1;
}

int compare_c_desc(const void* a, const void* b) {
    return *((char*)a) > * ((char*)b) ? -1 : 1;
}

int compare_dp_asc(const void* a, const void* b) {
    return *((double*)a) < *((double*)b) ? -1 : 1;
}

static uint64_t modinvU64(const uint64_t a, const uint64_t m) {
    int64_t aa = (int64_t)a;
    const int64_t mm = (int64_t)m;
    int64_t b = mm;
    int64_t u = 1;
    int64_t v = 0;

    while (b != 0) {
        const int64_t t = aa / b;

        aa -= t * b;
        SWAP(uint64_t, aa, b);
        u -= t * v;
        SWAP(uint64_t, u, v);
    }

    u %= mm;
    if (u < 0) {
        u += m;
    }

    return (uint64_t)u;
}

static size_t powSz(const size_t base, const size_t exp) {
    if (exp == 0) {
        return 1;
    }

    if (exp == 1) {
        return base;
    }

    if (exp % 2 == 0) {
        return powSz(base * base, exp / 2);
    }
    else {
        return base * powSz(base, exp - 1);
    }
}

static uint64_t powU64(const uint64_t base, const uint64_t exp) {
    if (exp == 0) {
        return 1;
    }

    if (exp == 1) {
        return base;
    }

    if (exp % 2 == 0) {
        return powU64(base * base, exp / 2);
    }
    else {
        return base * powU64(base, exp - 1);
    }
}

static uint64_t powU64WMod(const uint64_t base, const uint64_t exp, const uint64_t m) {
    if (exp == 0) {
        return 1;
    }

    if (exp == 1) {
        return base % m;
    }

    if (exp % 2 == 0) {
        return powU64WMod(base * base % m, exp / 2, m);
    }
    else {
        return base * powU64WMod(base, exp - 1, m) % m;
    }
}

static size_t comb(const size_t n, const size_t r) {
    size_t result = 1;

    for (size_t i = 0; i < r; i++) {
        result *= n - i;
        result /= i + 1;
    }

    return result;
}

static uint64_t combU64(const uint64_t n, const uint64_t r) {
    uint64_t result = 1;

    for (uint64_t i = 0; i < r; i++) {
        result *= n - i;
        result /= i + 1;
    }

    return result;
}

static uint64_t combU64WMod(const uint64_t n, const uint64_t r, const uint64_t m) {
    uint64_t result = 1;

    for (uint64_t i = 0; i < r; i++) {
        result = result * (n - i) % m;
        result = result * modinvU64(i + 1, m) % m;
    }

    return result;
}

static uint64_t permU64WMod(const uint64_t n, const uint64_t m) {
    uint64_t result = 1;

    for (uint64_t v = 2; v <= n; v++) {
        result *= v;
        result %= m;
    }

    return result;
}

static size_t gcdZu(size_t m, size_t n) {
    size_t temp;

    while (m % n != 0) {
        temp = n;
        n = m % n;
        m = temp;
    }

    return n;
}

static uint64_t gcdU64(uint64_t m, uint64_t n)
{
    uint64_t temp;

    while (m % n != 0) {
        temp = n;
        n = m % n;
        m = temp;
    }

    return n;
}

typedef struct {
    uint64_t val;
}BHeap_Val;

#define BHEAP_VAL_TYPE BHeap_Val

#define BHEAP_INVALID_NODE ((size_t)100000000)

typedef struct {
    BHEAP_VAL_TYPE val;
} BHeap_Node;


struct _BHeap_Ctx {
    size_t size;
    int (*compare)(const BHEAP_VAL_TYPE* parent, const BHEAP_VAL_TYPE* node);
    void(*notifyNodeChange)(const struct _BHeap_Ctx* const ctx, const size_t nodeListSize, const size_t* const nodeList);
    BHeap_Node* node;
};

typedef struct _BHeap_Ctx BHeap_Ctx;

static void bHeap_Init(BHeap_Ctx* const ctx, int(*compare)(const BHEAP_VAL_TYPE* parent, const BHEAP_VAL_TYPE* node), void(*notifyNodeChange)(const BHeap_Ctx* const ctx, const size_t nodeListSize, const size_t* const nodeList), BHeap_Node* const nodes) {
    ctx->size = 0;
    ctx->compare = compare;
    ctx->notifyNodeChange = notifyNodeChange;
    ctx->node = nodes;
}

static void bHeap_Swap(BHeap_Ctx* const ctx, const size_t node0, const size_t node1) {
    const BHEAP_VAL_TYPE tmp = ctx->node[node0].val;
    ctx->node[node0].val = ctx->node[node1].val;
    ctx->node[node1].val = tmp;

    if (ctx->notifyNodeChange != NULL) {
        const size_t nodeList[2] = { node0,node1 };
        ctx->notifyNodeChange(ctx, 2, nodeList);
    }
}

static void bHeap_UpHeap(BHeap_Ctx* const ctx, const size_t nodeIdx) {
    if (nodeIdx == 0) {
        return;
    }

    const size_t parentIdx = (nodeIdx + 1) / 2 - 1;

    const int compareResult = ctx->compare(&(ctx->node[parentIdx].val), &(ctx->node[nodeIdx].val));

    if (0 < compareResult) {
        bHeap_Swap(ctx, nodeIdx, parentIdx);

        if (parentIdx != 0) {
            bHeap_UpHeap(ctx, parentIdx);
        }
    }
}

static void bHeap_DownHeap(BHeap_Ctx* const ctx, const size_t nodeIdx) {
    if (ctx->size - 1 <= nodeIdx) {
        return;
    }

    const size_t leftIdx = 2 * (nodeIdx + 1) - 1;

    if (leftIdx < ctx->size) {
        const int leftResult = ctx->compare(&(ctx->node[nodeIdx].val), &(ctx->node[leftIdx].val));

        size_t swapTarget = leftResult < 0 ? BHEAP_INVALID_NODE : leftIdx;

        const size_t rightIdx = leftIdx + 1;

        if (rightIdx < ctx->size) {
            const int rightResult = ctx->compare(&(ctx->node[nodeIdx].val), &(ctx->node[rightIdx].val));

            if (swapTarget == BHEAP_INVALID_NODE) {
                if (0 < rightResult) {
                    swapTarget = rightIdx;
                }
            }
            else {
                if (0 < rightResult) {
                    const int rightLeftResult = ctx->compare(&(ctx->node[leftIdx].val), &(ctx->node[rightIdx].val));

                    if (0 < rightLeftResult) {
                        swapTarget = rightIdx;
                    }
                }
            }
        }

        if (swapTarget != BHEAP_INVALID_NODE) {
            bHeap_Swap(ctx, nodeIdx, swapTarget);

            bHeap_DownHeap(ctx, swapTarget);
        }
    }
}

static void bHeap_Add(BHeap_Ctx* const ctx, const BHEAP_VAL_TYPE val) {
    ctx->node[ctx->size].val = val;

    ctx->size++;

    if (ctx->notifyNodeChange != NULL) {
        const size_t node = ctx->size - 1;
        ctx->notifyNodeChange(ctx, 1, &node);
    }

    bHeap_UpHeap(ctx, ctx->size - 1);
}

static void bHeap_RemoveTop(BHeap_Ctx* const ctx) {
    if (ctx->size == 0) {
        return;
    }

    if (ctx->size == 1) {
        ctx->size--;
        return;
    }

    ctx->node[0].val = ctx->node[ctx->size - 1].val;

    if (ctx->notifyNodeChange != NULL) {
        const size_t node = 0;
        ctx->notifyNodeChange(ctx, 1, &node);
    }

    ctx->size--;

    bHeap_DownHeap(ctx, 0);
}

static void bHeap_RemoveNode(BHeap_Ctx* const ctx, const size_t node) {
    if (node == ctx->size - 1) {
        ctx->size--;
    }
    else {
        ctx->node[node].val = ctx->node[ctx->size - 1].val;

        ctx->size--;

        if (ctx->notifyNodeChange != NULL) {
            ctx->notifyNodeChange(ctx, 1, &node);
        }

        bHeap_DownHeap(ctx, node);
        bHeap_UpHeap(ctx, node);
    }
}

static BHEAP_VAL_TYPE* bHeap_GetTopVal(const BHeap_Ctx* const ctx) {
    return ctx->size == 0 ? NULL : &(ctx->node[0].val);
}

typedef struct {
    uint64_t cnt;
    size_t* child;
    size_t numChild;
    size_t maxNumChild;
} Tree_Node;

#define TREE_INIT_ALLOC (128)

static Tree_Node tree_Node[200000];

static void tree_Init(const uint64_t N) {
    for (uint64_t i = 0; i < N; i++) {
        tree_Node[i].cnt = 0;
        tree_Node[i].numChild = 0;
        tree_Node[i].child = malloc(sizeof(size_t) * TREE_INIT_ALLOC);
        tree_Node[i].maxNumChild = TREE_INIT_ALLOC;
    }
}

static void tree_AddChild(const size_t parent, const size_t child) {
    if (tree_Node[parent].maxNumChild <= tree_Node[parent].numChild) {
        tree_Node[parent].child = realloc(tree_Node[parent].child, sizeof(size_t) * tree_Node[parent].maxNumChild * 2);
        tree_Node[parent].maxNumChild *= 2;
    }

    tree_Node[parent].child[tree_Node[parent].numChild] = child;
    tree_Node[parent].numChild++;
}

static BHeap_Node BN_Asc[200000];
static BHeap_Node BN_Desc[200000];

static int _bHeap_Compare_Asc(const BHEAP_VAL_TYPE* parent, const BHEAP_VAL_TYPE* node) {
    return parent->val <= node->val ? -1 : 1;
}

static int _bHeap_Compare_Desc(const BHEAP_VAL_TYPE* parent, const BHEAP_VAL_TYPE* node) {
    return parent->val >= node->val ? -1 : 1;
}

static size_t PBHeap_Asc_Idx[200000];
static size_t PBHeap_Desc_Idx[200000];

static void _bHeap_NotifyNodeChange_Asc(const BHeap_Ctx* const ctx, const size_t nodeListSize, const size_t* const nodeList) {
    for (size_t i = 0; i < nodeListSize; i++) {
        PBHeap_Asc_Idx[ctx->node[nodeList[i]].val.val] = nodeList[i];
    }
}

static void _bHeap_NotifyNodeChange_Desc(const BHeap_Ctx* const ctx, const size_t nodeListSize, const size_t* const nodeList) {
    for (size_t i = 0; i < nodeListSize; i++) {
        PBHeap_Desc_Idx[ctx->node[nodeList[i]].val.val] = nodeList[i];
    }
}

#define MOD_VAL (UINT64_C(1000000007))

static size_t cnt[100000];

int main(void) {
    uint64_t N;

    scanf(""%""PRIu64, &N);

    for (uint64_t i = 0; i < N; i++) {
        cnt[i] = 0;
    }

    for (uint64_t i = 0; i < N; i++) {
        uint64_t A;
        scanf(""%""PRIu64, &A);

        cnt[A]++;
    }

    if (N % 2 == 0) {
        for (uint64_t i = 0; i < N; i++) {
            if (i % 2 == 0) {
                if (cnt[i] != 0) {
                    puts(""0"");
                    return 0;
                }
            }
            else {
                if (cnt[i] != 2) {
                    puts(""0"");
                    return 0;
                }
            }
        }
    }
    else {
        for (uint64_t i = 0; i < N; i++) {
            if (i == 0) {
                if (cnt[i] != 1) {
                    puts(""0"");
                    return 0;
                }
            }
            else if (i % 2 == 0) {
                if (cnt[i] != 2) {
                    puts(""0"");
                    return 0;
                }
            }
            else {
                if (cnt[i] != 0) {
                    puts(""0"");
                    return 0;
                }
            }
        }
    }

    printf(""%""PRIu64""\n"", powU64WMod(2, N / 2, MOD_VAL));

    return 0;
}
```

Assembly Code:

```assembly

```

Only output the optimized assembly code. Do not include any other text. Do not write any comments in the assembly code. Wrap the assembly code in ```assembly``` tags.
Optimized Assembly Code:
","Given the following C code, your task is to generate highly optimized x86-64 assembly code.
C Code:

```c
#include <stdbool.h>
#include <stdio.h>
#include <stdlib.h>
#include <inttypes.h>
#include <ctype.h>
#include <stdint.h>
#include <string.h>
#include <wchar.h>
#include <math.h>

#define N_MAX (100)
#define P_MAX (100)
#define DP_ARRAY_SIZE (N_MAX * P_MAX / 32 + 1)

#define MIN(a, b) ((a) < (b) ? (a) : (b))
#define MAX(a, b) ((a) > (b) ? (a) : (b))
#define ABS(a) ((a) < 0 ? -(a) : (a))
#define ABSS(a, b) ((a) > (b) ? (a) - (b) : (b) - (a))
#define SWAP(type, a, b) { const type tmp = a; a = b; b = tmp; }

int compare_sz_asc(const void* a, const void* b) {
    return *((size_t*)a) < *((size_t*)b) ? -1 : 1;
}

int compare_sz_desc(const void* a, const void* b) {
    return *((size_t*)a) > * ((size_t*)b) ? -1 : 1;
}

int compare_i64_asc(const void* a, const void* b) {
    return *((int64_t*)a) < *((int64_t*)b) ? -1 : 1;
}

int compare_i64_desc(const void* a, const void* b) {
    return *((int64_t*)a) > * ((int64_t*)b) ? -1 : 1;
}

int compare_u64_asc(const void* a, const void* b) {
    return *((uint64_t*)a) < *((uint64_t*)b) ? -1 : 1;
}

int compare_u64_desc(const void* a, const void* b) {
    return *((uint64_t*)a) > * ((uint64_t*)b) ? -1 : 1;
}

int compare_c_asc(const void* a, const void* b) {
    return *((char*)a) < *((char*)b) ? -1 : 1;
}

int compare_c_desc(const void* a, const void* b) {
    return *((char*)a) > * ((char*)b) ? -1 : 1;
}

int compare_dp_asc(const void* a, const void* b) {
    return *((double*)a) < *((double*)b) ? -1 : 1;
}

static uint64_t modinvU64(const uint64_t a, const uint64_t m) {
    int64_t aa = (int64_t)a;
    const int64_t mm = (int64_t)m;
    int64_t b = mm;
    int64_t u = 1;
    int64_t v = 0;

    while (b != 0) {
        const int64_t t = aa / b;

        aa -= t * b;
        SWAP(uint64_t, aa, b);
        u -= t * v;
        SWAP(uint64_t, u, v);
    }

    u %= mm;
    if (u < 0) {
        u += m;
    }

    return (uint64_t)u;
}

static size_t powSz(const size_t base, const size_t exp) {
    if (exp == 0) {
        return 1;
    }

    if (exp == 1) {
        return base;
    }

    if (exp % 2 == 0) {
        return powSz(base * base, exp / 2);
    }
    else {
        return base * powSz(base, exp - 1);
    }
}

static uint64_t powU64(const uint64_t base, const uint64_t exp) {
    if (exp == 0) {
        return 1;
    }

    if (exp == 1) {
        return base;
    }

    if (exp % 2 == 0) {
        return powU64(base * base, exp / 2);
    }
    else {
        return base * powU64(base, exp - 1);
    }
}

static uint64_t powU64WMod(const uint64_t base, const uint64_t exp, const uint64_t m) {
    if (exp == 0) {
        return 1;
    }

    if (exp == 1) {
        return base % m;
    }

    if (exp % 2 == 0) {
        return powU64WMod(base * base % m, exp / 2, m);
    }
    else {
        return base * powU64WMod(base, exp - 1, m) % m;
    }
}

static size_t comb(const size_t n, const size_t r) {
    size_t result = 1;

    for (size_t i = 0; i < r; i++) {
        result *= n - i;
        result /= i + 1;
    }

    return result;
}

static uint64_t combU64(const uint64_t n, const uint64_t r) {
    uint64_t result = 1;

    for (uint64_t i = 0; i < r; i++) {
        result *= n - i;
        result /= i + 1;
    }

    return result;
}

static uint64_t combU64WMod(const uint64_t n, const uint64_t r, const uint64_t m) {
    uint64_t result = 1;

    for (uint64_t i = 0; i < r; i++) {
        result = result * (n - i) % m;
        result = result * modinvU64(i + 1, m) % m;
    }

    return result;
}

static uint64_t permU64WMod(const uint64_t n, const uint64_t m) {
    uint64_t result = 1;

    for (uint64_t v = 2; v <= n; v++) {
        result *= v;
        result %= m;
    }

    return result;
}

static size_t gcdZu(size_t m, size_t n) {
    size_t temp;

    while (m % n != 0) {
        temp = n;
        n = m % n;
        m = temp;
    }

    return n;
}

static uint64_t gcdU64(uint64_t m, uint64_t n)
{
    uint64_t temp;

    while (m % n != 0) {
        temp = n;
        n = m % n;
        m = temp;
    }

    return n;
}

typedef struct {
    uint64_t val;
}BHeap_Val;

#define BHEAP_VAL_TYPE BHeap_Val

#define BHEAP_INVALID_NODE ((size_t)100000000)

typedef struct {
    BHEAP_VAL_TYPE val;
} BHeap_Node;


struct _BHeap_Ctx {
    size_t size;
    int (*compare)(const BHEAP_VAL_TYPE* parent, const BHEAP_VAL_TYPE* node);
    void(*notifyNodeChange)(const struct _BHeap_Ctx* const ctx, const size_t nodeListSize, const size_t* const nodeList);
    BHeap_Node* node;
};

typedef struct _BHeap_Ctx BHeap_Ctx;

static void bHeap_Init(BHeap_Ctx* const ctx, int(*compare)(const BHEAP_VAL_TYPE* parent, const BHEAP_VAL_TYPE* node), void(*notifyNodeChange)(const BHeap_Ctx* const ctx, const size_t nodeListSize, const size_t* const nodeList), BHeap_Node* const nodes) {
    ctx->size = 0;
    ctx->compare = compare;
    ctx->notifyNodeChange = notifyNodeChange;
    ctx->node = nodes;
}

static void bHeap_Swap(BHeap_Ctx* const ctx, const size_t node0, const size_t node1) {
    const BHEAP_VAL_TYPE tmp = ctx->node[node0].val;
    ctx->node[node0].val = ctx->node[node1].val;
    ctx->node[node1].val = tmp;

    if (ctx->notifyNodeChange != NULL) {
        const size_t nodeList[2] = { node0,node1 };
        ctx->notifyNodeChange(ctx, 2, nodeList);
    }
}

static void bHeap_UpHeap(BHeap_Ctx* const ctx, const size_t nodeIdx) {
    if (nodeIdx == 0) {
        return;
    }

    const size_t parentIdx = (nodeIdx + 1) / 2 - 1;

    const int compareResult = ctx->compare(&(ctx->node[parentIdx].val), &(ctx->node[nodeIdx].val));

    if (0 < compareResult) {
        bHeap_Swap(ctx, nodeIdx, parentIdx);

        if (parentIdx != 0) {
            bHeap_UpHeap(ctx, parentIdx);
        }
    }
}

static void bHeap_DownHeap(BHeap_Ctx* const ctx, const size_t nodeIdx) {
    if (ctx->size - 1 <= nodeIdx) {
        return;
    }

    const size_t leftIdx = 2 * (nodeIdx + 1) - 1;

    if (leftIdx < ctx->size) {
        const int leftResult = ctx->compare(&(ctx->node[nodeIdx].val), &(ctx->node[leftIdx].val));

        size_t swapTarget = leftResult < 0 ? BHEAP_INVALID_NODE : leftIdx;

        const size_t rightIdx = leftIdx + 1;

        if (rightIdx < ctx->size) {
            const int rightResult = ctx->compare(&(ctx->node[nodeIdx].val), &(ctx->node[rightIdx].val));

            if (swapTarget == BHEAP_INVALID_NODE) {
                if (0 < rightResult) {
                    swapTarget = rightIdx;
                }
            }
            else {
                if (0 < rightResult) {
                    const int rightLeftResult = ctx->compare(&(ctx->node[leftIdx].val), &(ctx->node[rightIdx].val));

                    if (0 < rightLeftResult) {
                        swapTarget = rightIdx;
                    }
                }
            }
        }

        if (swapTarget != BHEAP_INVALID_NODE) {
            bHeap_Swap(ctx, nodeIdx, swapTarget);

            bHeap_DownHeap(ctx, swapTarget);
        }
    }
}

static void bHeap_Add(BHeap_Ctx* const ctx, const BHEAP_VAL_TYPE val) {
    ctx->node[ctx->size].val = val;

    ctx->size++;

    if (ctx->notifyNodeChange != NULL) {
        const size_t node = ctx->size - 1;
        ctx->notifyNodeChange(ctx, 1, &node);
    }

    bHeap_UpHeap(ctx, ctx->size - 1);
}

static void bHeap_RemoveTop(BHeap_Ctx* const ctx) {
    if (ctx->size == 0) {
        return;
    }

    if (ctx->size == 1) {
        ctx->size--;
        return;
    }

    ctx->node[0].val = ctx->node[ctx->size - 1].val;

    if (ctx->notifyNodeChange != NULL) {
        const size_t node = 0;
        ctx->notifyNodeChange(ctx, 1, &node);
    }

    ctx->size--;

    bHeap_DownHeap(ctx, 0);
}

static void bHeap_RemoveNode(BHeap_Ctx* const ctx, const size_t node) {
    if (node == ctx->size - 1) {
        ctx->size--;
    }
    else {
        ctx->node[node].val = ctx->node[ctx->size - 1].val;

        ctx->size--;

        if (ctx->notifyNodeChange != NULL) {
            ctx->notifyNodeChange(ctx, 1, &node);
        }

        bHeap_DownHeap(ctx, node);
        bHeap_UpHeap(ctx, node);
    }
}

static BHEAP_VAL_TYPE* bHeap_GetTopVal(const BHeap_Ctx* const ctx) {
    return ctx->size == 0 ? NULL : &(ctx->node[0].val);
}

typedef struct {
    uint64_t cnt;
    size_t* child;
    size_t numChild;
    size_t maxNumChild;
} Tree_Node;

#define TREE_INIT_ALLOC (128)

static Tree_Node tree_Node[200000];

static void tree_Init(const uint64_t N) {
    for (uint64_t i = 0; i < N; i++) {
        tree_Node[i].cnt = 0;
        tree_Node[i].numChild = 0;
        tree_Node[i].child = malloc(sizeof(size_t) * TREE_INIT_ALLOC);
        tree_Node[i].maxNumChild = TREE_INIT_ALLOC;
    }
}

static void tree_AddChild(const size_t parent, const size_t child) {
    if (tree_Node[parent].maxNumChild <= tree_Node[parent].numChild) {
        tree_Node[parent].child = realloc(tree_Node[parent].child, sizeof(size_t) * tree_Node[parent].maxNumChild * 2);
        tree_Node[parent].maxNumChild *= 2;
    }

    tree_Node[parent].child[tree_Node[parent].numChild] = child;
    tree_Node[parent].numChild++;
}

static BHeap_Node BN_Asc[200000];
static BHeap_Node BN_Desc[200000];

static int _bHeap_Compare_Asc(const BHEAP_VAL_TYPE* parent, const BHEAP_VAL_TYPE* node) {
    return parent->val <= node->val ? -1 : 1;
}

static int _bHeap_Compare_Desc(const BHEAP_VAL_TYPE* parent, const BHEAP_VAL_TYPE* node) {
    return parent->val >= node->val ? -1 : 1;
}

static size_t PBHeap_Asc_Idx[200000];
static size_t PBHeap_Desc_Idx[200000];

static void _bHeap_NotifyNodeChange_Asc(const BHeap_Ctx* const ctx, const size_t nodeListSize, const size_t* const nodeList) {
    for (size_t i = 0; i < nodeListSize; i++) {
        PBHeap_Asc_Idx[ctx->node[nodeList[i]].val.val] = nodeList[i];
    }
}

static void _bHeap_NotifyNodeChange_Desc(const BHeap_Ctx* const ctx, const size_t nodeListSize, const size_t* const nodeList) {
    for (size_t i = 0; i < nodeListSize; i++) {
        PBHeap_Desc_Idx[ctx->node[nodeList[i]].val.val] = nodeList[i];
    }
}

#define MOD_VAL (UINT64_C(1000000007))

static size_t cnt[100000];

int main(void) {
    uint64_t N;

    scanf(""%""PRIu64, &N);

    for (uint64_t i = 0; i < N; i++) {
        cnt[i] = 0;
    }

    for (uint64_t i = 0; i < N; i++) {
        uint64_t A;
        scanf(""%""PRIu64, &A);

        cnt[A]++;
    }

    if (N % 2 == 0) {
        for (uint64_t i = 0; i < N; i++) {
            if (i % 2 == 0) {
                if (cnt[i] != 0) {
                    puts(""0"");
                    return 0;
                }
            }
            else {
                if (cnt[i] != 2) {
                    puts(""0"");
                    return 0;
                }
            }
        }
    }
    else {
        for (uint64_t i = 0; i < N; i++) {
            if (i == 0) {
                if (cnt[i] != 1) {
                    puts(""0"");
                    return 0;
                }
            }
            else if (i % 2 == 0) {
                if (cnt[i] != 2) {
                    puts(""0"");
                    return 0;
                }
            }
            else {
                if (cnt[i] != 0) {
                    puts(""0"");
                    return 0;
                }
            }
        }
    }

    printf(""%""PRIu64""\n"", powU64WMod(2, N / 2, MOD_VAL));

    return 0;
}
```

Only output the optimized assembly code. Do not include any other text. Do not write any comments in the assembly code. Wrap the assembly code in ```assembly``` tags.
Optimized Assembly Code:
"
7,"/*
 * main.c
 *
 *  Created on: 2020/07/27
 *      Author: 113896
 */

#include <stdio.h>

int main() {

	int a, b, c;
	scanf(""%d%d%d"", &a, &b, &c);

	if (a < b && b < c) {
		printf(""Yes\n"");
	} else {
		printf(""No\n"");
	}

	return 0;
}

","[{""input"": ""1 6 8\n"", ""output"": ""Yes\n\n""}, {""input"": ""3 7 1\n"", ""output"": ""No\n\n""}, {""input"": ""1 6 9\n"", ""output"": ""Yes\n\n""}, {""input"": ""3 7 2\n"", ""output"": ""No\n\n""}, {""input"": ""1 9 9\n"", ""output"": ""No\n\n""}, {""input"": ""3 7 3\n"", ""output"": ""No\n\n""}, {""input"": ""1 9 2\n"", ""output"": ""No\n\n""}, {""input"": ""2 7 3\n"", ""output"": ""No\n\n""}, {""input"": ""1 6 2\n"", ""output"": ""No\n\n""}, {""input"": ""3 9 3\n"", ""output"": ""No\n\n""}]","Given the following C code and assembly code, your task is to generate highly optimized x86-64 assembly code.
C Code:

```c
/*
 * main.c
 *
 *  Created on: 2020/07/27
 *      Author: 113896
 */

#include <stdio.h>

int main() {

	int a, b, c;
	scanf(""%d%d%d"", &a, &b, &c);

	if (a < b && b < c) {
		printf(""Yes\n"");
	} else {
		printf(""No\n"");
	}

	return 0;
}
```

Assembly Code:

```assembly

```

Only output the optimized assembly code. Do not include any other text. Do not write any comments in the assembly code. Wrap the assembly code in ```assembly``` tags.
Optimized Assembly Code:
","Given the following C code, your task is to generate highly optimized x86-64 assembly code.
C Code:

```c
/*
 * main.c
 *
 *  Created on: 2020/07/27
 *      Author: 113896
 */

#include <stdio.h>

int main() {

	int a, b, c;
	scanf(""%d%d%d"", &a, &b, &c);

	if (a < b && b < c) {
		printf(""Yes\n"");
	} else {
		printf(""No\n"");
	}

	return 0;
}
```

Only output the optimized assembly code. Do not include any other text. Do not write any comments in the assembly code. Wrap the assembly code in ```assembly``` tags.
Optimized Assembly Code:
"
8,"#include <stdio.h>
#include <string.h>
#include <stdlib.h>
#include <math.h>
#include <stdbool.h>
#define LL long long
#define INF 1<<31-1
#define MIN(x,y) ((x)<(y)?(x):(y))
#define MAX(x,y) ((x)<(y)?(y):(x))
#define FOR(i,a,n) for(i=a;i<n;i++)
#define MOD 1000000007
#define NUM 100001

void swap(int* a,int* b){int tmp=*a;*a=*b;*b=tmp;}
int GCD(int a,int b){int c=1,tmp=MAX(a,b);b=MIN(a,b);a=tmp;while(c!=0){c=a%b;a=b;b=c;}return a;}
int LCM(int a,int b){return a*b/GCD(a,b);}
int POW(LL a,LL n){LL ans=1;while(n>0){if(n&1)ans=ans*a%MOD;a=a*a%MOD;n>>=1;}return (int)ans;}
int icmp(const void* a,const void* b){return *(int*)a-*(int*)b;}
int ccmp(const void* a,const void* b){return *(char*)a-*(char*)b;}
int scmp(const void* a,const void* b){return strcmp(*(char**)a,*(char**)b);}
LL fac[NUM],finv[NUM],inv[NUM];
void comi(){int i;fac[0]=fac[1]=1;finv[0]=finv[1]=1;inv[1]=1;FOR(i,2,NUM){fac[i]=fac[i-1]*i%MOD;inv[i]=MOD-inv[MOD%i]*(MOD/i)%MOD;finv[i]=finv[i-1]*inv[i]%MOD;}}
int com(int n,int k){if(n<k||n<0||k<0)return 0;return fac[n]*(finv[k]*finv[n-k]%MOD)%MOD;}

typedef struct{int s,e,c;}Edge;
int par[NUM];
int UF(){for(int i=0;i<NUM;i++)par[i]=-1;}
int Root(int x){if(par[x]<0)return x;else return par[x]=Root(par[x]);}
int Size(int x){return -par[Root(x)];}
bool Same(int x,int y){return Root(x)==Root(y);}
void Unite(int x,int y){x=Root(x);y=Root(y);if(x!=y){if(Size(x)<Size(y))swap(&x,&y);par[x]+=par[y];par[y]=x;}}
int cmpc(const void* a,const void* b){return ((Edge*)a)->c-((Edge*)b)->c;}
int Kruscal(Edge* edge,int n){int i,ans=0;Edge e;qsort(edge,n,sizeof(Edge),cmpc);UF();FOR(i,0,n){e=edge[i];if(!Same(e.s,e.e)){Unite(e.s,e.e);ans+=e.c;}}return ans;}


int main(){
  int A,B,K,i,j,a=0,g,ans=0;
  scanf(""%d%d%d"",&A,&B,&K);
	g=GCD(A,B);
	FOR(i,1,g+1){
		if(g%i==0)a++;
		if(a==K){
			ans=g/i;
			break;
		}
	}

  printf(""%d\n"",ans);
	return 0;
}
","[{""input"": ""100 50 2\n"", ""output"": ""25\n\n""}, {""input"": ""16 12 2\n"", ""output"": ""2\n\n""}, {""input"": ""12 12 2\n"", ""output"": ""6\n\n""}, {""input"": ""100 45 2\n"", ""output"": ""1\n\n""}, {""input"": ""27 12 1\n"", ""output"": ""3\n\n""}, {""input"": ""16 24 1\n"", ""output"": ""8\n\n""}, {""input"": ""110 50 2\n"", ""output"": ""5\n\n""}, {""input"": ""12 12 3\n"", ""output"": ""4\n\n""}, {""input"": ""27 18 1\n"", ""output"": ""9\n\n""}, {""input"": ""100 50 3\n"", ""output"": ""10\n\n""}]","Given the following C code and assembly code, your task is to generate highly optimized x86-64 assembly code.
C Code:

```c
#include <stdio.h>
#include <string.h>
#include <stdlib.h>
#include <math.h>
#include <stdbool.h>
#define LL long long
#define INF 1<<31-1
#define MIN(x,y) ((x)<(y)?(x):(y))
#define MAX(x,y) ((x)<(y)?(y):(x))
#define FOR(i,a,n) for(i=a;i<n;i++)
#define MOD 1000000007
#define NUM 100001

void swap(int* a,int* b){int tmp=*a;*a=*b;*b=tmp;}
int GCD(int a,int b){int c=1,tmp=MAX(a,b);b=MIN(a,b);a=tmp;while(c!=0){c=a%b;a=b;b=c;}return a;}
int LCM(int a,int b){return a*b/GCD(a,b);}
int POW(LL a,LL n){LL ans=1;while(n>0){if(n&1)ans=ans*a%MOD;a=a*a%MOD;n>>=1;}return (int)ans;}
int icmp(const void* a,const void* b){return *(int*)a-*(int*)b;}
int ccmp(const void* a,const void* b){return *(char*)a-*(char*)b;}
int scmp(const void* a,const void* b){return strcmp(*(char**)a,*(char**)b);}
LL fac[NUM],finv[NUM],inv[NUM];
void comi(){int i;fac[0]=fac[1]=1;finv[0]=finv[1]=1;inv[1]=1;FOR(i,2,NUM){fac[i]=fac[i-1]*i%MOD;inv[i]=MOD-inv[MOD%i]*(MOD/i)%MOD;finv[i]=finv[i-1]*inv[i]%MOD;}}
int com(int n,int k){if(n<k||n<0||k<0)return 0;return fac[n]*(finv[k]*finv[n-k]%MOD)%MOD;}

typedef struct{int s,e,c;}Edge;
int par[NUM];
int UF(){for(int i=0;i<NUM;i++)par[i]=-1;}
int Root(int x){if(par[x]<0)return x;else return par[x]=Root(par[x]);}
int Size(int x){return -par[Root(x)];}
bool Same(int x,int y){return Root(x)==Root(y);}
void Unite(int x,int y){x=Root(x);y=Root(y);if(x!=y){if(Size(x)<Size(y))swap(&x,&y);par[x]+=par[y];par[y]=x;}}
int cmpc(const void* a,const void* b){return ((Edge*)a)->c-((Edge*)b)->c;}
int Kruscal(Edge* edge,int n){int i,ans=0;Edge e;qsort(edge,n,sizeof(Edge),cmpc);UF();FOR(i,0,n){e=edge[i];if(!Same(e.s,e.e)){Unite(e.s,e.e);ans+=e.c;}}return ans;}


int main(){
  int A,B,K,i,j,a=0,g,ans=0;
  scanf(""%d%d%d"",&A,&B,&K);
	g=GCD(A,B);
	FOR(i,1,g+1){
		if(g%i==0)a++;
		if(a==K){
			ans=g/i;
			break;
		}
	}

  printf(""%d\n"",ans);
	return 0;
}
```

Assembly Code:

```assembly

```

Only output the optimized assembly code. Do not include any other text. Do not write any comments in the assembly code. Wrap the assembly code in ```assembly``` tags.
Optimized Assembly Code:
","Given the following C code, your task is to generate highly optimized x86-64 assembly code.
C Code:

```c
#include <stdio.h>
#include <string.h>
#include <stdlib.h>
#include <math.h>
#include <stdbool.h>
#define LL long long
#define INF 1<<31-1
#define MIN(x,y) ((x)<(y)?(x):(y))
#define MAX(x,y) ((x)<(y)?(y):(x))
#define FOR(i,a,n) for(i=a;i<n;i++)
#define MOD 1000000007
#define NUM 100001

void swap(int* a,int* b){int tmp=*a;*a=*b;*b=tmp;}
int GCD(int a,int b){int c=1,tmp=MAX(a,b);b=MIN(a,b);a=tmp;while(c!=0){c=a%b;a=b;b=c;}return a;}
int LCM(int a,int b){return a*b/GCD(a,b);}
int POW(LL a,LL n){LL ans=1;while(n>0){if(n&1)ans=ans*a%MOD;a=a*a%MOD;n>>=1;}return (int)ans;}
int icmp(const void* a,const void* b){return *(int*)a-*(int*)b;}
int ccmp(const void* a,const void* b){return *(char*)a-*(char*)b;}
int scmp(const void* a,const void* b){return strcmp(*(char**)a,*(char**)b);}
LL fac[NUM],finv[NUM],inv[NUM];
void comi(){int i;fac[0]=fac[1]=1;finv[0]=finv[1]=1;inv[1]=1;FOR(i,2,NUM){fac[i]=fac[i-1]*i%MOD;inv[i]=MOD-inv[MOD%i]*(MOD/i)%MOD;finv[i]=finv[i-1]*inv[i]%MOD;}}
int com(int n,int k){if(n<k||n<0||k<0)return 0;return fac[n]*(finv[k]*finv[n-k]%MOD)%MOD;}

typedef struct{int s,e,c;}Edge;
int par[NUM];
int UF(){for(int i=0;i<NUM;i++)par[i]=-1;}
int Root(int x){if(par[x]<0)return x;else return par[x]=Root(par[x]);}
int Size(int x){return -par[Root(x)];}
bool Same(int x,int y){return Root(x)==Root(y);}
void Unite(int x,int y){x=Root(x);y=Root(y);if(x!=y){if(Size(x)<Size(y))swap(&x,&y);par[x]+=par[y];par[y]=x;}}
int cmpc(const void* a,const void* b){return ((Edge*)a)->c-((Edge*)b)->c;}
int Kruscal(Edge* edge,int n){int i,ans=0;Edge e;qsort(edge,n,sizeof(Edge),cmpc);UF();FOR(i,0,n){e=edge[i];if(!Same(e.s,e.e)){Unite(e.s,e.e);ans+=e.c;}}return ans;}


int main(){
  int A,B,K,i,j,a=0,g,ans=0;
  scanf(""%d%d%d"",&A,&B,&K);
	g=GCD(A,B);
	FOR(i,1,g+1){
		if(g%i==0)a++;
		if(a==K){
			ans=g/i;
			break;
		}
	}

  printf(""%d\n"",ans);
	return 0;
}
```

Only output the optimized assembly code. Do not include any other text. Do not write any comments in the assembly code. Wrap the assembly code in ```assembly``` tags.
Optimized Assembly Code:
"
9,"#include<stdio.h>

#include<string.h>

int main(void){

int num,i,count,sum;

char number[1001];

char*str;

while(1){

scanf(""%s"",number);

i=0;

sum=0;

str=&number;

count=(int)strlen(str);

if(number[0]=='0'){

if(count==1){

break;

}

}

while(i<count){

num=number[i]-'0';

sum=sum+num;

i++;

}

printf(""%d\n"",sum);

}

return 0;

}","[{""input"": ""123\n55\n1001\n0\n"", ""output"": ""6\n10\n2\n\n""}, {""input"": ""123\n69\n1000\n0\n"", ""output"": ""6\n15\n1\n\n""}, {""input"": ""123\n69\n1010\n0\n"", ""output"": ""6\n15\n2\n\n""}, {""input"": ""123\n69\n1110\n0\n"", ""output"": ""6\n15\n3\n\n""}, {""input"": ""123\n55\n0001\n0\n"", ""output"": ""6\n10\n1\n\n""}, {""input"": ""123\n55\n1101\n0\n"", ""output"": ""6\n10\n3\n\n""}, {""input"": ""123\n69\n1111\n0\n"", ""output"": ""6\n15\n4\n\n""}, {""input"": ""123\n23\n1001\n0\n"", ""output"": ""6\n5\n2\n\n""}, {""input"": ""123\n65\n0001\n0\n"", ""output"": ""6\n11\n1\n\n""}, {""input"": ""123\n151\n1101\n0\n"", ""output"": ""6\n7\n3\n\n""}]","Given the following C code and assembly code, your task is to generate highly optimized x86-64 assembly code.
C Code:

```c
#include<stdio.h>

#include<string.h>

int main(void){

int num,i,count,sum;

char number[1001];

char*str;

while(1){

scanf(""%s"",number);

i=0;

sum=0;

str=&number;

count=(int)strlen(str);

if(number[0]=='0'){

if(count==1){

break;

}

}

while(i<count){

num=number[i]-'0';

sum=sum+num;

i++;

}

printf(""%d\n"",sum);

}

return 0;

}
```

Assembly Code:

```assembly

```

Only output the optimized assembly code. Do not include any other text. Do not write any comments in the assembly code. Wrap the assembly code in ```assembly``` tags.
Optimized Assembly Code:
","Given the following C code, your task is to generate highly optimized x86-64 assembly code.
C Code:

```c
#include<stdio.h>

#include<string.h>

int main(void){

int num,i,count,sum;

char number[1001];

char*str;

while(1){

scanf(""%s"",number);

i=0;

sum=0;

str=&number;

count=(int)strlen(str);

if(number[0]=='0'){

if(count==1){

break;

}

}

while(i<count){

num=number[i]-'0';

sum=sum+num;

i++;

}

printf(""%d\n"",sum);

}

return 0;

}
```

Only output the optimized assembly code. Do not include any other text. Do not write any comments in the assembly code. Wrap the assembly code in ```assembly``` tags.
Optimized Assembly Code:
"
10,"#include<stdio.h>


int main(){
int n,a;

scanf(""%d%d"",&n,&a);

printf(""%d"",n*n-a);



    return(0);
}","[{""input"": ""3\n2\n"", ""output"": ""7\n\n""}, {""input"": ""19\n110\n"", ""output"": ""251\n\n""}, {""input"": ""10\n-1\n"", ""output"": ""101\n\n""}, {""input"": ""3\n3\n"", ""output"": ""6\n\n""}, {""input"": ""10\n1\n"", ""output"": ""99\n\n""}, {""input"": ""3\n0\n"", ""output"": ""9\n\n""}, {""input"": ""10\n2\n"", ""output"": ""98\n\n""}, {""input"": ""3\n1\n"", ""output"": ""8\n\n""}, {""input"": ""10\n-2\n"", ""output"": ""102\n\n""}, {""input"": ""3\n6\n"", ""output"": ""3\n\n""}]","Given the following C code and assembly code, your task is to generate highly optimized x86-64 assembly code.
C Code:

```c
#include<stdio.h>


int main(){
int n,a;

scanf(""%d%d"",&n,&a);

printf(""%d"",n*n-a);



    return(0);
}
```

Assembly Code:

```assembly

```

Only output the optimized assembly code. Do not include any other text. Do not write any comments in the assembly code. Wrap the assembly code in ```assembly``` tags.
Optimized Assembly Code:
","Given the following C code, your task is to generate highly optimized x86-64 assembly code.
C Code:

```c
#include<stdio.h>


int main(){
int n,a;

scanf(""%d%d"",&n,&a);

printf(""%d"",n*n-a);



    return(0);
}
```

Only output the optimized assembly code. Do not include any other text. Do not write any comments in the assembly code. Wrap the assembly code in ```assembly``` tags.
Optimized Assembly Code:
"
11,"#include<stdio.h>
int n;
int G[101][101];
int A[101];
int flag[101];
void mst(int s){
  int i;
  int nx=-1,ct=10000000;
  int a = 0;
  for(i=0;i<n;i++){
    if(G[s][i]==-1) continue;
    else if(G[s][i] < A[i] && flag[i]==0) A[i] = G[s][i];
  }
  
  for(i=1;i<n;i++){
    if(flag[i]==1) continue;
    else{
      if(ct > A[i]){
	a = 1;
	ct = A[i];
	nx = i;
      }
    }
  }
  
  if(a){
    flag[nx] = 1;
    mst(nx);
  }
  
}
int main(){
  
  int i,j;
  
  scanf(""%d"",&n);
  for(i=1;i<n;i++) A[i] = 100000000;
  for(i=0;i<n;i++)
    for(j=0;j<n;j++) scanf(""%d"",&G[i][j]);
  flag[0]=1;
  mst(0);
  int ans=0;
  for(i=0;i<n;i++){
    //printf(""%d\n"",A[i]);
    ans+=A[i];
  }
  printf(""%d\n"",ans);
  /*
  for(i=0;i<n;i++){
    for(j=0;j<n;j++){
      if(G[i][j]==-1) printf("" 0"");
      else printf(""%2d"",G[i][j]);
    }
    printf(""\n"");
  }
  */
  return 0;
}

","[{""input"": ""5\n -1 2 3 1 -1\n 2 -1 -1 4 -1\n 3 -1 -1 1 1\n 1 4 1 -1 3\n -1 -1 1 3 -1\n"", ""output"": ""5\n""}]","Given the following C code and assembly code, your task is to generate highly optimized x86-64 assembly code.
C Code:

```c
#include<stdio.h>
int n;
int G[101][101];
int A[101];
int flag[101];
void mst(int s){
  int i;
  int nx=-1,ct=10000000;
  int a = 0;
  for(i=0;i<n;i++){
    if(G[s][i]==-1) continue;
    else if(G[s][i] < A[i] && flag[i]==0) A[i] = G[s][i];
  }
  
  for(i=1;i<n;i++){
    if(flag[i]==1) continue;
    else{
      if(ct > A[i]){
	a = 1;
	ct = A[i];
	nx = i;
      }
    }
  }
  
  if(a){
    flag[nx] = 1;
    mst(nx);
  }
  
}
int main(){
  
  int i,j;
  
  scanf(""%d"",&n);
  for(i=1;i<n;i++) A[i] = 100000000;
  for(i=0;i<n;i++)
    for(j=0;j<n;j++) scanf(""%d"",&G[i][j]);
  flag[0]=1;
  mst(0);
  int ans=0;
  for(i=0;i<n;i++){
    //printf(""%d\n"",A[i]);
    ans+=A[i];
  }
  printf(""%d\n"",ans);
  /*
  for(i=0;i<n;i++){
    for(j=0;j<n;j++){
      if(G[i][j]==-1) printf("" 0"");
      else printf(""%2d"",G[i][j]);
    }
    printf(""\n"");
  }
  */
  return 0;
}
```

Assembly Code:

```assembly

```

Only output the optimized assembly code. Do not include any other text. Do not write any comments in the assembly code. Wrap the assembly code in ```assembly``` tags.
Optimized Assembly Code:
","Given the following C code, your task is to generate highly optimized x86-64 assembly code.
C Code:

```c
#include<stdio.h>
int n;
int G[101][101];
int A[101];
int flag[101];
void mst(int s){
  int i;
  int nx=-1,ct=10000000;
  int a = 0;
  for(i=0;i<n;i++){
    if(G[s][i]==-1) continue;
    else if(G[s][i] < A[i] && flag[i]==0) A[i] = G[s][i];
  }
  
  for(i=1;i<n;i++){
    if(flag[i]==1) continue;
    else{
      if(ct > A[i]){
	a = 1;
	ct = A[i];
	nx = i;
      }
    }
  }
  
  if(a){
    flag[nx] = 1;
    mst(nx);
  }
  
}
int main(){
  
  int i,j;
  
  scanf(""%d"",&n);
  for(i=1;i<n;i++) A[i] = 100000000;
  for(i=0;i<n;i++)
    for(j=0;j<n;j++) scanf(""%d"",&G[i][j]);
  flag[0]=1;
  mst(0);
  int ans=0;
  for(i=0;i<n;i++){
    //printf(""%d\n"",A[i]);
    ans+=A[i];
  }
  printf(""%d\n"",ans);
  /*
  for(i=0;i<n;i++){
    for(j=0;j<n;j++){
      if(G[i][j]==-1) printf("" 0"");
      else printf(""%2d"",G[i][j]);
    }
    printf(""\n"");
  }
  */
  return 0;
}
```

Only output the optimized assembly code. Do not include any other text. Do not write any comments in the assembly code. Wrap the assembly code in ```assembly``` tags.
Optimized Assembly Code:
"
12,"#include <stdio.h>

int main(void)
{
  char s[101];
  char t[101];

  scanf(""%s %s"", s, t);
  printf(""%s%s\n"", t, s);

  return 0;
}
","[{""input"": ""gumu humu\n"", ""output"": ""humugumu\n\n""}, {""input"": ""oder atb\n"", ""output"": ""atboder\n\n""}, {""input"": ""gumt humu\n"", ""output"": ""humugumt\n\n""}, {""input"": ""redo atb\n"", ""output"": ""atbredo\n\n""}, {""input"": ""gums humu\n"", ""output"": ""humugums\n\n""}, {""input"": ""redp atb\n"", ""output"": ""atbredp\n\n""}, {""input"": ""gums muhu\n"", ""output"": ""muhugums\n\n""}, {""input"": ""redp bta\n"", ""output"": ""btaredp\n\n""}, {""input"": ""gums luhu\n"", ""output"": ""luhugums\n\n""}, {""input"": ""redo bta\n"", ""output"": ""btaredo\n\n""}]","Given the following C code and assembly code, your task is to generate highly optimized x86-64 assembly code.
C Code:

```c
#include <stdio.h>

int main(void)
{
  char s[101];
  char t[101];

  scanf(""%s %s"", s, t);
  printf(""%s%s\n"", t, s);

  return 0;
}
```

Assembly Code:

```assembly

```

Only output the optimized assembly code. Do not include any other text. Do not write any comments in the assembly code. Wrap the assembly code in ```assembly``` tags.
Optimized Assembly Code:
","Given the following C code, your task is to generate highly optimized x86-64 assembly code.
C Code:

```c
#include <stdio.h>

int main(void)
{
  char s[101];
  char t[101];

  scanf(""%s %s"", s, t);
  printf(""%s%s\n"", t, s);

  return 0;
}
```

Only output the optimized assembly code. Do not include any other text. Do not write any comments in the assembly code. Wrap the assembly code in ```assembly``` tags.
Optimized Assembly Code:
"
13,"#include <stdio.h>
int main(void){
    int a, b;
    scanf(""%d %d"", &a, &b);
    printf(""%d %d\n"", a*b, 2*(a+b));
    return 0;
}
","[{""input"": ""0 5\n"", ""output"": ""0 10\n\n""}, {""input"": ""1 5\n"", ""output"": ""5 12\n\n""}, {""input"": ""1 3\n"", ""output"": ""3 8\n\n""}, {""input"": ""0 3\n"", ""output"": ""0 6\n\n""}, {""input"": ""0 1\n"", ""output"": ""0 2\n\n""}, {""input"": ""0 2\n"", ""output"": ""0 4\n\n""}, {""input"": ""0 4\n"", ""output"": ""0 8\n\n""}, {""input"": ""1 4\n"", ""output"": ""4 10\n\n""}, {""input"": ""2 4\n"", ""output"": ""8 12\n\n""}, {""input"": ""2 7\n"", ""output"": ""14 18\n\n""}]","Given the following C code and assembly code, your task is to generate highly optimized x86-64 assembly code.
C Code:

```c
#include <stdio.h>
int main(void){
    int a, b;
    scanf(""%d %d"", &a, &b);
    printf(""%d %d\n"", a*b, 2*(a+b));
    return 0;
}
```

Assembly Code:

```assembly

```

Only output the optimized assembly code. Do not include any other text. Do not write any comments in the assembly code. Wrap the assembly code in ```assembly``` tags.
Optimized Assembly Code:
","Given the following C code, your task is to generate highly optimized x86-64 assembly code.
C Code:

```c
#include <stdio.h>
int main(void){
    int a, b;
    scanf(""%d %d"", &a, &b);
    printf(""%d %d\n"", a*b, 2*(a+b));
    return 0;
}
```

Only output the optimized assembly code. Do not include any other text. Do not write any comments in the assembly code. Wrap the assembly code in ```assembly``` tags.
Optimized Assembly Code:
"
14,"#include <stdio.h>
int main(){
	int x;
	scanf(""%d"", &x);

	if(x < 30)
		printf(""No\n"");
	else
		printf(""Yes\n"");

	return 0;
}
","[{""input"": ""20\n"", ""output"": ""No\n\n""}, {""input"": ""44\n"", ""output"": ""Yes\n\n""}, {""input"": ""37\n"", ""output"": ""Yes\n\n""}, {""input"": ""78\n"", ""output"": ""Yes\n\n""}, {""input"": ""47\n"", ""output"": ""Yes\n\n""}, {""input"": ""91\n"", ""output"": ""Yes\n\n""}, {""input"": ""61\n"", ""output"": ""Yes\n\n""}, {""input"": ""26\n"", ""output"": ""No\n\n""}, {""input"": ""35\n"", ""output"": ""Yes\n\n""}, {""input"": ""23\n"", ""output"": ""No\n\n""}]","Given the following C code and assembly code, your task is to generate highly optimized x86-64 assembly code.
C Code:

```c
#include <stdio.h>
int main(){
	int x;
	scanf(""%d"", &x);

	if(x < 30)
		printf(""No\n"");
	else
		printf(""Yes\n"");

	return 0;
}
```

Assembly Code:

```assembly

```

Only output the optimized assembly code. Do not include any other text. Do not write any comments in the assembly code. Wrap the assembly code in ```assembly``` tags.
Optimized Assembly Code:
","Given the following C code, your task is to generate highly optimized x86-64 assembly code.
C Code:

```c
#include <stdio.h>
int main(){
	int x;
	scanf(""%d"", &x);

	if(x < 30)
		printf(""No\n"");
	else
		printf(""Yes\n"");

	return 0;
}
```

Only output the optimized assembly code. Do not include any other text. Do not write any comments in the assembly code. Wrap the assembly code in ```assembly``` tags.
Optimized Assembly Code:
"
15,"#include <stdio.h>

int main(void)
{
	int n;
	int i;
	int age;
	int than_ten, ten, twen, thir, four, fif, six;
	
	while (1){
		scanf(""%d"", &n);
		
		if (n == 0){
			break;
		}
		
		than_ten = ten = twen = thir = four = fif = six = 0;
		
		for (i = 0; i < n; i++){
			scanf(""%d"", &age);
			if (age >= 0 && age < 10){
				than_ten++;
			}
			else if (age < 20){
				ten++;
			}
			else if (age < 30){
				twen++;
			}
			else if (age < 40){
				thir++;
			}
			else if (age < 50){
				four++;
			}
			else if (age < 60){
				fif++;
			}
			else if (age >= 60){
				six++;
			}
		}
		
		printf(""%d\n%d\n%d\n%d\n%d\n%d\n%d\n"", than_ten, ten, twen, thir, four, fif, six);
		
	}
	
	return (0);
}","[{""input"": ""8\n71\n34\n65\n11\n41\n39\n3\n5\n4\n67\n81\n78\n65\n0\n"", ""output"": ""2\n1\n0\n2\n1\n0\n2\n0\n0\n0\n0\n0\n0\n4\n\n""}, {""input"": ""8\n71\n34\n65\n11\n12\n39\n6\n5\n4\n67\n81\n78\n65\n0\n"", ""output"": ""2\n2\n0\n2\n0\n0\n2\n0\n0\n0\n0\n0\n0\n4\n\n""}, {""input"": ""8\n71\n34\n65\n0\n41\n39\n3\n5\n4\n67\n81\n78\n65\n0\n"", ""output"": ""3\n0\n0\n2\n1\n0\n2\n0\n0\n0\n0\n0\n0\n4\n\n""}, {""input"": ""8\n71\n34\n65\n11\n12\n39\n6\n5\n4\n16\n81\n78\n65\n0\n"", ""output"": ""2\n2\n0\n2\n0\n0\n2\n0\n1\n0\n0\n0\n0\n3\n\n""}, {""input"": ""8\n71\n34\n65\n0\n41\n39\n3\n5\n4\n67\n81\n78\n21\n0\n"", ""output"": ""3\n0\n0\n2\n1\n0\n2\n0\n0\n1\n0\n0\n0\n3\n\n""}, {""input"": ""8\n71\n34\n65\n11\n1\n39\n6\n5\n4\n16\n81\n78\n65\n0\n"", ""output"": ""3\n1\n0\n2\n0\n0\n2\n0\n1\n0\n0\n0\n0\n3\n\n""}, {""input"": ""8\n71\n67\n65\n0\n41\n39\n3\n5\n4\n67\n81\n78\n21\n0\n"", ""output"": ""3\n0\n0\n1\n1\n0\n3\n0\n0\n1\n0\n0\n0\n3\n\n""}, {""input"": ""8\n71\n34\n65\n11\n37\n39\n6\n5\n4\n67\n81\n78\n65\n0\n"", ""output"": ""2\n1\n0\n3\n0\n0\n2\n0\n0\n0\n0\n0\n0\n4\n\n""}, {""input"": ""8\n71\n34\n65\n0\n41\n39\n3\n5\n4\n67\n13\n78\n21\n0\n"", ""output"": ""3\n0\n0\n2\n1\n0\n2\n0\n1\n1\n0\n0\n0\n2\n\n""}, {""input"": ""8\n71\n67\n65\n0\n41\n7\n3\n5\n4\n67\n81\n78\n21\n0\n"", ""output"": ""4\n0\n0\n0\n1\n0\n3\n0\n0\n1\n0\n0\n0\n3\n\n""}]","Given the following C code and assembly code, your task is to generate highly optimized x86-64 assembly code.
C Code:

```c
#include <stdio.h>

int main(void)
{
	int n;
	int i;
	int age;
	int than_ten, ten, twen, thir, four, fif, six;
	
	while (1){
		scanf(""%d"", &n);
		
		if (n == 0){
			break;
		}
		
		than_ten = ten = twen = thir = four = fif = six = 0;
		
		for (i = 0; i < n; i++){
			scanf(""%d"", &age);
			if (age >= 0 && age < 10){
				than_ten++;
			}
			else if (age < 20){
				ten++;
			}
			else if (age < 30){
				twen++;
			}
			else if (age < 40){
				thir++;
			}
			else if (age < 50){
				four++;
			}
			else if (age < 60){
				fif++;
			}
			else if (age >= 60){
				six++;
			}
		}
		
		printf(""%d\n%d\n%d\n%d\n%d\n%d\n%d\n"", than_ten, ten, twen, thir, four, fif, six);
		
	}
	
	return (0);
}
```

Assembly Code:

```assembly

```

Only output the optimized assembly code. Do not include any other text. Do not write any comments in the assembly code. Wrap the assembly code in ```assembly``` tags.
Optimized Assembly Code:
","Given the following C code, your task is to generate highly optimized x86-64 assembly code.
C Code:

```c
#include <stdio.h>

int main(void)
{
	int n;
	int i;
	int age;
	int than_ten, ten, twen, thir, four, fif, six;
	
	while (1){
		scanf(""%d"", &n);
		
		if (n == 0){
			break;
		}
		
		than_ten = ten = twen = thir = four = fif = six = 0;
		
		for (i = 0; i < n; i++){
			scanf(""%d"", &age);
			if (age >= 0 && age < 10){
				than_ten++;
			}
			else if (age < 20){
				ten++;
			}
			else if (age < 30){
				twen++;
			}
			else if (age < 40){
				thir++;
			}
			else if (age < 50){
				four++;
			}
			else if (age < 60){
				fif++;
			}
			else if (age >= 60){
				six++;
			}
		}
		
		printf(""%d\n%d\n%d\n%d\n%d\n%d\n%d\n"", than_ten, ten, twen, thir, four, fif, six);
		
	}
	
	return (0);
}
```

Only output the optimized assembly code. Do not include any other text. Do not write any comments in the assembly code. Wrap the assembly code in ```assembly``` tags.
Optimized Assembly Code:
"
16,"#include <stdio.h>

int main(void)
{
	int n;
	int a, v;
	int i;
	int max_num, max;
	
	scanf(""%d"", &n);
	
	scanf(""%d %d"", &a, &v);
	max_num = a;
	max = v;
	
	for (i = 1; i < n; i++){
		scanf(""%d %d"", &a, &v);
		
		if (max < v){
			max_num = a;
			max = v;
		}
		else if (max == v && max_num > a){
			max_num = a;
		}
		
	}
	printf(""%d %d\n"", max_num, max);
	
	return (0);
}","[{""input"": ""6\n1 14\n4 25\n3 42\n4 11\n5 40\n6 37\n"", ""output"": ""3 42\n\n""}, {""input"": ""6\n1 14\n4 25\n3 42\n4 11\n5 60\n6 37\n"", ""output"": ""5 60\n\n""}, {""input"": ""6\n1 14\n2 25\n3 81\n4 11\n5 40\n6 37\n"", ""output"": ""3 81\n\n""}, {""input"": ""6\n1 14\n4 25\n3 72\n4 11\n5 60\n6 37\n"", ""output"": ""3 72\n\n""}, {""input"": ""6\n1 14\n2 25\n3 63\n4 11\n5 40\n6 37\n"", ""output"": ""3 63\n\n""}, {""input"": ""6\n1 14\n2 25\n3 55\n4 11\n4 40\n6 59\n"", ""output"": ""6 59\n\n""}, {""input"": ""6\n1 14\n2 6\n3 3\n4 3\n5 40\n6 37\n"", ""output"": ""5 40\n\n""}, {""input"": ""6\n1 14\n2 25\n3 74\n4 11\n4 40\n6 59\n"", ""output"": ""3 74\n\n""}, {""input"": ""6\n1 14\n2 17\n3 131\n4 11\n4 61\n6 66\n"", ""output"": ""3 131\n\n""}, {""input"": ""6\n2 14\n2 6\n3 1\n4 3\n5 31\n6 37\n"", ""output"": ""6 37\n\n""}]","Given the following C code and assembly code, your task is to generate highly optimized x86-64 assembly code.
C Code:

```c
#include <stdio.h>

int main(void)
{
	int n;
	int a, v;
	int i;
	int max_num, max;
	
	scanf(""%d"", &n);
	
	scanf(""%d %d"", &a, &v);
	max_num = a;
	max = v;
	
	for (i = 1; i < n; i++){
		scanf(""%d %d"", &a, &v);
		
		if (max < v){
			max_num = a;
			max = v;
		}
		else if (max == v && max_num > a){
			max_num = a;
		}
		
	}
	printf(""%d %d\n"", max_num, max);
	
	return (0);
}
```

Assembly Code:

```assembly

```

Only output the optimized assembly code. Do not include any other text. Do not write any comments in the assembly code. Wrap the assembly code in ```assembly``` tags.
Optimized Assembly Code:
","Given the following C code, your task is to generate highly optimized x86-64 assembly code.
C Code:

```c
#include <stdio.h>

int main(void)
{
	int n;
	int a, v;
	int i;
	int max_num, max;
	
	scanf(""%d"", &n);
	
	scanf(""%d %d"", &a, &v);
	max_num = a;
	max = v;
	
	for (i = 1; i < n; i++){
		scanf(""%d %d"", &a, &v);
		
		if (max < v){
			max_num = a;
			max = v;
		}
		else if (max == v && max_num > a){
			max_num = a;
		}
		
	}
	printf(""%d %d\n"", max_num, max);
	
	return (0);
}
```

Only output the optimized assembly code. Do not include any other text. Do not write any comments in the assembly code. Wrap the assembly code in ```assembly``` tags.
Optimized Assembly Code:
"
17,"#include  <stdio.h>

int maxdiv(int x, int y){
    if(y == 0){
        return(x);
    }else{
        return(maxdiv(y, x % y));
    }
}

int main(void)
{
    int x, y;
    
    scanf(""%d"", &x);
    scanf(""%d"", &y);
    
    printf(""%d\n"", maxdiv(x, y));
    
    return 0;
}","[{""input"": ""86 20\n"", ""output"": ""2\n\n""}, {""input"": ""147 6\n"", ""output"": ""3\n\n""}, {""input"": ""9 20\n"", ""output"": ""1\n\n""}, {""input"": ""9 9\n"", ""output"": ""9\n\n""}, {""input"": ""268 8\n"", ""output"": ""4\n\n""}, {""input"": ""14 7\n"", ""output"": ""7\n\n""}, {""input"": ""8 24\n"", ""output"": ""8\n\n""}, {""input"": ""12 12\n"", ""output"": ""12\n\n""}, {""input"": ""624 18\n"", ""output"": ""6\n\n""}, {""input"": ""48 64\n"", ""output"": ""16\n\n""}]","Given the following C code and assembly code, your task is to generate highly optimized x86-64 assembly code.
C Code:

```c
#include  <stdio.h>

int maxdiv(int x, int y){
    if(y == 0){
        return(x);
    }else{
        return(maxdiv(y, x % y));
    }
}

int main(void)
{
    int x, y;
    
    scanf(""%d"", &x);
    scanf(""%d"", &y);
    
    printf(""%d\n"", maxdiv(x, y));
    
    return 0;
}
```

Assembly Code:

```assembly

```

Only output the optimized assembly code. Do not include any other text. Do not write any comments in the assembly code. Wrap the assembly code in ```assembly``` tags.
Optimized Assembly Code:
","Given the following C code, your task is to generate highly optimized x86-64 assembly code.
C Code:

```c
#include  <stdio.h>

int maxdiv(int x, int y){
    if(y == 0){
        return(x);
    }else{
        return(maxdiv(y, x % y));
    }
}

int main(void)
{
    int x, y;
    
    scanf(""%d"", &x);
    scanf(""%d"", &y);
    
    printf(""%d\n"", maxdiv(x, y));
    
    return 0;
}
```

Only output the optimized assembly code. Do not include any other text. Do not write any comments in the assembly code. Wrap the assembly code in ```assembly``` tags.
Optimized Assembly Code:
"
18,"#include<stdio.h>

int main(){
  int a;
  int num=0;
  int k;
  char s;
  char str[10000];
  int i;
  scanf(""%d"",&a);

  for(i=0;i<a;i++){
    scanf(""%s %d"",str,&k);
    if(str[1]==0){
      if(str[0]=='(') num+=k;
      else if(str[0]==')') num-=k;
    }
    if(num<0){
      break;
    }
  }
  puts(num==0?""YES"":""NO"");

  return 0;
}","[{""input"": ""2\n) 1\n' 1\n"", ""output"": ""NO\n\n""}, {""input"": ""3\n( 5\n* 4\n) 1\n"", ""output"": ""YES\n\n""}, {""input"": ""5\n( 2\n) 2\n( 3\n) 1\n) 4\n"", ""output"": ""NO\n\n""}, {""input"": ""2\n) 1\n' 2\n"", ""output"": ""NO\n\n""}, {""input"": ""3\n( 5\n* 4\n) 2\n"", ""output"": ""NO\n\n""}, {""input"": ""5\n( 2\n) 0\n( 3\n) 1\n) 4\n"", ""output"": ""YES\n\n""}, {""input"": ""2\n) 1\n' 4\n"", ""output"": ""NO\n\n""}, {""input"": ""3\n) 5\n* 4\n) 2\n"", ""output"": ""NO\n\n""}, {""input"": ""5\n( 2\n) 0\n( 2\n) 1\n) 4\n"", ""output"": ""NO\n\n""}, {""input"": ""2\n* 1\n' 4\n"", ""output"": ""NO\n\n""}]","Given the following C code and assembly code, your task is to generate highly optimized x86-64 assembly code.
C Code:

```c
#include<stdio.h>

int main(){
  int a;
  int num=0;
  int k;
  char s;
  char str[10000];
  int i;
  scanf(""%d"",&a);

  for(i=0;i<a;i++){
    scanf(""%s %d"",str,&k);
    if(str[1]==0){
      if(str[0]=='(') num+=k;
      else if(str[0]==')') num-=k;
    }
    if(num<0){
      break;
    }
  }
  puts(num==0?""YES"":""NO"");

  return 0;
}
```

Assembly Code:

```assembly

```

Only output the optimized assembly code. Do not include any other text. Do not write any comments in the assembly code. Wrap the assembly code in ```assembly``` tags.
Optimized Assembly Code:
","Given the following C code, your task is to generate highly optimized x86-64 assembly code.
C Code:

```c
#include<stdio.h>

int main(){
  int a;
  int num=0;
  int k;
  char s;
  char str[10000];
  int i;
  scanf(""%d"",&a);

  for(i=0;i<a;i++){
    scanf(""%s %d"",str,&k);
    if(str[1]==0){
      if(str[0]=='(') num+=k;
      else if(str[0]==')') num-=k;
    }
    if(num<0){
      break;
    }
  }
  puts(num==0?""YES"":""NO"");

  return 0;
}
```

Only output the optimized assembly code. Do not include any other text. Do not write any comments in the assembly code. Wrap the assembly code in ```assembly``` tags.
Optimized Assembly Code:
"
19,"int main(void)
{
  int a;int sum=0;
  int b;int t;
  scanf(""%d%d%d"",&a,&b,&t);
  for(int i=1;i*a<=t;i++)
  {
    sum+=b;
  }
  printf(""%d"",sum);
  return 0;
}","[{""input"": ""20 20 8\n"", ""output"": ""0\n\n""}, {""input"": ""4 2 9\n"", ""output"": ""4\n\n""}, {""input"": ""8 2 9\n"", ""output"": ""2\n\n""}, {""input"": ""2 -2 6\n"", ""output"": ""-6\n\n""}, {""input"": ""2 -3 6\n"", ""output"": ""-9\n\n""}, {""input"": ""2 -3 10\n"", ""output"": ""-15\n\n""}, {""input"": ""2 -4 10\n"", ""output"": ""-20\n\n""}, {""input"": ""2 -8 10\n"", ""output"": ""-40\n\n""}, {""input"": ""2 -8 13\n"", ""output"": ""-48\n\n""}, {""input"": ""2 -7 13\n"", ""output"": ""-42\n\n""}]","Given the following C code and assembly code, your task is to generate highly optimized x86-64 assembly code.
C Code:

```c
int main(void)
{
  int a;int sum=0;
  int b;int t;
  scanf(""%d%d%d"",&a,&b,&t);
  for(int i=1;i*a<=t;i++)
  {
    sum+=b;
  }
  printf(""%d"",sum);
  return 0;
}
```

Assembly Code:

```assembly

```

Only output the optimized assembly code. Do not include any other text. Do not write any comments in the assembly code. Wrap the assembly code in ```assembly``` tags.
Optimized Assembly Code:
","Given the following C code, your task is to generate highly optimized x86-64 assembly code.
C Code:

```c
int main(void)
{
  int a;int sum=0;
  int b;int t;
  scanf(""%d%d%d"",&a,&b,&t);
  for(int i=1;i*a<=t;i++)
  {
    sum+=b;
  }
  printf(""%d"",sum);
  return 0;
}
```

Only output the optimized assembly code. Do not include any other text. Do not write any comments in the assembly code. Wrap the assembly code in ```assembly``` tags.
Optimized Assembly Code:
"
20,"#include <stdio.h>

int main(void) {
	int p[16384] = {0};
	int i,j,n;
	for(i = 2;i <= 16000;i++){
		if(p[i]){continue;}
		for(j = 2*i;j <= 16000;j+=i){
			p[j] = 1;
		}
	}
	while(scanf(""%d"",&n) , n != 0){
		for(i = n;i >= 5;i--){
			if(!(p[i]) && !(p[i-2])){printf(""%d %d\n"",i-2,i);break;}
		}
	}
	return 0;
}","[{""input"": ""12\n110\n200\n300\n0\n"", ""output"": ""5 7\n107 109\n197 199\n281 283\n\n""}, {""input"": ""12\n110\n200\n227\n0\n"", ""output"": ""5 7\n107 109\n197 199\n197 199\n\n""}, {""input"": ""12\n110\n200\n329\n0\n"", ""output"": ""5 7\n107 109\n197 199\n311 313\n\n""}, {""input"": ""12\n010\n200\n329\n0\n"", ""output"": ""5 7\n5 7\n197 199\n311 313\n\n""}, {""input"": ""12\n010\n169\n329\n0\n"", ""output"": ""5 7\n5 7\n149 151\n311 313\n\n""}, {""input"": ""12\n100\n200\n482\n0\n"", ""output"": ""5 7\n71 73\n197 199\n461 463\n\n""}, {""input"": ""12\n110\n200\n87\n0\n"", ""output"": ""5 7\n107 109\n197 199\n71 73\n\n""}, {""input"": ""12\n010\n200\n227\n0\n"", ""output"": ""5 7\n5 7\n197 199\n197 199\n\n""}, {""input"": ""12\n110\n200\n239\n0\n"", ""output"": ""5 7\n107 109\n197 199\n227 229\n\n""}, {""input"": ""12\n010\n27\n329\n0\n"", ""output"": ""5 7\n5 7\n17 19\n311 313\n\n""}]","Given the following C code and assembly code, your task is to generate highly optimized x86-64 assembly code.
C Code:

```c
#include <stdio.h>

int main(void) {
	int p[16384] = {0};
	int i,j,n;
	for(i = 2;i <= 16000;i++){
		if(p[i]){continue;}
		for(j = 2*i;j <= 16000;j+=i){
			p[j] = 1;
		}
	}
	while(scanf(""%d"",&n) , n != 0){
		for(i = n;i >= 5;i--){
			if(!(p[i]) && !(p[i-2])){printf(""%d %d\n"",i-2,i);break;}
		}
	}
	return 0;
}
```

Assembly Code:

```assembly

```

Only output the optimized assembly code. Do not include any other text. Do not write any comments in the assembly code. Wrap the assembly code in ```assembly``` tags.
Optimized Assembly Code:
","Given the following C code, your task is to generate highly optimized x86-64 assembly code.
C Code:

```c
#include <stdio.h>

int main(void) {
	int p[16384] = {0};
	int i,j,n;
	for(i = 2;i <= 16000;i++){
		if(p[i]){continue;}
		for(j = 2*i;j <= 16000;j+=i){
			p[j] = 1;
		}
	}
	while(scanf(""%d"",&n) , n != 0){
		for(i = n;i >= 5;i--){
			if(!(p[i]) && !(p[i-2])){printf(""%d %d\n"",i-2,i);break;}
		}
	}
	return 0;
}
```

Only output the optimized assembly code. Do not include any other text. Do not write any comments in the assembly code. Wrap the assembly code in ```assembly``` tags.
Optimized Assembly Code:
"
21,"#include <stdlib.h>
#include <stdio.h>

int main(){
	int n;
	int data[4][3][10];
	int i, j, k;
	int num;
	int b, f, r, v;

	scanf(""%d"", &num);

	for(i=0; i<4; i++){
		for(j=0; j<3; j++){
			for(k=0; k< 10; k++){
				data[i][j][k] = 0;
			}
		}
	}

	for(i=0; i<num; i++){
		scanf(""%d %d %d %d"", &b, &f, &r, &v);
		data[b-1][f-1][r-1] += v;
	}

	for(i=0; i<4; i++){
		for(j=0; j<3; j++){
			for(k=0; k< 10; k++){
				printf("" %d"", data[i][j][k]);
			}
			printf(""\n"");
		}
		if(i<3){
			for(k=0; k<20; k++){
				printf(""#"");
			}
			printf(""\n"");
		}
	}

	return 0;

}
","[{""input"": ""3\n1 1 3 16\n3 2 2 7\n4 3 8 1\n"", ""output"": "" 0 0 16 0 0 0 0 0 0 0\n 0 0 0 0 0 0 0 0 0 0\n 0 0 0 0 0 0 0 0 0 0\n####################\n 0 0 0 0 0 0 0 0 0 0\n 0 0 0 0 0 0 0 0 0 0\n 0 0 0 0 0 0 0 0 0 0\n####################\n 0 0 0 0 0 0 0 0 0 0\n 0 7 0 0 0 0 0 0 0 0\n 0 0 0 0 0 0 0 0 0 0\n####################\n 0 0 0 0 0 0 0 0 0 0\n 0 0 0 0 0 0 0 0 0 0\n 0 0 0 0 0 0 0 1 0 0\n\n""}, {""input"": ""3\n1 1 3 8\n3 2 4 7\n4 3 8 1\n"", ""output"": "" 0 0 8 0 0 0 0 0 0 0\n 0 0 0 0 0 0 0 0 0 0\n 0 0 0 0 0 0 0 0 0 0\n####################\n 0 0 0 0 0 0 0 0 0 0\n 0 0 0 0 0 0 0 0 0 0\n 0 0 0 0 0 0 0 0 0 0\n####################\n 0 0 0 0 0 0 0 0 0 0\n 0 0 0 7 0 0 0 0 0 0\n 0 0 0 0 0 0 0 0 0 0\n####################\n 0 0 0 0 0 0 0 0 0 0\n 0 0 0 0 0 0 0 0 0 0\n 0 0 0 0 0 0 0 1 0 0\n\n""}, {""input"": ""3\n1 1 3 12\n3 2 4 7\n4 3 8 1\n"", ""output"": "" 0 0 12 0 0 0 0 0 0 0\n 0 0 0 0 0 0 0 0 0 0\n 0 0 0 0 0 0 0 0 0 0\n####################\n 0 0 0 0 0 0 0 0 0 0\n 0 0 0 0 0 0 0 0 0 0\n 0 0 0 0 0 0 0 0 0 0\n####################\n 0 0 0 0 0 0 0 0 0 0\n 0 0 0 7 0 0 0 0 0 0\n 0 0 0 0 0 0 0 0 0 0\n####################\n 0 0 0 0 0 0 0 0 0 0\n 0 0 0 0 0 0 0 0 0 0\n 0 0 0 0 0 0 0 1 0 0\n\n""}, {""input"": ""3\n1 1 6 12\n3 2 4 7\n4 3 8 1\n"", ""output"": "" 0 0 0 0 0 12 0 0 0 0\n 0 0 0 0 0 0 0 0 0 0\n 0 0 0 0 0 0 0 0 0 0\n####################\n 0 0 0 0 0 0 0 0 0 0\n 0 0 0 0 0 0 0 0 0 0\n 0 0 0 0 0 0 0 0 0 0\n####################\n 0 0 0 0 0 0 0 0 0 0\n 0 0 0 7 0 0 0 0 0 0\n 0 0 0 0 0 0 0 0 0 0\n####################\n 0 0 0 0 0 0 0 0 0 0\n 0 0 0 0 0 0 0 0 0 0\n 0 0 0 0 0 0 0 1 0 0\n\n""}, {""input"": ""3\n1 1 10 12\n3 2 4 7\n4 3 8 1\n"", ""output"": "" 0 0 0 0 0 0 0 0 0 12\n 0 0 0 0 0 0 0 0 0 0\n 0 0 0 0 0 0 0 0 0 0\n####################\n 0 0 0 0 0 0 0 0 0 0\n 0 0 0 0 0 0 0 0 0 0\n 0 0 0 0 0 0 0 0 0 0\n####################\n 0 0 0 0 0 0 0 0 0 0\n 0 0 0 7 0 0 0 0 0 0\n 0 0 0 0 0 0 0 0 0 0\n####################\n 0 0 0 0 0 0 0 0 0 0\n 0 0 0 0 0 0 0 0 0 0\n 0 0 0 0 0 0 0 1 0 0\n\n""}, {""input"": ""3\n1 1 10 12\n3 2 6 7\n4 3 8 1\n"", ""output"": "" 0 0 0 0 0 0 0 0 0 12\n 0 0 0 0 0 0 0 0 0 0\n 0 0 0 0 0 0 0 0 0 0\n####################\n 0 0 0 0 0 0 0 0 0 0\n 0 0 0 0 0 0 0 0 0 0\n 0 0 0 0 0 0 0 0 0 0\n####################\n 0 0 0 0 0 0 0 0 0 0\n 0 0 0 0 0 7 0 0 0 0\n 0 0 0 0 0 0 0 0 0 0\n####################\n 0 0 0 0 0 0 0 0 0 0\n 0 0 0 0 0 0 0 0 0 0\n 0 0 0 0 0 0 0 1 0 0\n\n""}, {""input"": ""3\n1 1 10 12\n3 3 6 7\n4 3 8 1\n"", ""output"": "" 0 0 0 0 0 0 0 0 0 12\n 0 0 0 0 0 0 0 0 0 0\n 0 0 0 0 0 0 0 0 0 0\n####################\n 0 0 0 0 0 0 0 0 0 0\n 0 0 0 0 0 0 0 0 0 0\n 0 0 0 0 0 0 0 0 0 0\n####################\n 0 0 0 0 0 0 0 0 0 0\n 0 0 0 0 0 0 0 0 0 0\n 0 0 0 0 0 7 0 0 0 0\n####################\n 0 0 0 0 0 0 0 0 0 0\n 0 0 0 0 0 0 0 0 0 0\n 0 0 0 0 0 0 0 1 0 0\n\n""}, {""input"": ""3\n0 1 10 12\n3 3 6 7\n4 3 8 1\n"", ""output"": "" 0 0 0 0 0 0 0 0 0 0\n 0 0 0 0 0 0 0 0 0 0\n 0 0 0 0 0 0 0 0 0 0\n####################\n 0 0 0 0 0 0 0 0 0 0\n 0 0 0 0 0 0 0 0 0 0\n 0 0 0 0 0 0 0 0 0 0\n####################\n 0 0 0 0 0 0 0 0 0 0\n 0 0 0 0 0 0 0 0 0 0\n 0 0 0 0 0 7 0 0 0 0\n####################\n 0 0 0 0 0 0 0 0 0 12\n 0 0 0 0 0 0 0 0 0 0\n 0 0 0 0 0 0 0 1 0 0\n\n""}, {""input"": ""3\n2 1 3 8\n3 2 2 7\n4 3 8 1\n"", ""output"": "" 0 0 0 0 0 0 0 0 0 0\n 0 0 0 0 0 0 0 0 0 0\n 0 0 0 0 0 0 0 0 0 0\n####################\n 0 0 8 0 0 0 0 0 0 0\n 0 0 0 0 0 0 0 0 0 0\n 0 0 0 0 0 0 0 0 0 0\n####################\n 0 0 0 0 0 0 0 0 0 0\n 0 7 0 0 0 0 0 0 0 0\n 0 0 0 0 0 0 0 0 0 0\n####################\n 0 0 0 0 0 0 0 0 0 0\n 0 0 0 0 0 0 0 0 0 0\n 0 0 0 0 0 0 0 1 0 0\n\n""}, {""input"": ""3\n1 1 3 16\n2 2 2 7\n4 3 8 1\n"", ""output"": "" 0 0 16 0 0 0 0 0 0 0\n 0 0 0 0 0 0 0 0 0 0\n 0 0 0 0 0 0 0 0 0 0\n####################\n 0 0 0 0 0 0 0 0 0 0\n 0 7 0 0 0 0 0 0 0 0\n 0 0 0 0 0 0 0 0 0 0\n####################\n 0 0 0 0 0 0 0 0 0 0\n 0 0 0 0 0 0 0 0 0 0\n 0 0 0 0 0 0 0 0 0 0\n####################\n 0 0 0 0 0 0 0 0 0 0\n 0 0 0 0 0 0 0 0 0 0\n 0 0 0 0 0 0 0 1 0 0\n\n""}]","Given the following C code and assembly code, your task is to generate highly optimized x86-64 assembly code.
C Code:

```c
#include <stdlib.h>
#include <stdio.h>

int main(){
	int n;
	int data[4][3][10];
	int i, j, k;
	int num;
	int b, f, r, v;

	scanf(""%d"", &num);

	for(i=0; i<4; i++){
		for(j=0; j<3; j++){
			for(k=0; k< 10; k++){
				data[i][j][k] = 0;
			}
		}
	}

	for(i=0; i<num; i++){
		scanf(""%d %d %d %d"", &b, &f, &r, &v);
		data[b-1][f-1][r-1] += v;
	}

	for(i=0; i<4; i++){
		for(j=0; j<3; j++){
			for(k=0; k< 10; k++){
				printf("" %d"", data[i][j][k]);
			}
			printf(""\n"");
		}
		if(i<3){
			for(k=0; k<20; k++){
				printf(""#"");
			}
			printf(""\n"");
		}
	}

	return 0;

}
```

Assembly Code:

```assembly

```

Only output the optimized assembly code. Do not include any other text. Do not write any comments in the assembly code. Wrap the assembly code in ```assembly``` tags.
Optimized Assembly Code:
","Given the following C code, your task is to generate highly optimized x86-64 assembly code.
C Code:

```c
#include <stdlib.h>
#include <stdio.h>

int main(){
	int n;
	int data[4][3][10];
	int i, j, k;
	int num;
	int b, f, r, v;

	scanf(""%d"", &num);

	for(i=0; i<4; i++){
		for(j=0; j<3; j++){
			for(k=0; k< 10; k++){
				data[i][j][k] = 0;
			}
		}
	}

	for(i=0; i<num; i++){
		scanf(""%d %d %d %d"", &b, &f, &r, &v);
		data[b-1][f-1][r-1] += v;
	}

	for(i=0; i<4; i++){
		for(j=0; j<3; j++){
			for(k=0; k< 10; k++){
				printf("" %d"", data[i][j][k]);
			}
			printf(""\n"");
		}
		if(i<3){
			for(k=0; k<20; k++){
				printf(""#"");
			}
			printf(""\n"");
		}
	}

	return 0;

}
```

Only output the optimized assembly code. Do not include any other text. Do not write any comments in the assembly code. Wrap the assembly code in ```assembly``` tags.
Optimized Assembly Code:
"
22,"#include <stdio.h>
#include <stdlib.h>

struct node
{
  struct node *rt;
  struct node *lt;
  struct node *pt;
  int key;
};
typedef struct node *Node;

Node root;

void insert(int k)
{
  Node y = NULL;
  Node x = root;
  Node z;

  z = malloc(sizeof(struct node));
  z->key = k;
  z->lt = NULL;
  z->rt = NULL;

  while (x != NULL)
  {
    y = x;
    if (z->key < x->key) x = x->lt;
    else x = x->rt;
  }
  z->pt = y;

  if (y == NULL) root = z;
  else if (z->key < y->key) y->lt = z;
  else y->rt = z;
}

void inorder(Node u)
{

  if (u == NULL)
    return;
  inorder(u->lt);
  printf("" %d"", u->key);
  inorder(u->rt);
}
void preorder(Node u)
{

  if (u == NULL)
    return;
  printf("" %d"", u->key);
  preorder(u->lt);
  preorder(u->rt);
}
Node find(int key)
{
  Node X = root;

  while (1)
  {
    if (X == NULL) return NULL;
    if (X->key == key) return X;
    if (X->key < key)  X = X->rt;
    else X = X->lt;
  }
  }


Node treeSuccessor(Node A)
{
  Node X;
  Node B;
  A = A->rt;
  while (A->lt != NULL)A = A->lt;
  
  return A;
}

void treeDelete (Node X)
{
  Node B;
  Node child;

  if (X->rt == NULL && X->lt == NULL)
  {
    if (X->pt->rt == X)X->pt->rt = NULL;
    else X->pt->lt = NULL;
    free(X);
  }

  else if (X->rt != NULL && X->lt != NULL)
  {
    B = treeSuccessor(X);
    X->key = B->key;
    treeDelete(B);
  }

  else
  {
    if (X->rt==NULL)child=X->lt;
    else child=X->rt;

    if (X->pt==NULL)
    {
      child->pt=NULL;
      return;
    }
    if (X->pt->key < X->key) X->pt->rt=child;
    else X->pt->lt=child;
    child->pt=X->pt;
    free(X);
  }
}

int main()
{
  int n, i, x,count = 0;;
  char com[10];
  scanf(""%d"", &n);
  
  for (i = 0; i < n; i++)
  {
    scanf(""%s"", com);
    if (com[0] == 'i')
    {
      scanf(""%d"", &x);
      insert(x);
    }
    else if (com[0] == 'f')
    {
      scanf(""%d"", &x);
      
      if (count) printf(""\n"");
      if (find(x) != NULL)printf(""yes\n"");
      else printf(""no\n"");
    }
    else if (com[0] == 'd')
    {
      scanf(""%d"", &x);
      treeDelete (find(x));
    }
    else if (com[0] == 'p')
    {
      inorder(root);
      printf(""\n"");
      preorder(root);
      printf(""\n"");
    }
  }
  return 0;
}

","[{""input"": ""18\ninsert 8\ninsert 2\ninsert 3\ninsert 7\ninsert 22\ninsert 1\nfind 1\nfind 2\nfind 1\nfind 4\nfind 5\nfind 6\nfind 7\nfind 8\nprint\ndelete 3\ndelete 7\nprint\n"", ""output"": ""yes\nyes\nyes\nno\nno\nno\nyes\nyes\n 1 2 3 7 8 22\n 8 2 1 3 7 22\n 1 2 8 22\n 8 2 1 22\n\n""}, {""input"": ""18\ninsert 8\ninsert 2\ninsert 3\ninsert 7\ninsert 22\ninsert 1\nfind 1\nfind 2\nfind 3\nfind 4\nfind 5\nfind 6\nfind 4\nfind 7\nprint\ndelete 3\ndelete 7\nprint\n"", ""output"": ""yes\nyes\nyes\nno\nno\nno\nno\nyes\n 1 2 3 7 8 22\n 8 2 1 3 7 22\n 1 2 8 22\n 8 2 1 22\n\n""}, {""input"": ""18\ninsert 8\ninsert 2\ninsert 3\ninsert 7\ninsert 22\ninsert 1\nfind 1\nfind 2\nfind 3\nfind 7\nfind 5\nfind 6\nfind 4\nfind 7\nprint\ndelete 3\ndelete 7\nprint\n"", ""output"": ""yes\nyes\nyes\nyes\nno\nno\nno\nyes\n 1 2 3 7 8 22\n 8 2 1 3 7 22\n 1 2 8 22\n 8 2 1 22\n\n""}, {""input"": ""18\ninsert 8\ninsert 2\ninsert 3\ninsert 7\ninsert 22\ninsert 1\nfind 1\nfind 2\nfind 3\nfind 4\nfind 5\nfind 7\nfind 4\nfind 7\nprint\ndelete 3\ndelete 7\nprint\n"", ""output"": ""yes\nyes\nyes\nno\nno\nyes\nno\nyes\n 1 2 3 7 8 22\n 8 2 1 3 7 22\n 1 2 8 22\n 8 2 1 22\n\n""}, {""input"": ""18\ninsert 8\ninsert 2\ninsert 3\ninsert 7\ninsert 22\ninsert 1\nfind 1\nfind 2\nfind 3\nfind 4\nfind 5\nfind 6\nfind 7\nfind 5\nprint\ndelete 3\ndelete 7\nprint\n"", ""output"": ""yes\nyes\nyes\nno\nno\nno\nyes\nno\n 1 2 3 7 8 22\n 8 2 1 3 7 22\n 1 2 8 22\n 8 2 1 22\n\n""}, {""input"": ""18\ninsert 8\ninsert 2\ninsert 3\ninsert 7\ninsert 22\ninsert 1\nfind 1\nfind 1\nfind 3\nfind 4\nfind 2\nfind 6\nfind 7\nfind 7\nprint\ndelete 3\ndelete 7\nprint\n"", ""output"": ""yes\nyes\nyes\nno\nyes\nno\nyes\nyes\n 1 2 3 7 8 22\n 8 2 1 3 7 22\n 1 2 8 22\n 8 2 1 22\n\n""}, {""input"": ""18\ninsert 8\ninsert 2\ninsert 3\ninsert 7\ninsert 22\ninsert 1\nfind 0\nfind 2\nfind 3\nfind 4\nfind 5\nfind 6\nfind 7\nfind 5\nprint\ndelete 3\ndelete 7\nprint\n"", ""output"": ""no\nyes\nyes\nno\nno\nno\nyes\nno\n 1 2 3 7 8 22\n 8 2 1 3 7 22\n 1 2 8 22\n 8 2 1 22\n\n""}, {""input"": ""18\ninsert 9\ninsert 2\ninsert 3\ninsert 7\ninsert 22\ninsert 1\nfind 1\nfind 1\nfind 3\nfind 4\nfind 2\nfind 6\nfind 7\nfind 7\nprint\ndelete 3\ndelete 7\nprint\n"", ""output"": ""yes\nyes\nyes\nno\nyes\nno\nyes\nyes\n 1 2 3 7 9 22\n 9 2 1 3 7 22\n 1 2 9 22\n 9 2 1 22\n\n""}, {""input"": ""18\ninsert 8\ninsert 4\ninsert 3\ninsert 7\ninsert 22\ninsert 1\nfind 1\nfind 2\nfind 1\nfind 4\nfind 5\nfind 6\nfind 7\nfind 8\nprint\ndelete 3\ndelete 7\nprint\n"", ""output"": ""yes\nno\nyes\nyes\nno\nno\nyes\nyes\n 1 3 4 7 8 22\n 8 4 3 1 7 22\n 1 4 8 22\n 8 4 1 22\n\n""}, {""input"": ""18\ninsert 8\ninsert 2\ninsert 3\ninsert 7\ninsert 22\ninsert 1\nfind 1\nfind 1\nfind 0\nfind 4\nfind 5\nfind 6\nfind 4\nfind 7\nprint\ndelete 3\ndelete 7\nprint\n"", ""output"": ""yes\nyes\nno\nno\nno\nno\nno\nyes\n 1 2 3 7 8 22\n 8 2 1 3 7 22\n 1 2 8 22\n 8 2 1 22\n\n""}]","Given the following C code and assembly code, your task is to generate highly optimized x86-64 assembly code.
C Code:

```c
#include <stdio.h>
#include <stdlib.h>

struct node
{
  struct node *rt;
  struct node *lt;
  struct node *pt;
  int key;
};
typedef struct node *Node;

Node root;

void insert(int k)
{
  Node y = NULL;
  Node x = root;
  Node z;

  z = malloc(sizeof(struct node));
  z->key = k;
  z->lt = NULL;
  z->rt = NULL;

  while (x != NULL)
  {
    y = x;
    if (z->key < x->key) x = x->lt;
    else x = x->rt;
  }
  z->pt = y;

  if (y == NULL) root = z;
  else if (z->key < y->key) y->lt = z;
  else y->rt = z;
}

void inorder(Node u)
{

  if (u == NULL)
    return;
  inorder(u->lt);
  printf("" %d"", u->key);
  inorder(u->rt);
}
void preorder(Node u)
{

  if (u == NULL)
    return;
  printf("" %d"", u->key);
  preorder(u->lt);
  preorder(u->rt);
}
Node find(int key)
{
  Node X = root;

  while (1)
  {
    if (X == NULL) return NULL;
    if (X->key == key) return X;
    if (X->key < key)  X = X->rt;
    else X = X->lt;
  }
  }


Node treeSuccessor(Node A)
{
  Node X;
  Node B;
  A = A->rt;
  while (A->lt != NULL)A = A->lt;
  
  return A;
}

void treeDelete (Node X)
{
  Node B;
  Node child;

  if (X->rt == NULL && X->lt == NULL)
  {
    if (X->pt->rt == X)X->pt->rt = NULL;
    else X->pt->lt = NULL;
    free(X);
  }

  else if (X->rt != NULL && X->lt != NULL)
  {
    B = treeSuccessor(X);
    X->key = B->key;
    treeDelete(B);
  }

  else
  {
    if (X->rt==NULL)child=X->lt;
    else child=X->rt;

    if (X->pt==NULL)
    {
      child->pt=NULL;
      return;
    }
    if (X->pt->key < X->key) X->pt->rt=child;
    else X->pt->lt=child;
    child->pt=X->pt;
    free(X);
  }
}

int main()
{
  int n, i, x,count = 0;;
  char com[10];
  scanf(""%d"", &n);
  
  for (i = 0; i < n; i++)
  {
    scanf(""%s"", com);
    if (com[0] == 'i')
    {
      scanf(""%d"", &x);
      insert(x);
    }
    else if (com[0] == 'f')
    {
      scanf(""%d"", &x);
      
      if (count) printf(""\n"");
      if (find(x) != NULL)printf(""yes\n"");
      else printf(""no\n"");
    }
    else if (com[0] == 'd')
    {
      scanf(""%d"", &x);
      treeDelete (find(x));
    }
    else if (com[0] == 'p')
    {
      inorder(root);
      printf(""\n"");
      preorder(root);
      printf(""\n"");
    }
  }
  return 0;
}
```

Assembly Code:

```assembly

```

Only output the optimized assembly code. Do not include any other text. Do not write any comments in the assembly code. Wrap the assembly code in ```assembly``` tags.
Optimized Assembly Code:
","Given the following C code, your task is to generate highly optimized x86-64 assembly code.
C Code:

```c
#include <stdio.h>
#include <stdlib.h>

struct node
{
  struct node *rt;
  struct node *lt;
  struct node *pt;
  int key;
};
typedef struct node *Node;

Node root;

void insert(int k)
{
  Node y = NULL;
  Node x = root;
  Node z;

  z = malloc(sizeof(struct node));
  z->key = k;
  z->lt = NULL;
  z->rt = NULL;

  while (x != NULL)
  {
    y = x;
    if (z->key < x->key) x = x->lt;
    else x = x->rt;
  }
  z->pt = y;

  if (y == NULL) root = z;
  else if (z->key < y->key) y->lt = z;
  else y->rt = z;
}

void inorder(Node u)
{

  if (u == NULL)
    return;
  inorder(u->lt);
  printf("" %d"", u->key);
  inorder(u->rt);
}
void preorder(Node u)
{

  if (u == NULL)
    return;
  printf("" %d"", u->key);
  preorder(u->lt);
  preorder(u->rt);
}
Node find(int key)
{
  Node X = root;

  while (1)
  {
    if (X == NULL) return NULL;
    if (X->key == key) return X;
    if (X->key < key)  X = X->rt;
    else X = X->lt;
  }
  }


Node treeSuccessor(Node A)
{
  Node X;
  Node B;
  A = A->rt;
  while (A->lt != NULL)A = A->lt;
  
  return A;
}

void treeDelete (Node X)
{
  Node B;
  Node child;

  if (X->rt == NULL && X->lt == NULL)
  {
    if (X->pt->rt == X)X->pt->rt = NULL;
    else X->pt->lt = NULL;
    free(X);
  }

  else if (X->rt != NULL && X->lt != NULL)
  {
    B = treeSuccessor(X);
    X->key = B->key;
    treeDelete(B);
  }

  else
  {
    if (X->rt==NULL)child=X->lt;
    else child=X->rt;

    if (X->pt==NULL)
    {
      child->pt=NULL;
      return;
    }
    if (X->pt->key < X->key) X->pt->rt=child;
    else X->pt->lt=child;
    child->pt=X->pt;
    free(X);
  }
}

int main()
{
  int n, i, x,count = 0;;
  char com[10];
  scanf(""%d"", &n);
  
  for (i = 0; i < n; i++)
  {
    scanf(""%s"", com);
    if (com[0] == 'i')
    {
      scanf(""%d"", &x);
      insert(x);
    }
    else if (com[0] == 'f')
    {
      scanf(""%d"", &x);
      
      if (count) printf(""\n"");
      if (find(x) != NULL)printf(""yes\n"");
      else printf(""no\n"");
    }
    else if (com[0] == 'd')
    {
      scanf(""%d"", &x);
      treeDelete (find(x));
    }
    else if (com[0] == 'p')
    {
      inorder(root);
      printf(""\n"");
      preorder(root);
      printf(""\n"");
    }
  }
  return 0;
}
```

Only output the optimized assembly code. Do not include any other text. Do not write any comments in the assembly code. Wrap the assembly code in ```assembly``` tags.
Optimized Assembly Code:
"
23,"#include <stdio.h>

typedef unsigned int	U32;
typedef unsigned char	U08;

#define INPUT_NUM_MIN	1							/* 入力値の範囲下限 */
#define INPUT_NUM_MAX	1000000000					/* 入力値の範囲上限 */

void SwapNum_Void(U32 *u32_x, U32 *u32_y);
U32 CalcGcd_U32(U32 u32_x, U32 u32_y);


/***********************************************************************************
 ++module <main>
 ++outline
	メイン関数
 ++arguments
	<>	<u32_return_val>	[戻り値]
 ++supp
	<戻り値>
		0：正常終了
		1：異常終了
	<引数>
		なし
	<補足説明>
		なし
 ++end_module
************************************************************************************/
int main(void)
{
													/* 入力値1 */
	U32 u32_x   = 0;								/* 変数定義 */
	U32 u32_y   = 0;								/* 入力値2 */
	U32 u32_gcd = 0;								/* 最大公約数(Greatest Common Divisor) */
	U08 u08_return_val = 0;							/* 戻り値 */
	
	do
	{
		scanf(""%d %d"", &u32_x, &u32_y);				/* 数値入力 */
		
		if( (u32_x < INPUT_NUM_MIN) || (INPUT_NUM_MAX < u32_x)
			|| (u32_y < INPUT_NUM_MIN) || (INPUT_NUM_MAX < u32_y) )		/* 入力値が範囲外だった場合 */
		{
			u08_return_val = 1;						/* 戻り値に1を設定 */
			break;
		}
		
		if(u32_x < u32_y)							/* 1つ目の入力値の方が小さかった場合 */
		{
			SwapNum_Void(&u32_x, &u32_y);				/* 数値入れ替え */
		}
		
		u32_gcd = CalcGcd_U32(u32_x, u32_y);		/* 最大公約数の計算 */
		
		printf(""%d\n"", u32_gcd);					/* 最大公約数の表示 */
	}while(0);										/* 一度だけ実行 */
	
	return u08_return_val;
}



/***********************************************************************************
 ++module <SwapNum_Void>
 ++outline
	2つの変数の値を入れ替える関数
 ++arguments
	<>	<>		[]
	<>	<u32_x>	[入れ替え対象変数1]
	<>	<u32_y>	[入れ替え対象変数2]
 ++supp
	<戻り値>
		なし
	<引数>
		u32_x：入れ替え対象変数1
		u32_y：入れ替え対象変数2
	<補足説明>
		なし
 ++end_module
************************************************************************************/
void SwapNum_Void(U32 *u32_x, U32 *u32_y)
{
									/* 一時保持変数 */
	U32 u32_tmp = 0;				/* 変数定義 */
	
	u32_tmp = *u32_x;				/* u32_xの値を保持 */
	*u32_x  = *u32_y;				/* u32_yの値をu32_xに格納 */
	*u32_y  = u32_tmp;				/* 保持していたu32_xの値をu32_yに格納 */
}



/***********************************************************************************
 ++module <CalcGcd_U32>
 ++outline
	2つの自然数の最大公約数を計算する関数
 ++arguments
	<>	<>		[最大公約数]
	<>	<u32_x>	[自然数1]
	<>	<u32_y>	[自然数2]
 ++supp
	<戻り値>
		最大公約数
	<引数>
		u32_x：自然数1
		u32_y：自然数2
	<補足説明>
		なし
 ++end_module
************************************************************************************/
U32 CalcGcd_U32(U32 u32_x, U32 u32_y)
{
									/* x%yの結果を保持する変数 */
	U32 u32_rem = 0;				/* 変数定義 */
	
	/* ヒントによると、「xとyの最大公約数は、yとx%yの最大公約数と一致する」らしい */
	/* → x%yの結果がゼロになるまでxにyの値を、yにx%yの結果を格納し続け、 */
	/*    x%yの結果がゼロになった時のyが最大公約数 */
	while(1)						/* x%yの結果がゼロではない間ループ */
	{
		u32_rem = u32_x % u32_y;	/* x%yを計算 */
		
		if(0 == u32_rem)			/* x%yの結果がゼロの場合 */
		{
			break;
		}
		
		u32_x = u32_y;				/* u32_xを更新 */
		u32_y = u32_rem;			/* u32_yを更新 */
	}
	
	return u32_y;
}

","[{""input"": ""86 20\n"", ""output"": ""2\n\n""}, {""input"": ""147 6\n"", ""output"": ""3\n\n""}, {""input"": ""9 20\n"", ""output"": ""1\n\n""}, {""input"": ""9 9\n"", ""output"": ""9\n\n""}, {""input"": ""268 8\n"", ""output"": ""4\n\n""}, {""input"": ""14 7\n"", ""output"": ""7\n\n""}, {""input"": ""8 24\n"", ""output"": ""8\n\n""}, {""input"": ""12 12\n"", ""output"": ""12\n\n""}, {""input"": ""624 18\n"", ""output"": ""6\n\n""}, {""input"": ""48 64\n"", ""output"": ""16\n\n""}]","Given the following C code and assembly code, your task is to generate highly optimized x86-64 assembly code.
C Code:

```c
#include <stdio.h>

typedef unsigned int	U32;
typedef unsigned char	U08;

#define INPUT_NUM_MIN	1							/* 入力値の範囲下限 */
#define INPUT_NUM_MAX	1000000000					/* 入力値の範囲上限 */

void SwapNum_Void(U32 *u32_x, U32 *u32_y);
U32 CalcGcd_U32(U32 u32_x, U32 u32_y);


/***********************************************************************************
 ++module <main>
 ++outline
	メイン関数
 ++arguments
	<>	<u32_return_val>	[戻り値]
 ++supp
	<戻り値>
		0：正常終了
		1：異常終了
	<引数>
		なし
	<補足説明>
		なし
 ++end_module
************************************************************************************/
int main(void)
{
													/* 入力値1 */
	U32 u32_x   = 0;								/* 変数定義 */
	U32 u32_y   = 0;								/* 入力値2 */
	U32 u32_gcd = 0;								/* 最大公約数(Greatest Common Divisor) */
	U08 u08_return_val = 0;							/* 戻り値 */
	
	do
	{
		scanf(""%d %d"", &u32_x, &u32_y);				/* 数値入力 */
		
		if( (u32_x < INPUT_NUM_MIN) || (INPUT_NUM_MAX < u32_x)
			|| (u32_y < INPUT_NUM_MIN) || (INPUT_NUM_MAX < u32_y) )		/* 入力値が範囲外だった場合 */
		{
			u08_return_val = 1;						/* 戻り値に1を設定 */
			break;
		}
		
		if(u32_x < u32_y)							/* 1つ目の入力値の方が小さかった場合 */
		{
			SwapNum_Void(&u32_x, &u32_y);				/* 数値入れ替え */
		}
		
		u32_gcd = CalcGcd_U32(u32_x, u32_y);		/* 最大公約数の計算 */
		
		printf(""%d\n"", u32_gcd);					/* 最大公約数の表示 */
	}while(0);										/* 一度だけ実行 */
	
	return u08_return_val;
}



/***********************************************************************************
 ++module <SwapNum_Void>
 ++outline
	2つの変数の値を入れ替える関数
 ++arguments
	<>	<>		[]
	<>	<u32_x>	[入れ替え対象変数1]
	<>	<u32_y>	[入れ替え対象変数2]
 ++supp
	<戻り値>
		なし
	<引数>
		u32_x：入れ替え対象変数1
		u32_y：入れ替え対象変数2
	<補足説明>
		なし
 ++end_module
************************************************************************************/
void SwapNum_Void(U32 *u32_x, U32 *u32_y)
{
									/* 一時保持変数 */
	U32 u32_tmp = 0;				/* 変数定義 */
	
	u32_tmp = *u32_x;				/* u32_xの値を保持 */
	*u32_x  = *u32_y;				/* u32_yの値をu32_xに格納 */
	*u32_y  = u32_tmp;				/* 保持していたu32_xの値をu32_yに格納 */
}



/***********************************************************************************
 ++module <CalcGcd_U32>
 ++outline
	2つの自然数の最大公約数を計算する関数
 ++arguments
	<>	<>		[最大公約数]
	<>	<u32_x>	[自然数1]
	<>	<u32_y>	[自然数2]
 ++supp
	<戻り値>
		最大公約数
	<引数>
		u32_x：自然数1
		u32_y：自然数2
	<補足説明>
		なし
 ++end_module
************************************************************************************/
U32 CalcGcd_U32(U32 u32_x, U32 u32_y)
{
									/* x%yの結果を保持する変数 */
	U32 u32_rem = 0;				/* 変数定義 */
	
	/* ヒントによると、「xとyの最大公約数は、yとx%yの最大公約数と一致する」らしい */
	/* → x%yの結果がゼロになるまでxにyの値を、yにx%yの結果を格納し続け、 */
	/*    x%yの結果がゼロになった時のyが最大公約数 */
	while(1)						/* x%yの結果がゼロではない間ループ */
	{
		u32_rem = u32_x % u32_y;	/* x%yを計算 */
		
		if(0 == u32_rem)			/* x%yの結果がゼロの場合 */
		{
			break;
		}
		
		u32_x = u32_y;				/* u32_xを更新 */
		u32_y = u32_rem;			/* u32_yを更新 */
	}
	
	return u32_y;
}
```

Assembly Code:

```assembly

```

Only output the optimized assembly code. Do not include any other text. Do not write any comments in the assembly code. Wrap the assembly code in ```assembly``` tags.
Optimized Assembly Code:
","Given the following C code, your task is to generate highly optimized x86-64 assembly code.
C Code:

```c
#include <stdio.h>

typedef unsigned int	U32;
typedef unsigned char	U08;

#define INPUT_NUM_MIN	1							/* 入力値の範囲下限 */
#define INPUT_NUM_MAX	1000000000					/* 入力値の範囲上限 */

void SwapNum_Void(U32 *u32_x, U32 *u32_y);
U32 CalcGcd_U32(U32 u32_x, U32 u32_y);


/***********************************************************************************
 ++module <main>
 ++outline
	メイン関数
 ++arguments
	<>	<u32_return_val>	[戻り値]
 ++supp
	<戻り値>
		0：正常終了
		1：異常終了
	<引数>
		なし
	<補足説明>
		なし
 ++end_module
************************************************************************************/
int main(void)
{
													/* 入力値1 */
	U32 u32_x   = 0;								/* 変数定義 */
	U32 u32_y   = 0;								/* 入力値2 */
	U32 u32_gcd = 0;								/* 最大公約数(Greatest Common Divisor) */
	U08 u08_return_val = 0;							/* 戻り値 */
	
	do
	{
		scanf(""%d %d"", &u32_x, &u32_y);				/* 数値入力 */
		
		if( (u32_x < INPUT_NUM_MIN) || (INPUT_NUM_MAX < u32_x)
			|| (u32_y < INPUT_NUM_MIN) || (INPUT_NUM_MAX < u32_y) )		/* 入力値が範囲外だった場合 */
		{
			u08_return_val = 1;						/* 戻り値に1を設定 */
			break;
		}
		
		if(u32_x < u32_y)							/* 1つ目の入力値の方が小さかった場合 */
		{
			SwapNum_Void(&u32_x, &u32_y);				/* 数値入れ替え */
		}
		
		u32_gcd = CalcGcd_U32(u32_x, u32_y);		/* 最大公約数の計算 */
		
		printf(""%d\n"", u32_gcd);					/* 最大公約数の表示 */
	}while(0);										/* 一度だけ実行 */
	
	return u08_return_val;
}



/***********************************************************************************
 ++module <SwapNum_Void>
 ++outline
	2つの変数の値を入れ替える関数
 ++arguments
	<>	<>		[]
	<>	<u32_x>	[入れ替え対象変数1]
	<>	<u32_y>	[入れ替え対象変数2]
 ++supp
	<戻り値>
		なし
	<引数>
		u32_x：入れ替え対象変数1
		u32_y：入れ替え対象変数2
	<補足説明>
		なし
 ++end_module
************************************************************************************/
void SwapNum_Void(U32 *u32_x, U32 *u32_y)
{
									/* 一時保持変数 */
	U32 u32_tmp = 0;				/* 変数定義 */
	
	u32_tmp = *u32_x;				/* u32_xの値を保持 */
	*u32_x  = *u32_y;				/* u32_yの値をu32_xに格納 */
	*u32_y  = u32_tmp;				/* 保持していたu32_xの値をu32_yに格納 */
}



/***********************************************************************************
 ++module <CalcGcd_U32>
 ++outline
	2つの自然数の最大公約数を計算する関数
 ++arguments
	<>	<>		[最大公約数]
	<>	<u32_x>	[自然数1]
	<>	<u32_y>	[自然数2]
 ++supp
	<戻り値>
		最大公約数
	<引数>
		u32_x：自然数1
		u32_y：自然数2
	<補足説明>
		なし
 ++end_module
************************************************************************************/
U32 CalcGcd_U32(U32 u32_x, U32 u32_y)
{
									/* x%yの結果を保持する変数 */
	U32 u32_rem = 0;				/* 変数定義 */
	
	/* ヒントによると、「xとyの最大公約数は、yとx%yの最大公約数と一致する」らしい */
	/* → x%yの結果がゼロになるまでxにyの値を、yにx%yの結果を格納し続け、 */
	/*    x%yの結果がゼロになった時のyが最大公約数 */
	while(1)						/* x%yの結果がゼロではない間ループ */
	{
		u32_rem = u32_x % u32_y;	/* x%yを計算 */
		
		if(0 == u32_rem)			/* x%yの結果がゼロの場合 */
		{
			break;
		}
		
		u32_x = u32_y;				/* u32_xを更新 */
		u32_y = u32_rem;			/* u32_yを更新 */
	}
	
	return u32_y;
}
```

Only output the optimized assembly code. Do not include any other text. Do not write any comments in the assembly code. Wrap the assembly code in ```assembly``` tags.
Optimized Assembly Code:
"
24,"#include <stdio.h>
int main(void) {
	long long n, i, a, b, ans[100001] = {};
	long long k, count = 0;
	scanf(""%lld%lld"", &n, &k);
	for (i = 0; i < n; i++) {
		scanf(""%lld%lld"", &a, &b);
		ans[a] += b;
	}

	for (i = 1 ; i <= 100000; i++) {
		count += ans[i];
		if (k <= count) break;
	}
	printf(""%lld\n"", i);
	return 0;
}","[{""input"": ""3 4\n1 1\n2 2\n3 2\n"", ""output"": ""3\n\n""}, {""input"": ""10 500000\n1 100000\n1 100001\n1 100000\n1 100000\n1 100000\n100000 100000\n100000 100000\n100000 100000\n100000 100000\n100000 100000\n"", ""output"": ""1\n\n""}, {""input"": ""3 4\n1 1\n2 3\n3 2\n"", ""output"": ""2\n\n""}, {""input"": ""3 4\n1 1\n4 3\n3 2\n"", ""output"": ""4\n\n""}, {""input"": ""3 5\n2 2\n1 1\n8 3\n"", ""output"": ""8\n\n""}, {""input"": ""3 5\n2 2\n1 1\n15 3\n"", ""output"": ""15\n\n""}, {""input"": ""10 878093\n1 100000\n1 110001\n1 100000\n1 100001\n1 100000\n100000 100000\n100000 100000\n100000 100000\n100000 100000\n100000 100000\n"", ""output"": ""100000\n\n""}, {""input"": ""3 3\n2 2\n1 0\n5 3\n"", ""output"": ""5\n\n""}, {""input"": ""3 3\n2 2\n1 0\n7 3\n"", ""output"": ""7\n\n""}, {""input"": ""3 4\n1 0\n2 1\n6 6\n"", ""output"": ""6\n\n""}]","Given the following C code and assembly code, your task is to generate highly optimized x86-64 assembly code.
C Code:

```c
#include <stdio.h>
int main(void) {
	long long n, i, a, b, ans[100001] = {};
	long long k, count = 0;
	scanf(""%lld%lld"", &n, &k);
	for (i = 0; i < n; i++) {
		scanf(""%lld%lld"", &a, &b);
		ans[a] += b;
	}

	for (i = 1 ; i <= 100000; i++) {
		count += ans[i];
		if (k <= count) break;
	}
	printf(""%lld\n"", i);
	return 0;
}
```

Assembly Code:

```assembly

```

Only output the optimized assembly code. Do not include any other text. Do not write any comments in the assembly code. Wrap the assembly code in ```assembly``` tags.
Optimized Assembly Code:
","Given the following C code, your task is to generate highly optimized x86-64 assembly code.
C Code:

```c
#include <stdio.h>
int main(void) {
	long long n, i, a, b, ans[100001] = {};
	long long k, count = 0;
	scanf(""%lld%lld"", &n, &k);
	for (i = 0; i < n; i++) {
		scanf(""%lld%lld"", &a, &b);
		ans[a] += b;
	}

	for (i = 1 ; i <= 100000; i++) {
		count += ans[i];
		if (k <= count) break;
	}
	printf(""%lld\n"", i);
	return 0;
}
```

Only output the optimized assembly code. Do not include any other text. Do not write any comments in the assembly code. Wrap the assembly code in ```assembly``` tags.
Optimized Assembly Code:
"
25,"#include <stdio.h>
int main(void){
	int x;
	int cub;
	scanf(""%d"",&x);
	cub=x*x*x;
	printf(""%d\n"",cub);
	return 0;
}","[{""input"": ""2\n"", ""output"": ""8\n""}]","Given the following C code and assembly code, your task is to generate highly optimized x86-64 assembly code.
C Code:

```c
#include <stdio.h>
int main(void){
	int x;
	int cub;
	scanf(""%d"",&x);
	cub=x*x*x;
	printf(""%d\n"",cub);
	return 0;
}
```

Assembly Code:

```assembly

```

Only output the optimized assembly code. Do not include any other text. Do not write any comments in the assembly code. Wrap the assembly code in ```assembly``` tags.
Optimized Assembly Code:
","Given the following C code, your task is to generate highly optimized x86-64 assembly code.
C Code:

```c
#include <stdio.h>
int main(void){
	int x;
	int cub;
	scanf(""%d"",&x);
	cub=x*x*x;
	printf(""%d\n"",cub);
	return 0;
}
```

Only output the optimized assembly code. Do not include any other text. Do not write any comments in the assembly code. Wrap the assembly code in ```assembly``` tags.
Optimized Assembly Code:
"
26,"#include <stdio.h>
#include <stdlib.h>
#include <string.h>

typedef struct tagItem Item;
struct tagItem {
    int value;
    Item *prev;
};

void push(Item **sp, int value)
{
    //printf(""push %d\n"", value);
    Item *item = (Item *)malloc(sizeof(Item));
    item->value = value;
    item->prev = *sp;
    *sp = item;
}

int pop(Item **sp)
{
    Item *item = *sp;
    if (item != NULL) {
        int value = item->value;
        *sp = item->prev;
        free(item);
        //printf(""pop %d\n"", value);
        return value;
    }
    //printf(""pop error\n"");
    return 0;
}

int main(void)
{
    Item *stack = NULL;
    char s[1000];
    char *tk;
    int v1, v2;
    fgets(s, 999, stdin);
    s[strlen(s) - 1] = '\0';

    tk = strtok(s, "" "");
    while (tk != NULL) {
        //printf(""tk=[%s]\n"", tk);
        if (strcmp(tk, ""+"") == 0) {
            v2 = pop(&stack);
            v1 = pop(&stack);
            push(&stack, v1 + v2);
        }
        else if (strcmp(tk, ""-"") == 0) {
            v2 = pop(&stack);
            v1 = pop(&stack);
            push(&stack, v1 - v2);
        }
        else if (strcmp(tk, ""*"") == 0) {
            v2 = pop(&stack);
            v1 = pop(&stack);
            push(&stack, v1 * v2);
        }
        else if (strcmp(tk, ""/"") == 0) {
            v2 = pop(&stack);
            v1 = pop(&stack);
            push(&stack, v1 / v2);
        }
        else {
            push(&stack, atoi(tk));
        }
        tk = strtok(NULL,"" ."");
    }
    v1 = pop(&stack);
    printf(""%d\n"", v1);

    return 0;
}
","[{""input"": ""1 4 + 3 4 - *\n"", ""output"": ""-5\n\n""}, {""input"": ""1 3 +\n"", ""output"": ""4\n\n""}, {""input"": ""1 4 + 2 4 - *\n"", ""output"": ""-10\n\n""}, {""input"": ""0 3 +\n"", ""output"": ""3\n\n""}, {""input"": ""1 1 + 2 4 - *\n"", ""output"": ""-4\n\n""}, {""input"": ""0 3 *\n"", ""output"": ""0\n\n""}, {""input"": ""1 4 + 3 8 - *\n"", ""output"": ""-25\n\n""}, {""input"": ""0 5 +\n"", ""output"": ""5\n\n""}, {""input"": ""1 1 + 3 4 - *\n"", ""output"": ""-2\n\n""}, {""input"": ""1 4 * 3 1 - *\n"", ""output"": ""8\n\n""}]","Given the following C code and assembly code, your task is to generate highly optimized x86-64 assembly code.
C Code:

```c
#include <stdio.h>
#include <stdlib.h>
#include <string.h>

typedef struct tagItem Item;
struct tagItem {
    int value;
    Item *prev;
};

void push(Item **sp, int value)
{
    //printf(""push %d\n"", value);
    Item *item = (Item *)malloc(sizeof(Item));
    item->value = value;
    item->prev = *sp;
    *sp = item;
}

int pop(Item **sp)
{
    Item *item = *sp;
    if (item != NULL) {
        int value = item->value;
        *sp = item->prev;
        free(item);
        //printf(""pop %d\n"", value);
        return value;
    }
    //printf(""pop error\n"");
    return 0;
}

int main(void)
{
    Item *stack = NULL;
    char s[1000];
    char *tk;
    int v1, v2;
    fgets(s, 999, stdin);
    s[strlen(s) - 1] = '\0';

    tk = strtok(s, "" "");
    while (tk != NULL) {
        //printf(""tk=[%s]\n"", tk);
        if (strcmp(tk, ""+"") == 0) {
            v2 = pop(&stack);
            v1 = pop(&stack);
            push(&stack, v1 + v2);
        }
        else if (strcmp(tk, ""-"") == 0) {
            v2 = pop(&stack);
            v1 = pop(&stack);
            push(&stack, v1 - v2);
        }
        else if (strcmp(tk, ""*"") == 0) {
            v2 = pop(&stack);
            v1 = pop(&stack);
            push(&stack, v1 * v2);
        }
        else if (strcmp(tk, ""/"") == 0) {
            v2 = pop(&stack);
            v1 = pop(&stack);
            push(&stack, v1 / v2);
        }
        else {
            push(&stack, atoi(tk));
        }
        tk = strtok(NULL,"" ."");
    }
    v1 = pop(&stack);
    printf(""%d\n"", v1);

    return 0;
}
```

Assembly Code:

```assembly

```

Only output the optimized assembly code. Do not include any other text. Do not write any comments in the assembly code. Wrap the assembly code in ```assembly``` tags.
Optimized Assembly Code:
","Given the following C code, your task is to generate highly optimized x86-64 assembly code.
C Code:

```c
#include <stdio.h>
#include <stdlib.h>
#include <string.h>

typedef struct tagItem Item;
struct tagItem {
    int value;
    Item *prev;
};

void push(Item **sp, int value)
{
    //printf(""push %d\n"", value);
    Item *item = (Item *)malloc(sizeof(Item));
    item->value = value;
    item->prev = *sp;
    *sp = item;
}

int pop(Item **sp)
{
    Item *item = *sp;
    if (item != NULL) {
        int value = item->value;
        *sp = item->prev;
        free(item);
        //printf(""pop %d\n"", value);
        return value;
    }
    //printf(""pop error\n"");
    return 0;
}

int main(void)
{
    Item *stack = NULL;
    char s[1000];
    char *tk;
    int v1, v2;
    fgets(s, 999, stdin);
    s[strlen(s) - 1] = '\0';

    tk = strtok(s, "" "");
    while (tk != NULL) {
        //printf(""tk=[%s]\n"", tk);
        if (strcmp(tk, ""+"") == 0) {
            v2 = pop(&stack);
            v1 = pop(&stack);
            push(&stack, v1 + v2);
        }
        else if (strcmp(tk, ""-"") == 0) {
            v2 = pop(&stack);
            v1 = pop(&stack);
            push(&stack, v1 - v2);
        }
        else if (strcmp(tk, ""*"") == 0) {
            v2 = pop(&stack);
            v1 = pop(&stack);
            push(&stack, v1 * v2);
        }
        else if (strcmp(tk, ""/"") == 0) {
            v2 = pop(&stack);
            v1 = pop(&stack);
            push(&stack, v1 / v2);
        }
        else {
            push(&stack, atoi(tk));
        }
        tk = strtok(NULL,"" ."");
    }
    v1 = pop(&stack);
    printf(""%d\n"", v1);

    return 0;
}
```

Only output the optimized assembly code. Do not include any other text. Do not write any comments in the assembly code. Wrap the assembly code in ```assembly``` tags.
Optimized Assembly Code:
"
27,"#include <stdio.h>

int main(void) {
	int n;
	scanf(""%d"", &n);
	printf(""%d\n"", (1 + n)*n / 2);
	return 0;
}
","[{""input"": ""2\n"", ""output"": ""3\n\n""}, {""input"": ""16\n"", ""output"": ""136\n\n""}, {""input"": ""0\n"", ""output"": ""0\n\n""}, {""input"": ""9\n"", ""output"": ""45\n\n""}, {""input"": ""-2\n"", ""output"": ""1\n\n""}, {""input"": ""4\n"", ""output"": ""10\n\n""}, {""input"": ""-4\n"", ""output"": ""6\n\n""}, {""input"": ""5\n"", ""output"": ""15\n\n""}, {""input"": ""8\n"", ""output"": ""36\n\n""}, {""input"": ""-7\n"", ""output"": ""21\n\n""}]","Given the following C code and assembly code, your task is to generate highly optimized x86-64 assembly code.
C Code:

```c
#include <stdio.h>

int main(void) {
	int n;
	scanf(""%d"", &n);
	printf(""%d\n"", (1 + n)*n / 2);
	return 0;
}
```

Assembly Code:

```assembly

```

Only output the optimized assembly code. Do not include any other text. Do not write any comments in the assembly code. Wrap the assembly code in ```assembly``` tags.
Optimized Assembly Code:
","Given the following C code, your task is to generate highly optimized x86-64 assembly code.
C Code:

```c
#include <stdio.h>

int main(void) {
	int n;
	scanf(""%d"", &n);
	printf(""%d\n"", (1 + n)*n / 2);
	return 0;
}
```

Only output the optimized assembly code. Do not include any other text. Do not write any comments in the assembly code. Wrap the assembly code in ```assembly``` tags.
Optimized Assembly Code:
"
28,"#include<stdio.h>
#include<string.h>
int main()
{
 char s[100000];
 int i;
 int b1=0;
 int w1=0;
 scanf(""%s"",s);
 
 for(i=0;i<strlen(s);i++){
     if(i%2==0){
       if(s[i]=='0'){
         b1++; 
       }
     }
   
   else if(i%2==1){
      if(s[i]=='1'){
        b1++;
      }
   }
 }

     

   for(i=0;i<strlen(s);i++){
   if(i%2==0){
     if(s[i]=='1'){
      w1++; 
     }
   }
   else if(i%2==1){
      if(s[i]=='0'){
        w1++;
      }
   }
 }
     
 if(b1<=w1){
   printf(""%d"",b1);
 }
 else if(b1>w1){
   printf(""%d"",w1);
 }
   
 
   return 0;
}
    ","[{""input"": ""10110010\n"", ""output"": ""2\n\n""}, {""input"": ""010\n"", ""output"": ""0\n\n""}, {""input"": ""10110110\n"", ""output"": ""3\n\n""}, {""input"": ""00110110\n"", ""output"": ""4\n\n""}, {""input"": ""100\n"", ""output"": ""1\n\n""}, {""input"": ""10100110\n"", ""output"": ""2\n\n""}, {""input"": ""01110110\n"", ""output"": ""3\n\n""}, {""input"": ""01110111\n"", ""output"": ""2\n\n""}, {""input"": ""10011010\n"", ""output"": ""2\n\n""}, {""input"": ""1\n"", ""output"": ""0\n\n""}]","Given the following C code and assembly code, your task is to generate highly optimized x86-64 assembly code.
C Code:

```c
#include<stdio.h>
#include<string.h>
int main()
{
 char s[100000];
 int i;
 int b1=0;
 int w1=0;
 scanf(""%s"",s);
 
 for(i=0;i<strlen(s);i++){
     if(i%2==0){
       if(s[i]=='0'){
         b1++; 
       }
     }
   
   else if(i%2==1){
      if(s[i]=='1'){
        b1++;
      }
   }
 }

     

   for(i=0;i<strlen(s);i++){
   if(i%2==0){
     if(s[i]=='1'){
      w1++; 
     }
   }
   else if(i%2==1){
      if(s[i]=='0'){
        w1++;
      }
   }
 }
     
 if(b1<=w1){
   printf(""%d"",b1);
 }
 else if(b1>w1){
   printf(""%d"",w1);
 }
   
 
   return 0;
}
    
```

Assembly Code:

```assembly

```

Only output the optimized assembly code. Do not include any other text. Do not write any comments in the assembly code. Wrap the assembly code in ```assembly``` tags.
Optimized Assembly Code:
","Given the following C code, your task is to generate highly optimized x86-64 assembly code.
C Code:

```c
#include<stdio.h>
#include<string.h>
int main()
{
 char s[100000];
 int i;
 int b1=0;
 int w1=0;
 scanf(""%s"",s);
 
 for(i=0;i<strlen(s);i++){
     if(i%2==0){
       if(s[i]=='0'){
         b1++; 
       }
     }
   
   else if(i%2==1){
      if(s[i]=='1'){
        b1++;
      }
   }
 }

     

   for(i=0;i<strlen(s);i++){
   if(i%2==0){
     if(s[i]=='1'){
      w1++; 
     }
   }
   else if(i%2==1){
      if(s[i]=='0'){
        w1++;
      }
   }
 }
     
 if(b1<=w1){
   printf(""%d"",b1);
 }
 else if(b1>w1){
   printf(""%d"",w1);
 }
   
 
   return 0;
}
    
```

Only output the optimized assembly code. Do not include any other text. Do not write any comments in the assembly code. Wrap the assembly code in ```assembly``` tags.
Optimized Assembly Code:
"
29,"#include <stdio.h>
#include <string.h>
int main(void) {

    int n,i,S[13],H[13],C[13],D[13],num;
    char s[100];
    scanf(""%d"", &n);
    for(i=0;i<n;i++){
        scanf(""%s %d"",&s,&num);
        if(strcmp(""S"",s)==0){
            S[num] = num;
        }
        if(strcmp(""H"",s)==0){
            H[num] = num;
        }
        if(strcmp(""C"",s)==0){
            C[num] = num;
        }
        if(strcmp(""D"",s)==0){
            D[num] = num;
        }
    }
    for(i=1;i<14;i++){
        if(S[i]!=i){
            printf(""S %d\n"",i);
        }
    }
    for(i=1;i<14;i++){
        if(H[i]!=i){
            printf(""H %d\n"",i);
        }
    }
    for(i=1;i<14;i++){
        if(C[i]!=i){
            printf(""C %d\n"",i);
        }
    }
    for(i=1;i<14;i++){
        if(D[i]!=i){
            printf(""D %d\n"",i);
        }
    }
    return 0;
}","[{""input"": ""47\nS 10\nS 11\nS 12\nS 13\nH 1\nH 2\nS 6\nS 7\nS 8\nS 9\nH 6\nH 8\nH 9\nH 10\nH 11\nH 4\nH 7\nS 2\nS 3\nS 4\nS 5\nH 12\nH 13\nC 1\nC 2\nD 1\nD 2\nD 3\nD 4\nD 5\nD 6\nD 7\nC 3\nC 4\nC 5\nC 6\nC 7\nC 8\nC 9\nC 10\nC 11\nC 13\nD 9\nD 10\nD 11\nD 12\nD 13\n"", ""output"": ""S 1\nH 3\nH 5\nC 12\nD 8\n\n""}, {""input"": ""47\nS 10\nS 11\nS 12\nS 13\nH 1\nH 3\nS 6\nS 7\nS 8\nS 9\nH 6\nH 8\nH 9\nH 10\nH 11\nH 4\nH 5\nS 2\nS 3\nS 4\nS 5\nH 12\nH 13\nC 1\nC 2\nD 1\nD 2\nD 3\nD 4\nD 5\nD 6\nD 7\nC 3\nC 4\nC 5\nC 6\nC 7\nC 8\nC 9\nC 10\nC 11\nC 13\nD 9\nD 10\nD 11\nD 12\nD 13\n"", ""output"": ""S 1\nH 2\nH 7\nC 12\nD 8\n\n""}, {""input"": ""47\nS 10\nS 11\nS 12\nS 13\nH 1\nH 2\nS 6\nS 7\nS 8\nS 9\nH 6\nH 8\nH 9\nH 10\nH 11\nH 4\nH 7\nS 2\nS 3\nS 4\nS 5\nH 12\nH 13\nC 1\nC 2\nD 1\nD 2\nD 3\nD 4\nD 5\nD 8\nD 7\nC 3\nC 4\nC 5\nC 6\nC 7\nC 8\nC 9\nC 10\nC 11\nC 13\nD 9\nD 10\nD 11\nD 12\nD 13\n"", ""output"": ""S 1\nH 3\nH 5\nC 12\nD 6\n\n""}, {""input"": ""47\nS 10\nS 11\nS 12\nS 13\nH 1\nH 2\nS 6\nS 7\nS 8\nS 9\nH 6\nH 8\nH 9\nH 10\nH 11\nH 3\nH 7\nS 2\nS 3\nS 4\nS 5\nH 12\nH 13\nC 1\nC 2\nD 1\nD 2\nD 3\nD 4\nD 5\nD 6\nD 7\nC 3\nC 4\nC 5\nC 6\nC 7\nC 8\nC 9\nC 10\nC 11\nC 13\nD 9\nD 10\nD 11\nD 12\nD 13\n"", ""output"": ""S 1\nH 4\nH 5\nC 12\nD 8\n\n""}, {""input"": ""47\nS 10\nS 11\nS 12\nS 13\nH 1\nH 2\nS 6\nS 7\nS 8\nS 9\nH 6\nH 8\nH 9\nH 10\nH 11\nH 3\nH 7\nS 2\nS 3\nS 1\nS 5\nH 12\nH 13\nC 1\nC 2\nD 1\nD 2\nD 3\nD 4\nD 5\nD 6\nD 7\nC 3\nC 4\nC 5\nC 6\nC 7\nC 8\nC 9\nC 10\nC 11\nC 13\nD 9\nD 10\nD 11\nD 12\nD 13\n"", ""output"": ""S 4\nH 4\nH 5\nC 12\nD 8\n\n""}, {""input"": ""47\nS 10\nS 11\nS 1\nS 13\nH 1\nH 2\nS 6\nS 7\nS 8\nS 9\nH 6\nH 8\nH 9\nH 10\nH 11\nH 4\nH 7\nS 2\nS 3\nS 4\nS 5\nH 12\nH 13\nC 1\nC 2\nD 1\nD 2\nD 3\nD 4\nD 5\nD 6\nD 7\nC 3\nC 4\nC 5\nC 6\nC 7\nC 8\nC 9\nC 10\nC 11\nC 13\nD 9\nD 10\nD 11\nD 12\nD 13\n"", ""output"": ""S 12\nH 3\nH 5\nC 12\nD 8\n\n""}, {""input"": ""47\nS 10\nS 11\nS 12\nS 13\nH 1\nH 2\nS 6\nS 7\nS 8\nS 9\nH 5\nH 8\nH 9\nH 10\nH 11\nH 3\nH 7\nS 2\nS 3\nS 1\nS 5\nH 12\nH 13\nC 1\nC 2\nD 1\nD 2\nD 3\nD 4\nD 5\nD 6\nD 7\nC 3\nC 4\nC 5\nC 6\nC 7\nC 8\nC 9\nC 10\nC 11\nC 13\nD 9\nD 10\nD 11\nD 12\nD 13\n"", ""output"": ""S 4\nH 4\nH 6\nC 12\nD 8\n\n""}, {""input"": ""47\nS 10\nS 11\nS 12\nS 13\nH 2\nH 3\nS 6\nS 7\nS 8\nS 9\nH 6\nH 8\nH 9\nH 10\nH 11\nH 4\nH 5\nS 2\nS 3\nS 4\nS 5\nH 12\nH 13\nC 1\nC 2\nD 1\nD 2\nD 3\nD 4\nD 5\nD 6\nD 7\nC 3\nC 4\nC 5\nC 6\nC 7\nC 8\nC 9\nC 10\nC 11\nC 13\nD 9\nD 10\nD 11\nD 12\nD 13\n"", ""output"": ""S 1\nH 1\nH 7\nC 12\nD 8\n\n""}, {""input"": ""47\nS 10\nS 11\nS 12\nS 13\nH 1\nH 2\nS 6\nS 7\nS 8\nS 9\nH 6\nH 8\nH 9\nH 10\nH 11\nH 4\nH 3\nS 2\nS 3\nS 4\nS 5\nH 12\nH 13\nC 1\nC 2\nD 1\nD 2\nD 3\nD 4\nD 5\nD 6\nD 7\nC 3\nC 4\nC 5\nC 6\nC 7\nC 8\nC 9\nC 10\nC 11\nC 13\nD 9\nD 10\nD 11\nD 12\nD 13\n"", ""output"": ""S 1\nH 5\nH 7\nC 12\nD 8\n\n""}, {""input"": ""47\nS 1\nS 11\nS 12\nS 13\nH 1\nH 3\nS 6\nS 7\nS 8\nS 9\nH 6\nH 8\nH 9\nH 10\nH 11\nH 4\nH 5\nS 2\nS 3\nS 4\nS 5\nH 12\nH 13\nC 1\nC 2\nD 1\nD 2\nD 3\nD 4\nD 5\nD 6\nD 7\nC 3\nC 4\nC 5\nC 6\nC 7\nC 8\nC 9\nC 10\nC 11\nC 13\nD 9\nD 10\nD 11\nD 12\nD 13\n"", ""output"": ""S 10\nH 2\nH 7\nC 12\nD 8\n\n""}]","Given the following C code and assembly code, your task is to generate highly optimized x86-64 assembly code.
C Code:

```c
#include <stdio.h>
#include <string.h>
int main(void) {

    int n,i,S[13],H[13],C[13],D[13],num;
    char s[100];
    scanf(""%d"", &n);
    for(i=0;i<n;i++){
        scanf(""%s %d"",&s,&num);
        if(strcmp(""S"",s)==0){
            S[num] = num;
        }
        if(strcmp(""H"",s)==0){
            H[num] = num;
        }
        if(strcmp(""C"",s)==0){
            C[num] = num;
        }
        if(strcmp(""D"",s)==0){
            D[num] = num;
        }
    }
    for(i=1;i<14;i++){
        if(S[i]!=i){
            printf(""S %d\n"",i);
        }
    }
    for(i=1;i<14;i++){
        if(H[i]!=i){
            printf(""H %d\n"",i);
        }
    }
    for(i=1;i<14;i++){
        if(C[i]!=i){
            printf(""C %d\n"",i);
        }
    }
    for(i=1;i<14;i++){
        if(D[i]!=i){
            printf(""D %d\n"",i);
        }
    }
    return 0;
}
```

Assembly Code:

```assembly

```

Only output the optimized assembly code. Do not include any other text. Do not write any comments in the assembly code. Wrap the assembly code in ```assembly``` tags.
Optimized Assembly Code:
","Given the following C code, your task is to generate highly optimized x86-64 assembly code.
C Code:

```c
#include <stdio.h>
#include <string.h>
int main(void) {

    int n,i,S[13],H[13],C[13],D[13],num;
    char s[100];
    scanf(""%d"", &n);
    for(i=0;i<n;i++){
        scanf(""%s %d"",&s,&num);
        if(strcmp(""S"",s)==0){
            S[num] = num;
        }
        if(strcmp(""H"",s)==0){
            H[num] = num;
        }
        if(strcmp(""C"",s)==0){
            C[num] = num;
        }
        if(strcmp(""D"",s)==0){
            D[num] = num;
        }
    }
    for(i=1;i<14;i++){
        if(S[i]!=i){
            printf(""S %d\n"",i);
        }
    }
    for(i=1;i<14;i++){
        if(H[i]!=i){
            printf(""H %d\n"",i);
        }
    }
    for(i=1;i<14;i++){
        if(C[i]!=i){
            printf(""C %d\n"",i);
        }
    }
    for(i=1;i<14;i++){
        if(D[i]!=i){
            printf(""D %d\n"",i);
        }
    }
    return 0;
}
```

Only output the optimized assembly code. Do not include any other text. Do not write any comments in the assembly code. Wrap the assembly code in ```assembly``` tags.
Optimized Assembly Code:
"
30,"#include <stdio.h>

int main(void)          
{
	long long int a[100][100], b[100][100],c[100][100];
	int n, m, l;
	int i, j, k;
	scanf(""%d %d %d"", &n, &m, &l);
	for (i = 0; i < n; i++)
	{
		for (j = 0; j < l; j++)
		{
			c[i][j] = 0;
		}
	}
	
	for (i = 0; i < n; i++) 
	{
		for (j = 0; j < m; j++)
		{
			scanf(""%d"", &a[i][j]);
		}
	}
	for (i = 0; i < m; i++)
	{
		for (j = 0; j < l; j++)
		{
			scanf(""%d"", &b[i][j]);
		}
	}
	for (i = 0; i < n; i++)
	{
		for (j = 0; j < l; j++)
		{
			for (k = 0; k < m; k++)
			{
				c[i][j] += a[i][k] * b[k][j];
			}
		}
	}
	for (i = 0; i < n; i++)
	{
		for (j = 0; j < l; j++)
		{
			printf(""%lli"", c[i][j]);
			if (j != l - 1) printf("" "");
		}
		printf(""\n"");
	}
	return 0;
}","[{""input"": ""3 2 3\n1 2\n0 3\n4 5\n1 2 1\n1 3 2\n"", ""output"": ""3 8 5\n3 9 6\n9 23 14\n\n""}, {""input"": ""3 2 3\n1 2\n1 3\n4 5\n1 2 1\n1 3 2\n"", ""output"": ""3 8 5\n4 11 7\n9 23 14\n\n""}, {""input"": ""3 2 3\n1 2\n2 3\n4 5\n1 2 1\n1 3 2\n"", ""output"": ""3 8 5\n5 13 8\n9 23 14\n\n""}, {""input"": ""3 2 3\n1 2\n2 3\n4 5\n1 2 2\n1 3 2\n"", ""output"": ""3 8 6\n5 13 10\n9 23 18\n\n""}, {""input"": ""3 2 3\n1 2\n3 3\n4 5\n1 2 2\n1 3 2\n"", ""output"": ""3 8 6\n6 15 12\n9 23 18\n\n""}, {""input"": ""3 2 3\n1 1\n3 3\n4 5\n1 2 2\n1 3 2\n"", ""output"": ""2 5 4\n6 15 12\n9 23 18\n\n""}, {""input"": ""3 2 3\n1 1\n3 3\n4 9\n1 2 2\n1 3 2\n"", ""output"": ""2 5 4\n6 15 12\n13 35 26\n\n""}, {""input"": ""3 2 3\n1 1\n3 2\n4 9\n1 2 2\n1 3 2\n"", ""output"": ""2 5 4\n5 12 10\n13 35 26\n\n""}, {""input"": ""3 0 3\n1 1\n3 2\n4 9\n1 2 2\n1 3 2\n"", ""output"": ""0 0 0\n0 0 0\n0 0 0\n\n""}, {""input"": ""3 0 5\n1 1\n3 2\n4 9\n1 2 2\n1 3 2\n"", ""output"": ""0 0 0 0 0\n0 0 0 0 0\n0 0 0 0 0\n\n""}]","Given the following C code and assembly code, your task is to generate highly optimized x86-64 assembly code.
C Code:

```c
#include <stdio.h>

int main(void)          
{
	long long int a[100][100], b[100][100],c[100][100];
	int n, m, l;
	int i, j, k;
	scanf(""%d %d %d"", &n, &m, &l);
	for (i = 0; i < n; i++)
	{
		for (j = 0; j < l; j++)
		{
			c[i][j] = 0;
		}
	}
	
	for (i = 0; i < n; i++) 
	{
		for (j = 0; j < m; j++)
		{
			scanf(""%d"", &a[i][j]);
		}
	}
	for (i = 0; i < m; i++)
	{
		for (j = 0; j < l; j++)
		{
			scanf(""%d"", &b[i][j]);
		}
	}
	for (i = 0; i < n; i++)
	{
		for (j = 0; j < l; j++)
		{
			for (k = 0; k < m; k++)
			{
				c[i][j] += a[i][k] * b[k][j];
			}
		}
	}
	for (i = 0; i < n; i++)
	{
		for (j = 0; j < l; j++)
		{
			printf(""%lli"", c[i][j]);
			if (j != l - 1) printf("" "");
		}
		printf(""\n"");
	}
	return 0;
}
```

Assembly Code:

```assembly

```

Only output the optimized assembly code. Do not include any other text. Do not write any comments in the assembly code. Wrap the assembly code in ```assembly``` tags.
Optimized Assembly Code:
","Given the following C code, your task is to generate highly optimized x86-64 assembly code.
C Code:

```c
#include <stdio.h>

int main(void)          
{
	long long int a[100][100], b[100][100],c[100][100];
	int n, m, l;
	int i, j, k;
	scanf(""%d %d %d"", &n, &m, &l);
	for (i = 0; i < n; i++)
	{
		for (j = 0; j < l; j++)
		{
			c[i][j] = 0;
		}
	}
	
	for (i = 0; i < n; i++) 
	{
		for (j = 0; j < m; j++)
		{
			scanf(""%d"", &a[i][j]);
		}
	}
	for (i = 0; i < m; i++)
	{
		for (j = 0; j < l; j++)
		{
			scanf(""%d"", &b[i][j]);
		}
	}
	for (i = 0; i < n; i++)
	{
		for (j = 0; j < l; j++)
		{
			for (k = 0; k < m; k++)
			{
				c[i][j] += a[i][k] * b[k][j];
			}
		}
	}
	for (i = 0; i < n; i++)
	{
		for (j = 0; j < l; j++)
		{
			printf(""%lli"", c[i][j]);
			if (j != l - 1) printf("" "");
		}
		printf(""\n"");
	}
	return 0;
}
```

Only output the optimized assembly code. Do not include any other text. Do not write any comments in the assembly code. Wrap the assembly code in ```assembly``` tags.
Optimized Assembly Code:
"
31,"#include <stdio.h>
int main(void){
    int i;
    for (i=1;i<=1000;i++){
        printf(""Hello World\n"");
    }


    return 0;
}",[],"Given the following C code and assembly code, your task is to generate highly optimized x86-64 assembly code.
C Code:

```c
#include <stdio.h>
int main(void){
    int i;
    for (i=1;i<=1000;i++){
        printf(""Hello World\n"");
    }


    return 0;
}
```

Assembly Code:

```assembly

```

Only output the optimized assembly code. Do not include any other text. Do not write any comments in the assembly code. Wrap the assembly code in ```assembly``` tags.
Optimized Assembly Code:
","Given the following C code, your task is to generate highly optimized x86-64 assembly code.
C Code:

```c
#include <stdio.h>
int main(void){
    int i;
    for (i=1;i<=1000;i++){
        printf(""Hello World\n"");
    }


    return 0;
}
```

Only output the optimized assembly code. Do not include any other text. Do not write any comments in the assembly code. Wrap the assembly code in ```assembly``` tags.
Optimized Assembly Code:
"
32,"#include <stdio.h>
#include <string.h>
#define LEN 100005
 
typedef struct pp {
  char name[100];
  int t;
} P;
 
P Q[LEN];
int head, tail, n;
 
void enqueue(P x) {
  Q[tail] = x;
  tail = (tail + 1) % LEN;
}
 
P dequeue() {
  P x = Q[head];
  head = (head + 1) % LEN;
  return x;
}
 
int min(int a,int b) {
  return a < b ? a : b; 
}
 
int main() {
  int elaps = 0, c;
  int i, q;
  P u;
  char str[64];
  
  scanf(""%d %d"",&n ,&q);
  for(i=1; i<=n; i++) {
    scanf(""%s"", Q[i].name);
    scanf(""%d"", &Q[i].t);
  }
  head = 1; tail = n + 1;
 
  while(head != tail) {
    u = dequeue();
    c = min(q, u.t);
    u.t -= c;
    elaps += c;
    if(u.t > 0) enqueue(u);
    else {
      printf(""%s %d\n"",u.name,elaps);
    }
  }
  return 0;
}
","[{""input"": ""5 100\np1 150\np2 80\np3 200\np4 350\np5 14\n"", ""output"": ""p2 180\np5 394\np1 444\np3 544\np4 794\n\n""}, {""input"": ""5 100\np1 150\n2p 80\np3 200\np4 350\np5 14\n"", ""output"": ""2p 180\np5 394\np1 444\np3 544\np4 794\n\n""}, {""input"": ""4 100\np1 150\n2p 80\np3 200\np4 350\np5 14\n"", ""output"": ""2p 180\np1 430\np3 530\np4 780\n\n""}, {""input"": ""3 100\np1 150\n2p 80\np3 200\np4 350\np5 14\n"", ""output"": ""2p 180\np1 330\np3 430\n\n""}, {""input"": ""5 100\np1 150\np2 125\np3 200\np4 350\np5 20\n"", ""output"": ""p5 420\np1 470\np2 495\np3 595\np4 845\n\n""}, {""input"": ""4 100\np1 150\np2 80\np3 200\np4 350\np5 14\n"", ""output"": ""p2 180\np1 430\np3 530\np4 780\n\n""}, {""input"": ""5 100\np1 150\n2p 80\n3p 200\np4 350\np5 14\n"", ""output"": ""2p 180\np5 394\np1 444\n3p 544\np4 794\n\n""}, {""input"": ""4 100\np1 150\n2p 80\np2 200\np4 350\np5 14\n"", ""output"": ""2p 180\np1 430\np2 530\np4 780\n\n""}, {""input"": ""3 100\np1 150\np2 80\np3 200\np4 350\np5 14\n"", ""output"": ""p2 180\np1 330\np3 430\n\n""}, {""input"": ""5 100\np1 150\np2 216\np3 200\np4 350\np5 20\n"", ""output"": ""p5 420\np1 470\np3 670\np2 786\np4 936\n\n""}]","Given the following C code and assembly code, your task is to generate highly optimized x86-64 assembly code.
C Code:

```c
#include <stdio.h>
#include <string.h>
#define LEN 100005
 
typedef struct pp {
  char name[100];
  int t;
} P;
 
P Q[LEN];
int head, tail, n;
 
void enqueue(P x) {
  Q[tail] = x;
  tail = (tail + 1) % LEN;
}
 
P dequeue() {
  P x = Q[head];
  head = (head + 1) % LEN;
  return x;
}
 
int min(int a,int b) {
  return a < b ? a : b; 
}
 
int main() {
  int elaps = 0, c;
  int i, q;
  P u;
  char str[64];
  
  scanf(""%d %d"",&n ,&q);
  for(i=1; i<=n; i++) {
    scanf(""%s"", Q[i].name);
    scanf(""%d"", &Q[i].t);
  }
  head = 1; tail = n + 1;
 
  while(head != tail) {
    u = dequeue();
    c = min(q, u.t);
    u.t -= c;
    elaps += c;
    if(u.t > 0) enqueue(u);
    else {
      printf(""%s %d\n"",u.name,elaps);
    }
  }
  return 0;
}
```

Assembly Code:

```assembly

```

Only output the optimized assembly code. Do not include any other text. Do not write any comments in the assembly code. Wrap the assembly code in ```assembly``` tags.
Optimized Assembly Code:
","Given the following C code, your task is to generate highly optimized x86-64 assembly code.
C Code:

```c
#include <stdio.h>
#include <string.h>
#define LEN 100005
 
typedef struct pp {
  char name[100];
  int t;
} P;
 
P Q[LEN];
int head, tail, n;
 
void enqueue(P x) {
  Q[tail] = x;
  tail = (tail + 1) % LEN;
}
 
P dequeue() {
  P x = Q[head];
  head = (head + 1) % LEN;
  return x;
}
 
int min(int a,int b) {
  return a < b ? a : b; 
}
 
int main() {
  int elaps = 0, c;
  int i, q;
  P u;
  char str[64];
  
  scanf(""%d %d"",&n ,&q);
  for(i=1; i<=n; i++) {
    scanf(""%s"", Q[i].name);
    scanf(""%d"", &Q[i].t);
  }
  head = 1; tail = n + 1;
 
  while(head != tail) {
    u = dequeue();
    c = min(q, u.t);
    u.t -= c;
    elaps += c;
    if(u.t > 0) enqueue(u);
    else {
      printf(""%s %d\n"",u.name,elaps);
    }
  }
  return 0;
}
```

Only output the optimized assembly code. Do not include any other text. Do not write any comments in the assembly code. Wrap the assembly code in ```assembly``` tags.
Optimized Assembly Code:
"
33,"#include <stdio.h>

void solve(int n) {
	int square[n][n];
	int x, y, i;

	for (y = 0; y < n; y++) {
		for (x = 0; x < n; x++) {
			square[y][x] = 0;
		}
	}
	x = n / 2;
	y = x + 1;
	square[y][x] = 1;

	for (i = 1; i < n*n; i++) {
		x = (x+1) % n;
		y = (y+1) % n;
		if (square[y][x]) {
			x = ((x-1) > -1) ? (x-1) : (n-1);
			y = (y+1) % n;
		}
		square[y][x] = i + 1;
	}

	for (y = 0; y < n; y++) {
		for (x = 0; x < n; x++) {
			printf(""%4d"", square[y][x]);
		}
		putchar('\n');
	}
}

int main(void) {
	int n;

	while (1) {
		scanf(""%d "", &n);
		if (!n)
			break;
		solve(n);
	}
	return 0;
}","[{""input"": ""3\n0\n0\n"", ""output"": ""   4   9   2\n   3   5   7\n   8   1   6\n\n""}, {""input"": ""3\n7\n0\n"", ""output"": ""   4   9   2\n   3   5   7\n   8   1   6\n  22  47  16  41  10  35   4\n   5  23  48  17  42  11  29\n  30   6  24  49  18  36  12\n  13  31   7  25  43  19  37\n  38  14  32   1  26  44  20\n  21  39   8  33   2  27  45\n  46  15  40   9  34   3  28\n\n""}, {""input"": ""3\n3\n0\n"", ""output"": ""   4   9   2\n   3   5   7\n   8   1   6\n   4   9   2\n   3   5   7\n   8   1   6\n\n""}, {""input"": ""3\n11\n0\n"", ""output"": ""   4   9   2\n   3   5   7\n   8   1   6\n  56 117  46 107  36  97  26  87  16  77   6\n   7  57 118  47 108  37  98  27  88  17  67\n  68   8  58 119  48 109  38  99  28  78  18\n  19  69   9  59 120  49 110  39  89  29  79\n  80  20  70  10  60 121  50 100  40  90  30\n  31  81  21  71  11  61 111  51 101  41  91\n  92  32  82  22  72   1  62 112  52 102  42\n  43  93  33  83  12  73   2  63 113  53 103\n 104  44  94  23  84  13  74   3  64 114  54\n  55 105  34  95  24  85  14  75   4  65 115\n 116  45 106  35  96  25  86  15  76   5  66\n\n""}, {""input"": ""3\n9\n0\n"", ""output"": ""   4   9   2\n   3   5   7\n   8   1   6\n  37  78  29  70  21  62  13  54   5\n   6  38  79  30  71  22  63  14  46\n  47   7  39  80  31  72  23  55  15\n  16  48   8  40  81  32  64  24  56\n  57  17  49   9  41  73  33  65  25\n  26  58  18  50   1  42  74  34  66\n  67  27  59  10  51   2  43  75  35\n  36  68  19  60  11  52   3  44  76\n  77  28  69  20  61  12  53   4  45\n\n""}, {""input"": ""3\n15\n0\n"", ""output"": ""   4   9   2\n   3   5   7\n   8   1   6\n 106 219  92 205  78 191  64 177  50 163  36 149  22 135   8\n   9 107 220  93 206  79 192  65 178  51 164  37 150  23 121\n 122  10 108 221  94 207  80 193  66 179  52 165  38 136  24\n  25 123  11 109 222  95 208  81 194  67 180  53 151  39 137\n 138  26 124  12 110 223  96 209  82 195  68 166  54 152  40\n  41 139  27 125  13 111 224  97 210  83 181  69 167  55 153\n 154  42 140  28 126  14 112 225  98 196  84 182  70 168  56\n  57 155  43 141  29 127  15 113 211  99 197  85 183  71 169\n 170  58 156  44 142  30 128   1 114 212 100 198  86 184  72\n  73 171  59 157  45 143  16 129   2 115 213 101 199  87 185\n 186  74 172  60 158  31 144  17 130   3 116 214 102 200  88\n  89 187  75 173  46 159  32 145  18 131   4 117 215 103 201\n 202  90 188  61 174  47 160  33 146  19 132   5 118 216 104\n 105 203  76 189  62 175  48 161  34 147  20 133   6 119 217\n 218  91 204  77 190  63 176  49 162  35 148  21 134   7 120\n\n""}, {""input"": ""3\n19\n0\n"", ""output"": ""   4   9   2\n   3   5   7\n   8   1   6\n 172 353 154 335 136 317 118 299 100 281  82 263  64 245  46 227  28 209  10\n  11 173 354 155 336 137 318 119 300 101 282  83 264  65 246  47 228  29 191\n 192  12 174 355 156 337 138 319 120 301 102 283  84 265  66 247  48 210  30\n  31 193  13 175 356 157 338 139 320 121 302 103 284  85 266  67 229  49 211\n 212  32 194  14 176 357 158 339 140 321 122 303 104 285  86 248  68 230  50\n  51 213  33 195  15 177 358 159 340 141 322 123 304 105 267  87 249  69 231\n 232  52 214  34 196  16 178 359 160 341 142 323 124 286 106 268  88 250  70\n  71 233  53 215  35 197  17 179 360 161 342 143 305 125 287 107 269  89 251\n 252  72 234  54 216  36 198  18 180 361 162 324 144 306 126 288 108 270  90\n  91 253  73 235  55 217  37 199  19 181 343 163 325 145 307 127 289 109 271\n 272  92 254  74 236  56 218  38 200   1 182 344 164 326 146 308 128 290 110\n 111 273  93 255  75 237  57 219  20 201   2 183 345 165 327 147 309 129 291\n 292 112 274  94 256  76 238  39 220  21 202   3 184 346 166 328 148 310 130\n 131 293 113 275  95 257  58 239  40 221  22 203   4 185 347 167 329 149 311\n 312 132 294 114 276  77 258  59 240  41 222  23 204   5 186 348 168 330 150\n 151 313 133 295  96 277  78 259  60 241  42 223  24 205   6 187 349 169 331\n 332 152 314 115 296  97 278  79 260  61 242  43 224  25 206   7 188 350 170\n 171 333 134 315 116 297  98 279  80 261  62 243  44 225  26 207   8 189 351\n 352 153 334 135 316 117 298  99 280  81 262  63 244  45 226  27 208   9 190\n\n""}, {""input"": ""3\n17\n0\n"", ""output"": ""   4   9   2\n   3   5   7\n   8   1   6\n 137 282 121 266 105 250  89 234  73 218  57 202  41 186  25 170   9\n  10 138 283 122 267 106 251  90 235  74 219  58 203  42 187  26 154\n 155  11 139 284 123 268 107 252  91 236  75 220  59 204  43 171  27\n  28 156  12 140 285 124 269 108 253  92 237  76 221  60 188  44 172\n 173  29 157  13 141 286 125 270 109 254  93 238  77 205  61 189  45\n  46 174  30 158  14 142 287 126 271 110 255  94 222  78 206  62 190\n 191  47 175  31 159  15 143 288 127 272 111 239  95 223  79 207  63\n  64 192  48 176  32 160  16 144 289 128 256 112 240  96 224  80 208\n 209  65 193  49 177  33 161  17 145 273 129 257 113 241  97 225  81\n  82 210  66 194  50 178  34 162   1 146 274 130 258 114 242  98 226\n 227  83 211  67 195  51 179  18 163   2 147 275 131 259 115 243  99\n 100 228  84 212  68 196  35 180  19 164   3 148 276 132 260 116 244\n 245 101 229  85 213  52 197  36 181  20 165   4 149 277 133 261 117\n 118 246 102 230  69 214  53 198  37 182  21 166   5 150 278 134 262\n 263 119 247  86 231  70 215  54 199  38 183  22 167   6 151 279 135\n 136 264 103 248  87 232  71 216  55 200  39 184  23 168   7 152 280\n 281 120 265 104 249  88 233  72 217  56 201  40 185  24 169   8 153\n\n""}, {""input"": ""3\n27\n0\n"", ""output"": ""   4   9   2\n   3   5   7\n   8   1   6\n 352 717 326 691 300 665 274 639 248 613 222 587 196 561 170 535 144 509 118 483  92 457  66 431  40 405  14\n  15 353 718 327 692 301 666 275 640 249 614 223 588 197 562 171 536 145 510 119 484  93 458  67 432  41 379\n 380  16 354 719 328 693 302 667 276 641 250 615 224 589 198 563 172 537 146 511 120 485  94 459  68 406  42\n  43 381  17 355 720 329 694 303 668 277 642 251 616 225 590 199 564 173 538 147 512 121 486  95 433  69 407\n 408  44 382  18 356 721 330 695 304 669 278 643 252 617 226 591 200 565 174 539 148 513 122 460  96 434  70\n  71 409  45 383  19 357 722 331 696 305 670 279 644 253 618 227 592 201 566 175 540 149 487 123 461  97 435\n 436  72 410  46 384  20 358 723 332 697 306 671 280 645 254 619 228 593 202 567 176 514 150 488 124 462  98\n  99 437  73 411  47 385  21 359 724 333 698 307 672 281 646 255 620 229 594 203 541 177 515 151 489 125 463\n 464 100 438  74 412  48 386  22 360 725 334 699 308 673 282 647 256 621 230 568 204 542 178 516 152 490 126\n 127 465 101 439  75 413  49 387  23 361 726 335 700 309 674 283 648 257 595 231 569 205 543 179 517 153 491\n 492 128 466 102 440  76 414  50 388  24 362 727 336 701 310 675 284 622 258 596 232 570 206 544 180 518 154\n 155 493 129 467 103 441  77 415  51 389  25 363 728 337 702 311 649 285 623 259 597 233 571 207 545 181 519\n 520 156 494 130 468 104 442  78 416  52 390  26 364 729 338 676 312 650 286 624 260 598 234 572 208 546 182\n 183 521 157 495 131 469 105 443  79 417  53 391  27 365 703 339 677 313 651 287 625 261 599 235 573 209 547\n 548 184 522 158 496 132 470 106 444  80 418  54 392   1 366 704 340 678 314 652 288 626 262 600 236 574 210\n 211 549 185 523 159 497 133 471 107 445  81 419  28 393   2 367 705 341 679 315 653 289 627 263 601 237 575\n 576 212 550 186 524 160 498 134 472 108 446  55 420  29 394   3 368 706 342 680 316 654 290 628 264 602 238\n 239 577 213 551 187 525 161 499 135 473  82 447  56 421  30 395   4 369 707 343 681 317 655 291 629 265 603\n 604 240 578 214 552 188 526 162 500 109 474  83 448  57 422  31 396   5 370 708 344 682 318 656 292 630 266\n 267 605 241 579 215 553 189 527 136 501 110 475  84 449  58 423  32 397   6 371 709 345 683 319 657 293 631\n 632 268 606 242 580 216 554 163 528 137 502 111 476  85 450  59 424  33 398   7 372 710 346 684 320 658 294\n 295 633 269 607 243 581 190 555 164 529 138 503 112 477  86 451  60 425  34 399   8 373 711 347 685 321 659\n 660 296 634 270 608 217 582 191 556 165 530 139 504 113 478  87 452  61 426  35 400   9 374 712 348 686 322\n 323 661 297 635 244 609 218 583 192 557 166 531 140 505 114 479  88 453  62 427  36 401  10 375 713 349 687\n 688 324 662 271 636 245 610 219 584 193 558 167 532 141 506 115 480  89 454  63 428  37 402  11 376 714 350\n 351 689 298 663 272 637 246 611 220 585 194 559 168 533 142 507 116 481  90 455  64 429  38 403  12 377 715\n 716 325 690 299 664 273 638 247 612 221 586 195 560 169 534 143 508 117 482  91 456  65 430  39 404  13 378\n\n""}, {""input"": ""3\n13\n0\n"", ""output"": ""   4   9   2\n   3   5   7\n   8   1   6\n  79 164  67 152  55 140  43 128  31 116  19 104   7\n   8  80 165  68 153  56 141  44 129  32 117  20  92\n  93   9  81 166  69 154  57 142  45 130  33 105  21\n  22  94  10  82 167  70 155  58 143  46 118  34 106\n 107  23  95  11  83 168  71 156  59 131  47 119  35\n  36 108  24  96  12  84 169  72 144  60 132  48 120\n 121  37 109  25  97  13  85 157  73 145  61 133  49\n  50 122  38 110  26  98   1  86 158  74 146  62 134\n 135  51 123  39 111  14  99   2  87 159  75 147  63\n  64 136  52 124  27 112  15 100   3  88 160  76 148\n 149  65 137  40 125  28 113  16 101   4  89 161  77\n  78 150  53 138  41 126  29 114  17 102   5  90 162\n 163  66 151  54 139  42 127  30 115  18 103   6  91\n\n""}]","Given the following C code and assembly code, your task is to generate highly optimized x86-64 assembly code.
C Code:

```c
#include <stdio.h>

void solve(int n) {
	int square[n][n];
	int x, y, i;

	for (y = 0; y < n; y++) {
		for (x = 0; x < n; x++) {
			square[y][x] = 0;
		}
	}
	x = n / 2;
	y = x + 1;
	square[y][x] = 1;

	for (i = 1; i < n*n; i++) {
		x = (x+1) % n;
		y = (y+1) % n;
		if (square[y][x]) {
			x = ((x-1) > -1) ? (x-1) : (n-1);
			y = (y+1) % n;
		}
		square[y][x] = i + 1;
	}

	for (y = 0; y < n; y++) {
		for (x = 0; x < n; x++) {
			printf(""%4d"", square[y][x]);
		}
		putchar('\n');
	}
}

int main(void) {
	int n;

	while (1) {
		scanf(""%d "", &n);
		if (!n)
			break;
		solve(n);
	}
	return 0;
}
```

Assembly Code:

```assembly

```

Only output the optimized assembly code. Do not include any other text. Do not write any comments in the assembly code. Wrap the assembly code in ```assembly``` tags.
Optimized Assembly Code:
","Given the following C code, your task is to generate highly optimized x86-64 assembly code.
C Code:

```c
#include <stdio.h>

void solve(int n) {
	int square[n][n];
	int x, y, i;

	for (y = 0; y < n; y++) {
		for (x = 0; x < n; x++) {
			square[y][x] = 0;
		}
	}
	x = n / 2;
	y = x + 1;
	square[y][x] = 1;

	for (i = 1; i < n*n; i++) {
		x = (x+1) % n;
		y = (y+1) % n;
		if (square[y][x]) {
			x = ((x-1) > -1) ? (x-1) : (n-1);
			y = (y+1) % n;
		}
		square[y][x] = i + 1;
	}

	for (y = 0; y < n; y++) {
		for (x = 0; x < n; x++) {
			printf(""%4d"", square[y][x]);
		}
		putchar('\n');
	}
}

int main(void) {
	int n;

	while (1) {
		scanf(""%d "", &n);
		if (!n)
			break;
		solve(n);
	}
	return 0;
}
```

Only output the optimized assembly code. Do not include any other text. Do not write any comments in the assembly code. Wrap the assembly code in ```assembly``` tags.
Optimized Assembly Code:
"
34,"#include <stdio.h>

int main(void)
{
    int a,b;
    scanf(""%d%d"",&a,&b);
    if (a + b >= 10) {
        printf(""error\n"");
    }else{
        printf(""%d\n"",a+b);
    }
    return 0;
}","[{""input"": ""6 7\n"", ""output"": ""error\n\n""}, {""input"": ""6 0\n"", ""output"": ""6\n\n""}, {""input"": ""7 0\n"", ""output"": ""7\n\n""}, {""input"": ""5 0\n"", ""output"": ""5\n\n""}, {""input"": ""1 1\n"", ""output"": ""2\n\n""}, {""input"": ""1 0\n"", ""output"": ""1\n\n""}, {""input"": ""2 1\n"", ""output"": ""3\n\n""}, {""input"": ""3 1\n"", ""output"": ""4\n\n""}, {""input"": ""1 -1\n"", ""output"": ""0\n\n""}, {""input"": ""0 -1\n"", ""output"": ""-1\n\n""}]","Given the following C code and assembly code, your task is to generate highly optimized x86-64 assembly code.
C Code:

```c
#include <stdio.h>

int main(void)
{
    int a,b;
    scanf(""%d%d"",&a,&b);
    if (a + b >= 10) {
        printf(""error\n"");
    }else{
        printf(""%d\n"",a+b);
    }
    return 0;
}
```

Assembly Code:

```assembly

```

Only output the optimized assembly code. Do not include any other text. Do not write any comments in the assembly code. Wrap the assembly code in ```assembly``` tags.
Optimized Assembly Code:
","Given the following C code, your task is to generate highly optimized x86-64 assembly code.
C Code:

```c
#include <stdio.h>

int main(void)
{
    int a,b;
    scanf(""%d%d"",&a,&b);
    if (a + b >= 10) {
        printf(""error\n"");
    }else{
        printf(""%d\n"",a+b);
    }
    return 0;
}
```

Only output the optimized assembly code. Do not include any other text. Do not write any comments in the assembly code. Wrap the assembly code in ```assembly``` tags.
Optimized Assembly Code:
"
35,"#include <stdio.h>
#define N 110

void sort(int data[], int left, int right)
{
	int sample = data[left], lptr = left, rptr = right;
	if (lptr < rptr){
		while (lptr != rptr){
			while ((sample < data[rptr]) && (lptr != rptr)) rptr--;
			if (lptr != rptr) data[lptr++] = data[rptr];
			while ((data[lptr] < sample) && (lptr != rptr)) lptr++;
			if (lptr != rptr) data[rptr--] = data[lptr];
		}
		data[lptr] = sample;
		sort(data, left, lptr - 1);
		sort(data, rptr + 1, right);
	}
}
int count(int data[], int n)
{
	int i, cnt = 1;
	for (i = 1; i < n; i++) {
		if (data[i] != data[i - 1]) cnt++;
	}
	return cnt;
}
int main(void)
{
	int n;
	int d[N];
	scanf(""%d"", &n);
	for (int i = 0; i < n; i++) scanf(""%d"", &d[i]);
	sort(d, 0, n - 1);
	printf(""%d\n"", count(d, n));
	return 0;
}","[{""input"": ""7\n50\n30\n50\n100\n50\n80\n35\n"", ""output"": ""5\n\n""}, {""input"": ""3\n29\n15\n15\n"", ""output"": ""2\n\n""}, {""input"": ""4\n10\n8\n14\n6\n"", ""output"": ""4\n\n""}, {""input"": ""3\n29\n15\n14\n"", ""output"": ""3\n\n""}, {""input"": ""7\n50\n40\n91\n110\n50\n34\n59\n"", ""output"": ""6\n\n""}, {""input"": ""7\n50\n40\n91\n110\n3\n34\n59\n"", ""output"": ""7\n\n""}, {""input"": ""3\n1\n1\n1\n"", ""output"": ""1\n\n""}, {""input"": ""7\n50\n30\n50\n100\n50\n80\n59\n"", ""output"": ""5\n\n""}, {""input"": ""4\n10\n8\n16\n6\n"", ""output"": ""4\n\n""}, {""input"": ""7\n50\n40\n50\n100\n50\n80\n59\n"", ""output"": ""5\n\n""}]","Given the following C code and assembly code, your task is to generate highly optimized x86-64 assembly code.
C Code:

```c
#include <stdio.h>
#define N 110

void sort(int data[], int left, int right)
{
	int sample = data[left], lptr = left, rptr = right;
	if (lptr < rptr){
		while (lptr != rptr){
			while ((sample < data[rptr]) && (lptr != rptr)) rptr--;
			if (lptr != rptr) data[lptr++] = data[rptr];
			while ((data[lptr] < sample) && (lptr != rptr)) lptr++;
			if (lptr != rptr) data[rptr--] = data[lptr];
		}
		data[lptr] = sample;
		sort(data, left, lptr - 1);
		sort(data, rptr + 1, right);
	}
}
int count(int data[], int n)
{
	int i, cnt = 1;
	for (i = 1; i < n; i++) {
		if (data[i] != data[i - 1]) cnt++;
	}
	return cnt;
}
int main(void)
{
	int n;
	int d[N];
	scanf(""%d"", &n);
	for (int i = 0; i < n; i++) scanf(""%d"", &d[i]);
	sort(d, 0, n - 1);
	printf(""%d\n"", count(d, n));
	return 0;
}
```

Assembly Code:

```assembly

```

Only output the optimized assembly code. Do not include any other text. Do not write any comments in the assembly code. Wrap the assembly code in ```assembly``` tags.
Optimized Assembly Code:
","Given the following C code, your task is to generate highly optimized x86-64 assembly code.
C Code:

```c
#include <stdio.h>
#define N 110

void sort(int data[], int left, int right)
{
	int sample = data[left], lptr = left, rptr = right;
	if (lptr < rptr){
		while (lptr != rptr){
			while ((sample < data[rptr]) && (lptr != rptr)) rptr--;
			if (lptr != rptr) data[lptr++] = data[rptr];
			while ((data[lptr] < sample) && (lptr != rptr)) lptr++;
			if (lptr != rptr) data[rptr--] = data[lptr];
		}
		data[lptr] = sample;
		sort(data, left, lptr - 1);
		sort(data, rptr + 1, right);
	}
}
int count(int data[], int n)
{
	int i, cnt = 1;
	for (i = 1; i < n; i++) {
		if (data[i] != data[i - 1]) cnt++;
	}
	return cnt;
}
int main(void)
{
	int n;
	int d[N];
	scanf(""%d"", &n);
	for (int i = 0; i < n; i++) scanf(""%d"", &d[i]);
	sort(d, 0, n - 1);
	printf(""%d\n"", count(d, n));
	return 0;
}
```

Only output the optimized assembly code. Do not include any other text. Do not write any comments in the assembly code. Wrap the assembly code in ```assembly``` tags.
Optimized Assembly Code:
"
36,"#include <stdio.h>

int main(){
  int x,y;
  scanf(""%d%d"",&x,&y);
  printf(""%d %d\n"",x*y,x*2+y*2);

  return 0;
}",[],"Given the following C code and assembly code, your task is to generate highly optimized x86-64 assembly code.
C Code:

```c
#include <stdio.h>

int main(){
  int x,y;
  scanf(""%d%d"",&x,&y);
  printf(""%d %d\n"",x*y,x*2+y*2);

  return 0;
}
```

Assembly Code:

```assembly

```

Only output the optimized assembly code. Do not include any other text. Do not write any comments in the assembly code. Wrap the assembly code in ```assembly``` tags.
Optimized Assembly Code:
","Given the following C code, your task is to generate highly optimized x86-64 assembly code.
C Code:

```c
#include <stdio.h>

int main(){
  int x,y;
  scanf(""%d%d"",&x,&y);
  printf(""%d %d\n"",x*y,x*2+y*2);

  return 0;
}
```

Only output the optimized assembly code. Do not include any other text. Do not write any comments in the assembly code. Wrap the assembly code in ```assembly``` tags.
Optimized Assembly Code:
"
37,"#include <stdio.h>
#include<stdlib.h>
#include<string.h>
#include <assert.h>

int main(void){
		long long int a,b = 100,c = 0;
    //int ans;
		scanf(""%lld"",&a);

    while(1){
    b = b*1.01;
    c++;
    if(b >= a){
      break;
    }
  }
  printf(""%lld\n"",c);


		return 0;
}
","[{""input"": ""1925339908\n"", ""output"": ""1743\n\n""}, {""input"": ""121\n"", ""output"": ""21\n\n""}, {""input"": ""1000010000000000000\n"", ""output"": ""3760\n\n""}, {""input"": ""2918372355\n"", ""output"": ""1785\n\n""}, {""input"": ""1100010000000000000\n"", ""output"": ""3770\n\n""}, {""input"": ""1759180116\n"", ""output"": ""1734\n\n""}, {""input"": ""314793131\n"", ""output"": ""1561\n\n""}, {""input"": ""385473767\n"", ""output"": ""1582\n\n""}, {""input"": ""693073999\n"", ""output"": ""1641\n\n""}, {""input"": ""463707925\n"", ""output"": ""1600\n\n""}]","Given the following C code and assembly code, your task is to generate highly optimized x86-64 assembly code.
C Code:

```c
#include <stdio.h>
#include<stdlib.h>
#include<string.h>
#include <assert.h>

int main(void){
		long long int a,b = 100,c = 0;
    //int ans;
		scanf(""%lld"",&a);

    while(1){
    b = b*1.01;
    c++;
    if(b >= a){
      break;
    }
  }
  printf(""%lld\n"",c);


		return 0;
}
```

Assembly Code:

```assembly

```

Only output the optimized assembly code. Do not include any other text. Do not write any comments in the assembly code. Wrap the assembly code in ```assembly``` tags.
Optimized Assembly Code:
","Given the following C code, your task is to generate highly optimized x86-64 assembly code.
C Code:

```c
#include <stdio.h>
#include<stdlib.h>
#include<string.h>
#include <assert.h>

int main(void){
		long long int a,b = 100,c = 0;
    //int ans;
		scanf(""%lld"",&a);

    while(1){
    b = b*1.01;
    c++;
    if(b >= a){
      break;
    }
  }
  printf(""%lld\n"",c);


		return 0;
}
```

Only output the optimized assembly code. Do not include any other text. Do not write any comments in the assembly code. Wrap the assembly code in ```assembly``` tags.
Optimized Assembly Code:
"
38,"#include <stdio.h>
#include <string.h>
#define MAX 101
#define PEOPLE 3
int main(void) {
	char card[PEOPLE][MAX], player;
	int ai, bi = 0, ci = 0, alen, blen, clen, i;
	for (i = 0; i < PEOPLE; i++) {
		if (scanf(""%s"", card[i]) < 1) {
			return 1;
		}
	}
	alen = strlen(card[0]);
	blen = strlen(card[1]);
	clen = strlen(card[2]);
	player = card[0][0];
	ai = 1;
	while (1) {
		switch (player) {
			case 'a':
				player = card[0][ai];
				ai++;
				if (player == '\0') {
					printf(""A\n"");
				}
				break;
			case 'b':
				player = card[1][bi];
				bi++;
				if (player == '\0') {
					printf(""B\n"");
				}
				break;
			case 'c':
				player = card[2][ci];
				ci++;
				if (player == '\0') {
					printf(""C\n"");
				}
				break;
			default:
				goto end;
		}
	}
end:
	fflush(stdout);
	return 0;
}","[{""input"": ""abcb\naabb\nbccc\n"", ""output"": ""B\n\n""}, {""input"": ""caa\naccc\nca\n"", ""output"": ""A\n\n""}, {""input"": ""aaca\naabb\ncccc\n"", ""output"": ""C\n\n""}, {""input"": ""abcb\nbbaa\nbccc\n"", ""output"": ""B\n\n""}, {""input"": ""aacb\nbbaa\nbccc\n"", ""output"": ""A\n\n""}, {""input"": ""aacb\nbbaa\ncccb\n"", ""output"": ""A\n\n""}, {""input"": ""aaca\nbbaa\ncccb\n"", ""output"": ""A\n\n""}, {""input"": ""aaca\naabb\ncccb\n"", ""output"": ""A\n\n""}, {""input"": ""acaa\naabb\ncccc\n"", ""output"": ""C\n\n""}, {""input"": ""acaa\nabab\ncccc\n"", ""output"": ""C\n\n""}]","Given the following C code and assembly code, your task is to generate highly optimized x86-64 assembly code.
C Code:

```c
#include <stdio.h>
#include <string.h>
#define MAX 101
#define PEOPLE 3
int main(void) {
	char card[PEOPLE][MAX], player;
	int ai, bi = 0, ci = 0, alen, blen, clen, i;
	for (i = 0; i < PEOPLE; i++) {
		if (scanf(""%s"", card[i]) < 1) {
			return 1;
		}
	}
	alen = strlen(card[0]);
	blen = strlen(card[1]);
	clen = strlen(card[2]);
	player = card[0][0];
	ai = 1;
	while (1) {
		switch (player) {
			case 'a':
				player = card[0][ai];
				ai++;
				if (player == '\0') {
					printf(""A\n"");
				}
				break;
			case 'b':
				player = card[1][bi];
				bi++;
				if (player == '\0') {
					printf(""B\n"");
				}
				break;
			case 'c':
				player = card[2][ci];
				ci++;
				if (player == '\0') {
					printf(""C\n"");
				}
				break;
			default:
				goto end;
		}
	}
end:
	fflush(stdout);
	return 0;
}
```

Assembly Code:

```assembly

```

Only output the optimized assembly code. Do not include any other text. Do not write any comments in the assembly code. Wrap the assembly code in ```assembly``` tags.
Optimized Assembly Code:
","Given the following C code, your task is to generate highly optimized x86-64 assembly code.
C Code:

```c
#include <stdio.h>
#include <string.h>
#define MAX 101
#define PEOPLE 3
int main(void) {
	char card[PEOPLE][MAX], player;
	int ai, bi = 0, ci = 0, alen, blen, clen, i;
	for (i = 0; i < PEOPLE; i++) {
		if (scanf(""%s"", card[i]) < 1) {
			return 1;
		}
	}
	alen = strlen(card[0]);
	blen = strlen(card[1]);
	clen = strlen(card[2]);
	player = card[0][0];
	ai = 1;
	while (1) {
		switch (player) {
			case 'a':
				player = card[0][ai];
				ai++;
				if (player == '\0') {
					printf(""A\n"");
				}
				break;
			case 'b':
				player = card[1][bi];
				bi++;
				if (player == '\0') {
					printf(""B\n"");
				}
				break;
			case 'c':
				player = card[2][ci];
				ci++;
				if (player == '\0') {
					printf(""C\n"");
				}
				break;
			default:
				goto end;
		}
	}
end:
	fflush(stdout);
	return 0;
}
```

Only output the optimized assembly code. Do not include any other text. Do not write any comments in the assembly code. Wrap the assembly code in ```assembly``` tags.
Optimized Assembly Code:
"
39,"#include<stdio.h>

#define MAXLEN 10000
 
  
int main( void ) 
{
 	int n,q;
 	int S[MAXLEN+1],T[MAXLEN+1];
 	int i,j;
	int cnt;	
	
    scanf( ""%d"", &n ); 
    for( i=0; i<n; i++ ) {
    	scanf( ""%d"", &S[i] ); 
    }

	for( i=0; i<n; i++ ) {
		for( j=i+1; j<n; j++ ) {
			if( S[i] == S[j] ) {
				S[j]=-1;
			}
		}
	}
    scanf( ""%d"", &q); 
    for( i=0; i<q; i++ ) {
    	scanf( ""%d"", &T[i] ); 
    }
	
	for( i=0; i<q; i++ ) {
		for( j=i+1; j<q; j++ ) {
			if( T[i] == T[j] ) {
				T[j]=-1;
			}
		}
	}
    
	cnt=0;
	for( i=0; i<n; i++ ) {
		if( -1==S[i] ) { continue; }
		for( j=0; j<q; j++ ) {
			if( S[i] == T[j] ) {
				cnt++;
				break;
			}
		}
	}
	
	if( cnt ) {
		printf( ""%d\n"", cnt );
	} else {
		printf( ""0\n"" );
	}

    return 0;
}","[{""input"": ""5\n1 2 3 4 5\n3\n3 4 1\n"", ""output"": ""3\n""}]","Given the following C code and assembly code, your task is to generate highly optimized x86-64 assembly code.
C Code:

```c
#include<stdio.h>

#define MAXLEN 10000
 
  
int main( void ) 
{
 	int n,q;
 	int S[MAXLEN+1],T[MAXLEN+1];
 	int i,j;
	int cnt;	
	
    scanf( ""%d"", &n ); 
    for( i=0; i<n; i++ ) {
    	scanf( ""%d"", &S[i] ); 
    }

	for( i=0; i<n; i++ ) {
		for( j=i+1; j<n; j++ ) {
			if( S[i] == S[j] ) {
				S[j]=-1;
			}
		}
	}
    scanf( ""%d"", &q); 
    for( i=0; i<q; i++ ) {
    	scanf( ""%d"", &T[i] ); 
    }
	
	for( i=0; i<q; i++ ) {
		for( j=i+1; j<q; j++ ) {
			if( T[i] == T[j] ) {
				T[j]=-1;
			}
		}
	}
    
	cnt=0;
	for( i=0; i<n; i++ ) {
		if( -1==S[i] ) { continue; }
		for( j=0; j<q; j++ ) {
			if( S[i] == T[j] ) {
				cnt++;
				break;
			}
		}
	}
	
	if( cnt ) {
		printf( ""%d\n"", cnt );
	} else {
		printf( ""0\n"" );
	}

    return 0;
}
```

Assembly Code:

```assembly

```

Only output the optimized assembly code. Do not include any other text. Do not write any comments in the assembly code. Wrap the assembly code in ```assembly``` tags.
Optimized Assembly Code:
","Given the following C code, your task is to generate highly optimized x86-64 assembly code.
C Code:

```c
#include<stdio.h>

#define MAXLEN 10000
 
  
int main( void ) 
{
 	int n,q;
 	int S[MAXLEN+1],T[MAXLEN+1];
 	int i,j;
	int cnt;	
	
    scanf( ""%d"", &n ); 
    for( i=0; i<n; i++ ) {
    	scanf( ""%d"", &S[i] ); 
    }

	for( i=0; i<n; i++ ) {
		for( j=i+1; j<n; j++ ) {
			if( S[i] == S[j] ) {
				S[j]=-1;
			}
		}
	}
    scanf( ""%d"", &q); 
    for( i=0; i<q; i++ ) {
    	scanf( ""%d"", &T[i] ); 
    }
	
	for( i=0; i<q; i++ ) {
		for( j=i+1; j<q; j++ ) {
			if( T[i] == T[j] ) {
				T[j]=-1;
			}
		}
	}
    
	cnt=0;
	for( i=0; i<n; i++ ) {
		if( -1==S[i] ) { continue; }
		for( j=0; j<q; j++ ) {
			if( S[i] == T[j] ) {
				cnt++;
				break;
			}
		}
	}
	
	if( cnt ) {
		printf( ""%d\n"", cnt );
	} else {
		printf( ""0\n"" );
	}

    return 0;
}
```

Only output the optimized assembly code. Do not include any other text. Do not write any comments in the assembly code. Wrap the assembly code in ```assembly``` tags.
Optimized Assembly Code:
"
40,"/*
AizuOnline A0087
Title: Strange Mathematical Expression

13/02/09 WA
13/02/10 unary operator - 
*/
#include <stdio.h>
// Select Below
//#include <stdlib.h>
#include <string.h>
#include <float.h>
//#include <math.h>
//#include <limits.h>
//Global data section
double STACK[100];
int SP;
char wk[100];
//
int is_op(char * c)
{
  return(((*c=='*'||*c=='+'||*c=='-'||*c=='/')&&(!isdigit(c[1]))));
}
void operate(char op)
{
  double res;
  //printf(""OP\n"");
  if(op=='+')
    res = STACK[SP-2]+STACK[SP-1];
  if(op=='-')
    res = STACK[SP-2]-STACK[SP-1];
  if(op=='*')
    res = STACK[SP-2]*STACK[SP-1];
  if(op=='/')
    res = STACK[SP-2]/STACK[SP-1];

  STACK[SP-2]=res;
  SP--;
}

print()
{
  int i;
  for(i=0;i<=5;i++)
    printf(""%f:"",STACK[i]);
  printf(""\n"");
}

main()
{
  char *tp;

  SP = 0;
  while(NULL != fgets(wk,100,stdin))
    {
      tp = strtok(wk,"" "");
      while(tp != NULL)
	{
	  if(is_op(tp))
	    operate(tp[0]);
	  else
	    {
	      sscanf(tp,""%lf"",&(STACK[SP]));
	      SP++;
	    }
	  //print();
	  tp=strtok(NULL,"" "");
	}
      printf(""%lf\n"",STACK[0]);
      SP=0;
    }

return(0);
}","[{""input"": ""10 2 12 - /\n6 4 - 7 2 3 * + *\n-1 -2 3 + +\n"", ""output"": ""-1.000000\n26.000000\n0.000000\n\n""}, {""input"": ""10 2 12 - /\n9 4 - 7 2 3 * + *\n-1 -2 3 + +\n"", ""output"": ""-1.000000\n65.000000\n0.000000\n\n""}, {""input"": ""10 2 12 - /\n9 4 - 7 2 6 * + *\n-1 -2 3 + +\n"", ""output"": ""-1.000000\n95.000000\n0.000000\n\n""}, {""input"": ""10 2 12 - /\n9 4 - 7 2 6 * + *\n-1 -2 4 + +\n"", ""output"": ""-1.000000\n95.000000\n1.000000\n\n""}, {""input"": ""10 2 23 - /\n9 4 - 7 2 6 * + *\n-1 -2 4 + +\n"", ""output"": ""-0.476190\n95.000000\n1.000000\n\n""}, {""input"": ""10 2 23 - /\n9 4 - 7 2 6 * + *\n-1 -2 0 + +\n"", ""output"": ""-0.476190\n95.000000\n-3.000000\n\n""}, {""input"": ""10 2 23 - /\n4 4 - 7 2 6 * + *\n-1 -2 0 + +\n"", ""output"": ""-0.476190\n0.000000\n-3.000000\n\n""}, {""input"": ""10 2 41 - /\n4 4 - 7 2 6 + + *\n-1 -2 0 + +\n"", ""output"": ""-0.256410\n0.000000\n-3.000000\n\n""}, {""input"": ""10 2 82 - /\n4 4 - 7 2 6 * + *\n-1 -2 0 + +\n"", ""output"": ""-0.125000\n0.000000\n-3.000000\n\n""}, {""input"": ""10 0 82 - /\n4 4 - 7 0 3 * + *\n-1 -2 0 + +\n"", ""output"": ""-0.121951\n0.000000\n-3.000000\n\n""}]","Given the following C code and assembly code, your task is to generate highly optimized x86-64 assembly code.
C Code:

```c
/*
AizuOnline A0087
Title: Strange Mathematical Expression

13/02/09 WA
13/02/10 unary operator - 
*/
#include <stdio.h>
// Select Below
//#include <stdlib.h>
#include <string.h>
#include <float.h>
//#include <math.h>
//#include <limits.h>
//Global data section
double STACK[100];
int SP;
char wk[100];
//
int is_op(char * c)
{
  return(((*c=='*'||*c=='+'||*c=='-'||*c=='/')&&(!isdigit(c[1]))));
}
void operate(char op)
{
  double res;
  //printf(""OP\n"");
  if(op=='+')
    res = STACK[SP-2]+STACK[SP-1];
  if(op=='-')
    res = STACK[SP-2]-STACK[SP-1];
  if(op=='*')
    res = STACK[SP-2]*STACK[SP-1];
  if(op=='/')
    res = STACK[SP-2]/STACK[SP-1];

  STACK[SP-2]=res;
  SP--;
}

print()
{
  int i;
  for(i=0;i<=5;i++)
    printf(""%f:"",STACK[i]);
  printf(""\n"");
}

main()
{
  char *tp;

  SP = 0;
  while(NULL != fgets(wk,100,stdin))
    {
      tp = strtok(wk,"" "");
      while(tp != NULL)
	{
	  if(is_op(tp))
	    operate(tp[0]);
	  else
	    {
	      sscanf(tp,""%lf"",&(STACK[SP]));
	      SP++;
	    }
	  //print();
	  tp=strtok(NULL,"" "");
	}
      printf(""%lf\n"",STACK[0]);
      SP=0;
    }

return(0);
}
```

Assembly Code:

```assembly

```

Only output the optimized assembly code. Do not include any other text. Do not write any comments in the assembly code. Wrap the assembly code in ```assembly``` tags.
Optimized Assembly Code:
","Given the following C code, your task is to generate highly optimized x86-64 assembly code.
C Code:

```c
/*
AizuOnline A0087
Title: Strange Mathematical Expression

13/02/09 WA
13/02/10 unary operator - 
*/
#include <stdio.h>
// Select Below
//#include <stdlib.h>
#include <string.h>
#include <float.h>
//#include <math.h>
//#include <limits.h>
//Global data section
double STACK[100];
int SP;
char wk[100];
//
int is_op(char * c)
{
  return(((*c=='*'||*c=='+'||*c=='-'||*c=='/')&&(!isdigit(c[1]))));
}
void operate(char op)
{
  double res;
  //printf(""OP\n"");
  if(op=='+')
    res = STACK[SP-2]+STACK[SP-1];
  if(op=='-')
    res = STACK[SP-2]-STACK[SP-1];
  if(op=='*')
    res = STACK[SP-2]*STACK[SP-1];
  if(op=='/')
    res = STACK[SP-2]/STACK[SP-1];

  STACK[SP-2]=res;
  SP--;
}

print()
{
  int i;
  for(i=0;i<=5;i++)
    printf(""%f:"",STACK[i]);
  printf(""\n"");
}

main()
{
  char *tp;

  SP = 0;
  while(NULL != fgets(wk,100,stdin))
    {
      tp = strtok(wk,"" "");
      while(tp != NULL)
	{
	  if(is_op(tp))
	    operate(tp[0]);
	  else
	    {
	      sscanf(tp,""%lf"",&(STACK[SP]));
	      SP++;
	    }
	  //print();
	  tp=strtok(NULL,"" "");
	}
      printf(""%lf\n"",STACK[0]);
      SP=0;
    }

return(0);
}
```

Only output the optimized assembly code. Do not include any other text. Do not write any comments in the assembly code. Wrap the assembly code in ```assembly``` tags.
Optimized Assembly Code:
"
41,"#include<stdio.h>
int main ()
{
    int a,b,i;
    long long int sum=0;
    scanf(""%d"",&a);
    for (i=1;i<=a;i++)
    {
        if (i%3!=0 && i%5!=0)
        {
           sum=sum+i;
        }
    }
    printf (""%lld\n"",sum);
    return 0;
}
","[{""input"": ""1100000\n"", ""output"": ""322667033332\n\n""}, {""input"": ""16\n"", ""output"": ""76\n\n""}, {""input"": ""1110000\n"", ""output"": ""328560000000\n\n""}, {""input"": ""23\n"", ""output"": ""157\n\n""}, {""input"": ""1110010\n"", ""output"": ""328565550022\n\n""}, {""input"": ""3\n"", ""output"": ""3\n\n""}, {""input"": ""1111010\n"", ""output"": ""329158562362\n\n""}, {""input"": ""1111110\n"", ""output"": ""329217448560\n\n""}, {""input"": ""4\n"", ""output"": ""7\n\n""}, {""input"": ""8\n"", ""output"": ""22\n\n""}]","Given the following C code and assembly code, your task is to generate highly optimized x86-64 assembly code.
C Code:

```c
#include<stdio.h>
int main ()
{
    int a,b,i;
    long long int sum=0;
    scanf(""%d"",&a);
    for (i=1;i<=a;i++)
    {
        if (i%3!=0 && i%5!=0)
        {
           sum=sum+i;
        }
    }
    printf (""%lld\n"",sum);
    return 0;
}
```

Assembly Code:

```assembly

```

Only output the optimized assembly code. Do not include any other text. Do not write any comments in the assembly code. Wrap the assembly code in ```assembly``` tags.
Optimized Assembly Code:
","Given the following C code, your task is to generate highly optimized x86-64 assembly code.
C Code:

```c
#include<stdio.h>
int main ()
{
    int a,b,i;
    long long int sum=0;
    scanf(""%d"",&a);
    for (i=1;i<=a;i++)
    {
        if (i%3!=0 && i%5!=0)
        {
           sum=sum+i;
        }
    }
    printf (""%lld\n"",sum);
    return 0;
}
```

Only output the optimized assembly code. Do not include any other text. Do not write any comments in the assembly code. Wrap the assembly code in ```assembly``` tags.
Optimized Assembly Code:
"
42,"#include <stdio.h>

int main(void)
{
  int n,m,k,s;

  scanf(""%d %d"", &n, &m);
  s = m;
  int max = s;
  int i[10000][2] = {};

  for(k = 0; k < n; k++)
    {
      scanf(""%d %d"", &i[k][0], &i[k][1]);

      s += i[k][0];
      s -= i[k][1];

      if ( s < 0 ) {
	max = 0;
	break;
      }
      
      if ( max < s)
	max = s;
    }

  printf(""%d\n"", max);

  return 0;

}","[{""input"": ""3\n2\n2 3\n2 3\n4 1\n"", ""output"": ""3\n""}]","Given the following C code and assembly code, your task is to generate highly optimized x86-64 assembly code.
C Code:

```c
#include <stdio.h>

int main(void)
{
  int n,m,k,s;

  scanf(""%d %d"", &n, &m);
  s = m;
  int max = s;
  int i[10000][2] = {};

  for(k = 0; k < n; k++)
    {
      scanf(""%d %d"", &i[k][0], &i[k][1]);

      s += i[k][0];
      s -= i[k][1];

      if ( s < 0 ) {
	max = 0;
	break;
      }
      
      if ( max < s)
	max = s;
    }

  printf(""%d\n"", max);

  return 0;

}
```

Assembly Code:

```assembly

```

Only output the optimized assembly code. Do not include any other text. Do not write any comments in the assembly code. Wrap the assembly code in ```assembly``` tags.
Optimized Assembly Code:
","Given the following C code, your task is to generate highly optimized x86-64 assembly code.
C Code:

```c
#include <stdio.h>

int main(void)
{
  int n,m,k,s;

  scanf(""%d %d"", &n, &m);
  s = m;
  int max = s;
  int i[10000][2] = {};

  for(k = 0; k < n; k++)
    {
      scanf(""%d %d"", &i[k][0], &i[k][1]);

      s += i[k][0];
      s -= i[k][1];

      if ( s < 0 ) {
	max = 0;
	break;
      }
      
      if ( max < s)
	max = s;
    }

  printf(""%d\n"", max);

  return 0;

}
```

Only output the optimized assembly code. Do not include any other text. Do not write any comments in the assembly code. Wrap the assembly code in ```assembly``` tags.
Optimized Assembly Code:
"
43,"#include<stdio.h>

int main(){
  int s,n,sum=0;
  scanf(""%d"", &n)==1;
  int a[n],b[n];
  for(int i=0;i<n;i++){ 
    scanf(""%d"", &a[i])==1; 
  }
  for(int i=0;i<n;i++){ 
    scanf(""%d"", &b[i])==1; 
  }
  for(int i=0;i<n;i++){
    if(a[i] > b[i])
      sum += a[i] - b[i];
  }
  printf(""%d"", sum);
  return 0;
}","[{""input"": ""4\n13 21 6 19\n11 30 6 10\n"", ""output"": ""11\n\n""}, {""input"": ""3\n10 2 5\n6 5 4\n"", ""output"": ""5\n\n""}, {""input"": ""1\n1\n45\n"", ""output"": ""0\n\n""}, {""input"": ""4\n13 21 6 19\n0 30 6 10\n"", ""output"": ""22\n\n""}, {""input"": ""3\n10 2 5\n12 5 4\n"", ""output"": ""1\n\n""}, {""input"": ""4\n13 21 11 19\n0 30 6 10\n"", ""output"": ""27\n\n""}, {""input"": ""4\n13 21 11 19\n-1 30 6 10\n"", ""output"": ""28\n\n""}, {""input"": ""3\n10 1 5\n12 5 1\n"", ""output"": ""4\n\n""}, {""input"": ""4\n13 21 11 26\n-1 30 6 10\n"", ""output"": ""35\n\n""}, {""input"": ""4\n13 21 11 26\n-1 30 11 10\n"", ""output"": ""30\n\n""}]","Given the following C code and assembly code, your task is to generate highly optimized x86-64 assembly code.
C Code:

```c
#include<stdio.h>

int main(){
  int s,n,sum=0;
  scanf(""%d"", &n)==1;
  int a[n],b[n];
  for(int i=0;i<n;i++){ 
    scanf(""%d"", &a[i])==1; 
  }
  for(int i=0;i<n;i++){ 
    scanf(""%d"", &b[i])==1; 
  }
  for(int i=0;i<n;i++){
    if(a[i] > b[i])
      sum += a[i] - b[i];
  }
  printf(""%d"", sum);
  return 0;
}
```

Assembly Code:

```assembly

```

Only output the optimized assembly code. Do not include any other text. Do not write any comments in the assembly code. Wrap the assembly code in ```assembly``` tags.
Optimized Assembly Code:
","Given the following C code, your task is to generate highly optimized x86-64 assembly code.
C Code:

```c
#include<stdio.h>

int main(){
  int s,n,sum=0;
  scanf(""%d"", &n)==1;
  int a[n],b[n];
  for(int i=0;i<n;i++){ 
    scanf(""%d"", &a[i])==1; 
  }
  for(int i=0;i<n;i++){ 
    scanf(""%d"", &b[i])==1; 
  }
  for(int i=0;i<n;i++){
    if(a[i] > b[i])
      sum += a[i] - b[i];
  }
  printf(""%d"", sum);
  return 0;
}
```

Only output the optimized assembly code. Do not include any other text. Do not write any comments in the assembly code. Wrap the assembly code in ```assembly``` tags.
Optimized Assembly Code:
"
44,"#include <stdio.h>
main() {
	char s[7];
	int N, i, cnt = 0;
	scanf(""%d"", &N);
	for (i = 1; i <= N; cnt += sprintf(s, ""%d"", i++) % 2);
	printf(""%d\n"", cnt);
}","[{""input"": ""2\n"", ""output"": ""2\n\n""}, {""input"": ""100010\n"", ""output"": ""90909\n\n""}, {""input"": ""36\n"", ""output"": ""9\n\n""}, {""input"": ""3\n"", ""output"": ""3\n\n""}, {""input"": ""4\n"", ""output"": ""4\n\n""}, {""input"": ""1\n"", ""output"": ""1\n\n""}, {""input"": ""0\n"", ""output"": ""0\n\n""}, {""input"": ""7\n"", ""output"": ""7\n\n""}, {""input"": ""6\n"", ""output"": ""6\n\n""}, {""input"": ""5\n"", ""output"": ""5\n\n""}]","Given the following C code and assembly code, your task is to generate highly optimized x86-64 assembly code.
C Code:

```c
#include <stdio.h>
main() {
	char s[7];
	int N, i, cnt = 0;
	scanf(""%d"", &N);
	for (i = 1; i <= N; cnt += sprintf(s, ""%d"", i++) % 2);
	printf(""%d\n"", cnt);
}
```

Assembly Code:

```assembly

```

Only output the optimized assembly code. Do not include any other text. Do not write any comments in the assembly code. Wrap the assembly code in ```assembly``` tags.
Optimized Assembly Code:
","Given the following C code, your task is to generate highly optimized x86-64 assembly code.
C Code:

```c
#include <stdio.h>
main() {
	char s[7];
	int N, i, cnt = 0;
	scanf(""%d"", &N);
	for (i = 1; i <= N; cnt += sprintf(s, ""%d"", i++) % 2);
	printf(""%d\n"", cnt);
}
```

Only output the optimized assembly code. Do not include any other text. Do not write any comments in the assembly code. Wrap the assembly code in ```assembly``` tags.
Optimized Assembly Code:
"
45,"#include<stdio.h>
int a[100001];
int com[100001],x[100001],y[100001],b[100001];
int B=2000;
int n,q;
void put(int a[100001]);
int min(int a,int b);
void update(int i,int x);
void find(int s,int t);
int main(void){
  put(a);
  int i;
  scanf(""%d %d"",&n,&q);
  for(i=0;i<q;i++){
    scanf(""%d %d %d"",&com[i],&x[i],&y[i]);
    if(com[i]==0)
      update(x[i],y[i]);
    else if(com[i]==1)
      find(x[i],y[i]);
  }
  return 0;
}
int min(int a,int b){
  if(a<=b)
    return a;
  else
    return b;
}
void update(int i,int x){
  int j;
  a[i]=x;
  b[i/B]=2147483647;
  for(j=i-i%B;j<min(i-i%B+B,n);j++){
    b[i/B]=min(b[i/B],a[j]);
  }
}
void find(int s,int t){
  int ans=2147483647;
  int j;
  for(j=s;j<=t;){
    if(j%B==0 && j+B<=t-1){
      ans=min(ans,b[j/B]);
      j+=B;
    }else{
      ans=min(ans,a[j]);
      j++;
    }
  }
  printf(""%d\n"",ans);
}
void put(int a[100001]){
  int i;
  for(i=0;i<100001;i++)
    a[i]=2147483647,b[i]=2147483647;
}","[{""input"": ""1 3\n1 -1 0\n0 0 5\n1 0 0\n"", ""output"": ""2147483647\n5\n\n""}, {""input"": ""3 5\n0 0 1\n0 1 2\n0 2 3\n1 0 2\n1 1 4\n"", ""output"": ""1\n2\n\n""}, {""input"": ""1 3\n1 -1 0\n0 0 9\n1 0 0\n"", ""output"": ""2147483647\n9\n\n""}, {""input"": ""3 5\n0 0 1\n0 2 2\n0 2 3\n1 0 2\n1 1 2\n"", ""output"": ""1\n3\n\n""}, {""input"": ""1 3\n1 -1 0\n0 0 5\n0 0 0\n"", ""output"": ""2147483647\n\n""}, {""input"": ""1 3\n1 -1 0\n0 0 15\n1 0 0\n"", ""output"": ""2147483647\n15\n\n""}, {""input"": ""3 5\n0 0 1\n0 2 2\n0 2 3\n1 0 2\n0 1 2\n"", ""output"": ""1\n\n""}, {""input"": ""3 5\n0 0 1\n0 0 2\n0 2 6\n1 0 2\n1 1 4\n"", ""output"": ""2\n6\n\n""}, {""input"": ""3 5\n0 0 2\n0 2 2\n0 2 3\n1 0 2\n0 1 2\n"", ""output"": ""2\n\n""}, {""input"": ""1 3\n1 -1 0\n0 0 4\n1 0 0\n"", ""output"": ""2147483647\n4\n\n""}]","Given the following C code and assembly code, your task is to generate highly optimized x86-64 assembly code.
C Code:

```c
#include<stdio.h>
int a[100001];
int com[100001],x[100001],y[100001],b[100001];
int B=2000;
int n,q;
void put(int a[100001]);
int min(int a,int b);
void update(int i,int x);
void find(int s,int t);
int main(void){
  put(a);
  int i;
  scanf(""%d %d"",&n,&q);
  for(i=0;i<q;i++){
    scanf(""%d %d %d"",&com[i],&x[i],&y[i]);
    if(com[i]==0)
      update(x[i],y[i]);
    else if(com[i]==1)
      find(x[i],y[i]);
  }
  return 0;
}
int min(int a,int b){
  if(a<=b)
    return a;
  else
    return b;
}
void update(int i,int x){
  int j;
  a[i]=x;
  b[i/B]=2147483647;
  for(j=i-i%B;j<min(i-i%B+B,n);j++){
    b[i/B]=min(b[i/B],a[j]);
  }
}
void find(int s,int t){
  int ans=2147483647;
  int j;
  for(j=s;j<=t;){
    if(j%B==0 && j+B<=t-1){
      ans=min(ans,b[j/B]);
      j+=B;
    }else{
      ans=min(ans,a[j]);
      j++;
    }
  }
  printf(""%d\n"",ans);
}
void put(int a[100001]){
  int i;
  for(i=0;i<100001;i++)
    a[i]=2147483647,b[i]=2147483647;
}
```

Assembly Code:

```assembly

```

Only output the optimized assembly code. Do not include any other text. Do not write any comments in the assembly code. Wrap the assembly code in ```assembly``` tags.
Optimized Assembly Code:
","Given the following C code, your task is to generate highly optimized x86-64 assembly code.
C Code:

```c
#include<stdio.h>
int a[100001];
int com[100001],x[100001],y[100001],b[100001];
int B=2000;
int n,q;
void put(int a[100001]);
int min(int a,int b);
void update(int i,int x);
void find(int s,int t);
int main(void){
  put(a);
  int i;
  scanf(""%d %d"",&n,&q);
  for(i=0;i<q;i++){
    scanf(""%d %d %d"",&com[i],&x[i],&y[i]);
    if(com[i]==0)
      update(x[i],y[i]);
    else if(com[i]==1)
      find(x[i],y[i]);
  }
  return 0;
}
int min(int a,int b){
  if(a<=b)
    return a;
  else
    return b;
}
void update(int i,int x){
  int j;
  a[i]=x;
  b[i/B]=2147483647;
  for(j=i-i%B;j<min(i-i%B+B,n);j++){
    b[i/B]=min(b[i/B],a[j]);
  }
}
void find(int s,int t){
  int ans=2147483647;
  int j;
  for(j=s;j<=t;){
    if(j%B==0 && j+B<=t-1){
      ans=min(ans,b[j/B]);
      j+=B;
    }else{
      ans=min(ans,a[j]);
      j++;
    }
  }
  printf(""%d\n"",ans);
}
void put(int a[100001]){
  int i;
  for(i=0;i<100001;i++)
    a[i]=2147483647,b[i]=2147483647;
}
```

Only output the optimized assembly code. Do not include any other text. Do not write any comments in the assembly code. Wrap the assembly code in ```assembly``` tags.
Optimized Assembly Code:
"
46,"/* 
 * File:   main.c
 * Author: s1252007
 *
 * Created on June 26, 2018, 11:39 AM
 */

#include <stdio.h>
#include <stdlib.h>
#define NIL -1

/*
 * 
 */

int BinarySearch(int *S, int n, int key);

int main(int argc, char** argv) {
    int n, q, checkSearch, counter = 0;
    int *S, *T;
    scanf(""%d"", &n);
    S = (int *)malloc(sizeof(int) * n);
    for (int i = 0; i < n; i++)
    {
        scanf(""%d"", &S[i]);
    }
    scanf(""%d"", &q);
    T = (int *)malloc(sizeof(int) * q);
    for (int j = 0; j < q; j++)
    {
        scanf(""%d"", &T[j]);
    }
    
    for (int ix = 0; ix < q; ix++)
    {
        checkSearch = BinarySearch(S, n, T[ix]);
        if (checkSearch != NIL) counter++;
    }
    printf(""%d\n"", counter);
    return (EXIT_SUCCESS);
}

int BinarySearch(int *S, int n, int key)
{
    int left = 0, counter = 0, right = n;
    while (left < right)
    {
        int mid = (left + right)/2;
        if (key == S[mid]) return mid;
        if (key > S[mid]) left = mid + 1;
        else if (key < S[mid]) right = mid;
    }
    return NIL;
}




","[{""input"": ""5\n1 0 2 2 3\n2\n1 2\n"", ""output"": ""2\n\n""}, {""input"": ""3\n2 2 3\n1\n5\n"", ""output"": ""0\n\n""}, {""input"": ""5\n1 0 4 2 3\n2\n1 1\n"", ""output"": ""1\n\n""}, {""input"": ""5\n1 2 3 4 1\n5\n2 4 1\n"", ""output"": ""3\n\n""}, {""input"": ""5\n1 2 3 4 5\n3\n1 4 1\n"", ""output"": ""2\n\n""}, {""input"": ""5\n1 0 4 2 3\n2\n1 2\n"", ""output"": ""2\n\n""}, {""input"": ""3\n1 2 3\n1\n4\n"", ""output"": ""0\n\n""}, {""input"": ""5\n1 4 3 4 5\n3\n1 4 1\n"", ""output"": ""2\n\n""}, {""input"": ""3\n1 2 4\n1\n4\n"", ""output"": ""1\n\n""}, {""input"": ""5\n1 4 3 4 6\n3\n1 4 1\n"", ""output"": ""2\n\n""}]","Given the following C code and assembly code, your task is to generate highly optimized x86-64 assembly code.
C Code:

```c
/* 
 * File:   main.c
 * Author: s1252007
 *
 * Created on June 26, 2018, 11:39 AM
 */

#include <stdio.h>
#include <stdlib.h>
#define NIL -1

/*
 * 
 */

int BinarySearch(int *S, int n, int key);

int main(int argc, char** argv) {
    int n, q, checkSearch, counter = 0;
    int *S, *T;
    scanf(""%d"", &n);
    S = (int *)malloc(sizeof(int) * n);
    for (int i = 0; i < n; i++)
    {
        scanf(""%d"", &S[i]);
    }
    scanf(""%d"", &q);
    T = (int *)malloc(sizeof(int) * q);
    for (int j = 0; j < q; j++)
    {
        scanf(""%d"", &T[j]);
    }
    
    for (int ix = 0; ix < q; ix++)
    {
        checkSearch = BinarySearch(S, n, T[ix]);
        if (checkSearch != NIL) counter++;
    }
    printf(""%d\n"", counter);
    return (EXIT_SUCCESS);
}

int BinarySearch(int *S, int n, int key)
{
    int left = 0, counter = 0, right = n;
    while (left < right)
    {
        int mid = (left + right)/2;
        if (key == S[mid]) return mid;
        if (key > S[mid]) left = mid + 1;
        else if (key < S[mid]) right = mid;
    }
    return NIL;
}
```

Assembly Code:

```assembly

```

Only output the optimized assembly code. Do not include any other text. Do not write any comments in the assembly code. Wrap the assembly code in ```assembly``` tags.
Optimized Assembly Code:
","Given the following C code, your task is to generate highly optimized x86-64 assembly code.
C Code:

```c
/* 
 * File:   main.c
 * Author: s1252007
 *
 * Created on June 26, 2018, 11:39 AM
 */

#include <stdio.h>
#include <stdlib.h>
#define NIL -1

/*
 * 
 */

int BinarySearch(int *S, int n, int key);

int main(int argc, char** argv) {
    int n, q, checkSearch, counter = 0;
    int *S, *T;
    scanf(""%d"", &n);
    S = (int *)malloc(sizeof(int) * n);
    for (int i = 0; i < n; i++)
    {
        scanf(""%d"", &S[i]);
    }
    scanf(""%d"", &q);
    T = (int *)malloc(sizeof(int) * q);
    for (int j = 0; j < q; j++)
    {
        scanf(""%d"", &T[j]);
    }
    
    for (int ix = 0; ix < q; ix++)
    {
        checkSearch = BinarySearch(S, n, T[ix]);
        if (checkSearch != NIL) counter++;
    }
    printf(""%d\n"", counter);
    return (EXIT_SUCCESS);
}

int BinarySearch(int *S, int n, int key)
{
    int left = 0, counter = 0, right = n;
    while (left < right)
    {
        int mid = (left + right)/2;
        if (key == S[mid]) return mid;
        if (key > S[mid]) left = mid + 1;
        else if (key < S[mid]) right = mid;
    }
    return NIL;
}
```

Only output the optimized assembly code. Do not include any other text. Do not write any comments in the assembly code. Wrap the assembly code in ```assembly``` tags.
Optimized Assembly Code:
"
47,"#include <stdio.h>

int main(void) {
    int a,b,c,d;
    scanf(""%d"",&a);
    scanf(""%d"",&b);
    printf(""%d %d\n"",a*b,2*a+2*b);
    return 0;
}","[{""input"": ""0 5\n"", ""output"": ""0 10\n\n""}, {""input"": ""1 5\n"", ""output"": ""5 12\n\n""}, {""input"": ""1 3\n"", ""output"": ""3 8\n\n""}, {""input"": ""0 3\n"", ""output"": ""0 6\n\n""}, {""input"": ""0 1\n"", ""output"": ""0 2\n\n""}, {""input"": ""0 2\n"", ""output"": ""0 4\n\n""}, {""input"": ""0 4\n"", ""output"": ""0 8\n\n""}, {""input"": ""1 4\n"", ""output"": ""4 10\n\n""}, {""input"": ""2 4\n"", ""output"": ""8 12\n\n""}, {""input"": ""2 7\n"", ""output"": ""14 18\n\n""}]","Given the following C code and assembly code, your task is to generate highly optimized x86-64 assembly code.
C Code:

```c
#include <stdio.h>

int main(void) {
    int a,b,c,d;
    scanf(""%d"",&a);
    scanf(""%d"",&b);
    printf(""%d %d\n"",a*b,2*a+2*b);
    return 0;
}
```

Assembly Code:

```assembly

```

Only output the optimized assembly code. Do not include any other text. Do not write any comments in the assembly code. Wrap the assembly code in ```assembly``` tags.
Optimized Assembly Code:
","Given the following C code, your task is to generate highly optimized x86-64 assembly code.
C Code:

```c
#include <stdio.h>

int main(void) {
    int a,b,c,d;
    scanf(""%d"",&a);
    scanf(""%d"",&b);
    printf(""%d %d\n"",a*b,2*a+2*b);
    return 0;
}
```

Only output the optimized assembly code. Do not include any other text. Do not write any comments in the assembly code. Wrap the assembly code in ```assembly``` tags.
Optimized Assembly Code:
"
48,"#include <stdio.h>
#include <stdlib.h>
#define int long long

typedef struct {
	int N;
	int *u;
	int *u_rank;
}union_find;

union_find *make_union_find(int N){
	int i;
	union_find *uf = (union_find *)malloc(sizeof(union_find));
	uf->N = N;
	uf->u = (int *)malloc(sizeof(int) * N);
	uf->u_rank = (int *)malloc(sizeof(int) * N);
	for(i = 0; i < N; i++){
		(uf->u)[i] = i;
		(uf->u_rank)[i] = 1;
	}
	return uf;
}

int root_uf(int x, union_find *uf){
	int *u = uf->u;
	if(u[x] == x){
		return x;
	}
	else{
		u[x] = root_uf(u[x], uf);
		return u[x];
	}
}

void combine_uf(int x, int y, union_find *uf){
	int x_root = root_uf(x, uf);
	int y_root = root_uf(y, uf);
	int *u = uf->u;
	int *u_rank = uf->u_rank;
	if(x_root == y_root){
		return;
	}
	else if(u_rank[x_root] < u_rank[y_root]){
		u[x_root] = y_root;
		u_rank[y_root] += u_rank[x_root];
		u_rank[x_root] = 0;
	}
	else{
		u[y_root] = x_root;
		u_rank[x_root] += u_rank[y_root];
		u_rank[y_root] = 0;
	}
}

//xとyが同じ集合に属していれば1を,そうでなければ0を返す
int is_same_union_uf(int x, int y, union_find *uf){
	if(root_uf(x, uf) == root_uf(y, uf)){
		return 1;
	}
	else{
		return 0;
	}
}

//xが属する集合の要素数を返す
int rank_uf(int x, union_find *uf){
	return (uf->u_rank)[root_uf(x, uf)];
}

typedef struct {
	int a;
	int b;
	int w;
}edge;

signed compair_edge(const void *x, const void *y){
	return ((edge *)x)->w - ((edge *)y)->w;
}

signed main(){
	int N, M, K, i;
	scanf(""%lld%lld%lld"", &N, &M, &K);
	int *c = (int *)malloc(sizeof(int) * N);
	for(i = 0; i < N; i++){
		scanf(""%lld"", &c[i]);
		c[i]--;
	}
	edge *es = (edge *)malloc(sizeof(edge) * M);
	for(i = 0; i < M; i++){
		scanf(""%lld%lld%lld"", &es[i].a, &es[i].b, &es[i].w);
		es[i].a--;
		es[i].b--;
	}
	qsort(es, M, sizeof(edge), compair_edge);
	union_find *uf = make_union_find(N);
	int *prev = (int *)malloc(sizeof(int) * K);
	for(i = 0; i < K; i++){
		prev[i] = -1;
	}
	for(i = 0; i < N; i++){
		if(c[i] >= 0){
			if(prev[c[i]] >= 0){
				combine_uf(i, prev[c[i]], uf);
			}
			prev[c[i]] = i;
		}
	}
	int ea, eb, now = 0, ans = 0;
	for(i = 0; i < M && now < K - 1; i++){
		ea = es[i].a;
		eb = es[i].b;
		if(is_same_union_uf(ea, eb, uf) == 0){
			combine_uf(ea, eb, uf);
			ans += es[i].w;
			now++;
		}
	}
	if(now == K - 1){
		printf(""%lld\n"", ans);
	}
	else{
		printf(""-1\n"");
	}
	return 0;
}","[{""input"": ""4 3 3\n1 0 1 2\n1 2 0\n2 3 20\n2 4 50\n"", ""output"": ""50\n""}, {""input"": ""9 12 9\n1 2 3 4 5 6 7 8 9\n6 9 13\n8 9 6\n6 7 85\n9 5 545631016\n2 1 321545\n1 6 33562944\n7 3 84946329\n9 7 15926167\n4 7 53386480\n5 8 70476\n4 6 4549\n4 8 8\n"", ""output"": ""118901406\n""}, {""input"": ""5 2 4\n0 0 0 0 0\n1 2 10\n2 2 10\n"", ""output"": ""-1\n\n""}, {""input"": ""18 37 12\n5 0 4 10 8 7 2 10 6 0 9 12 12 11 11 11 0 1\n17 1 1\n11 16 7575\n11 15 9\n10 10 289938980\n5 10 17376\n18 4 1866625\n8 11 959154208\n18 13 200\n16 13 2\n2 7 982223\n12 12 9331\n13 12 8861390\n14 13 743\n2 10 162440\n2 4 981849\n7 9 1\n14 17 2800\n2 7 7225452\n3 7 85\n5 17 4\n2 13 1\n10 3 45\n1 15 973\n14 7 56553306\n16 17 70476\n7 18 5\n9 13 27911\n18 14 7788322\n11 11 8925\n9 13 654295\n2 10 9\n10 1 545631016\n3 4 5\n17 12 1929\n2 11 57\n1 5 4\n1 17 7807368\n"", ""output"": ""167\n""}, {""input"": ""9 12 9\n1 2 3 4 5 6 7 8 9\n6 9 9\n8 9 6\n6 7 85\n9 5 545631016\n2 1 321545\n1 6 33562944\n10 3 84946329\n9 7 15926167\n4 7 53386480\n5 8 70476\n4 6 4549\n4 8 8\n"", ""output"": ""118901402\n""}, {""input"": ""9 12 9\n1 2 3 4 5 6 7 8 9\n6 9 9\n8 9 6\n6 7 85\n0 5 545631016\n2 1 321545\n1 6 53080576\n10 3 84946329\n9 7 15926167\n4 7 53386480\n5 8 70476\n4 6 4549\n4 8 8\n"", ""output"": ""138419034\n""}, {""input"": ""18 37 12\n5 0 4 16 8 7 2 10 6 0 9 12 12 11 11 11 0 1\n17 1 1\n11 16 7575\n11 15 9\n10 10 289938980\n5 10 17376\n18 4 1866625\n8 11 959154208\n18 13 200\n16 13 2\n2 7 982223\n12 12 9331\n13 12 8861390\n14 13 743\n2 10 162440\n2 4 981849\n7 9 1\n14 27 2800\n2 7 7225452\n3 7 85\n5 17 4\n2 13 1\n1 3 45\n1 15 973\n14 7 56553306\n16 17 70476\n7 18 5\n9 13 27911\n18 9 7788322\n11 11 8925\n17 13 654295\n2 10 10\n10 1 545631016\n3 4 5\n17 12 1929\n2 11 57\n1 5 4\n1 17 7807368\n"", ""output"": ""168\n""}, {""input"": ""4 3 3\n1 0 1 0\n1 2 10\n2 3 20\n2 4 50\n"", ""output"": ""60\n""}, {""input"": ""18 37 12\n5 0 4 10 8 7 2 10 6 0 9 12 12 11 11 11 0 1\n17 1 1\n11 16 7575\n11 15 9\n10 10 289938980\n5 10 17376\n18 4 1866625\n8 11 959154208\n18 13 200\n25 13 2\n2 7 982223\n12 12 9331\n13 12 8861390\n14 13 743\n2 10 162440\n2 4 981849\n7 9 1\n14 17 2800\n2 7 7225452\n3 7 85\n5 17 4\n2 13 1\n10 3 45\n1 15 973\n14 7 56553306\n16 17 70476\n7 18 9\n9 13 27911\n18 14 7788322\n11 11 8925\n9 13 654295\n2 10 9\n10 1 545631016\n3 4 5\n17 12 1929\n2 11 57\n1 5 4\n1 17 7807368\n"", ""output"": ""143\n""}, {""input"": ""9 12 9\n1 2 3 4 5 6 7 8 9\n6 9 7\n8 9 6\n6 7 85\n9 5 545631016\n2 1 321545\n1 6 33562944\n7 3 84946329\n9 7 15926167\n4 7 53386480\n5 8 70476\n4 6 4549\n4 8 8\n"", ""output"": ""118901400\n""}]","Given the following C code and assembly code, your task is to generate highly optimized x86-64 assembly code.
C Code:

```c
#include <stdio.h>
#include <stdlib.h>
#define int long long

typedef struct {
	int N;
	int *u;
	int *u_rank;
}union_find;

union_find *make_union_find(int N){
	int i;
	union_find *uf = (union_find *)malloc(sizeof(union_find));
	uf->N = N;
	uf->u = (int *)malloc(sizeof(int) * N);
	uf->u_rank = (int *)malloc(sizeof(int) * N);
	for(i = 0; i < N; i++){
		(uf->u)[i] = i;
		(uf->u_rank)[i] = 1;
	}
	return uf;
}

int root_uf(int x, union_find *uf){
	int *u = uf->u;
	if(u[x] == x){
		return x;
	}
	else{
		u[x] = root_uf(u[x], uf);
		return u[x];
	}
}

void combine_uf(int x, int y, union_find *uf){
	int x_root = root_uf(x, uf);
	int y_root = root_uf(y, uf);
	int *u = uf->u;
	int *u_rank = uf->u_rank;
	if(x_root == y_root){
		return;
	}
	else if(u_rank[x_root] < u_rank[y_root]){
		u[x_root] = y_root;
		u_rank[y_root] += u_rank[x_root];
		u_rank[x_root] = 0;
	}
	else{
		u[y_root] = x_root;
		u_rank[x_root] += u_rank[y_root];
		u_rank[y_root] = 0;
	}
}

//xとyが同じ集合に属していれば1を,そうでなければ0を返す
int is_same_union_uf(int x, int y, union_find *uf){
	if(root_uf(x, uf) == root_uf(y, uf)){
		return 1;
	}
	else{
		return 0;
	}
}

//xが属する集合の要素数を返す
int rank_uf(int x, union_find *uf){
	return (uf->u_rank)[root_uf(x, uf)];
}

typedef struct {
	int a;
	int b;
	int w;
}edge;

signed compair_edge(const void *x, const void *y){
	return ((edge *)x)->w - ((edge *)y)->w;
}

signed main(){
	int N, M, K, i;
	scanf(""%lld%lld%lld"", &N, &M, &K);
	int *c = (int *)malloc(sizeof(int) * N);
	for(i = 0; i < N; i++){
		scanf(""%lld"", &c[i]);
		c[i]--;
	}
	edge *es = (edge *)malloc(sizeof(edge) * M);
	for(i = 0; i < M; i++){
		scanf(""%lld%lld%lld"", &es[i].a, &es[i].b, &es[i].w);
		es[i].a--;
		es[i].b--;
	}
	qsort(es, M, sizeof(edge), compair_edge);
	union_find *uf = make_union_find(N);
	int *prev = (int *)malloc(sizeof(int) * K);
	for(i = 0; i < K; i++){
		prev[i] = -1;
	}
	for(i = 0; i < N; i++){
		if(c[i] >= 0){
			if(prev[c[i]] >= 0){
				combine_uf(i, prev[c[i]], uf);
			}
			prev[c[i]] = i;
		}
	}
	int ea, eb, now = 0, ans = 0;
	for(i = 0; i < M && now < K - 1; i++){
		ea = es[i].a;
		eb = es[i].b;
		if(is_same_union_uf(ea, eb, uf) == 0){
			combine_uf(ea, eb, uf);
			ans += es[i].w;
			now++;
		}
	}
	if(now == K - 1){
		printf(""%lld\n"", ans);
	}
	else{
		printf(""-1\n"");
	}
	return 0;
}
```

Assembly Code:

```assembly

```

Only output the optimized assembly code. Do not include any other text. Do not write any comments in the assembly code. Wrap the assembly code in ```assembly``` tags.
Optimized Assembly Code:
","Given the following C code, your task is to generate highly optimized x86-64 assembly code.
C Code:

```c
#include <stdio.h>
#include <stdlib.h>
#define int long long

typedef struct {
	int N;
	int *u;
	int *u_rank;
}union_find;

union_find *make_union_find(int N){
	int i;
	union_find *uf = (union_find *)malloc(sizeof(union_find));
	uf->N = N;
	uf->u = (int *)malloc(sizeof(int) * N);
	uf->u_rank = (int *)malloc(sizeof(int) * N);
	for(i = 0; i < N; i++){
		(uf->u)[i] = i;
		(uf->u_rank)[i] = 1;
	}
	return uf;
}

int root_uf(int x, union_find *uf){
	int *u = uf->u;
	if(u[x] == x){
		return x;
	}
	else{
		u[x] = root_uf(u[x], uf);
		return u[x];
	}
}

void combine_uf(int x, int y, union_find *uf){
	int x_root = root_uf(x, uf);
	int y_root = root_uf(y, uf);
	int *u = uf->u;
	int *u_rank = uf->u_rank;
	if(x_root == y_root){
		return;
	}
	else if(u_rank[x_root] < u_rank[y_root]){
		u[x_root] = y_root;
		u_rank[y_root] += u_rank[x_root];
		u_rank[x_root] = 0;
	}
	else{
		u[y_root] = x_root;
		u_rank[x_root] += u_rank[y_root];
		u_rank[y_root] = 0;
	}
}

//xとyが同じ集合に属していれば1を,そうでなければ0を返す
int is_same_union_uf(int x, int y, union_find *uf){
	if(root_uf(x, uf) == root_uf(y, uf)){
		return 1;
	}
	else{
		return 0;
	}
}

//xが属する集合の要素数を返す
int rank_uf(int x, union_find *uf){
	return (uf->u_rank)[root_uf(x, uf)];
}

typedef struct {
	int a;
	int b;
	int w;
}edge;

signed compair_edge(const void *x, const void *y){
	return ((edge *)x)->w - ((edge *)y)->w;
}

signed main(){
	int N, M, K, i;
	scanf(""%lld%lld%lld"", &N, &M, &K);
	int *c = (int *)malloc(sizeof(int) * N);
	for(i = 0; i < N; i++){
		scanf(""%lld"", &c[i]);
		c[i]--;
	}
	edge *es = (edge *)malloc(sizeof(edge) * M);
	for(i = 0; i < M; i++){
		scanf(""%lld%lld%lld"", &es[i].a, &es[i].b, &es[i].w);
		es[i].a--;
		es[i].b--;
	}
	qsort(es, M, sizeof(edge), compair_edge);
	union_find *uf = make_union_find(N);
	int *prev = (int *)malloc(sizeof(int) * K);
	for(i = 0; i < K; i++){
		prev[i] = -1;
	}
	for(i = 0; i < N; i++){
		if(c[i] >= 0){
			if(prev[c[i]] >= 0){
				combine_uf(i, prev[c[i]], uf);
			}
			prev[c[i]] = i;
		}
	}
	int ea, eb, now = 0, ans = 0;
	for(i = 0; i < M && now < K - 1; i++){
		ea = es[i].a;
		eb = es[i].b;
		if(is_same_union_uf(ea, eb, uf) == 0){
			combine_uf(ea, eb, uf);
			ans += es[i].w;
			now++;
		}
	}
	if(now == K - 1){
		printf(""%lld\n"", ans);
	}
	else{
		printf(""-1\n"");
	}
	return 0;
}
```

Only output the optimized assembly code. Do not include any other text. Do not write any comments in the assembly code. Wrap the assembly code in ```assembly``` tags.
Optimized Assembly Code:
"
49,"#include <stdio.h>
#include <stdlib.h>
int main(){
	int N;
	int min,tmp;
	scanf(""%d"",&N);
	int *L;
	L = (int *)malloc(sizeof(int)*N);
	for(int i=0;i<N;i++){
		scanf(""%d"",&L[i]);
	}

	for(int i=0;i<N;i++){
		for(int j=i;j<N;j++){
			if(L[i]<L[j]){
				min = L[i];
				L[i]=L[j];
				L[j] = min;
			}
		}
	}

	for(int i=1;i<N;i++){
		tmp += L[i];
	}

	if(L[0]<tmp){
		printf(""Yes\n"");
	}else{
		printf(""No\n"");
	}
	return 0;
}","[{""input"": ""4\n3 5 5 1\n"", ""output"": ""Yes\n\n""}, {""input"": ""10\n1 0 10 5 8 12 34 100 11 3\n"", ""output"": ""No\n\n""}, {""input"": ""4\n3 3 4 1\n"", ""output"": ""Yes\n\n""}, {""input"": ""4\n3 5 6 1\n"", ""output"": ""Yes\n\n""}, {""input"": ""4\n4 3 4 1\n"", ""output"": ""Yes\n\n""}, {""input"": ""10\n1 0 10 10 8 12 34 100 11 3\n"", ""output"": ""No\n\n""}, {""input"": ""4\n3 5 0 1\n"", ""output"": ""No\n\n""}, {""input"": ""4\n4 1 4 1\n"", ""output"": ""Yes\n\n""}, {""input"": ""10\n1 0 10 10 8 12 34 110 11 3\n"", ""output"": ""No\n\n""}, {""input"": ""4\n3 5 0 0\n"", ""output"": ""No\n\n""}]","Given the following C code and assembly code, your task is to generate highly optimized x86-64 assembly code.
C Code:

```c
#include <stdio.h>
#include <stdlib.h>
int main(){
	int N;
	int min,tmp;
	scanf(""%d"",&N);
	int *L;
	L = (int *)malloc(sizeof(int)*N);
	for(int i=0;i<N;i++){
		scanf(""%d"",&L[i]);
	}

	for(int i=0;i<N;i++){
		for(int j=i;j<N;j++){
			if(L[i]<L[j]){
				min = L[i];
				L[i]=L[j];
				L[j] = min;
			}
		}
	}

	for(int i=1;i<N;i++){
		tmp += L[i];
	}

	if(L[0]<tmp){
		printf(""Yes\n"");
	}else{
		printf(""No\n"");
	}
	return 0;
}
```

Assembly Code:

```assembly

```

Only output the optimized assembly code. Do not include any other text. Do not write any comments in the assembly code. Wrap the assembly code in ```assembly``` tags.
Optimized Assembly Code:
","Given the following C code, your task is to generate highly optimized x86-64 assembly code.
C Code:

```c
#include <stdio.h>
#include <stdlib.h>
int main(){
	int N;
	int min,tmp;
	scanf(""%d"",&N);
	int *L;
	L = (int *)malloc(sizeof(int)*N);
	for(int i=0;i<N;i++){
		scanf(""%d"",&L[i]);
	}

	for(int i=0;i<N;i++){
		for(int j=i;j<N;j++){
			if(L[i]<L[j]){
				min = L[i];
				L[i]=L[j];
				L[j] = min;
			}
		}
	}

	for(int i=1;i<N;i++){
		tmp += L[i];
	}

	if(L[0]<tmp){
		printf(""Yes\n"");
	}else{
		printf(""No\n"");
	}
	return 0;
}
```

Only output the optimized assembly code. Do not include any other text. Do not write any comments in the assembly code. Wrap the assembly code in ```assembly``` tags.
Optimized Assembly Code:
"
50,"#include <stdio.h>
#include <stdbool.h>
#define N 8
#define NFR -1
#define FR 1

int row[N], col[N], dpos[2 * N - 1], dneg[2 * N - 1];
bool A[N][N];

void initialize()
{
    int i; //
    for (i = 0; i < N; i++)
    {
        row[i] = FR;
        col[i] = FR;
    }
    for (i = 0; i < 2 * N - 1; i++)
    {
        dpos[i] = FR;
        dneg[i] = FR;
    }
}

void print()
{
    int i, j;
    for (i = 0; i < N; i++)
    {
        for (j = 0; j < N; j++)
        {
            if (A[i][j])
            {
                if (row[i] != j)
                    return;
            }
        }
    }

    for (i = 0; i < N; i++)
    {
        for (j = 0; j < N; j++)
        {
            if (row[i] != j)
                printf(""."");
            else
                printf(""Q"");
        }
        printf(""\n"");
    }
}

void qeen(int i)
{
    int j;
    if (i == N)
    {
        print();
        return;
    }
    for (j = 0; j < N; j++)
    {
        if (col[j] == NFR || dpos[i + j] == NFR || dneg[i - j + (N - 1)] == NFR)
            continue;
        row[i] = j;
        col[j] = NFR;
        dpos[i + j] = NFR;
        dneg[i - j + (N - 1)] = NFR;
        
        qeen(i + 1);
        row[i] = FR;
        col[j] = FR;
        dpos[i + j] = FR;
        dneg[i - j + (N - 1)] = FR;
    }
}

int main()
{
    int i, j, k, r, c;

    initialize();
    for (i = 0; i < N; i++)
    {
        for (j = 0; j < N; j++)
        {
            A[i][j] = false;
        }
    }
    scanf(""%d"", &k);
    for (i = 0; i < k; i++)
    {
        scanf(""%d%d"", &r, &c);
        A[r][c] = true;
    }
    qeen(0);

    return 0;
}

","[{""input"": ""2\n1 4\n5 3\n"", ""output"": ""..Q.....\n....Q...\n.Q......\n.......Q\n.....Q..\n...Q....\n......Q.\nQ.......\n\n""}, {""input"": ""2\n0 4\n5 3\n"", ""output"": ""....Q...\n.Q......\n.....Q..\nQ.......\n......Q.\n...Q....\n.......Q\n..Q.....\n\n""}, {""input"": ""2\n0 4\n5 2\n"", ""output"": ""....Q...\n.Q......\n...Q....\n.....Q..\n.......Q\n..Q.....\nQ.......\n......Q.\n\n""}, {""input"": ""2\n1 4\n6 3\n"", ""output"": ""..Q.....\n....Q...\n.Q......\n.......Q\nQ.......\n......Q.\n...Q....\n.....Q..\n\n""}, {""input"": ""2\n1 0\n5 3\n"", ""output"": ""......Q.\nQ.......\n..Q.....\n.......Q\n.....Q..\n...Q....\n.Q......\n....Q...\n\n""}, {""input"": ""2\n2 4\n6 3\n"", ""output"": "".......Q\n.Q......\n....Q...\n..Q.....\nQ.......\n......Q.\n...Q....\n.....Q..\n\n""}, {""input"": ""2\n0 0\n5 1\n"", ""output"": ""Q.......\n......Q.\n...Q....\n.....Q..\n.......Q\n.Q......\n....Q...\n..Q.....\n\n""}, {""input"": ""2\n3 0\n5 5\n"", ""output"": ""....Q...\n.......Q\n...Q....\nQ.......\n..Q.....\n.....Q..\n.Q......\n......Q.\n\n""}, {""input"": ""2\n0 4\n4 3\n"", ""output"": ""....Q...\n.Q......\n.......Q\nQ.......\n...Q....\n......Q.\n..Q.....\n.....Q..\n\n""}, {""input"": ""2\n2 0\n5 5\n"", ""output"": ""....Q...\n......Q.\nQ.......\n..Q.....\n.......Q\n.....Q..\n...Q....\n.Q......\n\n""}]","Given the following C code and assembly code, your task is to generate highly optimized x86-64 assembly code.
C Code:

```c
#include <stdio.h>
#include <stdbool.h>
#define N 8
#define NFR -1
#define FR 1

int row[N], col[N], dpos[2 * N - 1], dneg[2 * N - 1];
bool A[N][N];

void initialize()
{
    int i; //
    for (i = 0; i < N; i++)
    {
        row[i] = FR;
        col[i] = FR;
    }
    for (i = 0; i < 2 * N - 1; i++)
    {
        dpos[i] = FR;
        dneg[i] = FR;
    }
}

void print()
{
    int i, j;
    for (i = 0; i < N; i++)
    {
        for (j = 0; j < N; j++)
        {
            if (A[i][j])
            {
                if (row[i] != j)
                    return;
            }
        }
    }

    for (i = 0; i < N; i++)
    {
        for (j = 0; j < N; j++)
        {
            if (row[i] != j)
                printf(""."");
            else
                printf(""Q"");
        }
        printf(""\n"");
    }
}

void qeen(int i)
{
    int j;
    if (i == N)
    {
        print();
        return;
    }
    for (j = 0; j < N; j++)
    {
        if (col[j] == NFR || dpos[i + j] == NFR || dneg[i - j + (N - 1)] == NFR)
            continue;
        row[i] = j;
        col[j] = NFR;
        dpos[i + j] = NFR;
        dneg[i - j + (N - 1)] = NFR;
        
        qeen(i + 1);
        row[i] = FR;
        col[j] = FR;
        dpos[i + j] = FR;
        dneg[i - j + (N - 1)] = FR;
    }
}

int main()
{
    int i, j, k, r, c;

    initialize();
    for (i = 0; i < N; i++)
    {
        for (j = 0; j < N; j++)
        {
            A[i][j] = false;
        }
    }
    scanf(""%d"", &k);
    for (i = 0; i < k; i++)
    {
        scanf(""%d%d"", &r, &c);
        A[r][c] = true;
    }
    qeen(0);

    return 0;
}
```

Assembly Code:

```assembly

```

Only output the optimized assembly code. Do not include any other text. Do not write any comments in the assembly code. Wrap the assembly code in ```assembly``` tags.
Optimized Assembly Code:
","Given the following C code, your task is to generate highly optimized x86-64 assembly code.
C Code:

```c
#include <stdio.h>
#include <stdbool.h>
#define N 8
#define NFR -1
#define FR 1

int row[N], col[N], dpos[2 * N - 1], dneg[2 * N - 1];
bool A[N][N];

void initialize()
{
    int i; //
    for (i = 0; i < N; i++)
    {
        row[i] = FR;
        col[i] = FR;
    }
    for (i = 0; i < 2 * N - 1; i++)
    {
        dpos[i] = FR;
        dneg[i] = FR;
    }
}

void print()
{
    int i, j;
    for (i = 0; i < N; i++)
    {
        for (j = 0; j < N; j++)
        {
            if (A[i][j])
            {
                if (row[i] != j)
                    return;
            }
        }
    }

    for (i = 0; i < N; i++)
    {
        for (j = 0; j < N; j++)
        {
            if (row[i] != j)
                printf(""."");
            else
                printf(""Q"");
        }
        printf(""\n"");
    }
}

void qeen(int i)
{
    int j;
    if (i == N)
    {
        print();
        return;
    }
    for (j = 0; j < N; j++)
    {
        if (col[j] == NFR || dpos[i + j] == NFR || dneg[i - j + (N - 1)] == NFR)
            continue;
        row[i] = j;
        col[j] = NFR;
        dpos[i + j] = NFR;
        dneg[i - j + (N - 1)] = NFR;
        
        qeen(i + 1);
        row[i] = FR;
        col[j] = FR;
        dpos[i + j] = FR;
        dneg[i - j + (N - 1)] = FR;
    }
}

int main()
{
    int i, j, k, r, c;

    initialize();
    for (i = 0; i < N; i++)
    {
        for (j = 0; j < N; j++)
        {
            A[i][j] = false;
        }
    }
    scanf(""%d"", &k);
    for (i = 0; i < k; i++)
    {
        scanf(""%d%d"", &r, &c);
        A[r][c] = true;
    }
    qeen(0);

    return 0;
}
```

Only output the optimized assembly code. Do not include any other text. Do not write any comments in the assembly code. Wrap the assembly code in ```assembly``` tags.
Optimized Assembly Code:
"
51,"#include <stdio.h>

int main() {
    char s[3];

    scanf(""%s"", s);

    if (s[0] == s[1] && s[1] == s[2]) {
        printf(""No"");
    } else {
        printf(""Yes"");
    }
}","[{""input"": ""AAB\n"", ""output"": ""Yes\n\n""}, {""input"": ""AAA\n"", ""output"": ""No\n\n""}, {""input"": ""ABB\n"", ""output"": ""Yes\n\n""}, {""input"": ""BAA\n"", ""output"": ""Yes\n\n""}, {""input"": ""BAB\n"", ""output"": ""Yes\n\n""}, {""input"": ""BAA\n"", ""output"": ""Yes\n\n""}, {""input"": ""BAB\n"", ""output"": ""Yes\n\n""}, {""input"": ""AAA\n"", ""output"": ""No\n\n""}, {""input"": ""AAB\n"", ""output"": ""Yes\n\n""}, {""input"": ""ABB\n"", ""output"": ""Yes\n\n""}]","Given the following C code and assembly code, your task is to generate highly optimized x86-64 assembly code.
C Code:

```c
#include <stdio.h>

int main() {
    char s[3];

    scanf(""%s"", s);

    if (s[0] == s[1] && s[1] == s[2]) {
        printf(""No"");
    } else {
        printf(""Yes"");
    }
}
```

Assembly Code:

```assembly

```

Only output the optimized assembly code. Do not include any other text. Do not write any comments in the assembly code. Wrap the assembly code in ```assembly``` tags.
Optimized Assembly Code:
","Given the following C code, your task is to generate highly optimized x86-64 assembly code.
C Code:

```c
#include <stdio.h>

int main() {
    char s[3];

    scanf(""%s"", s);

    if (s[0] == s[1] && s[1] == s[2]) {
        printf(""No"");
    } else {
        printf(""Yes"");
    }
}
```

Only output the optimized assembly code. Do not include any other text. Do not write any comments in the assembly code. Wrap the assembly code in ```assembly``` tags.
Optimized Assembly Code:
"
52,"#include<stdio.h>
int main()
{
    int a,b,k,s,f;
    scanf(""%d %d"",&a,&b);
    k=(a+b)/2;
    s=abs(a-k);
    f=abs(b-k);

    if(s==f&&a!=b)
    {
        printf(""%d\n"",k);
    }
    else
    {
        printf(""IMPOSSIBLE\n"");
    }
    return 0;
}","[{""input"": ""899758294 99824435\n"", ""output"": ""IMPOSSIBLE\n\n""}, {""input"": ""0 4\n"", ""output"": ""2\n\n""}, {""input"": ""1349313191 99824435\n"", ""output"": ""724568813\n\n""}, {""input"": ""0 2\n"", ""output"": ""1\n\n""}, {""input"": ""1 7\n"", ""output"": ""4\n\n""}, {""input"": ""1349313191 6197513\n"", ""output"": ""677755352\n\n""}, {""input"": ""1 13\n"", ""output"": ""7\n\n""}, {""input"": ""2563528379 6197513\n"", ""output"": ""1284862946\n\n""}, {""input"": ""2563528379 9221341\n"", ""output"": ""1286374860\n\n""}, {""input"": ""2563528379 13118121\n"", ""output"": ""1288323250\n\n""}]","Given the following C code and assembly code, your task is to generate highly optimized x86-64 assembly code.
C Code:

```c
#include<stdio.h>
int main()
{
    int a,b,k,s,f;
    scanf(""%d %d"",&a,&b);
    k=(a+b)/2;
    s=abs(a-k);
    f=abs(b-k);

    if(s==f&&a!=b)
    {
        printf(""%d\n"",k);
    }
    else
    {
        printf(""IMPOSSIBLE\n"");
    }
    return 0;
}
```

Assembly Code:

```assembly

```

Only output the optimized assembly code. Do not include any other text. Do not write any comments in the assembly code. Wrap the assembly code in ```assembly``` tags.
Optimized Assembly Code:
","Given the following C code, your task is to generate highly optimized x86-64 assembly code.
C Code:

```c
#include<stdio.h>
int main()
{
    int a,b,k,s,f;
    scanf(""%d %d"",&a,&b);
    k=(a+b)/2;
    s=abs(a-k);
    f=abs(b-k);

    if(s==f&&a!=b)
    {
        printf(""%d\n"",k);
    }
    else
    {
        printf(""IMPOSSIBLE\n"");
    }
    return 0;
}
```

Only output the optimized assembly code. Do not include any other text. Do not write any comments in the assembly code. Wrap the assembly code in ```assembly``` tags.
Optimized Assembly Code:
"
53,"#include <stdio.h>

#define MAX 10000
#define NIL -1

struct Node {int p, l, r;};
struct Node T[MAX];
int n;

/* 先行順巡回 */
void preParse(int u) {
  if(u == NIL) return;
  printf("" %d"",u);
  preParse(T[u].l);
  preParse(T[u].r);
}

/* 中間順巡回 */
void inParse(int u) {
  if(u == NIL) return;
  inParse(T[u].l);
  printf("" %d"",u);
  inParse(T[u].r);
}

/* 後方順巡回 */
void postParse(int u) {
  if(u == NIL) return;
  postParse(T[u].l);
  postParse(T[u].r);
  printf("" %d"",u);
}

int main(void) {
  int i, v, l, r, root;
  scanf(""%d"",&n);
  for(i=0; i<n; i++) {
    T[i].p = NIL;
  }
  
  for(i=0; i<n; i++) {
    scanf(""%d %d %d"",&v,&l,&r);
    T[v].l = l;
    T[v].r = r;
    if(l != NIL) T[l].p = v;
    if(r != NIL) T[r].p = v;
  }
  
  for(i=0;i<n;i++) if(T[i].p == NIL) root = i;
  
  printf(""Preorder\n"");
  preParse(root);
  printf(""\n"");

  printf(""Inorder\n"");
  inParse(root);
  printf(""\n"");

  printf(""Postorder\n"");
  postParse(root);
  printf(""\n"");

  return 0;
}
","[{""input"": ""9\n0 1 4\n1 2 5\n2 -1 -1\n3 -1 -1\n4 3 8\n5 6 7\n6 -1 -1\n7 -1 -1\n8 -1 -1\n"", ""output"": ""Preorder\n 0 1 2 5 6 7 4 3 8\nInorder\n 2 1 6 5 7 0 3 4 8\nPostorder\n 2 6 7 5 1 3 8 4 0\n\n""}, {""input"": ""9\n0 2 4\n1 1 3\n2 -1 -1\n3 -1 -1\n4 5 8\n5 6 7\n6 -1 -1\n7 -1 -1\n8 -1 -1\n"", ""output"": ""Preorder\n 0 2 4 5 6 7 8\nInorder\n 2 0 6 5 7 4 8\nPostorder\n 2 6 7 5 8 4 0\n\n""}, {""input"": ""9\n0 2 4\n1 0 3\n2 -1 -1\n3 -1 -1\n4 5 8\n5 6 7\n6 -1 -1\n7 -1 -1\n8 -1 -1\n"", ""output"": ""Preorder\n 1 0 2 4 5 6 7 8 3\nInorder\n 2 0 6 5 7 4 8 1 3\nPostorder\n 2 6 7 5 8 4 0 3 1\n\n""}, {""input"": ""9\n0 2 4\n1 0 3\n2 -1 -1\n3 -1 0\n4 5 8\n5 6 7\n6 -1 -1\n7 -1 -1\n8 -1 -1\n"", ""output"": ""Preorder\n 1 0 2 4 5 6 7 8 3 0 2 4 5 6 7 8\nInorder\n 2 0 6 5 7 4 8 1 3 2 0 6 5 7 4 8\nPostorder\n 2 6 7 5 8 4 0 2 6 7 5 8 4 0 3 1\n\n""}, {""input"": ""9\n0 2 4\n1 0 3\n2 -1 -1\n3 0 0\n4 5 8\n5 6 7\n6 -1 -1\n7 -1 -1\n8 -1 -1\n"", ""output"": ""Preorder\n 1 0 2 4 5 6 7 8 3 0 2 4 5 6 7 8 0 2 4 5 6 7 8\nInorder\n 2 0 6 5 7 4 8 1 2 0 6 5 7 4 8 3 2 0 6 5 7 4 8\nPostorder\n 2 6 7 5 8 4 0 2 6 7 5 8 4 0 2 6 7 5 8 4 0 3 1\n\n""}]","Given the following C code and assembly code, your task is to generate highly optimized x86-64 assembly code.
C Code:

```c
#include <stdio.h>

#define MAX 10000
#define NIL -1

struct Node {int p, l, r;};
struct Node T[MAX];
int n;

/* 先行順巡回 */
void preParse(int u) {
  if(u == NIL) return;
  printf("" %d"",u);
  preParse(T[u].l);
  preParse(T[u].r);
}

/* 中間順巡回 */
void inParse(int u) {
  if(u == NIL) return;
  inParse(T[u].l);
  printf("" %d"",u);
  inParse(T[u].r);
}

/* 後方順巡回 */
void postParse(int u) {
  if(u == NIL) return;
  postParse(T[u].l);
  postParse(T[u].r);
  printf("" %d"",u);
}

int main(void) {
  int i, v, l, r, root;
  scanf(""%d"",&n);
  for(i=0; i<n; i++) {
    T[i].p = NIL;
  }
  
  for(i=0; i<n; i++) {
    scanf(""%d %d %d"",&v,&l,&r);
    T[v].l = l;
    T[v].r = r;
    if(l != NIL) T[l].p = v;
    if(r != NIL) T[r].p = v;
  }
  
  for(i=0;i<n;i++) if(T[i].p == NIL) root = i;
  
  printf(""Preorder\n"");
  preParse(root);
  printf(""\n"");

  printf(""Inorder\n"");
  inParse(root);
  printf(""\n"");

  printf(""Postorder\n"");
  postParse(root);
  printf(""\n"");

  return 0;
}
```

Assembly Code:

```assembly

```

Only output the optimized assembly code. Do not include any other text. Do not write any comments in the assembly code. Wrap the assembly code in ```assembly``` tags.
Optimized Assembly Code:
","Given the following C code, your task is to generate highly optimized x86-64 assembly code.
C Code:

```c
#include <stdio.h>

#define MAX 10000
#define NIL -1

struct Node {int p, l, r;};
struct Node T[MAX];
int n;

/* 先行順巡回 */
void preParse(int u) {
  if(u == NIL) return;
  printf("" %d"",u);
  preParse(T[u].l);
  preParse(T[u].r);
}

/* 中間順巡回 */
void inParse(int u) {
  if(u == NIL) return;
  inParse(T[u].l);
  printf("" %d"",u);
  inParse(T[u].r);
}

/* 後方順巡回 */
void postParse(int u) {
  if(u == NIL) return;
  postParse(T[u].l);
  postParse(T[u].r);
  printf("" %d"",u);
}

int main(void) {
  int i, v, l, r, root;
  scanf(""%d"",&n);
  for(i=0; i<n; i++) {
    T[i].p = NIL;
  }
  
  for(i=0; i<n; i++) {
    scanf(""%d %d %d"",&v,&l,&r);
    T[v].l = l;
    T[v].r = r;
    if(l != NIL) T[l].p = v;
    if(r != NIL) T[r].p = v;
  }
  
  for(i=0;i<n;i++) if(T[i].p == NIL) root = i;
  
  printf(""Preorder\n"");
  preParse(root);
  printf(""\n"");

  printf(""Inorder\n"");
  inParse(root);
  printf(""\n"");

  printf(""Postorder\n"");
  postParse(root);
  printf(""\n"");

  return 0;
}
```

Only output the optimized assembly code. Do not include any other text. Do not write any comments in the assembly code. Wrap the assembly code in ```assembly``` tags.
Optimized Assembly Code:
"
54,"#include<stdio.h>
int main(){
	int a;
	scanf(""%d"",&a);
	printf(""%d\n"",a*(a+1)/2);
	return 0;
}","[{""input"": ""2\n"", ""output"": ""3\n\n""}, {""input"": ""16\n"", ""output"": ""136\n\n""}, {""input"": ""0\n"", ""output"": ""0\n\n""}, {""input"": ""9\n"", ""output"": ""45\n\n""}, {""input"": ""-2\n"", ""output"": ""1\n\n""}, {""input"": ""4\n"", ""output"": ""10\n\n""}, {""input"": ""-4\n"", ""output"": ""6\n\n""}, {""input"": ""5\n"", ""output"": ""15\n\n""}, {""input"": ""8\n"", ""output"": ""36\n\n""}, {""input"": ""-7\n"", ""output"": ""21\n\n""}]","Given the following C code and assembly code, your task is to generate highly optimized x86-64 assembly code.
C Code:

```c
#include<stdio.h>
int main(){
	int a;
	scanf(""%d"",&a);
	printf(""%d\n"",a*(a+1)/2);
	return 0;
}
```

Assembly Code:

```assembly

```

Only output the optimized assembly code. Do not include any other text. Do not write any comments in the assembly code. Wrap the assembly code in ```assembly``` tags.
Optimized Assembly Code:
","Given the following C code, your task is to generate highly optimized x86-64 assembly code.
C Code:

```c
#include<stdio.h>
int main(){
	int a;
	scanf(""%d"",&a);
	printf(""%d\n"",a*(a+1)/2);
	return 0;
}
```

Only output the optimized assembly code. Do not include any other text. Do not write any comments in the assembly code. Wrap the assembly code in ```assembly``` tags.
Optimized Assembly Code:
"
55,"#include<stdio.h>

int main(void)
{
	int N;
	int a;
	int b;
	int c;
	int i;
	
	scanf(""%d"", &N);
	
	for(i = 0;i < N;i++){
		scanf(""%d %d %d"", &a, &b, &c);
		
		if((a * a) + (b * b) == (c * c) || (c * c) + (b * b) == (a * a) || (a * a) + (c * c) == (b * b)){
			printf(""YES\n"");
		}
		else {
			printf(""NO\n"");
		}
	}
	
	return (0);
}","[{""input"": ""3\n4 3 5\n0 3 6\n8 8 8\n"", ""output"": ""YES\nNO\nNO\n\n""}, {""input"": ""3\n4 5 5\n-2 3 6\n8 8 8\n"", ""output"": ""NO\nNO\nNO\n\n""}, {""input"": ""3\n2 2 -2\n-1 1 0\n3 2 0\n"", ""output"": ""NO\nYES\nNO\n\n""}, {""input"": ""3\n0 2 -2\n0 1 1\n0 4 15\n"", ""output"": ""YES\nYES\nNO\n\n""}, {""input"": ""3\n-1 -2 0\n0 1 -1\n-2 0 2\n"", ""output"": ""NO\nYES\nYES\n\n""}, {""input"": ""3\n-1 -2 -1\n0 1 0\n-2 0 2\n"", ""output"": ""NO\nNO\nYES\n\n""}, {""input"": ""3\n1 1 0\n29 1 -1\n0 1 -1\n"", ""output"": ""YES\nNO\nYES\n\n""}, {""input"": ""3\n4 3 5\n-1 3 6\n8 8 8\n"", ""output"": ""YES\nNO\nNO\n\n""}, {""input"": ""3\n4 3 5\n-2 3 6\n8 8 8\n"", ""output"": ""YES\nNO\nNO\n\n""}, {""input"": ""3\n4 5 5\n-2 3 6\n16 8 8\n"", ""output"": ""NO\nNO\nNO\n\n""}]","Given the following C code and assembly code, your task is to generate highly optimized x86-64 assembly code.
C Code:

```c
#include<stdio.h>

int main(void)
{
	int N;
	int a;
	int b;
	int c;
	int i;
	
	scanf(""%d"", &N);
	
	for(i = 0;i < N;i++){
		scanf(""%d %d %d"", &a, &b, &c);
		
		if((a * a) + (b * b) == (c * c) || (c * c) + (b * b) == (a * a) || (a * a) + (c * c) == (b * b)){
			printf(""YES\n"");
		}
		else {
			printf(""NO\n"");
		}
	}
	
	return (0);
}
```

Assembly Code:

```assembly

```

Only output the optimized assembly code. Do not include any other text. Do not write any comments in the assembly code. Wrap the assembly code in ```assembly``` tags.
Optimized Assembly Code:
","Given the following C code, your task is to generate highly optimized x86-64 assembly code.
C Code:

```c
#include<stdio.h>

int main(void)
{
	int N;
	int a;
	int b;
	int c;
	int i;
	
	scanf(""%d"", &N);
	
	for(i = 0;i < N;i++){
		scanf(""%d %d %d"", &a, &b, &c);
		
		if((a * a) + (b * b) == (c * c) || (c * c) + (b * b) == (a * a) || (a * a) + (c * c) == (b * b)){
			printf(""YES\n"");
		}
		else {
			printf(""NO\n"");
		}
	}
	
	return (0);
}
```

Only output the optimized assembly code. Do not include any other text. Do not write any comments in the assembly code. Wrap the assembly code in ```assembly``` tags.
Optimized Assembly Code:
"
56,"#include<stdio.h>
#define MAX 100005
#define NIL -1

struct Node{int p,l,r;};
struct Node T[MAX];
int n,H,D[MAX];

int getDepth(int u){
  int d=0;
  for(;T[u].p!=NIL;d++)u=T[u].p;
  return d;
}

void print(int u){
  int i,c;
  printf(""node %d: "", u);
  printf(""parent = %d, "", T[u].p);
  printf(""depth = %d, "", D[u]);

  if(T[u].p==NIL)printf(""root, "");
  else if(T[u].l==NIL)printf(""leaf, "");
  else printf(""internal node, "");

  printf(""["");
  for(i=0,c=T[u].l;c!=NIL;i++,c=T[c].r){
    if(i)printf("", "");
    printf(""%d"", c);
  }
  printf(""]\n"");
}

main(){
  int i,j,d,v,c,l;
  scanf(""%d"",&n);
  for(i =0;i<n;i++)T[i].p=T[i].l=T[i].r=NIL;

  for(i=0;i<n;i++){
    scanf(""%d %d"",&v,&d);
    for(j=0;j<d;j++){
      scanf(""%d"", &c);
      if(j==0)T[v].l=c;
      else T[l].r=c;
      l=c;
      T[c].p=v;
    }
  }
  
  H=0;
  for(i=0;i<n;i++){
    D[i]=getDepth(i);
    if(D[i]>H)H=D[i];
  }

  for(i=0;i<n;i++)print(i);
  return 0;
}

","[{""input"": ""4\n1 3 2 3 0\n0 0\n3 0\n2 0\n"", ""output"": ""node 0: parent = 1, depth = 1, leaf, []\nnode 1: parent = -1, depth = 0, root, [2, 3, 0]\nnode 2: parent = 1, depth = 1, leaf, []\nnode 3: parent = 1, depth = 1, leaf, []\n\n""}, {""input"": ""4\n1 3 2 3 0\n0 0\n3 0\n2 0\n"", ""output"": ""node 0: parent = 1, depth = 1, leaf, []\nnode 1: parent = -1, depth = 0, root, [2, 3, 0]\nnode 2: parent = 1, depth = 1, leaf, []\nnode 3: parent = 1, depth = 1, leaf, []\n\n""}]","Given the following C code and assembly code, your task is to generate highly optimized x86-64 assembly code.
C Code:

```c
#include<stdio.h>
#define MAX 100005
#define NIL -1

struct Node{int p,l,r;};
struct Node T[MAX];
int n,H,D[MAX];

int getDepth(int u){
  int d=0;
  for(;T[u].p!=NIL;d++)u=T[u].p;
  return d;
}

void print(int u){
  int i,c;
  printf(""node %d: "", u);
  printf(""parent = %d, "", T[u].p);
  printf(""depth = %d, "", D[u]);

  if(T[u].p==NIL)printf(""root, "");
  else if(T[u].l==NIL)printf(""leaf, "");
  else printf(""internal node, "");

  printf(""["");
  for(i=0,c=T[u].l;c!=NIL;i++,c=T[c].r){
    if(i)printf("", "");
    printf(""%d"", c);
  }
  printf(""]\n"");
}

main(){
  int i,j,d,v,c,l;
  scanf(""%d"",&n);
  for(i =0;i<n;i++)T[i].p=T[i].l=T[i].r=NIL;

  for(i=0;i<n;i++){
    scanf(""%d %d"",&v,&d);
    for(j=0;j<d;j++){
      scanf(""%d"", &c);
      if(j==0)T[v].l=c;
      else T[l].r=c;
      l=c;
      T[c].p=v;
    }
  }
  
  H=0;
  for(i=0;i<n;i++){
    D[i]=getDepth(i);
    if(D[i]>H)H=D[i];
  }

  for(i=0;i<n;i++)print(i);
  return 0;
}
```

Assembly Code:

```assembly

```

Only output the optimized assembly code. Do not include any other text. Do not write any comments in the assembly code. Wrap the assembly code in ```assembly``` tags.
Optimized Assembly Code:
","Given the following C code, your task is to generate highly optimized x86-64 assembly code.
C Code:

```c
#include<stdio.h>
#define MAX 100005
#define NIL -1

struct Node{int p,l,r;};
struct Node T[MAX];
int n,H,D[MAX];

int getDepth(int u){
  int d=0;
  for(;T[u].p!=NIL;d++)u=T[u].p;
  return d;
}

void print(int u){
  int i,c;
  printf(""node %d: "", u);
  printf(""parent = %d, "", T[u].p);
  printf(""depth = %d, "", D[u]);

  if(T[u].p==NIL)printf(""root, "");
  else if(T[u].l==NIL)printf(""leaf, "");
  else printf(""internal node, "");

  printf(""["");
  for(i=0,c=T[u].l;c!=NIL;i++,c=T[c].r){
    if(i)printf("", "");
    printf(""%d"", c);
  }
  printf(""]\n"");
}

main(){
  int i,j,d,v,c,l;
  scanf(""%d"",&n);
  for(i =0;i<n;i++)T[i].p=T[i].l=T[i].r=NIL;

  for(i=0;i<n;i++){
    scanf(""%d %d"",&v,&d);
    for(j=0;j<d;j++){
      scanf(""%d"", &c);
      if(j==0)T[v].l=c;
      else T[l].r=c;
      l=c;
      T[c].p=v;
    }
  }
  
  H=0;
  for(i=0;i<n;i++){
    D[i]=getDepth(i);
    if(D[i]>H)H=D[i];
  }

  for(i=0;i<n;i++)print(i);
  return 0;
}
```

Only output the optimized assembly code. Do not include any other text. Do not write any comments in the assembly code. Wrap the assembly code in ```assembly``` tags.
Optimized Assembly Code:
"
57,"#include <stdio.h>

int main()
{
	int i,j,k;
	int count,n,x;

	while(1){
	count = 0;
	scanf(""%d %d"",&n,&x);
	if(n == 0 && x == 0)
		break;

	for(i = 1;i <= n - 2;i++){
		for(j = i + 1;j <=  n - 1;j++){
			for(k = j + 1;k <= n;k++){
				if(i + j + k  == x)
					count ++;
			}
		}
	}
	printf(""%d\n"",count );
}
	
	return 0;
}",[],"Given the following C code and assembly code, your task is to generate highly optimized x86-64 assembly code.
C Code:

```c
#include <stdio.h>

int main()
{
	int i,j,k;
	int count,n,x;

	while(1){
	count = 0;
	scanf(""%d %d"",&n,&x);
	if(n == 0 && x == 0)
		break;

	for(i = 1;i <= n - 2;i++){
		for(j = i + 1;j <=  n - 1;j++){
			for(k = j + 1;k <= n;k++){
				if(i + j + k  == x)
					count ++;
			}
		}
	}
	printf(""%d\n"",count );
}
	
	return 0;
}
```

Assembly Code:

```assembly

```

Only output the optimized assembly code. Do not include any other text. Do not write any comments in the assembly code. Wrap the assembly code in ```assembly``` tags.
Optimized Assembly Code:
","Given the following C code, your task is to generate highly optimized x86-64 assembly code.
C Code:

```c
#include <stdio.h>

int main()
{
	int i,j,k;
	int count,n,x;

	while(1){
	count = 0;
	scanf(""%d %d"",&n,&x);
	if(n == 0 && x == 0)
		break;

	for(i = 1;i <= n - 2;i++){
		for(j = i + 1;j <=  n - 1;j++){
			for(k = j + 1;k <= n;k++){
				if(i + j + k  == x)
					count ++;
			}
		}
	}
	printf(""%d\n"",count );
}
	
	return 0;
}
```

Only output the optimized assembly code. Do not include any other text. Do not write any comments in the assembly code. Wrap the assembly code in ```assembly``` tags.
Optimized Assembly Code:
"
58,"#include <stdio.h>
#include <string.h>

int main(void){
    
    char s[100001];
    scanf(""%s"",s);
    int l=strlen(s);
    int a[l];
    int c1 = 0, c2 = 0;

    int i;

    for(i = 0; i < l;i++){
        if(i%2==0){
            if(s[i]=='0')   c1++;
        }
        else{
            if(s[i]=='1')   c1++;
        }
    }

    for(i = 0; i < l;i++){
        if(i%2==0){
            if(s[i]=='1')   c2++;
        }
        else{
            if(s[i]=='0')   c2++;
        }
    }

    int ans=0;
    if(c1 <= c2){
        ans = c1;
    }
    else{
        ans = c2;
    }

    printf(""%d"",ans);

    return 0;

}","[{""input"": ""10110010\n"", ""output"": ""2\n\n""}, {""input"": ""010\n"", ""output"": ""0\n\n""}, {""input"": ""10110110\n"", ""output"": ""3\n\n""}, {""input"": ""00110110\n"", ""output"": ""4\n\n""}, {""input"": ""100\n"", ""output"": ""1\n\n""}, {""input"": ""10100110\n"", ""output"": ""2\n\n""}, {""input"": ""01110110\n"", ""output"": ""3\n\n""}, {""input"": ""01110111\n"", ""output"": ""2\n\n""}, {""input"": ""10011010\n"", ""output"": ""2\n\n""}, {""input"": ""1\n"", ""output"": ""0\n\n""}]","Given the following C code and assembly code, your task is to generate highly optimized x86-64 assembly code.
C Code:

```c
#include <stdio.h>
#include <string.h>

int main(void){
    
    char s[100001];
    scanf(""%s"",s);
    int l=strlen(s);
    int a[l];
    int c1 = 0, c2 = 0;

    int i;

    for(i = 0; i < l;i++){
        if(i%2==0){
            if(s[i]=='0')   c1++;
        }
        else{
            if(s[i]=='1')   c1++;
        }
    }

    for(i = 0; i < l;i++){
        if(i%2==0){
            if(s[i]=='1')   c2++;
        }
        else{
            if(s[i]=='0')   c2++;
        }
    }

    int ans=0;
    if(c1 <= c2){
        ans = c1;
    }
    else{
        ans = c2;
    }

    printf(""%d"",ans);

    return 0;

}
```

Assembly Code:

```assembly

```

Only output the optimized assembly code. Do not include any other text. Do not write any comments in the assembly code. Wrap the assembly code in ```assembly``` tags.
Optimized Assembly Code:
","Given the following C code, your task is to generate highly optimized x86-64 assembly code.
C Code:

```c
#include <stdio.h>
#include <string.h>

int main(void){
    
    char s[100001];
    scanf(""%s"",s);
    int l=strlen(s);
    int a[l];
    int c1 = 0, c2 = 0;

    int i;

    for(i = 0; i < l;i++){
        if(i%2==0){
            if(s[i]=='0')   c1++;
        }
        else{
            if(s[i]=='1')   c1++;
        }
    }

    for(i = 0; i < l;i++){
        if(i%2==0){
            if(s[i]=='1')   c2++;
        }
        else{
            if(s[i]=='0')   c2++;
        }
    }

    int ans=0;
    if(c1 <= c2){
        ans = c1;
    }
    else{
        ans = c2;
    }

    printf(""%d"",ans);

    return 0;

}
```

Only output the optimized assembly code. Do not include any other text. Do not write any comments in the assembly code. Wrap the assembly code in ```assembly``` tags.
Optimized Assembly Code:
"
59,"#include <stdio.h>

int gcd(int x, int y) {
	if (x % y == 0) return y;

    return gcd(y, x % y);
}

int main( ) {
	int x, y, ans, buff, max, i;

	scanf(""%d %d"", &x, &y);

	if (x < y) {
		buff = x;
		x = y;
		y = buff;
	}

	printf(""%d\n"", gcd(x, y));

	return 0;
}","[{""input"": ""86 20\n"", ""output"": ""2\n\n""}, {""input"": ""147 6\n"", ""output"": ""3\n\n""}, {""input"": ""9 20\n"", ""output"": ""1\n\n""}, {""input"": ""9 9\n"", ""output"": ""9\n\n""}, {""input"": ""268 8\n"", ""output"": ""4\n\n""}, {""input"": ""14 7\n"", ""output"": ""7\n\n""}, {""input"": ""8 24\n"", ""output"": ""8\n\n""}, {""input"": ""12 12\n"", ""output"": ""12\n\n""}, {""input"": ""624 18\n"", ""output"": ""6\n\n""}, {""input"": ""48 64\n"", ""output"": ""16\n\n""}]","Given the following C code and assembly code, your task is to generate highly optimized x86-64 assembly code.
C Code:

```c
#include <stdio.h>

int gcd(int x, int y) {
	if (x % y == 0) return y;

    return gcd(y, x % y);
}

int main( ) {
	int x, y, ans, buff, max, i;

	scanf(""%d %d"", &x, &y);

	if (x < y) {
		buff = x;
		x = y;
		y = buff;
	}

	printf(""%d\n"", gcd(x, y));

	return 0;
}
```

Assembly Code:

```assembly

```

Only output the optimized assembly code. Do not include any other text. Do not write any comments in the assembly code. Wrap the assembly code in ```assembly``` tags.
Optimized Assembly Code:
","Given the following C code, your task is to generate highly optimized x86-64 assembly code.
C Code:

```c
#include <stdio.h>

int gcd(int x, int y) {
	if (x % y == 0) return y;

    return gcd(y, x % y);
}

int main( ) {
	int x, y, ans, buff, max, i;

	scanf(""%d %d"", &x, &y);

	if (x < y) {
		buff = x;
		x = y;
		y = buff;
	}

	printf(""%d\n"", gcd(x, y));

	return 0;
}
```

Only output the optimized assembly code. Do not include any other text. Do not write any comments in the assembly code. Wrap the assembly code in ```assembly``` tags.
Optimized Assembly Code:
"
60,"#include <stdio.h>

int main(void){
    int h,w;
    int i,j;
    while(1){
        scanf( ""%d %d"" , &h , &w );
        if( h == 0 && w == 0 ) break;
        for( i = 0; i < h ; i++ ){
            for( j = 0 ; j < w ; j++ ){
                if( j == w - 1 || j == 0 || i == h -1 || i == 0 ){
                    printf(""#"");
                }else{
                    printf(""."");
                }
            }
            printf(""\n"");
        }
        printf(""\n"");
    }
}
","[{""input"": ""3 4\n5 7\n3 3\n0 0\n"", ""output"": ""####\n#..#\n####\n\n#######\n#.....#\n#.....#\n#.....#\n#######\n\n###\n#.#\n###\n\n\n""}, {""input"": ""3 4\n5 10\n3 3\n0 0\n"", ""output"": ""####\n#..#\n####\n\n##########\n#........#\n#........#\n#........#\n##########\n\n###\n#.#\n###\n\n\n""}, {""input"": ""3 4\n4 10\n3 3\n0 0\n"", ""output"": ""####\n#..#\n####\n\n##########\n#........#\n#........#\n##########\n\n###\n#.#\n###\n\n\n""}, {""input"": ""3 6\n5 6\n3 3\n0 0\n"", ""output"": ""######\n#....#\n######\n\n######\n#....#\n#....#\n#....#\n######\n\n###\n#.#\n###\n\n\n""}, {""input"": ""3 4\n5 0\n3 3\n0 0\n"", ""output"": ""####\n#..#\n####\n\n\n##\n##\n##\n\n\n###\n#.#\n###\n\n\n""}, {""input"": ""3 4\n5 3\n3 3\n0 0\n"", ""output"": ""####\n#..#\n####\n\n###\n#.#\n#.#\n#.#\n###\n\n###\n#.#\n###\n\n\n""}, {""input"": ""3 4\n4 10\n4 3\n0 0\n"", ""output"": ""####\n#..#\n####\n\n##########\n#........#\n#........#\n##########\n\n###\n#.#\n#.#\n###\n\n\n""}, {""input"": ""3 4\n8 0\n3 3\n0 0\n"", ""output"": ""####\n#..#\n####\n\n\n##\n##\n##\n##\n##\n##\n\n\n###\n#.#\n###\n\n\n""}, {""input"": ""3 4\n10 3\n3 3\n0 0\n"", ""output"": ""####\n#..#\n####\n\n###\n#.#\n#.#\n#.#\n#.#\n#.#\n#.#\n#.#\n#.#\n###\n\n###\n#.#\n###\n\n\n""}, {""input"": ""5 4\n8 0\n3 3\n0 0\n"", ""output"": ""####\n#..#\n#..#\n#..#\n####\n\n\n##\n##\n##\n##\n##\n##\n\n\n###\n#.#\n###\n\n\n""}]","Given the following C code and assembly code, your task is to generate highly optimized x86-64 assembly code.
C Code:

```c
#include <stdio.h>

int main(void){
    int h,w;
    int i,j;
    while(1){
        scanf( ""%d %d"" , &h , &w );
        if( h == 0 && w == 0 ) break;
        for( i = 0; i < h ; i++ ){
            for( j = 0 ; j < w ; j++ ){
                if( j == w - 1 || j == 0 || i == h -1 || i == 0 ){
                    printf(""#"");
                }else{
                    printf(""."");
                }
            }
            printf(""\n"");
        }
        printf(""\n"");
    }
}
```

Assembly Code:

```assembly

```

Only output the optimized assembly code. Do not include any other text. Do not write any comments in the assembly code. Wrap the assembly code in ```assembly``` tags.
Optimized Assembly Code:
","Given the following C code, your task is to generate highly optimized x86-64 assembly code.
C Code:

```c
#include <stdio.h>

int main(void){
    int h,w;
    int i,j;
    while(1){
        scanf( ""%d %d"" , &h , &w );
        if( h == 0 && w == 0 ) break;
        for( i = 0; i < h ; i++ ){
            for( j = 0 ; j < w ; j++ ){
                if( j == w - 1 || j == 0 || i == h -1 || i == 0 ){
                    printf(""#"");
                }else{
                    printf(""."");
                }
            }
            printf(""\n"");
        }
        printf(""\n"");
    }
}
```

Only output the optimized assembly code. Do not include any other text. Do not write any comments in the assembly code. Wrap the assembly code in ```assembly``` tags.
Optimized Assembly Code:
"
61,"#include <stdio.h>
#include <math.h>
#define MAX 500000 
int N,L[MAX],R[MAX],A[MAX],count=0,i;

void merge(int A[],int left,int mid,int right){
  int n1,n2,j,k;
  n1 = mid - left;
  n2 = right - mid;
  for( i = 0 ;i<n1;i++){
    L[i] = A[left + i];
      }
  for (i = 0 ;i<n2;i++){
    R[i] = A[mid + i];
      }
  L[n1] = INFINITY;
  R[n2] = INFINITY;
  i = 0;
  j = 0;
  for (k = left ;k< right;k++){
    if (L[i] <= R[j]){
      A[k] = L[i];
      i = i + 1;
      count++;
    }
    else{ 
      A[k] = R[j];
      j = j + 1;
      count++;
    }
  }
}
void mergeSort(int A[],int left,int right){
  int mid;
  if (left+1 < right){
    mid = (left + right)/2;
    mergeSort(A, left, mid);
    mergeSort(A, mid, right);
    merge(A, left, mid, right);
      }
}
int main(){
      scanf(""%d"",&N);
      for(i=0;i<N;i++){
	scanf(""%d"",&A[i]);
      }
      mergeSort(A,0,N);
      for(i=0;i<N;i++){
	if(i!=0)printf("" "");
	printf(""%d"",A[i]);
      }
      printf(""\n"");
      printf(""%d\n"",count);
        return 0;
    }

","[{""input"": ""10\n8 5 9 2 6 3 7 0 10 4\n"", ""output"": ""0 2 3 4 5 6 7 8 9 10\n34\n\n""}, {""input"": ""10\n8 5 9 2 6 3 7 0 10 3\n"", ""output"": ""0 2 3 3 5 6 7 8 9 10\n34\n\n""}, {""input"": ""10\n8 5 9 2 6 4 11 0 10 3\n"", ""output"": ""0 2 3 4 5 6 8 9 10 11\n34\n\n""}, {""input"": ""10\n8 5 9 2 6 4 11 0 10 5\n"", ""output"": ""0 2 4 5 5 6 8 9 10 11\n34\n\n""}, {""input"": ""10\n8 5 9 2 6 4 11 1 10 5\n"", ""output"": ""1 2 4 5 5 6 8 9 10 11\n34\n\n""}, {""input"": ""10\n10 5 9 2 6 4 11 1 10 5\n"", ""output"": ""1 2 4 5 5 6 9 10 10 11\n34\n\n""}, {""input"": ""10\n10 5 9 2 6 4 19 1 10 5\n"", ""output"": ""1 2 4 5 5 6 9 10 10 19\n34\n\n""}, {""input"": ""10\n10 5 9 2 6 4 19 2 10 5\n"", ""output"": ""2 2 4 5 5 6 9 10 10 19\n34\n\n""}, {""input"": ""10\n10 5 9 2 6 4 19 4 10 5\n"", ""output"": ""2 4 4 5 5 6 9 10 10 19\n34\n\n""}, {""input"": ""10\n10 5 9 2 6 4 19 4 10 1\n"", ""output"": ""1 2 4 4 5 6 9 10 10 19\n34\n\n""}]","Given the following C code and assembly code, your task is to generate highly optimized x86-64 assembly code.
C Code:

```c
#include <stdio.h>
#include <math.h>
#define MAX 500000 
int N,L[MAX],R[MAX],A[MAX],count=0,i;

void merge(int A[],int left,int mid,int right){
  int n1,n2,j,k;
  n1 = mid - left;
  n2 = right - mid;
  for( i = 0 ;i<n1;i++){
    L[i] = A[left + i];
      }
  for (i = 0 ;i<n2;i++){
    R[i] = A[mid + i];
      }
  L[n1] = INFINITY;
  R[n2] = INFINITY;
  i = 0;
  j = 0;
  for (k = left ;k< right;k++){
    if (L[i] <= R[j]){
      A[k] = L[i];
      i = i + 1;
      count++;
    }
    else{ 
      A[k] = R[j];
      j = j + 1;
      count++;
    }
  }
}
void mergeSort(int A[],int left,int right){
  int mid;
  if (left+1 < right){
    mid = (left + right)/2;
    mergeSort(A, left, mid);
    mergeSort(A, mid, right);
    merge(A, left, mid, right);
      }
}
int main(){
      scanf(""%d"",&N);
      for(i=0;i<N;i++){
	scanf(""%d"",&A[i]);
      }
      mergeSort(A,0,N);
      for(i=0;i<N;i++){
	if(i!=0)printf("" "");
	printf(""%d"",A[i]);
      }
      printf(""\n"");
      printf(""%d\n"",count);
        return 0;
    }
```

Assembly Code:

```assembly

```

Only output the optimized assembly code. Do not include any other text. Do not write any comments in the assembly code. Wrap the assembly code in ```assembly``` tags.
Optimized Assembly Code:
","Given the following C code, your task is to generate highly optimized x86-64 assembly code.
C Code:

```c
#include <stdio.h>
#include <math.h>
#define MAX 500000 
int N,L[MAX],R[MAX],A[MAX],count=0,i;

void merge(int A[],int left,int mid,int right){
  int n1,n2,j,k;
  n1 = mid - left;
  n2 = right - mid;
  for( i = 0 ;i<n1;i++){
    L[i] = A[left + i];
      }
  for (i = 0 ;i<n2;i++){
    R[i] = A[mid + i];
      }
  L[n1] = INFINITY;
  R[n2] = INFINITY;
  i = 0;
  j = 0;
  for (k = left ;k< right;k++){
    if (L[i] <= R[j]){
      A[k] = L[i];
      i = i + 1;
      count++;
    }
    else{ 
      A[k] = R[j];
      j = j + 1;
      count++;
    }
  }
}
void mergeSort(int A[],int left,int right){
  int mid;
  if (left+1 < right){
    mid = (left + right)/2;
    mergeSort(A, left, mid);
    mergeSort(A, mid, right);
    merge(A, left, mid, right);
      }
}
int main(){
      scanf(""%d"",&N);
      for(i=0;i<N;i++){
	scanf(""%d"",&A[i]);
      }
      mergeSort(A,0,N);
      for(i=0;i<N;i++){
	if(i!=0)printf("" "");
	printf(""%d"",A[i]);
      }
      printf(""\n"");
      printf(""%d\n"",count);
        return 0;
    }
```

Only output the optimized assembly code. Do not include any other text. Do not write any comments in the assembly code. Wrap the assembly code in ```assembly``` tags.
Optimized Assembly Code:
"
62,"#include <stdio.h>

int e;
long long f;

int check (long long a,int b)
{
	int c;
	if(a<=f){
		if(b==7){
			e++;
		}
	}
/*	if(a<=f){
		printf(""%d\n"",a);
	}*/
	if(a<=f){
		check(a*10+3,b|1);
		check(a*10+5,b|2);
		check(a*10+7,b|4);
	}
	return e;
}
	
int main(void)
{
	int d;
	scanf(""%lld"",&f);
	d=check(0,0);
	printf(""%d\n"",d);
	return 0;
}","[{""input"": ""60\n"", ""output"": ""0\n\n""}, {""input"": ""1134\n"", ""output"": ""6\n\n""}, {""input"": ""656396080\n"", ""output"": ""20434\n\n""}, {""input"": ""1260308870\n"", ""output"": ""26484\n\n""}, {""input"": ""251112438\n"", ""output"": ""8334\n\n""}, {""input"": ""3669\n"", ""output"": ""13\n\n""}, {""input"": ""4753\n"", ""output"": ""18\n\n""}, {""input"": ""3412\n"", ""output"": ""8\n\n""}, {""input"": ""5825\n"", ""output"": ""30\n\n""}, {""input"": ""471776498\n"", ""output"": ""14384\n\n""}]","Given the following C code and assembly code, your task is to generate highly optimized x86-64 assembly code.
C Code:

```c
#include <stdio.h>

int e;
long long f;

int check (long long a,int b)
{
	int c;
	if(a<=f){
		if(b==7){
			e++;
		}
	}
/*	if(a<=f){
		printf(""%d\n"",a);
	}*/
	if(a<=f){
		check(a*10+3,b|1);
		check(a*10+5,b|2);
		check(a*10+7,b|4);
	}
	return e;
}
	
int main(void)
{
	int d;
	scanf(""%lld"",&f);
	d=check(0,0);
	printf(""%d\n"",d);
	return 0;
}
```

Assembly Code:

```assembly

```

Only output the optimized assembly code. Do not include any other text. Do not write any comments in the assembly code. Wrap the assembly code in ```assembly``` tags.
Optimized Assembly Code:
","Given the following C code, your task is to generate highly optimized x86-64 assembly code.
C Code:

```c
#include <stdio.h>

int e;
long long f;

int check (long long a,int b)
{
	int c;
	if(a<=f){
		if(b==7){
			e++;
		}
	}
/*	if(a<=f){
		printf(""%d\n"",a);
	}*/
	if(a<=f){
		check(a*10+3,b|1);
		check(a*10+5,b|2);
		check(a*10+7,b|4);
	}
	return e;
}
	
int main(void)
{
	int d;
	scanf(""%lld"",&f);
	d=check(0,0);
	printf(""%d\n"",d);
	return 0;
}
```

Only output the optimized assembly code. Do not include any other text. Do not write any comments in the assembly code. Wrap the assembly code in ```assembly``` tags.
Optimized Assembly Code:
"
63,"#include<stdio.h>
#include<string.h>
int main(){
    char a[15],b[15],c[15];
    scanf(""%s %s %s"",a,b,c);
    getchar();
    if(a[strlen(a)-1]==b[0] && b[strlen(b)-1]==c[0]) puts(""YES"");
    else puts(""NO"");
    return 0;
}
","[{""input"": ""a a `\n"", ""output"": ""NO\n\n""}, {""input"": ""baaaa`aaaa aabaaaaaaa aaaaa`aaab\n"", ""output"": ""YES\n\n""}, {""input"": ""rnh gorilla apple\n"", ""output"": ""NO\n\n""}, {""input"": ""aaaaaaaaab aaaaaaaaaa aaaaa`aaab\n"", ""output"": ""NO\n\n""}, {""input"": ""ybkiniku unagi sushi\n"", ""output"": ""NO\n\n""}, {""input"": ""a b a\n"", ""output"": ""NO\n\n""}, {""input"": ""rng gorilla paple\n"", ""output"": ""NO\n\n""}, {""input"": ""aaaaaaaaab aaaaaaaaaa baaa`aaaaa\n"", ""output"": ""NO\n\n""}, {""input"": ""ybkiniku inagu sushi\n"", ""output"": ""NO\n\n""}, {""input"": ""a b `\n"", ""output"": ""NO\n\n""}]","Given the following C code and assembly code, your task is to generate highly optimized x86-64 assembly code.
C Code:

```c
#include<stdio.h>
#include<string.h>
int main(){
    char a[15],b[15],c[15];
    scanf(""%s %s %s"",a,b,c);
    getchar();
    if(a[strlen(a)-1]==b[0] && b[strlen(b)-1]==c[0]) puts(""YES"");
    else puts(""NO"");
    return 0;
}
```

Assembly Code:

```assembly

```

Only output the optimized assembly code. Do not include any other text. Do not write any comments in the assembly code. Wrap the assembly code in ```assembly``` tags.
Optimized Assembly Code:
","Given the following C code, your task is to generate highly optimized x86-64 assembly code.
C Code:

```c
#include<stdio.h>
#include<string.h>
int main(){
    char a[15],b[15],c[15];
    scanf(""%s %s %s"",a,b,c);
    getchar();
    if(a[strlen(a)-1]==b[0] && b[strlen(b)-1]==c[0]) puts(""YES"");
    else puts(""NO"");
    return 0;
}
```

Only output the optimized assembly code. Do not include any other text. Do not write any comments in the assembly code. Wrap the assembly code in ```assembly``` tags.
Optimized Assembly Code:
"
64,"#include<stdio.h>
int main(void){
	int a;
	int b;
	int c;
	scanf(""%d %d %d\n"",&a,&b,&c);
	if(a<b && b<c){
	printf(""Yes\n"");
	}else{
	printf(""No\n"");
	}
	return 0;
}
","[{""input"": ""1 6 8\n"", ""output"": ""Yes\n\n""}, {""input"": ""3 7 1\n"", ""output"": ""No\n\n""}, {""input"": ""1 6 9\n"", ""output"": ""Yes\n\n""}, {""input"": ""3 7 2\n"", ""output"": ""No\n\n""}, {""input"": ""1 9 9\n"", ""output"": ""No\n\n""}, {""input"": ""3 7 3\n"", ""output"": ""No\n\n""}, {""input"": ""1 9 2\n"", ""output"": ""No\n\n""}, {""input"": ""2 7 3\n"", ""output"": ""No\n\n""}, {""input"": ""1 6 2\n"", ""output"": ""No\n\n""}, {""input"": ""3 9 3\n"", ""output"": ""No\n\n""}]","Given the following C code and assembly code, your task is to generate highly optimized x86-64 assembly code.
C Code:

```c
#include<stdio.h>
int main(void){
	int a;
	int b;
	int c;
	scanf(""%d %d %d\n"",&a,&b,&c);
	if(a<b && b<c){
	printf(""Yes\n"");
	}else{
	printf(""No\n"");
	}
	return 0;
}
```

Assembly Code:

```assembly

```

Only output the optimized assembly code. Do not include any other text. Do not write any comments in the assembly code. Wrap the assembly code in ```assembly``` tags.
Optimized Assembly Code:
","Given the following C code, your task is to generate highly optimized x86-64 assembly code.
C Code:

```c
#include<stdio.h>
int main(void){
	int a;
	int b;
	int c;
	scanf(""%d %d %d\n"",&a,&b,&c);
	if(a<b && b<c){
	printf(""Yes\n"");
	}else{
	printf(""No\n"");
	}
	return 0;
}
```

Only output the optimized assembly code. Do not include any other text. Do not write any comments in the assembly code. Wrap the assembly code in ```assembly``` tags.
Optimized Assembly Code:
"
65,"// AOJ 0625: Oranges
// 2017.12.16 bal4u@uu

#include <stdio.h>
#include <string.h>

#define INF 0x3030303030303030LL
int N, M, K;
int a[20001];
long long memo[20001];
char buf[30], *p;

int in()
{
	int n = 0;
	while (*p >= '0') n = (n<<3) + (n<<1) + (*p++ & 0xf);
	return n;
}

long long rec(int k)
{
	int i, lim;
	long long min, max, t, ans;

	if (k >= N) return 0;
	if (memo[k] < INF) return memo[k];
	ans = INF;
	min = max = a[k];
	lim = k + M; if (lim > N) lim = N;
	for (i = k; i < lim; i++) {
		if      (max < a[i]) max = a[i];
		else if (min > a[i]) min = a[i];
		t = rec(i+1) + K + (i-k+1) * (max-min);
		if (t < ans) ans = t;
	}
	return memo[k] = ans;
}

int main()
{
	int i;

	fgets(p=buf, 30, stdin);
	N = in(), p++, M = in(), p++, K = in();
	for (i = 0; i < N; i++) {
		fgets(p=buf, 15, stdin);
		a[i] = in();
	}
	memset(memo, 0x30, sizeof(memo));
	printf(""%lld\n"", rec(0));
	return 0;
}","[{""input"": ""6 3 6\n1\n2\n3\n1\n2\n1\n"", ""output"": ""21\n""}]","Given the following C code and assembly code, your task is to generate highly optimized x86-64 assembly code.
C Code:

```c
// AOJ 0625: Oranges
// 2017.12.16 bal4u@uu

#include <stdio.h>
#include <string.h>

#define INF 0x3030303030303030LL
int N, M, K;
int a[20001];
long long memo[20001];
char buf[30], *p;

int in()
{
	int n = 0;
	while (*p >= '0') n = (n<<3) + (n<<1) + (*p++ & 0xf);
	return n;
}

long long rec(int k)
{
	int i, lim;
	long long min, max, t, ans;

	if (k >= N) return 0;
	if (memo[k] < INF) return memo[k];
	ans = INF;
	min = max = a[k];
	lim = k + M; if (lim > N) lim = N;
	for (i = k; i < lim; i++) {
		if      (max < a[i]) max = a[i];
		else if (min > a[i]) min = a[i];
		t = rec(i+1) + K + (i-k+1) * (max-min);
		if (t < ans) ans = t;
	}
	return memo[k] = ans;
}

int main()
{
	int i;

	fgets(p=buf, 30, stdin);
	N = in(), p++, M = in(), p++, K = in();
	for (i = 0; i < N; i++) {
		fgets(p=buf, 15, stdin);
		a[i] = in();
	}
	memset(memo, 0x30, sizeof(memo));
	printf(""%lld\n"", rec(0));
	return 0;
}
```

Assembly Code:

```assembly

```

Only output the optimized assembly code. Do not include any other text. Do not write any comments in the assembly code. Wrap the assembly code in ```assembly``` tags.
Optimized Assembly Code:
","Given the following C code, your task is to generate highly optimized x86-64 assembly code.
C Code:

```c
// AOJ 0625: Oranges
// 2017.12.16 bal4u@uu

#include <stdio.h>
#include <string.h>

#define INF 0x3030303030303030LL
int N, M, K;
int a[20001];
long long memo[20001];
char buf[30], *p;

int in()
{
	int n = 0;
	while (*p >= '0') n = (n<<3) + (n<<1) + (*p++ & 0xf);
	return n;
}

long long rec(int k)
{
	int i, lim;
	long long min, max, t, ans;

	if (k >= N) return 0;
	if (memo[k] < INF) return memo[k];
	ans = INF;
	min = max = a[k];
	lim = k + M; if (lim > N) lim = N;
	for (i = k; i < lim; i++) {
		if      (max < a[i]) max = a[i];
		else if (min > a[i]) min = a[i];
		t = rec(i+1) + K + (i-k+1) * (max-min);
		if (t < ans) ans = t;
	}
	return memo[k] = ans;
}

int main()
{
	int i;

	fgets(p=buf, 30, stdin);
	N = in(), p++, M = in(), p++, K = in();
	for (i = 0; i < N; i++) {
		fgets(p=buf, 15, stdin);
		a[i] = in();
	}
	memset(memo, 0x30, sizeof(memo));
	printf(""%lld\n"", rec(0));
	return 0;
}
```

Only output the optimized assembly code. Do not include any other text. Do not write any comments in the assembly code. Wrap the assembly code in ```assembly``` tags.
Optimized Assembly Code:
"
66,"#include <stdio.h>
int main(void){
    int N, ame=0;
    scanf(""%d"", &N);
    for(int i=1;i<=N; i++) ame+=i;
    printf(""%d"", ame);
    return 0;
}","[{""input"": ""2\n"", ""output"": ""3\n\n""}, {""input"": ""16\n"", ""output"": ""136\n\n""}, {""input"": ""0\n"", ""output"": ""0\n\n""}, {""input"": ""9\n"", ""output"": ""45\n\n""}, {""input"": ""-2\n"", ""output"": ""1\n\n""}, {""input"": ""4\n"", ""output"": ""10\n\n""}, {""input"": ""-4\n"", ""output"": ""6\n\n""}, {""input"": ""5\n"", ""output"": ""15\n\n""}, {""input"": ""8\n"", ""output"": ""36\n\n""}, {""input"": ""-7\n"", ""output"": ""21\n\n""}]","Given the following C code and assembly code, your task is to generate highly optimized x86-64 assembly code.
C Code:

```c
#include <stdio.h>
int main(void){
    int N, ame=0;
    scanf(""%d"", &N);
    for(int i=1;i<=N; i++) ame+=i;
    printf(""%d"", ame);
    return 0;
}
```

Assembly Code:

```assembly

```

Only output the optimized assembly code. Do not include any other text. Do not write any comments in the assembly code. Wrap the assembly code in ```assembly``` tags.
Optimized Assembly Code:
","Given the following C code, your task is to generate highly optimized x86-64 assembly code.
C Code:

```c
#include <stdio.h>
int main(void){
    int N, ame=0;
    scanf(""%d"", &N);
    for(int i=1;i<=N; i++) ame+=i;
    printf(""%d"", ame);
    return 0;
}
```

Only output the optimized assembly code. Do not include any other text. Do not write any comments in the assembly code. Wrap the assembly code in ```assembly``` tags.
Optimized Assembly Code:
"
67,"#include<stdio.h>
int main(){
  int N;
  float K;
  scanf(""%d"",&N);
  if(N%2 == 0){
    printf(""0.5"");
  }
  else{
    K = (N+1)/2.0/N;
    printf(""%lf"",K);
  }
}","[{""input"": ""8\n"", ""output"": ""0.5\n\n""}, {""input"": ""11\n"", ""output"": ""0.545454545455\n\n""}, {""input"": ""19\n"", ""output"": ""0.526315789474\n\n""}, {""input"": ""21\n"", ""output"": ""0.52380952381\n\n""}, {""input"": ""3\n"", ""output"": ""0.666666666667\n\n""}, {""input"": ""9\n"", ""output"": ""0.555555555556\n\n""}, {""input"": ""39\n"", ""output"": ""0.512820512821\n\n""}, {""input"": ""-1\n"", ""output"": ""-0.0\n\n""}, {""input"": ""53\n"", ""output"": ""0.509433962264\n\n""}, {""input"": ""33\n"", ""output"": ""0.515151515152\n\n""}]","Given the following C code and assembly code, your task is to generate highly optimized x86-64 assembly code.
C Code:

```c
#include<stdio.h>
int main(){
  int N;
  float K;
  scanf(""%d"",&N);
  if(N%2 == 0){
    printf(""0.5"");
  }
  else{
    K = (N+1)/2.0/N;
    printf(""%lf"",K);
  }
}
```

Assembly Code:

```assembly

```

Only output the optimized assembly code. Do not include any other text. Do not write any comments in the assembly code. Wrap the assembly code in ```assembly``` tags.
Optimized Assembly Code:
","Given the following C code, your task is to generate highly optimized x86-64 assembly code.
C Code:

```c
#include<stdio.h>
int main(){
  int N;
  float K;
  scanf(""%d"",&N);
  if(N%2 == 0){
    printf(""0.5"");
  }
  else{
    K = (N+1)/2.0/N;
    printf(""%lf"",K);
  }
}
```

Only output the optimized assembly code. Do not include any other text. Do not write any comments in the assembly code. Wrap the assembly code in ```assembly``` tags.
Optimized Assembly Code:
"
68,"#include <stdio.h>
#define INFTY 2000000001
#define MAX 500000
int count=0;
int L[MAX/2+2],R[MAX/2+2];

void merge(int A[],int left,int mid,int right)
{
  int i,j,k,n1,n2;

  n1=mid-left;
  n2=right-mid;
  for(i=0;i<n1;i++){
    L[i]=A[left+i];
  }
  for(i=0;i<n2;i++){
    R[i]=A[mid+i];
  }
  L[n1]=INFTY;
  R[n2]=INFTY;
  i=0;
  j=0;
  for(k=left;k<right;k++){
    count++;
    if(L[i]<=R[j]){
      A[k]=L[i++];
    
    }else{
      A[k]=R[j++];
    
    }
  }
}

void mergeSort(int A[],int left,int right)
{
  int mid;
  if(left+1<right){
    mid=(left+right)/2;
    mergeSort(A,left,mid);
    mergeSort(A,mid,right);
    merge(A,left,mid,right);
  }
}

int main(){
int i,n,s[MAX];

  scanf(""%d"",&n);
  for(i=0;i<n;i++){
    scanf(""%d"",&s[i]);
  }
  mergeSort(s,0,n);
  for(i=0;i<n;i++){
    if(i>0) printf("" "");
    printf(""%d"",s[i]);
  }
  printf(""\n"");
  printf(""%d\n"",count);

  return 0;
}
","[{""input"": ""10\n8 5 9 2 6 3 7 0 10 4\n"", ""output"": ""0 2 3 4 5 6 7 8 9 10\n34\n\n""}, {""input"": ""10\n8 5 9 2 6 3 7 0 10 3\n"", ""output"": ""0 2 3 3 5 6 7 8 9 10\n34\n\n""}, {""input"": ""10\n8 5 9 2 6 4 11 0 10 3\n"", ""output"": ""0 2 3 4 5 6 8 9 10 11\n34\n\n""}, {""input"": ""10\n8 5 9 2 6 4 11 0 10 5\n"", ""output"": ""0 2 4 5 5 6 8 9 10 11\n34\n\n""}, {""input"": ""10\n8 5 9 2 6 4 11 1 10 5\n"", ""output"": ""1 2 4 5 5 6 8 9 10 11\n34\n\n""}, {""input"": ""10\n10 5 9 2 6 4 11 1 10 5\n"", ""output"": ""1 2 4 5 5 6 9 10 10 11\n34\n\n""}, {""input"": ""10\n10 5 9 2 6 4 19 1 10 5\n"", ""output"": ""1 2 4 5 5 6 9 10 10 19\n34\n\n""}, {""input"": ""10\n10 5 9 2 6 4 19 2 10 5\n"", ""output"": ""2 2 4 5 5 6 9 10 10 19\n34\n\n""}, {""input"": ""10\n10 5 9 2 6 4 19 4 10 5\n"", ""output"": ""2 4 4 5 5 6 9 10 10 19\n34\n\n""}, {""input"": ""10\n10 5 9 2 6 4 19 4 10 1\n"", ""output"": ""1 2 4 4 5 6 9 10 10 19\n34\n\n""}]","Given the following C code and assembly code, your task is to generate highly optimized x86-64 assembly code.
C Code:

```c
#include <stdio.h>
#define INFTY 2000000001
#define MAX 500000
int count=0;
int L[MAX/2+2],R[MAX/2+2];

void merge(int A[],int left,int mid,int right)
{
  int i,j,k,n1,n2;

  n1=mid-left;
  n2=right-mid;
  for(i=0;i<n1;i++){
    L[i]=A[left+i];
  }
  for(i=0;i<n2;i++){
    R[i]=A[mid+i];
  }
  L[n1]=INFTY;
  R[n2]=INFTY;
  i=0;
  j=0;
  for(k=left;k<right;k++){
    count++;
    if(L[i]<=R[j]){
      A[k]=L[i++];
    
    }else{
      A[k]=R[j++];
    
    }
  }
}

void mergeSort(int A[],int left,int right)
{
  int mid;
  if(left+1<right){
    mid=(left+right)/2;
    mergeSort(A,left,mid);
    mergeSort(A,mid,right);
    merge(A,left,mid,right);
  }
}

int main(){
int i,n,s[MAX];

  scanf(""%d"",&n);
  for(i=0;i<n;i++){
    scanf(""%d"",&s[i]);
  }
  mergeSort(s,0,n);
  for(i=0;i<n;i++){
    if(i>0) printf("" "");
    printf(""%d"",s[i]);
  }
  printf(""\n"");
  printf(""%d\n"",count);

  return 0;
}
```

Assembly Code:

```assembly

```

Only output the optimized assembly code. Do not include any other text. Do not write any comments in the assembly code. Wrap the assembly code in ```assembly``` tags.
Optimized Assembly Code:
","Given the following C code, your task is to generate highly optimized x86-64 assembly code.
C Code:

```c
#include <stdio.h>
#define INFTY 2000000001
#define MAX 500000
int count=0;
int L[MAX/2+2],R[MAX/2+2];

void merge(int A[],int left,int mid,int right)
{
  int i,j,k,n1,n2;

  n1=mid-left;
  n2=right-mid;
  for(i=0;i<n1;i++){
    L[i]=A[left+i];
  }
  for(i=0;i<n2;i++){
    R[i]=A[mid+i];
  }
  L[n1]=INFTY;
  R[n2]=INFTY;
  i=0;
  j=0;
  for(k=left;k<right;k++){
    count++;
    if(L[i]<=R[j]){
      A[k]=L[i++];
    
    }else{
      A[k]=R[j++];
    
    }
  }
}

void mergeSort(int A[],int left,int right)
{
  int mid;
  if(left+1<right){
    mid=(left+right)/2;
    mergeSort(A,left,mid);
    mergeSort(A,mid,right);
    merge(A,left,mid,right);
  }
}

int main(){
int i,n,s[MAX];

  scanf(""%d"",&n);
  for(i=0;i<n;i++){
    scanf(""%d"",&s[i]);
  }
  mergeSort(s,0,n);
  for(i=0;i<n;i++){
    if(i>0) printf("" "");
    printf(""%d"",s[i]);
  }
  printf(""\n"");
  printf(""%d\n"",count);

  return 0;
}
```

Only output the optimized assembly code. Do not include any other text. Do not write any comments in the assembly code. Wrap the assembly code in ```assembly``` tags.
Optimized Assembly Code:
"
69,"#include<stdio.h>
int main(void)
{
    int a[5],i,j,k;
    int x=0;

    scanf(""%d%d%d%d%d"",&a[0],&a[1],&a[2],&a[3],&a[4]);

    for(i=0;i<5;i++){
        for(j=0;j<5;j++){
            if(a[i]>a[j]){
                x=a[i];
                a[i]=a[j];
                a[j]=x;
            }
        }
    }
    for(k=0;k<4;k++){
        printf(""%d "",a[k]);
    }
	printf(""%d\n"",a[4]);
    return 0;
}","[{""input"": ""3 6 9 7 5\n"", ""output"": ""9 7 6 5 3\n""}]","Given the following C code and assembly code, your task is to generate highly optimized x86-64 assembly code.
C Code:

```c
#include<stdio.h>
int main(void)
{
    int a[5],i,j,k;
    int x=0;

    scanf(""%d%d%d%d%d"",&a[0],&a[1],&a[2],&a[3],&a[4]);

    for(i=0;i<5;i++){
        for(j=0;j<5;j++){
            if(a[i]>a[j]){
                x=a[i];
                a[i]=a[j];
                a[j]=x;
            }
        }
    }
    for(k=0;k<4;k++){
        printf(""%d "",a[k]);
    }
	printf(""%d\n"",a[4]);
    return 0;
}
```

Assembly Code:

```assembly

```

Only output the optimized assembly code. Do not include any other text. Do not write any comments in the assembly code. Wrap the assembly code in ```assembly``` tags.
Optimized Assembly Code:
","Given the following C code, your task is to generate highly optimized x86-64 assembly code.
C Code:

```c
#include<stdio.h>
int main(void)
{
    int a[5],i,j,k;
    int x=0;

    scanf(""%d%d%d%d%d"",&a[0],&a[1],&a[2],&a[3],&a[4]);

    for(i=0;i<5;i++){
        for(j=0;j<5;j++){
            if(a[i]>a[j]){
                x=a[i];
                a[i]=a[j];
                a[j]=x;
            }
        }
    }
    for(k=0;k<4;k++){
        printf(""%d "",a[k]);
    }
	printf(""%d\n"",a[4]);
    return 0;
}
```

Only output the optimized assembly code. Do not include any other text. Do not write any comments in the assembly code. Wrap the assembly code in ```assembly``` tags.
Optimized Assembly Code:
"
70,"#include <stdio.h>

int stringLength(char a[]){
int length = 0;
while(a[length]) length++;
return length;
}

int main(){
char s1 [20];
char s2 [20];
char s3 [20];
scanf(""%s\n%s"", s1, s2);

int length = stringLength(s1);

int i;
for(i = 0; i<length; i++){
    s3[i] = s2[i];
}

if (stringLength(s2) != length+1){
    printf(""No\n"");
    return 0;
}
else {
        for(i = 0; i<length; i++){
            if (s3[i] != s1[i]){
                printf(""No\n"");
                return 0;
        }
    }
}

printf(""Yes\n"");

return 0;
}","[{""input"": ""snuke\nsnelee\n"", ""output"": ""No\n\n""}, {""input"": ""b\nba\n"", ""output"": ""Yes\n\n""}, {""input"": ""a\nba\n"", ""output"": ""No\n\n""}, {""input"": ""choktdai\nchokudaiz\n"", ""output"": ""No\n\n""}, {""input"": ""nsuke\nsnelee\n"", ""output"": ""No\n\n""}, {""input"": ""choktdai\nbhokudaiz\n"", ""output"": ""No\n\n""}, {""input"": ""nuske\nsnelee\n"", ""output"": ""No\n\n""}, {""input"": ""b\nab\n"", ""output"": ""No\n\n""}, {""input"": ""iadtkohc\nbhokudaiz\n"", ""output"": ""No\n\n""}, {""input"": ""nurke\nsnelee\n"", ""output"": ""No\n\n""}]","Given the following C code and assembly code, your task is to generate highly optimized x86-64 assembly code.
C Code:

```c
#include <stdio.h>

int stringLength(char a[]){
int length = 0;
while(a[length]) length++;
return length;
}

int main(){
char s1 [20];
char s2 [20];
char s3 [20];
scanf(""%s\n%s"", s1, s2);

int length = stringLength(s1);

int i;
for(i = 0; i<length; i++){
    s3[i] = s2[i];
}

if (stringLength(s2) != length+1){
    printf(""No\n"");
    return 0;
}
else {
        for(i = 0; i<length; i++){
            if (s3[i] != s1[i]){
                printf(""No\n"");
                return 0;
        }
    }
}

printf(""Yes\n"");

return 0;
}
```

Assembly Code:

```assembly

```

Only output the optimized assembly code. Do not include any other text. Do not write any comments in the assembly code. Wrap the assembly code in ```assembly``` tags.
Optimized Assembly Code:
","Given the following C code, your task is to generate highly optimized x86-64 assembly code.
C Code:

```c
#include <stdio.h>

int stringLength(char a[]){
int length = 0;
while(a[length]) length++;
return length;
}

int main(){
char s1 [20];
char s2 [20];
char s3 [20];
scanf(""%s\n%s"", s1, s2);

int length = stringLength(s1);

int i;
for(i = 0; i<length; i++){
    s3[i] = s2[i];
}

if (stringLength(s2) != length+1){
    printf(""No\n"");
    return 0;
}
else {
        for(i = 0; i<length; i++){
            if (s3[i] != s1[i]){
                printf(""No\n"");
                return 0;
        }
    }
}

printf(""Yes\n"");

return 0;
}
```

Only output the optimized assembly code. Do not include any other text. Do not write any comments in the assembly code. Wrap the assembly code in ```assembly``` tags.
Optimized Assembly Code:
"
71,"#include <stdio.h>
#include <stdlib.h>
#include <time.h>
#include <string.h>
#include <unistd.h>
#include <math.h>
long long int ans=0;
#define  ll long long
//最大公約数
long long int getgcd(long long n, long long m)
{
  int r;
  if (n > m) {
    long long t = m;
    m = n;
    n = t;
  }
  while ((r = m % n) != 0) {
    m = n;
    n = r;
  }
return n;
}

//nの階乗を計算
long long factorial(long long n){
    long long int answer = 1;
while(n > 1){
  answer *= n;
  n--;
}
    return answer;
}

//組み合わせの数nCrを計算
long long calcNumOfCombination(long long  n, long long r){
    return factorial(n) / (factorial(r) * factorial(n-r));
}
 void yes(){
   printf(""Yes\n"");
 }

 void no(){
   printf(""No\n"");
 }

int main(int argc, char* argv[]){
	ll a = 0, b = 0,c=0,e=0;
  char h[1000];
	scanf(""%s"",h);
  if (h[1]=='B') {
    printf(""ARC\n"" );
  }else{
    printf(""ABC\n"" );
  }
  return 0;
}
","[{""input"": ""ABC\n"", ""output"": ""ARC\n""}, {""input"": ""ABC\n"", ""output"": ""ARC\n""}]","Given the following C code and assembly code, your task is to generate highly optimized x86-64 assembly code.
C Code:

```c
#include <stdio.h>
#include <stdlib.h>
#include <time.h>
#include <string.h>
#include <unistd.h>
#include <math.h>
long long int ans=0;
#define  ll long long
//最大公約数
long long int getgcd(long long n, long long m)
{
  int r;
  if (n > m) {
    long long t = m;
    m = n;
    n = t;
  }
  while ((r = m % n) != 0) {
    m = n;
    n = r;
  }
return n;
}

//nの階乗を計算
long long factorial(long long n){
    long long int answer = 1;
while(n > 1){
  answer *= n;
  n--;
}
    return answer;
}

//組み合わせの数nCrを計算
long long calcNumOfCombination(long long  n, long long r){
    return factorial(n) / (factorial(r) * factorial(n-r));
}
 void yes(){
   printf(""Yes\n"");
 }

 void no(){
   printf(""No\n"");
 }

int main(int argc, char* argv[]){
	ll a = 0, b = 0,c=0,e=0;
  char h[1000];
	scanf(""%s"",h);
  if (h[1]=='B') {
    printf(""ARC\n"" );
  }else{
    printf(""ABC\n"" );
  }
  return 0;
}
```

Assembly Code:

```assembly

```

Only output the optimized assembly code. Do not include any other text. Do not write any comments in the assembly code. Wrap the assembly code in ```assembly``` tags.
Optimized Assembly Code:
","Given the following C code, your task is to generate highly optimized x86-64 assembly code.
C Code:

```c
#include <stdio.h>
#include <stdlib.h>
#include <time.h>
#include <string.h>
#include <unistd.h>
#include <math.h>
long long int ans=0;
#define  ll long long
//最大公約数
long long int getgcd(long long n, long long m)
{
  int r;
  if (n > m) {
    long long t = m;
    m = n;
    n = t;
  }
  while ((r = m % n) != 0) {
    m = n;
    n = r;
  }
return n;
}

//nの階乗を計算
long long factorial(long long n){
    long long int answer = 1;
while(n > 1){
  answer *= n;
  n--;
}
    return answer;
}

//組み合わせの数nCrを計算
long long calcNumOfCombination(long long  n, long long r){
    return factorial(n) / (factorial(r) * factorial(n-r));
}
 void yes(){
   printf(""Yes\n"");
 }

 void no(){
   printf(""No\n"");
 }

int main(int argc, char* argv[]){
	ll a = 0, b = 0,c=0,e=0;
  char h[1000];
	scanf(""%s"",h);
  if (h[1]=='B') {
    printf(""ARC\n"" );
  }else{
    printf(""ABC\n"" );
  }
  return 0;
}
```

Only output the optimized assembly code. Do not include any other text. Do not write any comments in the assembly code. Wrap the assembly code in ```assembly``` tags.
Optimized Assembly Code:
"
72,"#include <stdio.h>
int main(){
  int a,i,n;
  int L[7];
  while (1){
    scanf(""%d"",&n);
    if (n==0)break;
    for (i=0;i<7;i++)
        L[i]=0;
    for (i=0;i<n;i++){
      scanf(""%d"",&a);
      if (a>60) a=60;
      L[a/10]++;
    }
    for (i=0;i<7;i++)
      printf(""%d\n"",L[i]);

  }
  return 0;
}","[{""input"": ""8\n71\n34\n65\n11\n41\n39\n3\n5\n4\n67\n81\n78\n65\n0\n"", ""output"": ""2\n1\n0\n2\n1\n0\n2\n0\n0\n0\n0\n0\n0\n4\n\n""}, {""input"": ""8\n71\n34\n65\n11\n12\n39\n6\n5\n4\n67\n81\n78\n65\n0\n"", ""output"": ""2\n2\n0\n2\n0\n0\n2\n0\n0\n0\n0\n0\n0\n4\n\n""}, {""input"": ""8\n71\n34\n65\n0\n41\n39\n3\n5\n4\n67\n81\n78\n65\n0\n"", ""output"": ""3\n0\n0\n2\n1\n0\n2\n0\n0\n0\n0\n0\n0\n4\n\n""}, {""input"": ""8\n71\n34\n65\n11\n12\n39\n6\n5\n4\n16\n81\n78\n65\n0\n"", ""output"": ""2\n2\n0\n2\n0\n0\n2\n0\n1\n0\n0\n0\n0\n3\n\n""}, {""input"": ""8\n71\n34\n65\n0\n41\n39\n3\n5\n4\n67\n81\n78\n21\n0\n"", ""output"": ""3\n0\n0\n2\n1\n0\n2\n0\n0\n1\n0\n0\n0\n3\n\n""}, {""input"": ""8\n71\n34\n65\n11\n1\n39\n6\n5\n4\n16\n81\n78\n65\n0\n"", ""output"": ""3\n1\n0\n2\n0\n0\n2\n0\n1\n0\n0\n0\n0\n3\n\n""}, {""input"": ""8\n71\n67\n65\n0\n41\n39\n3\n5\n4\n67\n81\n78\n21\n0\n"", ""output"": ""3\n0\n0\n1\n1\n0\n3\n0\n0\n1\n0\n0\n0\n3\n\n""}, {""input"": ""8\n71\n34\n65\n11\n37\n39\n6\n5\n4\n67\n81\n78\n65\n0\n"", ""output"": ""2\n1\n0\n3\n0\n0\n2\n0\n0\n0\n0\n0\n0\n4\n\n""}, {""input"": ""8\n71\n34\n65\n0\n41\n39\n3\n5\n4\n67\n13\n78\n21\n0\n"", ""output"": ""3\n0\n0\n2\n1\n0\n2\n0\n1\n1\n0\n0\n0\n2\n\n""}, {""input"": ""8\n71\n67\n65\n0\n41\n7\n3\n5\n4\n67\n81\n78\n21\n0\n"", ""output"": ""4\n0\n0\n0\n1\n0\n3\n0\n0\n1\n0\n0\n0\n3\n\n""}]","Given the following C code and assembly code, your task is to generate highly optimized x86-64 assembly code.
C Code:

```c
#include <stdio.h>
int main(){
  int a,i,n;
  int L[7];
  while (1){
    scanf(""%d"",&n);
    if (n==0)break;
    for (i=0;i<7;i++)
        L[i]=0;
    for (i=0;i<n;i++){
      scanf(""%d"",&a);
      if (a>60) a=60;
      L[a/10]++;
    }
    for (i=0;i<7;i++)
      printf(""%d\n"",L[i]);

  }
  return 0;
}
```

Assembly Code:

```assembly

```

Only output the optimized assembly code. Do not include any other text. Do not write any comments in the assembly code. Wrap the assembly code in ```assembly``` tags.
Optimized Assembly Code:
","Given the following C code, your task is to generate highly optimized x86-64 assembly code.
C Code:

```c
#include <stdio.h>
int main(){
  int a,i,n;
  int L[7];
  while (1){
    scanf(""%d"",&n);
    if (n==0)break;
    for (i=0;i<7;i++)
        L[i]=0;
    for (i=0;i<n;i++){
      scanf(""%d"",&a);
      if (a>60) a=60;
      L[a/10]++;
    }
    for (i=0;i<7;i++)
      printf(""%d\n"",L[i]);

  }
  return 0;
}
```

Only output the optimized assembly code. Do not include any other text. Do not write any comments in the assembly code. Wrap the assembly code in ```assembly``` tags.
Optimized Assembly Code:
"
73,"#include <stdio.h>

int main() {
  int n, ans = 0;
  scanf(""%d"", &n);
  int a[n], b[n], c[n-1];
  for (int i=0; i<n; i++) {
    scanf(""%d"", a+i);
  }
  for (int i=0; i<n; i++) {
    scanf(""%d"", b+i);
  }
  for (int i=0; i<n-1; i++) {
    scanf(""%d"", c+i);
  }
  ans += b[0];
  for (int i=1; i<n; i++) {
    ans += b[i];
    if (a[i]-a[i-1]==1) {
      ans += c[a[i-1]-1];
    }
  }
  printf(""%d\n"", ans);
  return 0;
}
","[{""input"": ""2\n1 0\n50 50\n50\n"", ""output"": ""100\n\n""}, {""input"": ""4\n2 3 4 1\n13 5 1 24\n45 9 15\n"", ""output"": ""67\n\n""}, {""input"": ""4\n2 3 4 1\n13 5 1 24\n45 9 16\n"", ""output"": ""68\n\n""}, {""input"": ""4\n2 3 4 1\n14 5 1 24\n45 9 16\n"", ""output"": ""69\n\n""}, {""input"": ""4\n2 3 4 1\n7 5 1 24\n45 9 16\n"", ""output"": ""62\n\n""}, {""input"": ""3\n3 1 2\n2 5 3\n3 6\n"", ""output"": ""13\n\n""}, {""input"": ""4\n2 3 4 1\n20 5 1 24\n45 9 16\n"", ""output"": ""75\n\n""}, {""input"": ""3\n3 1 2\n2 1 3\n3 6\n"", ""output"": ""9\n\n""}, {""input"": ""4\n2 3 4 1\n14 5 1 24\n4 6 16\n"", ""output"": ""66\n\n""}, {""input"": ""4\n2 3 4 1\n7 5 1 24\n45 9 8\n"", ""output"": ""54\n\n""}]","Given the following C code and assembly code, your task is to generate highly optimized x86-64 assembly code.
C Code:

```c
#include <stdio.h>

int main() {
  int n, ans = 0;
  scanf(""%d"", &n);
  int a[n], b[n], c[n-1];
  for (int i=0; i<n; i++) {
    scanf(""%d"", a+i);
  }
  for (int i=0; i<n; i++) {
    scanf(""%d"", b+i);
  }
  for (int i=0; i<n-1; i++) {
    scanf(""%d"", c+i);
  }
  ans += b[0];
  for (int i=1; i<n; i++) {
    ans += b[i];
    if (a[i]-a[i-1]==1) {
      ans += c[a[i-1]-1];
    }
  }
  printf(""%d\n"", ans);
  return 0;
}
```

Assembly Code:

```assembly

```

Only output the optimized assembly code. Do not include any other text. Do not write any comments in the assembly code. Wrap the assembly code in ```assembly``` tags.
Optimized Assembly Code:
","Given the following C code, your task is to generate highly optimized x86-64 assembly code.
C Code:

```c
#include <stdio.h>

int main() {
  int n, ans = 0;
  scanf(""%d"", &n);
  int a[n], b[n], c[n-1];
  for (int i=0; i<n; i++) {
    scanf(""%d"", a+i);
  }
  for (int i=0; i<n; i++) {
    scanf(""%d"", b+i);
  }
  for (int i=0; i<n-1; i++) {
    scanf(""%d"", c+i);
  }
  ans += b[0];
  for (int i=1; i<n; i++) {
    ans += b[i];
    if (a[i]-a[i-1]==1) {
      ans += c[a[i-1]-1];
    }
  }
  printf(""%d\n"", ans);
  return 0;
}
```

Only output the optimized assembly code. Do not include any other text. Do not write any comments in the assembly code. Wrap the assembly code in ```assembly``` tags.
Optimized Assembly Code:
"
74,"#include <stdio.h>

#define MOD_NUMBER 1000000007

int main() {
  int s, w;
  scanf(""%d%d"", &s, &w);
  if (w >= s) {
    printf(""unsafe\n"");
  } else {
    printf(""safe\n"");
  }
  return 0;
}
","[{""input"": ""1 5\n"", ""output"": ""unsafe\n\n""}, {""input"": ""101 2\n"", ""output"": ""safe\n\n""}, {""input"": ""5 10\n"", ""output"": ""unsafe\n\n""}, {""input"": ""1 6\n"", ""output"": ""unsafe\n\n""}, {""input"": ""111 2\n"", ""output"": ""safe\n\n""}, {""input"": ""8 10\n"", ""output"": ""unsafe\n\n""}, {""input"": ""0 6\n"", ""output"": ""unsafe\n\n""}, {""input"": ""111 0\n"", ""output"": ""safe\n\n""}, {""input"": ""11 10\n"", ""output"": ""safe\n\n""}, {""input"": ""-1 6\n"", ""output"": ""unsafe\n\n""}]","Given the following C code and assembly code, your task is to generate highly optimized x86-64 assembly code.
C Code:

```c
#include <stdio.h>

#define MOD_NUMBER 1000000007

int main() {
  int s, w;
  scanf(""%d%d"", &s, &w);
  if (w >= s) {
    printf(""unsafe\n"");
  } else {
    printf(""safe\n"");
  }
  return 0;
}
```

Assembly Code:

```assembly

```

Only output the optimized assembly code. Do not include any other text. Do not write any comments in the assembly code. Wrap the assembly code in ```assembly``` tags.
Optimized Assembly Code:
","Given the following C code, your task is to generate highly optimized x86-64 assembly code.
C Code:

```c
#include <stdio.h>

#define MOD_NUMBER 1000000007

int main() {
  int s, w;
  scanf(""%d%d"", &s, &w);
  if (w >= s) {
    printf(""unsafe\n"");
  } else {
    printf(""safe\n"");
  }
  return 0;
}
```

Only output the optimized assembly code. Do not include any other text. Do not write any comments in the assembly code. Wrap the assembly code in ```assembly``` tags.
Optimized Assembly Code:
"
75,"#define _USE_MATH_DEFINES
#include <stdio.h>
#include <stdlib.h>
#include <string.h>
#include <math.h>
#include <ctype.h>
#include <limits.h>    
#define inf 100000000
#define INF 9223372036854775807
#define EPS 1e-10
#define sq(n) ((n)*(n))
#define rep(i,n) for(i=0;i<n;i++)
#define rev(i,n) for(i=n-1;i>=0;i--)
#define sort(a,n) qsort(a,n,sizeof(TYPE),cmp)
#define sort_r(a,n) qsort(a,n,sizeof(TYPE),cmp_r);
#define chsort(s,n) qsort(s,n,sizeof(char),cmp)
#define chsort_r(s,n) qsort(s,n,sizeof(char),char_cmp_r);
#define TYPE long long
#define MEMSET(a) memset(a,0,sizeof(a))
long long mod=(long long)1e09+7;

int in(void){
    int i;scanf(""%d"",&i);
    return i;
}
long long llin(void){
    long long i;scanf(""%lld"",&i);
    return i;
}
double din(void){
    double i;scanf(""%lf"",&i);
    return i;
}
void chin(char s[]){
    scanf(""%s"",s);
}
void print(int a){
    printf(""%d\n"",a);
}
void llprint(long long a){
    printf(""%lld\n"",a);
}
void dprint(double a){
    printf(""%.10f\n"",a);
}
void print2(int a,int b){
    printf(""%d %d\n"",a,b);
}
long long max(long long a,long long b){
    return a>b?a:b;
}
long long min(long long a,long long b){
    return a<b?a:b;
}
int cmp(const void *a,const void *b){
    return *(TYPE *)a-*(TYPE *)b;
}
int cmp_r(const void *a,const void *b){
    return *(TYPE *)b-*(TYPE *)a;
}
int char_cmp(const void *a,const void *b){
    return strcmp((char *)a,(char *)b);
}
int char_cmp_r(const void *a,const void *b){
    return strcmp((char *)b,(char *)a);
}
void swap(int *a,int *b){
    int t=*a;
    *a=*b;
    *b=t;
}
long long gcd(long long x,long long y){
    return x%y?gcd(y,x%y):y;
}
long long lcm(long long x,long long y){
    return x/gcd(x,y)*y;
}

// write codes below this
// when you use 'sort',
// make sure TYPE macro is correct

int main(void){
    int n,i,ans;
    char f[100][10];
    while(1){
        n=in();
        if(!n)break;
        rep(i,n)chin(f[i]);
        ans=0;
        rep(i,n-1){
            if(f[i][1]==f[i+1][1]&&f[i][0]!=f[i+1][0])ans++,i++;
        }
        print(ans);
    }
    return 0;
}

","[{""input"": ""4\nlu ru ld rd\n4\nlu ld lu ru\n0\nlu\n10\nru lu ld rd ru rd ru lu rd ld\n0\n"", ""output"": ""2\n1\n\n""}, {""input"": ""4\nlu ru ld rd\n0\nlu ld lu ru\n0\nul\n10\nvr lu ld rd rv rd ru lu rc kd\n0\n"", ""output"": ""2\n\n""}, {""input"": ""4\nlu ru ld rd\n4\nlu ld lu ru\n0\nul\n10\nru lu ld rd ru rd ru lu rd ld\n0\n"", ""output"": ""2\n1\n\n""}, {""input"": ""4\nlu ru ld rd\n4\nlu ld lu ru\n0\nlu\n10\nru lu ld rd su rd ru lu rd ld\n0\n"", ""output"": ""2\n1\n\n""}, {""input"": ""4\nlu ru ld rd\n4\nlu ld lu ru\n0\nul\n10\nru lu ld rd rt rd ru lu rd ld\n0\n"", ""output"": ""2\n1\n\n""}, {""input"": ""4\nlu ru ld rd\n4\nlu ld lu ru\n0\nlu\n10\nru lu ld rd su rd ru lu sd ld\n0\n"", ""output"": ""2\n1\n\n""}, {""input"": ""4\nlu ru ld rd\n4\nlu ld lu ru\n0\nul\n10\nru lu ld rd rt dr ru lu rd ld\n0\n"", ""output"": ""2\n1\n\n""}, {""input"": ""4\nlu ru ld rd\n4\nlu ld lu ru\n0\nlu\n10\nru lu ld dr su rd ru lu sd ld\n0\n"", ""output"": ""2\n1\n\n""}, {""input"": ""4\nlu ru ld rd\n4\nlu ld lu ru\n0\nul\n10\nru lu ld rd rt dr ru lu rd dl\n0\n"", ""output"": ""2\n1\n\n""}, {""input"": ""4\nlu ru ld rd\n4\nlu ld lu ru\n0\nlu\n10\nru lu ld rd ru rd ru lu rc ld\n0\n"", ""output"": ""2\n1\n\n""}]","Given the following C code and assembly code, your task is to generate highly optimized x86-64 assembly code.
C Code:

```c
#define _USE_MATH_DEFINES
#include <stdio.h>
#include <stdlib.h>
#include <string.h>
#include <math.h>
#include <ctype.h>
#include <limits.h>    
#define inf 100000000
#define INF 9223372036854775807
#define EPS 1e-10
#define sq(n) ((n)*(n))
#define rep(i,n) for(i=0;i<n;i++)
#define rev(i,n) for(i=n-1;i>=0;i--)
#define sort(a,n) qsort(a,n,sizeof(TYPE),cmp)
#define sort_r(a,n) qsort(a,n,sizeof(TYPE),cmp_r);
#define chsort(s,n) qsort(s,n,sizeof(char),cmp)
#define chsort_r(s,n) qsort(s,n,sizeof(char),char_cmp_r);
#define TYPE long long
#define MEMSET(a) memset(a,0,sizeof(a))
long long mod=(long long)1e09+7;

int in(void){
    int i;scanf(""%d"",&i);
    return i;
}
long long llin(void){
    long long i;scanf(""%lld"",&i);
    return i;
}
double din(void){
    double i;scanf(""%lf"",&i);
    return i;
}
void chin(char s[]){
    scanf(""%s"",s);
}
void print(int a){
    printf(""%d\n"",a);
}
void llprint(long long a){
    printf(""%lld\n"",a);
}
void dprint(double a){
    printf(""%.10f\n"",a);
}
void print2(int a,int b){
    printf(""%d %d\n"",a,b);
}
long long max(long long a,long long b){
    return a>b?a:b;
}
long long min(long long a,long long b){
    return a<b?a:b;
}
int cmp(const void *a,const void *b){
    return *(TYPE *)a-*(TYPE *)b;
}
int cmp_r(const void *a,const void *b){
    return *(TYPE *)b-*(TYPE *)a;
}
int char_cmp(const void *a,const void *b){
    return strcmp((char *)a,(char *)b);
}
int char_cmp_r(const void *a,const void *b){
    return strcmp((char *)b,(char *)a);
}
void swap(int *a,int *b){
    int t=*a;
    *a=*b;
    *b=t;
}
long long gcd(long long x,long long y){
    return x%y?gcd(y,x%y):y;
}
long long lcm(long long x,long long y){
    return x/gcd(x,y)*y;
}

// write codes below this
// when you use 'sort',
// make sure TYPE macro is correct

int main(void){
    int n,i,ans;
    char f[100][10];
    while(1){
        n=in();
        if(!n)break;
        rep(i,n)chin(f[i]);
        ans=0;
        rep(i,n-1){
            if(f[i][1]==f[i+1][1]&&f[i][0]!=f[i+1][0])ans++,i++;
        }
        print(ans);
    }
    return 0;
}
```

Assembly Code:

```assembly

```

Only output the optimized assembly code. Do not include any other text. Do not write any comments in the assembly code. Wrap the assembly code in ```assembly``` tags.
Optimized Assembly Code:
","Given the following C code, your task is to generate highly optimized x86-64 assembly code.
C Code:

```c
#define _USE_MATH_DEFINES
#include <stdio.h>
#include <stdlib.h>
#include <string.h>
#include <math.h>
#include <ctype.h>
#include <limits.h>    
#define inf 100000000
#define INF 9223372036854775807
#define EPS 1e-10
#define sq(n) ((n)*(n))
#define rep(i,n) for(i=0;i<n;i++)
#define rev(i,n) for(i=n-1;i>=0;i--)
#define sort(a,n) qsort(a,n,sizeof(TYPE),cmp)
#define sort_r(a,n) qsort(a,n,sizeof(TYPE),cmp_r);
#define chsort(s,n) qsort(s,n,sizeof(char),cmp)
#define chsort_r(s,n) qsort(s,n,sizeof(char),char_cmp_r);
#define TYPE long long
#define MEMSET(a) memset(a,0,sizeof(a))
long long mod=(long long)1e09+7;

int in(void){
    int i;scanf(""%d"",&i);
    return i;
}
long long llin(void){
    long long i;scanf(""%lld"",&i);
    return i;
}
double din(void){
    double i;scanf(""%lf"",&i);
    return i;
}
void chin(char s[]){
    scanf(""%s"",s);
}
void print(int a){
    printf(""%d\n"",a);
}
void llprint(long long a){
    printf(""%lld\n"",a);
}
void dprint(double a){
    printf(""%.10f\n"",a);
}
void print2(int a,int b){
    printf(""%d %d\n"",a,b);
}
long long max(long long a,long long b){
    return a>b?a:b;
}
long long min(long long a,long long b){
    return a<b?a:b;
}
int cmp(const void *a,const void *b){
    return *(TYPE *)a-*(TYPE *)b;
}
int cmp_r(const void *a,const void *b){
    return *(TYPE *)b-*(TYPE *)a;
}
int char_cmp(const void *a,const void *b){
    return strcmp((char *)a,(char *)b);
}
int char_cmp_r(const void *a,const void *b){
    return strcmp((char *)b,(char *)a);
}
void swap(int *a,int *b){
    int t=*a;
    *a=*b;
    *b=t;
}
long long gcd(long long x,long long y){
    return x%y?gcd(y,x%y):y;
}
long long lcm(long long x,long long y){
    return x/gcd(x,y)*y;
}

// write codes below this
// when you use 'sort',
// make sure TYPE macro is correct

int main(void){
    int n,i,ans;
    char f[100][10];
    while(1){
        n=in();
        if(!n)break;
        rep(i,n)chin(f[i]);
        ans=0;
        rep(i,n-1){
            if(f[i][1]==f[i+1][1]&&f[i][0]!=f[i+1][0])ans++,i++;
        }
        print(ans);
    }
    return 0;
}
```

Only output the optimized assembly code. Do not include any other text. Do not write any comments in the assembly code. Wrap the assembly code in ```assembly``` tags.
Optimized Assembly Code:
"
76,"#include <stdio.h>
int main()
{
	int a,b;
	while(1)	
	{
		scanf(""%d%d"",&a,&b);
		if(a==0&&b==0)
		break;
		for(int i=1;i<=a;i++)
		{
			for(int j=1;j<=b;j++)
			{
				if(i==1||i==a||j==1||j==b)
				printf(""#"");
				else 
				printf(""."");
			}
			printf(""\n"");
		}
		printf(""\n"");
	}
	return 0;
 } 
","[{""input"": ""3 4\n5 7\n3 3\n0 0\n"", ""output"": ""####\n#..#\n####\n\n#######\n#.....#\n#.....#\n#.....#\n#######\n\n###\n#.#\n###\n\n\n""}, {""input"": ""3 4\n5 10\n3 3\n0 0\n"", ""output"": ""####\n#..#\n####\n\n##########\n#........#\n#........#\n#........#\n##########\n\n###\n#.#\n###\n\n\n""}, {""input"": ""3 4\n4 10\n3 3\n0 0\n"", ""output"": ""####\n#..#\n####\n\n##########\n#........#\n#........#\n##########\n\n###\n#.#\n###\n\n\n""}, {""input"": ""3 6\n5 6\n3 3\n0 0\n"", ""output"": ""######\n#....#\n######\n\n######\n#....#\n#....#\n#....#\n######\n\n###\n#.#\n###\n\n\n""}, {""input"": ""3 4\n5 0\n3 3\n0 0\n"", ""output"": ""####\n#..#\n####\n\n\n##\n##\n##\n\n\n###\n#.#\n###\n\n\n""}, {""input"": ""3 4\n5 3\n3 3\n0 0\n"", ""output"": ""####\n#..#\n####\n\n###\n#.#\n#.#\n#.#\n###\n\n###\n#.#\n###\n\n\n""}, {""input"": ""3 4\n4 10\n4 3\n0 0\n"", ""output"": ""####\n#..#\n####\n\n##########\n#........#\n#........#\n##########\n\n###\n#.#\n#.#\n###\n\n\n""}, {""input"": ""3 4\n8 0\n3 3\n0 0\n"", ""output"": ""####\n#..#\n####\n\n\n##\n##\n##\n##\n##\n##\n\n\n###\n#.#\n###\n\n\n""}, {""input"": ""3 4\n10 3\n3 3\n0 0\n"", ""output"": ""####\n#..#\n####\n\n###\n#.#\n#.#\n#.#\n#.#\n#.#\n#.#\n#.#\n#.#\n###\n\n###\n#.#\n###\n\n\n""}, {""input"": ""5 4\n8 0\n3 3\n0 0\n"", ""output"": ""####\n#..#\n#..#\n#..#\n####\n\n\n##\n##\n##\n##\n##\n##\n\n\n###\n#.#\n###\n\n\n""}]","Given the following C code and assembly code, your task is to generate highly optimized x86-64 assembly code.
C Code:

```c
#include <stdio.h>
int main()
{
	int a,b;
	while(1)	
	{
		scanf(""%d%d"",&a,&b);
		if(a==0&&b==0)
		break;
		for(int i=1;i<=a;i++)
		{
			for(int j=1;j<=b;j++)
			{
				if(i==1||i==a||j==1||j==b)
				printf(""#"");
				else 
				printf(""."");
			}
			printf(""\n"");
		}
		printf(""\n"");
	}
	return 0;
 } 
```

Assembly Code:

```assembly

```

Only output the optimized assembly code. Do not include any other text. Do not write any comments in the assembly code. Wrap the assembly code in ```assembly``` tags.
Optimized Assembly Code:
","Given the following C code, your task is to generate highly optimized x86-64 assembly code.
C Code:

```c
#include <stdio.h>
int main()
{
	int a,b;
	while(1)	
	{
		scanf(""%d%d"",&a,&b);
		if(a==0&&b==0)
		break;
		for(int i=1;i<=a;i++)
		{
			for(int j=1;j<=b;j++)
			{
				if(i==1||i==a||j==1||j==b)
				printf(""#"");
				else 
				printf(""."");
			}
			printf(""\n"");
		}
		printf(""\n"");
	}
	return 0;
 } 
```

Only output the optimized assembly code. Do not include any other text. Do not write any comments in the assembly code. Wrap the assembly code in ```assembly``` tags.
Optimized Assembly Code:
"
77,"#include<stdio.h>
int main()
{
  long long int i,j,k,n,a,b,c;
   scanf(""%lld %lld %lld"",&a,&b,&c);
   k=a+b+c;
   if(k==17){
    printf(""YES\n"");
   }
   else{
    printf(""NO\n"");
   }
    return 0;
}
","[{""input"": ""5 5 14\n"", ""output"": ""NO\n\n""}, {""input"": ""2 7 5\n"", ""output"": ""NO\n\n""}, {""input"": ""5 1 14\n"", ""output"": ""NO\n\n""}, {""input"": ""2 7 3\n"", ""output"": ""NO\n\n""}, {""input"": ""2 4 3\n"", ""output"": ""NO\n\n""}, {""input"": ""2 4 1\n"", ""output"": ""NO\n\n""}, {""input"": ""2 4 0\n"", ""output"": ""NO\n\n""}, {""input"": ""3 4 0\n"", ""output"": ""NO\n\n""}, {""input"": ""4 4 0\n"", ""output"": ""NO\n\n""}, {""input"": ""4 4 -1\n"", ""output"": ""NO\n\n""}]","Given the following C code and assembly code, your task is to generate highly optimized x86-64 assembly code.
C Code:

```c
#include<stdio.h>
int main()
{
  long long int i,j,k,n,a,b,c;
   scanf(""%lld %lld %lld"",&a,&b,&c);
   k=a+b+c;
   if(k==17){
    printf(""YES\n"");
   }
   else{
    printf(""NO\n"");
   }
    return 0;
}
```

Assembly Code:

```assembly

```

Only output the optimized assembly code. Do not include any other text. Do not write any comments in the assembly code. Wrap the assembly code in ```assembly``` tags.
Optimized Assembly Code:
","Given the following C code, your task is to generate highly optimized x86-64 assembly code.
C Code:

```c
#include<stdio.h>
int main()
{
  long long int i,j,k,n,a,b,c;
   scanf(""%lld %lld %lld"",&a,&b,&c);
   k=a+b+c;
   if(k==17){
    printf(""YES\n"");
   }
   else{
    printf(""NO\n"");
   }
    return 0;
}
```

Only output the optimized assembly code. Do not include any other text. Do not write any comments in the assembly code. Wrap the assembly code in ```assembly``` tags.
Optimized Assembly Code:
"
78,"#include<stdio.h>
 
int main(){
  int L,R,d;
  scanf(""%d%d%d"",&L,&R,&d);
  printf(""%d"",R/d-(L-1)/d);
  return 0;
}","[{""input"": ""1 100 2\n"", ""output"": ""50\n\n""}, {""input"": ""9 20 7\n"", ""output"": ""1\n\n""}, {""input"": ""5 10 1\n"", ""output"": ""6\n\n""}, {""input"": ""9 20 3\n"", ""output"": ""4\n\n""}, {""input"": ""5 4 1\n"", ""output"": ""0\n\n""}, {""input"": ""9 31 3\n"", ""output"": ""8\n\n""}, {""input"": ""2 4 1\n"", ""output"": ""3\n\n""}, {""input"": ""9 21 3\n"", ""output"": ""5\n\n""}, {""input"": ""2 3 1\n"", ""output"": ""2\n\n""}, {""input"": ""2 10 1\n"", ""output"": ""9\n\n""}]","Given the following C code and assembly code, your task is to generate highly optimized x86-64 assembly code.
C Code:

```c
#include<stdio.h>
 
int main(){
  int L,R,d;
  scanf(""%d%d%d"",&L,&R,&d);
  printf(""%d"",R/d-(L-1)/d);
  return 0;
}
```

Assembly Code:

```assembly

```

Only output the optimized assembly code. Do not include any other text. Do not write any comments in the assembly code. Wrap the assembly code in ```assembly``` tags.
Optimized Assembly Code:
","Given the following C code, your task is to generate highly optimized x86-64 assembly code.
C Code:

```c
#include<stdio.h>
 
int main(){
  int L,R,d;
  scanf(""%d%d%d"",&L,&R,&d);
  printf(""%d"",R/d-(L-1)/d);
  return 0;
}
```

Only output the optimized assembly code. Do not include any other text. Do not write any comments in the assembly code. Wrap the assembly code in ```assembly``` tags.
Optimized Assembly Code:
"
79,"#include <stdio.h>
#define N 1000000


int A[N];
int count=0;

/* Merge */
void Merge(int A[],int l,int m,int r){
    int n1,n2;
    int i,j,k;
    int L[N],R[N];
    
    n1=m-l;
    n2=r-m;
    
    for(i=0;i<n1;i++)L[i]=A[l+i];
    for(j=0;j<n2;j++)R[j]=A[m+j];
    
    L[n1] = 2147483647;
    R[n2] = 2147483647;
    
    i=0;
    j=0;
    
    for(k=l;k<r;k++){
        if(L[i]<=R[j]){
            A[k]=L[i];
            count++;
            i++;
        }else{
            A[k]=R[j];
            count++;
            j++;
        }
    }
    
}

/* Merge Sort */
void Merge_Sort(int A[],int left,int right){
    int mid;
    if(left+1<right){
        mid = (left + right)/2;
        Merge_Sort(A,left,mid);
        Merge_Sort(A,mid,right);
        Merge(A,left,mid,right);
    }
}// End Merge-Sort







int main(int argc , char *argv[]){
    int n,i;
    
    
 /* INCERT　SERIES */
    scanf(""%d"",&n);
    for(i=0;i<n;i++){
        scanf(""%d"",&A[i]);
    }
    
 /* -------------- */
    
 /* INCERT FUNCTION */
    
    
    Merge_Sort(A,0,n);
    
 /* -------------- */
    
    
   for(i=0;i<n-1;i++){
        printf(""%d "",A[i]);
    }
    printf(""%d\n"",A[n-1]);
    printf(""%d\n"",count);
    return 0;
    
}","[{""input"": ""10\n8 5 9 2 6 3 7 0 10 4\n"", ""output"": ""0 2 3 4 5 6 7 8 9 10\n34\n\n""}, {""input"": ""10\n8 5 9 2 6 3 7 0 10 3\n"", ""output"": ""0 2 3 3 5 6 7 8 9 10\n34\n\n""}, {""input"": ""10\n8 5 9 2 6 4 11 0 10 3\n"", ""output"": ""0 2 3 4 5 6 8 9 10 11\n34\n\n""}, {""input"": ""10\n8 5 9 2 6 4 11 0 10 5\n"", ""output"": ""0 2 4 5 5 6 8 9 10 11\n34\n\n""}, {""input"": ""10\n8 5 9 2 6 4 11 1 10 5\n"", ""output"": ""1 2 4 5 5 6 8 9 10 11\n34\n\n""}, {""input"": ""10\n10 5 9 2 6 4 11 1 10 5\n"", ""output"": ""1 2 4 5 5 6 9 10 10 11\n34\n\n""}, {""input"": ""10\n10 5 9 2 6 4 19 1 10 5\n"", ""output"": ""1 2 4 5 5 6 9 10 10 19\n34\n\n""}, {""input"": ""10\n10 5 9 2 6 4 19 2 10 5\n"", ""output"": ""2 2 4 5 5 6 9 10 10 19\n34\n\n""}, {""input"": ""10\n10 5 9 2 6 4 19 4 10 5\n"", ""output"": ""2 4 4 5 5 6 9 10 10 19\n34\n\n""}, {""input"": ""10\n10 5 9 2 6 4 19 4 10 1\n"", ""output"": ""1 2 4 4 5 6 9 10 10 19\n34\n\n""}]","Given the following C code and assembly code, your task is to generate highly optimized x86-64 assembly code.
C Code:

```c
#include <stdio.h>
#define N 1000000


int A[N];
int count=0;

/* Merge */
void Merge(int A[],int l,int m,int r){
    int n1,n2;
    int i,j,k;
    int L[N],R[N];
    
    n1=m-l;
    n2=r-m;
    
    for(i=0;i<n1;i++)L[i]=A[l+i];
    for(j=0;j<n2;j++)R[j]=A[m+j];
    
    L[n1] = 2147483647;
    R[n2] = 2147483647;
    
    i=0;
    j=0;
    
    for(k=l;k<r;k++){
        if(L[i]<=R[j]){
            A[k]=L[i];
            count++;
            i++;
        }else{
            A[k]=R[j];
            count++;
            j++;
        }
    }
    
}

/* Merge Sort */
void Merge_Sort(int A[],int left,int right){
    int mid;
    if(left+1<right){
        mid = (left + right)/2;
        Merge_Sort(A,left,mid);
        Merge_Sort(A,mid,right);
        Merge(A,left,mid,right);
    }
}// End Merge-Sort







int main(int argc , char *argv[]){
    int n,i;
    
    
 /* INCERT　SERIES */
    scanf(""%d"",&n);
    for(i=0;i<n;i++){
        scanf(""%d"",&A[i]);
    }
    
 /* -------------- */
    
 /* INCERT FUNCTION */
    
    
    Merge_Sort(A,0,n);
    
 /* -------------- */
    
    
   for(i=0;i<n-1;i++){
        printf(""%d "",A[i]);
    }
    printf(""%d\n"",A[n-1]);
    printf(""%d\n"",count);
    return 0;
    
}
```

Assembly Code:

```assembly

```

Only output the optimized assembly code. Do not include any other text. Do not write any comments in the assembly code. Wrap the assembly code in ```assembly``` tags.
Optimized Assembly Code:
","Given the following C code, your task is to generate highly optimized x86-64 assembly code.
C Code:

```c
#include <stdio.h>
#define N 1000000


int A[N];
int count=0;

/* Merge */
void Merge(int A[],int l,int m,int r){
    int n1,n2;
    int i,j,k;
    int L[N],R[N];
    
    n1=m-l;
    n2=r-m;
    
    for(i=0;i<n1;i++)L[i]=A[l+i];
    for(j=0;j<n2;j++)R[j]=A[m+j];
    
    L[n1] = 2147483647;
    R[n2] = 2147483647;
    
    i=0;
    j=0;
    
    for(k=l;k<r;k++){
        if(L[i]<=R[j]){
            A[k]=L[i];
            count++;
            i++;
        }else{
            A[k]=R[j];
            count++;
            j++;
        }
    }
    
}

/* Merge Sort */
void Merge_Sort(int A[],int left,int right){
    int mid;
    if(left+1<right){
        mid = (left + right)/2;
        Merge_Sort(A,left,mid);
        Merge_Sort(A,mid,right);
        Merge(A,left,mid,right);
    }
}// End Merge-Sort







int main(int argc , char *argv[]){
    int n,i;
    
    
 /* INCERT　SERIES */
    scanf(""%d"",&n);
    for(i=0;i<n;i++){
        scanf(""%d"",&A[i]);
    }
    
 /* -------------- */
    
 /* INCERT FUNCTION */
    
    
    Merge_Sort(A,0,n);
    
 /* -------------- */
    
    
   for(i=0;i<n-1;i++){
        printf(""%d "",A[i]);
    }
    printf(""%d\n"",A[n-1]);
    printf(""%d\n"",count);
    return 0;
    
}
```

Only output the optimized assembly code. Do not include any other text. Do not write any comments in the assembly code. Wrap the assembly code in ```assembly``` tags.
Optimized Assembly Code:
"
80,"#include <stdio.h>
int main(void){
    int a, b, c;
    int sum_1 = 0; 
    int sum_2 = 0;

    scanf(""%d %d %d"", &a, &b, &c);

    sum_1 = a - b;
    sum_2 = c - sum_1;


    if (sum_2 > 0)
    {
        printf (""%d\n"", sum_2);
    }

    else
    {
        printf (""%d\n"", 0);
    }
    
  
    return 0;
    
}","[{""input"": ""12 0 7\n"", ""output"": ""0\n\n""}, {""input"": ""8 3 16\n"", ""output"": ""11\n\n""}, {""input"": ""8 6 16\n"", ""output"": ""14\n\n""}, {""input"": ""1 6 16\n"", ""output"": ""21\n\n""}, {""input"": ""0 2 0\n"", ""output"": ""2\n\n""}, {""input"": ""0 6 16\n"", ""output"": ""22\n\n""}, {""input"": ""0 4 0\n"", ""output"": ""4\n\n""}, {""input"": ""0 6 4\n"", ""output"": ""10\n\n""}, {""input"": ""1 4 0\n"", ""output"": ""3\n\n""}, {""input"": ""1 7 0\n"", ""output"": ""6\n\n""}]","Given the following C code and assembly code, your task is to generate highly optimized x86-64 assembly code.
C Code:

```c
#include <stdio.h>
int main(void){
    int a, b, c;
    int sum_1 = 0; 
    int sum_2 = 0;

    scanf(""%d %d %d"", &a, &b, &c);

    sum_1 = a - b;
    sum_2 = c - sum_1;


    if (sum_2 > 0)
    {
        printf (""%d\n"", sum_2);
    }

    else
    {
        printf (""%d\n"", 0);
    }
    
  
    return 0;
    
}
```

Assembly Code:

```assembly

```

Only output the optimized assembly code. Do not include any other text. Do not write any comments in the assembly code. Wrap the assembly code in ```assembly``` tags.
Optimized Assembly Code:
","Given the following C code, your task is to generate highly optimized x86-64 assembly code.
C Code:

```c
#include <stdio.h>
int main(void){
    int a, b, c;
    int sum_1 = 0; 
    int sum_2 = 0;

    scanf(""%d %d %d"", &a, &b, &c);

    sum_1 = a - b;
    sum_2 = c - sum_1;


    if (sum_2 > 0)
    {
        printf (""%d\n"", sum_2);
    }

    else
    {
        printf (""%d\n"", 0);
    }
    
  
    return 0;
    
}
```

Only output the optimized assembly code. Do not include any other text. Do not write any comments in the assembly code. Wrap the assembly code in ```assembly``` tags.
Optimized Assembly Code:
"
81,"#include<stdio.h>
int main(){
	int a,b;
	scanf(""%d %d"",&a,&b);
	printf(""%d %d\n"",a*b,(a+b)*2);
	return 0;
}","[{""input"": ""0 5\n"", ""output"": ""0 10\n\n""}, {""input"": ""1 5\n"", ""output"": ""5 12\n\n""}, {""input"": ""1 3\n"", ""output"": ""3 8\n\n""}, {""input"": ""0 3\n"", ""output"": ""0 6\n\n""}, {""input"": ""0 1\n"", ""output"": ""0 2\n\n""}, {""input"": ""0 2\n"", ""output"": ""0 4\n\n""}, {""input"": ""0 4\n"", ""output"": ""0 8\n\n""}, {""input"": ""1 4\n"", ""output"": ""4 10\n\n""}, {""input"": ""2 4\n"", ""output"": ""8 12\n\n""}, {""input"": ""2 7\n"", ""output"": ""14 18\n\n""}]","Given the following C code and assembly code, your task is to generate highly optimized x86-64 assembly code.
C Code:

```c
#include<stdio.h>
int main(){
	int a,b;
	scanf(""%d %d"",&a,&b);
	printf(""%d %d\n"",a*b,(a+b)*2);
	return 0;
}
```

Assembly Code:

```assembly

```

Only output the optimized assembly code. Do not include any other text. Do not write any comments in the assembly code. Wrap the assembly code in ```assembly``` tags.
Optimized Assembly Code:
","Given the following C code, your task is to generate highly optimized x86-64 assembly code.
C Code:

```c
#include<stdio.h>
int main(){
	int a,b;
	scanf(""%d %d"",&a,&b);
	printf(""%d %d\n"",a*b,(a+b)*2);
	return 0;
}
```

Only output the optimized assembly code. Do not include any other text. Do not write any comments in the assembly code. Wrap the assembly code in ```assembly``` tags.
Optimized Assembly Code:
"
82,"#include <stdio.h>

int main(void)
{
  int n , k ,ans = 1;
  
  scanf(""%d %d"",&n,&k);
  
  for(int i = 0; i < n;i ++){
    if(ans*2<k+ans){
      int c = ans;
      ans = 2*c;
    }
    else{
      ans += k;
    }
  }

  printf(""%d"",ans);
  
  return 0;
}","[{""input"": ""10\n17\n"", ""output"": ""117\n\n""}, {""input"": ""4\n4\n"", ""output"": ""12\n\n""}, {""input"": ""10\n15\n"", ""output"": ""106\n\n""}, {""input"": ""4\n7\n"", ""output"": ""15\n\n""}, {""input"": ""10\n11\n"", ""output"": ""82\n\n""}, {""input"": ""4\n2\n"", ""output"": ""8\n\n""}, {""input"": ""10\n14\n"", ""output"": ""100\n\n""}, {""input"": ""4\n0\n"", ""output"": ""1\n\n""}, {""input"": ""10\n24\n"", ""output"": ""152\n\n""}, {""input"": ""4\n-1\n"", ""output"": ""-4\n\n""}]","Given the following C code and assembly code, your task is to generate highly optimized x86-64 assembly code.
C Code:

```c
#include <stdio.h>

int main(void)
{
  int n , k ,ans = 1;
  
  scanf(""%d %d"",&n,&k);
  
  for(int i = 0; i < n;i ++){
    if(ans*2<k+ans){
      int c = ans;
      ans = 2*c;
    }
    else{
      ans += k;
    }
  }

  printf(""%d"",ans);
  
  return 0;
}
```

Assembly Code:

```assembly

```

Only output the optimized assembly code. Do not include any other text. Do not write any comments in the assembly code. Wrap the assembly code in ```assembly``` tags.
Optimized Assembly Code:
","Given the following C code, your task is to generate highly optimized x86-64 assembly code.
C Code:

```c
#include <stdio.h>

int main(void)
{
  int n , k ,ans = 1;
  
  scanf(""%d %d"",&n,&k);
  
  for(int i = 0; i < n;i ++){
    if(ans*2<k+ans){
      int c = ans;
      ans = 2*c;
    }
    else{
      ans += k;
    }
  }

  printf(""%d"",ans);
  
  return 0;
}
```

Only output the optimized assembly code. Do not include any other text. Do not write any comments in the assembly code. Wrap the assembly code in ```assembly``` tags.
Optimized Assembly Code:
"
83,"#include <stdio.h>

int main()
{
  int a,b;
  scanf(""%d %d"",&a,&b);
  if((a-2*b)>=0)printf(""%d\n"",a-2*b);
  else printf(""0\n"");

  return 0;
  
}","[{""input"": ""27 30\n"", ""output"": ""0\n\n""}, {""input"": ""16 4\n"", ""output"": ""8\n\n""}, {""input"": ""45 18\n"", ""output"": ""9\n\n""}, {""input"": ""45 20\n"", ""output"": ""5\n\n""}, {""input"": ""35 7\n"", ""output"": ""21\n\n""}, {""input"": ""72 20\n"", ""output"": ""32\n\n""}, {""input"": ""72 21\n"", ""output"": ""30\n\n""}, {""input"": ""126 21\n"", ""output"": ""84\n\n""}, {""input"": ""20 7\n"", ""output"": ""6\n\n""}, {""input"": ""98 21\n"", ""output"": ""56\n\n""}]","Given the following C code and assembly code, your task is to generate highly optimized x86-64 assembly code.
C Code:

```c
#include <stdio.h>

int main()
{
  int a,b;
  scanf(""%d %d"",&a,&b);
  if((a-2*b)>=0)printf(""%d\n"",a-2*b);
  else printf(""0\n"");

  return 0;
  
}
```

Assembly Code:

```assembly

```

Only output the optimized assembly code. Do not include any other text. Do not write any comments in the assembly code. Wrap the assembly code in ```assembly``` tags.
Optimized Assembly Code:
","Given the following C code, your task is to generate highly optimized x86-64 assembly code.
C Code:

```c
#include <stdio.h>

int main()
{
  int a,b;
  scanf(""%d %d"",&a,&b);
  if((a-2*b)>=0)printf(""%d\n"",a-2*b);
  else printf(""0\n"");

  return 0;
  
}
```

Only output the optimized assembly code. Do not include any other text. Do not write any comments in the assembly code. Wrap the assembly code in ```assembly``` tags.
Optimized Assembly Code:
"
84,"#include <stdio.h>
int main() {
  int N;
  scanf(""%d"", &N);

  if (N % 10 == 9 || N / 10 == 9) {
    printf(""Yes\n"");
  } else {
    printf(""No\n"");
  }
}","[{""input"": ""1\n"", ""output"": ""No\n\n""}, {""input"": ""69\n"", ""output"": ""Yes\n\n""}, {""input"": ""115\n"", ""output"": ""No\n\n""}, {""input"": ""84\n"", ""output"": ""No\n\n""}, {""input"": ""0\n"", ""output"": ""No\n\n""}, {""input"": ""181\n"", ""output"": ""No\n\n""}, {""input"": ""168\n"", ""output"": ""No\n\n""}, {""input"": ""174\n"", ""output"": ""No\n\n""}, {""input"": ""304\n"", ""output"": ""No\n\n""}, {""input"": ""143\n"", ""output"": ""No\n\n""}]","Given the following C code and assembly code, your task is to generate highly optimized x86-64 assembly code.
C Code:

```c
#include <stdio.h>
int main() {
  int N;
  scanf(""%d"", &N);

  if (N % 10 == 9 || N / 10 == 9) {
    printf(""Yes\n"");
  } else {
    printf(""No\n"");
  }
}
```

Assembly Code:

```assembly

```

Only output the optimized assembly code. Do not include any other text. Do not write any comments in the assembly code. Wrap the assembly code in ```assembly``` tags.
Optimized Assembly Code:
","Given the following C code, your task is to generate highly optimized x86-64 assembly code.
C Code:

```c
#include <stdio.h>
int main() {
  int N;
  scanf(""%d"", &N);

  if (N % 10 == 9 || N / 10 == 9) {
    printf(""Yes\n"");
  } else {
    printf(""No\n"");
  }
}
```

Only output the optimized assembly code. Do not include any other text. Do not write any comments in the assembly code. Wrap the assembly code in ```assembly``` tags.
Optimized Assembly Code:
"
85,"#include <stdio.h>

int main() {
	int a, b;
  scanf(""%d %d"", &a, &b);
  if(a < b) {
    printf(""a < b\n"");
  }
  else if (a > b) {
    printf(""a > b\n"");
  } else {
    printf(""a == b\n"");
  }
	return 0;
}

","[{""input"": ""5 10\n"", ""output"": ""a < b\n\n""}, {""input"": ""1 1\n"", ""output"": ""a == b\n\n""}, {""input"": ""2 0\n"", ""output"": ""a > b\n\n""}, {""input"": ""2 3\n"", ""output"": ""a < b\n\n""}, {""input"": ""5 6\n"", ""output"": ""a < b\n\n""}, {""input"": ""0 1\n"", ""output"": ""a < b\n\n""}, {""input"": ""2 5\n"", ""output"": ""a < b\n\n""}, {""input"": ""5 12\n"", ""output"": ""a < b\n\n""}, {""input"": ""-1 1\n"", ""output"": ""a < b\n\n""}, {""input"": ""2 8\n"", ""output"": ""a < b\n\n""}]","Given the following C code and assembly code, your task is to generate highly optimized x86-64 assembly code.
C Code:

```c
#include <stdio.h>

int main() {
	int a, b;
  scanf(""%d %d"", &a, &b);
  if(a < b) {
    printf(""a < b\n"");
  }
  else if (a > b) {
    printf(""a > b\n"");
  } else {
    printf(""a == b\n"");
  }
	return 0;
}
```

Assembly Code:

```assembly

```

Only output the optimized assembly code. Do not include any other text. Do not write any comments in the assembly code. Wrap the assembly code in ```assembly``` tags.
Optimized Assembly Code:
","Given the following C code, your task is to generate highly optimized x86-64 assembly code.
C Code:

```c
#include <stdio.h>

int main() {
	int a, b;
  scanf(""%d %d"", &a, &b);
  if(a < b) {
    printf(""a < b\n"");
  }
  else if (a > b) {
    printf(""a > b\n"");
  } else {
    printf(""a == b\n"");
  }
	return 0;
}
```

Only output the optimized assembly code. Do not include any other text. Do not write any comments in the assembly code. Wrap the assembly code in ```assembly``` tags.
Optimized Assembly Code:
"
86,"#include <stdio.h>

void bubbleSort(int numbers[], int array_size);

int main(){
    int moji[3] = {0};
    int i;
    int flag = 0;

    for(i = 0; i < 3; i++){
        scanf(""%d"", &moji[i]);
    }

    bubbleSort(moji, 3);

    if(moji[0] != 7) flag = 1;

    for(i = 1; i < 3; i++){
        if(moji[i] != 5) flag = 1;
    }

    if(flag == 0) printf(""YES\n"");
    else printf(""NO\n"");

    return 0;

}

void bubbleSort(int numbers[], int array_size){
  
    int i, j, temp;

  for (i = 0; i < (array_size - 1); i++) {
    for (j = (array_size - 1); j > i; j--) {
      if (numbers[j-1] < numbers[j]) {
        temp = numbers[j-1];
        numbers[j-1] = numbers[j];
        numbers[j] = temp;
      }
    }
  }
}","[{""input"": ""5 5 14\n"", ""output"": ""NO\n\n""}, {""input"": ""2 7 5\n"", ""output"": ""NO\n\n""}, {""input"": ""5 1 14\n"", ""output"": ""NO\n\n""}, {""input"": ""2 7 3\n"", ""output"": ""NO\n\n""}, {""input"": ""2 4 3\n"", ""output"": ""NO\n\n""}, {""input"": ""2 4 1\n"", ""output"": ""NO\n\n""}, {""input"": ""2 4 0\n"", ""output"": ""NO\n\n""}, {""input"": ""3 4 0\n"", ""output"": ""NO\n\n""}, {""input"": ""4 4 0\n"", ""output"": ""NO\n\n""}, {""input"": ""4 4 -1\n"", ""output"": ""NO\n\n""}]","Given the following C code and assembly code, your task is to generate highly optimized x86-64 assembly code.
C Code:

```c
#include <stdio.h>

void bubbleSort(int numbers[], int array_size);

int main(){
    int moji[3] = {0};
    int i;
    int flag = 0;

    for(i = 0; i < 3; i++){
        scanf(""%d"", &moji[i]);
    }

    bubbleSort(moji, 3);

    if(moji[0] != 7) flag = 1;

    for(i = 1; i < 3; i++){
        if(moji[i] != 5) flag = 1;
    }

    if(flag == 0) printf(""YES\n"");
    else printf(""NO\n"");

    return 0;

}

void bubbleSort(int numbers[], int array_size){
  
    int i, j, temp;

  for (i = 0; i < (array_size - 1); i++) {
    for (j = (array_size - 1); j > i; j--) {
      if (numbers[j-1] < numbers[j]) {
        temp = numbers[j-1];
        numbers[j-1] = numbers[j];
        numbers[j] = temp;
      }
    }
  }
}
```

Assembly Code:

```assembly

```

Only output the optimized assembly code. Do not include any other text. Do not write any comments in the assembly code. Wrap the assembly code in ```assembly``` tags.
Optimized Assembly Code:
","Given the following C code, your task is to generate highly optimized x86-64 assembly code.
C Code:

```c
#include <stdio.h>

void bubbleSort(int numbers[], int array_size);

int main(){
    int moji[3] = {0};
    int i;
    int flag = 0;

    for(i = 0; i < 3; i++){
        scanf(""%d"", &moji[i]);
    }

    bubbleSort(moji, 3);

    if(moji[0] != 7) flag = 1;

    for(i = 1; i < 3; i++){
        if(moji[i] != 5) flag = 1;
    }

    if(flag == 0) printf(""YES\n"");
    else printf(""NO\n"");

    return 0;

}

void bubbleSort(int numbers[], int array_size){
  
    int i, j, temp;

  for (i = 0; i < (array_size - 1); i++) {
    for (j = (array_size - 1); j > i; j--) {
      if (numbers[j-1] < numbers[j]) {
        temp = numbers[j-1];
        numbers[j-1] = numbers[j];
        numbers[j] = temp;
      }
    }
  }
}
```

Only output the optimized assembly code. Do not include any other text. Do not write any comments in the assembly code. Wrap the assembly code in ```assembly``` tags.
Optimized Assembly Code:
"
87,"#include <stdio.h>

int main(){
  int A,B;
  scanf(""%d %d"",&A,&B);
  if(A>=13) B=B;
  else if(A>=6) B/=2;
  else B=0;
  printf(""%d\n"",B);
  return 0;
}","[{""input"": ""-1 100\n"", ""output"": ""0\n\n""}, {""input"": ""15 100\n"", ""output"": ""100\n\n""}, {""input"": ""6 111\n"", ""output"": ""55\n\n""}, {""input"": ""9 100\n"", ""output"": ""50\n\n""}, {""input"": ""16 110\n"", ""output"": ""110\n\n""}, {""input"": ""17 101\n"", ""output"": ""101\n\n""}, {""input"": ""25 111\n"", ""output"": ""111\n\n""}, {""input"": ""59 011\n"", ""output"": ""11\n\n""}, {""input"": ""89 001\n"", ""output"": ""1\n\n""}, {""input"": ""30 010\n"", ""output"": ""10\n\n""}]","Given the following C code and assembly code, your task is to generate highly optimized x86-64 assembly code.
C Code:

```c
#include <stdio.h>

int main(){
  int A,B;
  scanf(""%d %d"",&A,&B);
  if(A>=13) B=B;
  else if(A>=6) B/=2;
  else B=0;
  printf(""%d\n"",B);
  return 0;
}
```

Assembly Code:

```assembly

```

Only output the optimized assembly code. Do not include any other text. Do not write any comments in the assembly code. Wrap the assembly code in ```assembly``` tags.
Optimized Assembly Code:
","Given the following C code, your task is to generate highly optimized x86-64 assembly code.
C Code:

```c
#include <stdio.h>

int main(){
  int A,B;
  scanf(""%d %d"",&A,&B);
  if(A>=13) B=B;
  else if(A>=6) B/=2;
  else B=0;
  printf(""%d\n"",B);
  return 0;
}
```

Only output the optimized assembly code. Do not include any other text. Do not write any comments in the assembly code. Wrap the assembly code in ```assembly``` tags.
Optimized Assembly Code:
"
88,"#include <stdio.h>

int main(){
  int n;  scanf(""%d"", &n);

  int turn = 1;
  int ans[400010] = {0}, start = 200005, end = 200005;

  for(int i=1; i<=n; i++){
    int a; scanf(""%d"", &a);
    if(turn == 1)
      ans[end++] = a;
    else
      ans[--start] = a;
    turn *= (-1);
  }
  
  if(turn < 0)
    for(int i=end-1; i>=start; i--)
      printf(""%d "", ans[i]);
  else
    for(int i=start; i<end; i++)
      printf(""%d "", ans[i]);
  puts("""");

  return 0;
}
","[{""input"": ""4\n1 2 3 4\n"", ""output"": ""4 2 1 3\n""}]","Given the following C code and assembly code, your task is to generate highly optimized x86-64 assembly code.
C Code:

```c
#include <stdio.h>

int main(){
  int n;  scanf(""%d"", &n);

  int turn = 1;
  int ans[400010] = {0}, start = 200005, end = 200005;

  for(int i=1; i<=n; i++){
    int a; scanf(""%d"", &a);
    if(turn == 1)
      ans[end++] = a;
    else
      ans[--start] = a;
    turn *= (-1);
  }
  
  if(turn < 0)
    for(int i=end-1; i>=start; i--)
      printf(""%d "", ans[i]);
  else
    for(int i=start; i<end; i++)
      printf(""%d "", ans[i]);
  puts("""");

  return 0;
}
```

Assembly Code:

```assembly

```

Only output the optimized assembly code. Do not include any other text. Do not write any comments in the assembly code. Wrap the assembly code in ```assembly``` tags.
Optimized Assembly Code:
","Given the following C code, your task is to generate highly optimized x86-64 assembly code.
C Code:

```c
#include <stdio.h>

int main(){
  int n;  scanf(""%d"", &n);

  int turn = 1;
  int ans[400010] = {0}, start = 200005, end = 200005;

  for(int i=1; i<=n; i++){
    int a; scanf(""%d"", &a);
    if(turn == 1)
      ans[end++] = a;
    else
      ans[--start] = a;
    turn *= (-1);
  }
  
  if(turn < 0)
    for(int i=end-1; i>=start; i--)
      printf(""%d "", ans[i]);
  else
    for(int i=start; i<end; i++)
      printf(""%d "", ans[i]);
  puts("""");

  return 0;
}
```

Only output the optimized assembly code. Do not include any other text. Do not write any comments in the assembly code. Wrap the assembly code in ```assembly``` tags.
Optimized Assembly Code:
"
89,"#include<stdio.h>
#define N 100
#define INF (1<<21)
#define MAXSIZE 100
int n,A[N][N];
int dis[N];
int Q[MAXSIZE];
int head = 0;
int tail = 1;

void enqueue(int x)
{
  Q[tail++] = x;
}

int deq() {
  int s;
  s = Q[head++];
  return s;

}
int empty()
{
  return (head == tail);
}
void bfs(int t)
{
  int i,j;
  enqueue(t);
  for(i=0;i<n;i++)dis[i]=INF;
  dis[t]=0;
  int a;
  while(!empty())
    {
      a=deq();
      for(j=0;j<n;j++)
        {
          if(A[a][j]==0)continue;
          if(dis[j]!=INF)continue;
          dis[j]=dis[a]+1;
          enqueue(j);
        }
    }
  for(i=0;i<n;i++)
    {
      printf(""%d %d\n"",i+1,((dis[i]==INF)?(-1):dis[i]));
    }
}
int main()
{
  int i,j,p,k,pnum;

  scanf(""%d"",&n);
  for(i=0;i<n;i++)
    {
      for(j=0;j<n;j++)
        {
          A[i][j]=0;
        }
    }
  for(i=0;i<n;i++)
    {
      scanf(""%d %d"",&p,&k);
      p--;
      for(j=0;j<k;j++)
        {
          scanf(""%d"",&pnum);
          pnum--;
          A[p][pnum]=1;
        }
    }
  bfs(0);
  return 0;
}","[{""input"": ""4\n1 2 1 4\n2 1 4\n3 0\n4 1 3\n"", ""output"": ""1 0\n2 -1\n3 2\n4 1\n\n""}, {""input"": ""4\n1 2 1 4\n2 1 4\n3 0\n4 1 4\n"", ""output"": ""1 0\n2 -1\n3 -1\n4 1\n\n""}, {""input"": ""4\n1 2 2 4\n2 1 4\n3 0\n4 1 1\n"", ""output"": ""1 0\n2 1\n3 -1\n4 1\n\n""}, {""input"": ""4\n1 2 2 4\n2 1 1\n3 0\n4 1 3\n"", ""output"": ""1 0\n2 1\n3 2\n4 1\n\n""}, {""input"": ""4\n1 2 1 1\n2 1 4\n3 0\n4 1 4\n"", ""output"": ""1 0\n2 -1\n3 -1\n4 -1\n\n""}, {""input"": ""4\n1 2 2 1\n2 1 1\n3 0\n4 1 3\n"", ""output"": ""1 0\n2 1\n3 -1\n4 -1\n\n""}, {""input"": ""4\n1 2 1 4\n3 1 4\n3 0\n4 1 2\n"", ""output"": ""1 0\n2 2\n3 -1\n4 1\n\n""}, {""input"": ""4\n1 2 3 4\n4 1 4\n3 -1\n3 1 0\n"", ""output"": ""1 0\n2 -1\n3 1\n4 1\n\n""}, {""input"": ""4\n1 2 1 3\n0 1 1\n4 0\n4 1 1\n"", ""output"": ""1 0\n2 -1\n3 1\n4 -1\n\n""}, {""input"": ""4\n1 2 2 1\n2 1 4\n3 0\n3 1 0\n"", ""output"": ""1 0\n2 1\n3 -1\n4 2\n\n""}]","Given the following C code and assembly code, your task is to generate highly optimized x86-64 assembly code.
C Code:

```c
#include<stdio.h>
#define N 100
#define INF (1<<21)
#define MAXSIZE 100
int n,A[N][N];
int dis[N];
int Q[MAXSIZE];
int head = 0;
int tail = 1;

void enqueue(int x)
{
  Q[tail++] = x;
}

int deq() {
  int s;
  s = Q[head++];
  return s;

}
int empty()
{
  return (head == tail);
}
void bfs(int t)
{
  int i,j;
  enqueue(t);
  for(i=0;i<n;i++)dis[i]=INF;
  dis[t]=0;
  int a;
  while(!empty())
    {
      a=deq();
      for(j=0;j<n;j++)
        {
          if(A[a][j]==0)continue;
          if(dis[j]!=INF)continue;
          dis[j]=dis[a]+1;
          enqueue(j);
        }
    }
  for(i=0;i<n;i++)
    {
      printf(""%d %d\n"",i+1,((dis[i]==INF)?(-1):dis[i]));
    }
}
int main()
{
  int i,j,p,k,pnum;

  scanf(""%d"",&n);
  for(i=0;i<n;i++)
    {
      for(j=0;j<n;j++)
        {
          A[i][j]=0;
        }
    }
  for(i=0;i<n;i++)
    {
      scanf(""%d %d"",&p,&k);
      p--;
      for(j=0;j<k;j++)
        {
          scanf(""%d"",&pnum);
          pnum--;
          A[p][pnum]=1;
        }
    }
  bfs(0);
  return 0;
}
```

Assembly Code:

```assembly

```

Only output the optimized assembly code. Do not include any other text. Do not write any comments in the assembly code. Wrap the assembly code in ```assembly``` tags.
Optimized Assembly Code:
","Given the following C code, your task is to generate highly optimized x86-64 assembly code.
C Code:

```c
#include<stdio.h>
#define N 100
#define INF (1<<21)
#define MAXSIZE 100
int n,A[N][N];
int dis[N];
int Q[MAXSIZE];
int head = 0;
int tail = 1;

void enqueue(int x)
{
  Q[tail++] = x;
}

int deq() {
  int s;
  s = Q[head++];
  return s;

}
int empty()
{
  return (head == tail);
}
void bfs(int t)
{
  int i,j;
  enqueue(t);
  for(i=0;i<n;i++)dis[i]=INF;
  dis[t]=0;
  int a;
  while(!empty())
    {
      a=deq();
      for(j=0;j<n;j++)
        {
          if(A[a][j]==0)continue;
          if(dis[j]!=INF)continue;
          dis[j]=dis[a]+1;
          enqueue(j);
        }
    }
  for(i=0;i<n;i++)
    {
      printf(""%d %d\n"",i+1,((dis[i]==INF)?(-1):dis[i]));
    }
}
int main()
{
  int i,j,p,k,pnum;

  scanf(""%d"",&n);
  for(i=0;i<n;i++)
    {
      for(j=0;j<n;j++)
        {
          A[i][j]=0;
        }
    }
  for(i=0;i<n;i++)
    {
      scanf(""%d %d"",&p,&k);
      p--;
      for(j=0;j<k;j++)
        {
          scanf(""%d"",&pnum);
          pnum--;
          A[p][pnum]=1;
        }
    }
  bfs(0);
  return 0;
}
```

Only output the optimized assembly code. Do not include any other text. Do not write any comments in the assembly code. Wrap the assembly code in ```assembly``` tags.
Optimized Assembly Code:
"
90,"#include<stdio.h>
int main(void){
	int x[10000];
	int i=0;
	while(1){
		scanf(""%d"",&x[i]);
		if(x[i]==0){break;}
		i++;
	}
	int h=0;
	for(h=0;i>h;h++){
		printf(""Case %d: %d\n"",h+1,x[h]);
	}
	return 0;
}
","[{""input"": ""3\n5\n11\n3\n8\n19\n0\n"", ""output"": ""Case 1: 3\nCase 2: 5\nCase 3: 11\nCase 4: 3\nCase 5: 8\nCase 6: 19\n\n""}, {""input"": ""3\n5\n11\n7\n8\n34\n0\n"", ""output"": ""Case 1: 3\nCase 2: 5\nCase 3: 11\nCase 4: 7\nCase 5: 8\nCase 6: 34\n\n""}, {""input"": ""3\n5\n11\n4\n8\n19\n0\n"", ""output"": ""Case 1: 3\nCase 2: 5\nCase 3: 11\nCase 4: 4\nCase 5: 8\nCase 6: 19\n\n""}, {""input"": ""3\n5\n11\n7\n14\n34\n0\n"", ""output"": ""Case 1: 3\nCase 2: 5\nCase 3: 11\nCase 4: 7\nCase 5: 14\nCase 6: 34\n\n""}, {""input"": ""3\n5\n11\n4\n2\n19\n0\n"", ""output"": ""Case 1: 3\nCase 2: 5\nCase 3: 11\nCase 4: 4\nCase 5: 2\nCase 6: 19\n\n""}, {""input"": ""3\n5\n11\n7\n26\n34\n0\n"", ""output"": ""Case 1: 3\nCase 2: 5\nCase 3: 11\nCase 4: 7\nCase 5: 26\nCase 6: 34\n\n""}, {""input"": ""3\n5\n9\n4\n2\n19\n0\n"", ""output"": ""Case 1: 3\nCase 2: 5\nCase 3: 9\nCase 4: 4\nCase 5: 2\nCase 6: 19\n\n""}, {""input"": ""3\n2\n11\n7\n26\n34\n0\n"", ""output"": ""Case 1: 3\nCase 2: 2\nCase 3: 11\nCase 4: 7\nCase 5: 26\nCase 6: 34\n\n""}, {""input"": ""3\n4\n11\n7\n26\n34\n0\n"", ""output"": ""Case 1: 3\nCase 2: 4\nCase 3: 11\nCase 4: 7\nCase 5: 26\nCase 6: 34\n\n""}, {""input"": ""3\n4\n11\n7\n2\n34\n0\n"", ""output"": ""Case 1: 3\nCase 2: 4\nCase 3: 11\nCase 4: 7\nCase 5: 2\nCase 6: 34\n\n""}]","Given the following C code and assembly code, your task is to generate highly optimized x86-64 assembly code.
C Code:

```c
#include<stdio.h>
int main(void){
	int x[10000];
	int i=0;
	while(1){
		scanf(""%d"",&x[i]);
		if(x[i]==0){break;}
		i++;
	}
	int h=0;
	for(h=0;i>h;h++){
		printf(""Case %d: %d\n"",h+1,x[h]);
	}
	return 0;
}
```

Assembly Code:

```assembly

```

Only output the optimized assembly code. Do not include any other text. Do not write any comments in the assembly code. Wrap the assembly code in ```assembly``` tags.
Optimized Assembly Code:
","Given the following C code, your task is to generate highly optimized x86-64 assembly code.
C Code:

```c
#include<stdio.h>
int main(void){
	int x[10000];
	int i=0;
	while(1){
		scanf(""%d"",&x[i]);
		if(x[i]==0){break;}
		i++;
	}
	int h=0;
	for(h=0;i>h;h++){
		printf(""Case %d: %d\n"",h+1,x[h]);
	}
	return 0;
}
```

Only output the optimized assembly code. Do not include any other text. Do not write any comments in the assembly code. Wrap the assembly code in ```assembly``` tags.
Optimized Assembly Code:
"
91,"#include<stdio.h>

int min(int x,int y){
  if(x<y) return x;
  else return y;
}

int main(){
  int a,b,c,d;
  scanf(""%d %d %d %d"",&a,&b,&c,&d);
  printf(""%d\n"",min(a,b)+min(c,d));
}","[{""input"": ""549\n838\n715\n603\n"", ""output"": ""1152\n\n""}, {""input"": ""555\n312\n400\n200\n"", ""output"": ""512\n\n""}, {""input"": ""600\n548\n220\n420\n"", ""output"": ""768\n\n""}, {""input"": ""549\n838\n715\n182\n"", ""output"": ""731\n\n""}, {""input"": ""555\n312\n400\n206\n"", ""output"": ""518\n\n""}, {""input"": ""600\n548\n220\n156\n"", ""output"": ""704\n\n""}, {""input"": ""600\n548\n220\n118\n"", ""output"": ""666\n\n""}, {""input"": ""549\n838\n115\n182\n"", ""output"": ""664\n\n""}, {""input"": ""555\n134\n728\n206\n"", ""output"": ""340\n\n""}, {""input"": ""600\n548\n220\n176\n"", ""output"": ""724\n\n""}]","Given the following C code and assembly code, your task is to generate highly optimized x86-64 assembly code.
C Code:

```c
#include<stdio.h>

int min(int x,int y){
  if(x<y) return x;
  else return y;
}

int main(){
  int a,b,c,d;
  scanf(""%d %d %d %d"",&a,&b,&c,&d);
  printf(""%d\n"",min(a,b)+min(c,d));
}
```

Assembly Code:

```assembly

```

Only output the optimized assembly code. Do not include any other text. Do not write any comments in the assembly code. Wrap the assembly code in ```assembly``` tags.
Optimized Assembly Code:
","Given the following C code, your task is to generate highly optimized x86-64 assembly code.
C Code:

```c
#include<stdio.h>

int min(int x,int y){
  if(x<y) return x;
  else return y;
}

int main(){
  int a,b,c,d;
  scanf(""%d %d %d %d"",&a,&b,&c,&d);
  printf(""%d\n"",min(a,b)+min(c,d));
}
```

Only output the optimized assembly code. Do not include any other text. Do not write any comments in the assembly code. Wrap the assembly code in ```assembly``` tags.
Optimized Assembly Code:
"
92,"#include <stdio.h>
int main(void)
{
	int a1,a2,a3,a4;
	int b1,b2,b3,b4;
	int s,t;
	
	scanf(""%d %d %d %d"",&a1,&a2,&a3,&a4);
	scanf(""%d %d %d %d"",&b1,&b2,&b3,&b4);
	
	s=a1+a2+a3+a4;
	t=b1+b2+b3+b4;
	
	printf(""%d\n"",(s>t)?s:t);
	
	return 0;
}","[{""input"": ""100 80 70 60\n80 70 80 90\n"", ""output"": ""320\n""}]","Given the following C code and assembly code, your task is to generate highly optimized x86-64 assembly code.
C Code:

```c
#include <stdio.h>
int main(void)
{
	int a1,a2,a3,a4;
	int b1,b2,b3,b4;
	int s,t;
	
	scanf(""%d %d %d %d"",&a1,&a2,&a3,&a4);
	scanf(""%d %d %d %d"",&b1,&b2,&b3,&b4);
	
	s=a1+a2+a3+a4;
	t=b1+b2+b3+b4;
	
	printf(""%d\n"",(s>t)?s:t);
	
	return 0;
}
```

Assembly Code:

```assembly

```

Only output the optimized assembly code. Do not include any other text. Do not write any comments in the assembly code. Wrap the assembly code in ```assembly``` tags.
Optimized Assembly Code:
","Given the following C code, your task is to generate highly optimized x86-64 assembly code.
C Code:

```c
#include <stdio.h>
int main(void)
{
	int a1,a2,a3,a4;
	int b1,b2,b3,b4;
	int s,t;
	
	scanf(""%d %d %d %d"",&a1,&a2,&a3,&a4);
	scanf(""%d %d %d %d"",&b1,&b2,&b3,&b4);
	
	s=a1+a2+a3+a4;
	t=b1+b2+b3+b4;
	
	printf(""%d\n"",(s>t)?s:t);
	
	return 0;
}
```

Only output the optimized assembly code. Do not include any other text. Do not write any comments in the assembly code. Wrap the assembly code in ```assembly``` tags.
Optimized Assembly Code:
"
93,"#include<stdio.h>
#include<string.h>
int main(void){
  int a, b, c;
  char x[10000];
  while(1){
    scanf(""%d %c %d"", &a, x, &b);
    if(!strcmp(x, ""?"")){
      break;
    }
    if(!strcmp(x, ""+"")){
      c = a + b;
    }
    if(!strcmp(x, ""-"")){
      c = a - b;
    }
    if(!strcmp(x, ""/"")){
      c = a / b;
    }
    if(!strcmp(x, ""*"")){
      c = a * b;
    }
    printf(""%d\n"", c);
  }
  return 0;
}
","[{""input"": ""1 + 2\n56 - 18\n13 * 2\n100 / 10\n27 + 81\n-1 ? 0\n"", ""output"": ""3\n38\n26\n10\n108\n\n""}, {""input"": ""1 + 2\n56 - 18\n13 * 2\n100 / 10\n27 , 81\n-1 ? 0\n"", ""output"": ""3\n38\n26\n10\n(27, 81)\n\n""}, {""input"": ""1 + 2\n56 - 18\n21 * 2\n100 / 10\n27 , 81\n-1 ? 0\n"", ""output"": ""3\n38\n42\n10\n(27, 81)\n\n""}, {""input"": ""1 + 2\n56 - 18\n13 * 2\n100 / 10\n27 + 136\n-1 ? 0\n"", ""output"": ""3\n38\n26\n10\n163\n\n""}, {""input"": ""1 + 2\n56 - 18\n21 * 2\n100 / 10\n9 , 81\n-1 ? 0\n"", ""output"": ""3\n38\n42\n10\n(9, 81)\n\n""}, {""input"": ""2 + 2\n56 - 18\n13 * 2\n100 / 10\n27 , 81\n0 ? 0\n"", ""output"": ""4\n38\n26\n10\n(27, 81)\n\n""}, {""input"": ""2 + 2\n56 - 18\n13 * 2\n100 / 10\n42 , 81\n0 ? 0\n"", ""output"": ""4\n38\n26\n10\n(42, 81)\n\n""}, {""input"": ""1 + 2\n56 - 18\n21 * 2\n100 / 10\n3 , 81\n-1 ? -1\n"", ""output"": ""3\n38\n42\n10\n(3, 81)\n\n""}, {""input"": ""2 + 2\n56 - 18\n10 * 2\n100 / 10\n42 , 81\n0 ? 0\n"", ""output"": ""4\n38\n20\n10\n(42, 81)\n\n""}, {""input"": ""1 + 2\n56 - 18\n21 * 2\n100 / 10\n1 , 81\n-1 ? -1\n"", ""output"": ""3\n38\n42\n10\n(1, 81)\n\n""}]","Given the following C code and assembly code, your task is to generate highly optimized x86-64 assembly code.
C Code:

```c
#include<stdio.h>
#include<string.h>
int main(void){
  int a, b, c;
  char x[10000];
  while(1){
    scanf(""%d %c %d"", &a, x, &b);
    if(!strcmp(x, ""?"")){
      break;
    }
    if(!strcmp(x, ""+"")){
      c = a + b;
    }
    if(!strcmp(x, ""-"")){
      c = a - b;
    }
    if(!strcmp(x, ""/"")){
      c = a / b;
    }
    if(!strcmp(x, ""*"")){
      c = a * b;
    }
    printf(""%d\n"", c);
  }
  return 0;
}
```

Assembly Code:

```assembly

```

Only output the optimized assembly code. Do not include any other text. Do not write any comments in the assembly code. Wrap the assembly code in ```assembly``` tags.
Optimized Assembly Code:
","Given the following C code, your task is to generate highly optimized x86-64 assembly code.
C Code:

```c
#include<stdio.h>
#include<string.h>
int main(void){
  int a, b, c;
  char x[10000];
  while(1){
    scanf(""%d %c %d"", &a, x, &b);
    if(!strcmp(x, ""?"")){
      break;
    }
    if(!strcmp(x, ""+"")){
      c = a + b;
    }
    if(!strcmp(x, ""-"")){
      c = a - b;
    }
    if(!strcmp(x, ""/"")){
      c = a / b;
    }
    if(!strcmp(x, ""*"")){
      c = a * b;
    }
    printf(""%d\n"", c);
  }
  return 0;
}
```

Only output the optimized assembly code. Do not include any other text. Do not write any comments in the assembly code. Wrap the assembly code in ```assembly``` tags.
Optimized Assembly Code:
"
94,"main(a){scanf(""%d"",&a);printf(""%d"",a>63?64:a>31?32:a>15?16:a>7?8:a>3?4:a>1?2:1);}","[{""input"": ""101\n"", ""output"": ""64\n\n""}, {""input"": ""11\n"", ""output"": ""8\n\n""}, {""input"": ""21\n"", ""output"": ""16\n\n""}, {""input"": ""42\n"", ""output"": ""32\n\n""}, {""input"": ""001\n"", ""output"": ""1\n\n""}, {""input"": ""3\n"", ""output"": ""2\n\n""}, {""input"": ""4\n"", ""output"": ""4\n\n""}, {""input"": ""111\n"", ""output"": ""64\n\n""}, {""input"": ""17\n"", ""output"": ""16\n\n""}, {""input"": ""59\n"", ""output"": ""32\n\n""}]","Given the following C code and assembly code, your task is to generate highly optimized x86-64 assembly code.
C Code:

```c
main(a){scanf(""%d"",&a);printf(""%d"",a>63?64:a>31?32:a>15?16:a>7?8:a>3?4:a>1?2:1);}
```

Assembly Code:

```assembly

```

Only output the optimized assembly code. Do not include any other text. Do not write any comments in the assembly code. Wrap the assembly code in ```assembly``` tags.
Optimized Assembly Code:
","Given the following C code, your task is to generate highly optimized x86-64 assembly code.
C Code:

```c
main(a){scanf(""%d"",&a);printf(""%d"",a>63?64:a>31?32:a>15?16:a>7?8:a>3?4:a>1?2:1);}
```

Only output the optimized assembly code. Do not include any other text. Do not write any comments in the assembly code. Wrap the assembly code in ```assembly``` tags.
Optimized Assembly Code:
"
95,"#include <stdio.h>

int main(void){
    int age,a,b;
    scanf(""%d"",&age);
    if(age == 1){
        printf(""Hello World"");
    }else{
        scanf(""%d %d"",&a,&b);
        printf(""%d"",a+b);
    }
    return 0;
}
","[{""input"": ""2\n4\n5\n"", ""output"": ""9\n\n""}, {""input"": ""2\n4\n9\n"", ""output"": ""13\n\n""}, {""input"": ""2\n2\n9\n"", ""output"": ""11\n\n""}, {""input"": ""2\n3\n11\n"", ""output"": ""14\n\n""}, {""input"": ""2\n0\n21\n"", ""output"": ""21\n\n""}, {""input"": ""2\n1\n21\n"", ""output"": ""22\n\n""}, {""input"": ""2\n2\n21\n"", ""output"": ""23\n\n""}, {""input"": ""2\n4\n21\n"", ""output"": ""25\n\n""}, {""input"": ""2\n4\n13\n"", ""output"": ""17\n\n""}, {""input"": ""2\n4\n23\n"", ""output"": ""27\n\n""}]","Given the following C code and assembly code, your task is to generate highly optimized x86-64 assembly code.
C Code:

```c
#include <stdio.h>

int main(void){
    int age,a,b;
    scanf(""%d"",&age);
    if(age == 1){
        printf(""Hello World"");
    }else{
        scanf(""%d %d"",&a,&b);
        printf(""%d"",a+b);
    }
    return 0;
}
```

Assembly Code:

```assembly

```

Only output the optimized assembly code. Do not include any other text. Do not write any comments in the assembly code. Wrap the assembly code in ```assembly``` tags.
Optimized Assembly Code:
","Given the following C code, your task is to generate highly optimized x86-64 assembly code.
C Code:

```c
#include <stdio.h>

int main(void){
    int age,a,b;
    scanf(""%d"",&age);
    if(age == 1){
        printf(""Hello World"");
    }else{
        scanf(""%d %d"",&a,&b);
        printf(""%d"",a+b);
    }
    return 0;
}
```

Only output the optimized assembly code. Do not include any other text. Do not write any comments in the assembly code. Wrap the assembly code in ```assembly``` tags.
Optimized Assembly Code:
"
96,"#include <stdio.h>

int main(void)
{
    int a,b,c;
    scanf(""%d %d %d"",&a,&b,&c);
    if(a==c&&b!=c&&a!=b) {
        printf(""Yes"");
    }
    else if(a==b&&b!=c&&a!=c) {
        printf(""Yes"");
    }
    else if(b==c&&a!=b&&a!=c) {
        printf(""Yes"");
    }
    else if(a!=b&&b!=c&&c!=a) { 
        printf(""No"");
    }
    else if(a==b&&b==c&&c==a) {
        printf(""No"");
    }
    return 0;
}","[{""input"": ""2 3 4\n"", ""output"": ""No\n\n""}, {""input"": ""1 4 4\n"", ""output"": ""Yes\n\n""}, {""input"": ""10 7 5\n"", ""output"": ""No\n\n""}, {""input"": ""7 9 6\n"", ""output"": ""No\n\n""}, {""input"": ""4 3 4\n"", ""output"": ""Yes\n\n""}, {""input"": ""1 4 8\n"", ""output"": ""No\n\n""}, {""input"": ""10 2 5\n"", ""output"": ""No\n\n""}, {""input"": ""7 4 6\n"", ""output"": ""No\n\n""}, {""input"": ""4 5 4\n"", ""output"": ""Yes\n\n""}, {""input"": ""0 4 8\n"", ""output"": ""No\n\n""}]","Given the following C code and assembly code, your task is to generate highly optimized x86-64 assembly code.
C Code:

```c
#include <stdio.h>

int main(void)
{
    int a,b,c;
    scanf(""%d %d %d"",&a,&b,&c);
    if(a==c&&b!=c&&a!=b) {
        printf(""Yes"");
    }
    else if(a==b&&b!=c&&a!=c) {
        printf(""Yes"");
    }
    else if(b==c&&a!=b&&a!=c) {
        printf(""Yes"");
    }
    else if(a!=b&&b!=c&&c!=a) { 
        printf(""No"");
    }
    else if(a==b&&b==c&&c==a) {
        printf(""No"");
    }
    return 0;
}
```

Assembly Code:

```assembly

```

Only output the optimized assembly code. Do not include any other text. Do not write any comments in the assembly code. Wrap the assembly code in ```assembly``` tags.
Optimized Assembly Code:
","Given the following C code, your task is to generate highly optimized x86-64 assembly code.
C Code:

```c
#include <stdio.h>

int main(void)
{
    int a,b,c;
    scanf(""%d %d %d"",&a,&b,&c);
    if(a==c&&b!=c&&a!=b) {
        printf(""Yes"");
    }
    else if(a==b&&b!=c&&a!=c) {
        printf(""Yes"");
    }
    else if(b==c&&a!=b&&a!=c) {
        printf(""Yes"");
    }
    else if(a!=b&&b!=c&&c!=a) { 
        printf(""No"");
    }
    else if(a==b&&b==c&&c==a) {
        printf(""No"");
    }
    return 0;
}
```

Only output the optimized assembly code. Do not include any other text. Do not write any comments in the assembly code. Wrap the assembly code in ```assembly``` tags.
Optimized Assembly Code:
"
97,"#include<stdio.h>
int main()
{    int a,b,c;
       while(scanf(""%d %d %d"",&a,&b,&c)==3){
               if(a<c && b>c){
                    printf(""Yes\n"");
               }
             else if(a==b && b==c){
                    printf(""Yes\n"");
                }
             else{
                       printf(""No\n"");
              }
          }
           return 0;
    }","[{""input"": ""7 5 4\n"", ""output"": ""No\n\n""}, {""input"": ""-1 2 -1\n"", ""output"": ""Yes\n\n""}, {""input"": ""2 0 2\n"", ""output"": ""No\n\n""}, {""input"": ""1 0 2\n"", ""output"": ""No\n\n""}, {""input"": ""7 5 3\n"", ""output"": ""No\n\n""}, {""input"": ""2 -1 2\n"", ""output"": ""No\n\n""}, {""input"": ""1 1 2\n"", ""output"": ""No\n\n""}, {""input"": ""7 3 3\n"", ""output"": ""No\n\n""}, {""input"": ""2 -1 0\n"", ""output"": ""No\n\n""}, {""input"": ""1 1 0\n"", ""output"": ""No\n\n""}]","Given the following C code and assembly code, your task is to generate highly optimized x86-64 assembly code.
C Code:

```c
#include<stdio.h>
int main()
{    int a,b,c;
       while(scanf(""%d %d %d"",&a,&b,&c)==3){
               if(a<c && b>c){
                    printf(""Yes\n"");
               }
             else if(a==b && b==c){
                    printf(""Yes\n"");
                }
             else{
                       printf(""No\n"");
              }
          }
           return 0;
    }
```

Assembly Code:

```assembly

```

Only output the optimized assembly code. Do not include any other text. Do not write any comments in the assembly code. Wrap the assembly code in ```assembly``` tags.
Optimized Assembly Code:
","Given the following C code, your task is to generate highly optimized x86-64 assembly code.
C Code:

```c
#include<stdio.h>
int main()
{    int a,b,c;
       while(scanf(""%d %d %d"",&a,&b,&c)==3){
               if(a<c && b>c){
                    printf(""Yes\n"");
               }
             else if(a==b && b==c){
                    printf(""Yes\n"");
                }
             else{
                       printf(""No\n"");
              }
          }
           return 0;
    }
```

Only output the optimized assembly code. Do not include any other text. Do not write any comments in the assembly code. Wrap the assembly code in ```assembly``` tags.
Optimized Assembly Code:
"
98,"#include<stdio.h>
#include<stdlib.h>
#include<string.h>
#include<math.h>

int main(){

  int i,j;
  int n,t;
  int a[105];
  int cnt = 0;

  scanf(""%d"", &n);

  for(i = 0;i < n;i++) scanf(""%d"", &a[i]);

  for(i = 0;i < n - 1;i++){
    for(j = n - 1;j > i;j--){
      if(a[j] < a[j - 1]){
        t = a[j]; a[j] = a[j - 1]; a[j - 1] = t;
      }
    }
  }

  for(i = 0;i < n - 1;i++){
    if(a[i] != a[i + 1]) cnt++;
  }

  printf(""%d\n"", cnt + 1);

  return 0;
}
","[{""input"": ""7\n50\n30\n50\n100\n50\n80\n35\n"", ""output"": ""5\n\n""}, {""input"": ""3\n29\n15\n15\n"", ""output"": ""2\n\n""}, {""input"": ""4\n10\n8\n14\n6\n"", ""output"": ""4\n\n""}, {""input"": ""3\n29\n15\n14\n"", ""output"": ""3\n\n""}, {""input"": ""7\n50\n40\n91\n110\n50\n34\n59\n"", ""output"": ""6\n\n""}, {""input"": ""7\n50\n40\n91\n110\n3\n34\n59\n"", ""output"": ""7\n\n""}, {""input"": ""3\n1\n1\n1\n"", ""output"": ""1\n\n""}, {""input"": ""7\n50\n30\n50\n100\n50\n80\n59\n"", ""output"": ""5\n\n""}, {""input"": ""4\n10\n8\n16\n6\n"", ""output"": ""4\n\n""}, {""input"": ""7\n50\n40\n50\n100\n50\n80\n59\n"", ""output"": ""5\n\n""}]","Given the following C code and assembly code, your task is to generate highly optimized x86-64 assembly code.
C Code:

```c
#include<stdio.h>
#include<stdlib.h>
#include<string.h>
#include<math.h>

int main(){

  int i,j;
  int n,t;
  int a[105];
  int cnt = 0;

  scanf(""%d"", &n);

  for(i = 0;i < n;i++) scanf(""%d"", &a[i]);

  for(i = 0;i < n - 1;i++){
    for(j = n - 1;j > i;j--){
      if(a[j] < a[j - 1]){
        t = a[j]; a[j] = a[j - 1]; a[j - 1] = t;
      }
    }
  }

  for(i = 0;i < n - 1;i++){
    if(a[i] != a[i + 1]) cnt++;
  }

  printf(""%d\n"", cnt + 1);

  return 0;
}
```

Assembly Code:

```assembly

```

Only output the optimized assembly code. Do not include any other text. Do not write any comments in the assembly code. Wrap the assembly code in ```assembly``` tags.
Optimized Assembly Code:
","Given the following C code, your task is to generate highly optimized x86-64 assembly code.
C Code:

```c
#include<stdio.h>
#include<stdlib.h>
#include<string.h>
#include<math.h>

int main(){

  int i,j;
  int n,t;
  int a[105];
  int cnt = 0;

  scanf(""%d"", &n);

  for(i = 0;i < n;i++) scanf(""%d"", &a[i]);

  for(i = 0;i < n - 1;i++){
    for(j = n - 1;j > i;j--){
      if(a[j] < a[j - 1]){
        t = a[j]; a[j] = a[j - 1]; a[j - 1] = t;
      }
    }
  }

  for(i = 0;i < n - 1;i++){
    if(a[i] != a[i + 1]) cnt++;
  }

  printf(""%d\n"", cnt + 1);

  return 0;
}
```

Only output the optimized assembly code. Do not include any other text. Do not write any comments in the assembly code. Wrap the assembly code in ```assembly``` tags.
Optimized Assembly Code:
"
99,"#include<stdio.h>
int main(){
  int a,b;
  scanf(""%d%d"",&a,&b);
  if(a==b && a*b==0){
    printf(""%d"",a+b);
  }
  else if(b%a==0){
    printf(""%d"",a+b);
  }
  else{
    printf(""%d"",b-a);
  }
  return 0;
}","[{""input"": ""1 12\n"", ""output"": ""13\n\n""}, {""input"": ""4 20\n"", ""output"": ""24\n\n""}, {""input"": ""1 0\n"", ""output"": ""1\n\n""}, {""input"": ""1 2\n"", ""output"": ""3\n\n""}, {""input"": ""4 24\n"", ""output"": ""28\n\n""}, {""input"": ""1 -1\n"", ""output"": ""0\n\n""}, {""input"": ""6 24\n"", ""output"": ""30\n\n""}, {""input"": ""6 36\n"", ""output"": ""42\n\n""}, {""input"": ""6 10\n"", ""output"": ""4\n\n""}, {""input"": ""6 17\n"", ""output"": ""11\n\n""}]","Given the following C code and assembly code, your task is to generate highly optimized x86-64 assembly code.
C Code:

```c
#include<stdio.h>
int main(){
  int a,b;
  scanf(""%d%d"",&a,&b);
  if(a==b && a*b==0){
    printf(""%d"",a+b);
  }
  else if(b%a==0){
    printf(""%d"",a+b);
  }
  else{
    printf(""%d"",b-a);
  }
  return 0;
}
```

Assembly Code:

```assembly

```

Only output the optimized assembly code. Do not include any other text. Do not write any comments in the assembly code. Wrap the assembly code in ```assembly``` tags.
Optimized Assembly Code:
","Given the following C code, your task is to generate highly optimized x86-64 assembly code.
C Code:

```c
#include<stdio.h>
int main(){
  int a,b;
  scanf(""%d%d"",&a,&b);
  if(a==b && a*b==0){
    printf(""%d"",a+b);
  }
  else if(b%a==0){
    printf(""%d"",a+b);
  }
  else{
    printf(""%d"",b-a);
  }
  return 0;
}
```

Only output the optimized assembly code. Do not include any other text. Do not write any comments in the assembly code. Wrap the assembly code in ```assembly``` tags.
Optimized Assembly Code:
"
100,"#include<stdio.h>
int main()
{
 int a,b,c,win,bust;
 scanf(""%d%d%d"",&a,&b,&c);
 if((a+b+c)>=22)
    printf(""bust\n"");
    else printf(""win\n"");
    return 0;

}
","[{""input"": ""5 7 4\n"", ""output"": ""win\n\n""}, {""input"": ""13 9 2\n"", ""output"": ""bust\n\n""}, {""input"": ""5 1 4\n"", ""output"": ""win\n\n""}, {""input"": ""13 9 4\n"", ""output"": ""bust\n\n""}, {""input"": ""5 1 0\n"", ""output"": ""win\n\n""}, {""input"": ""0 9 4\n"", ""output"": ""win\n\n""}, {""input"": ""5 1 1\n"", ""output"": ""win\n\n""}, {""input"": ""0 1 4\n"", ""output"": ""win\n\n""}, {""input"": ""6 1 1\n"", ""output"": ""win\n\n""}, {""input"": ""0 2 4\n"", ""output"": ""win\n\n""}]","Given the following C code and assembly code, your task is to generate highly optimized x86-64 assembly code.
C Code:

```c
#include<stdio.h>
int main()
{
 int a,b,c,win,bust;
 scanf(""%d%d%d"",&a,&b,&c);
 if((a+b+c)>=22)
    printf(""bust\n"");
    else printf(""win\n"");
    return 0;

}
```

Assembly Code:

```assembly

```

Only output the optimized assembly code. Do not include any other text. Do not write any comments in the assembly code. Wrap the assembly code in ```assembly``` tags.
Optimized Assembly Code:
","Given the following C code, your task is to generate highly optimized x86-64 assembly code.
C Code:

```c
#include<stdio.h>
int main()
{
 int a,b,c,win,bust;
 scanf(""%d%d%d"",&a,&b,&c);
 if((a+b+c)>=22)
    printf(""bust\n"");
    else printf(""win\n"");
    return 0;

}
```

Only output the optimized assembly code. Do not include any other text. Do not write any comments in the assembly code. Wrap the assembly code in ```assembly``` tags.
Optimized Assembly Code:
"
101,"#include<stdio.h>
 
int main(){
	char str[15];
	scanf(""%s"", str);
	str[3] = '8';
	printf(""%s"", str);
}","[{""input"": ""2017/01/06\n"", ""output"": ""2018/01/06\n\n""}, {""input"": ""2017/01/32\n"", ""output"": ""2018/01/32\n\n""}, {""input"": ""2017/01//7\n"", ""output"": ""2018/01//7\n\n""}, {""input"": ""2010/01/77\n"", ""output"": ""2018/01/77\n\n""}, {""input"": ""2010/01/76\n"", ""output"": ""2018/01/76\n\n""}, {""input"": ""2016/01/70\n"", ""output"": ""2018/01/70\n\n""}, {""input"": ""2016/01/80\n"", ""output"": ""2018/01/80\n\n""}, {""input"": ""2017/01/21\n"", ""output"": ""2018/01/21\n\n""}, {""input"": ""2017/01/33\n"", ""output"": ""2018/01/33\n\n""}, {""input"": ""2017/01/16\n"", ""output"": ""2018/01/16\n\n""}]","Given the following C code and assembly code, your task is to generate highly optimized x86-64 assembly code.
C Code:

```c
#include<stdio.h>
 
int main(){
	char str[15];
	scanf(""%s"", str);
	str[3] = '8';
	printf(""%s"", str);
}
```

Assembly Code:

```assembly

```

Only output the optimized assembly code. Do not include any other text. Do not write any comments in the assembly code. Wrap the assembly code in ```assembly``` tags.
Optimized Assembly Code:
","Given the following C code, your task is to generate highly optimized x86-64 assembly code.
C Code:

```c
#include<stdio.h>
 
int main(){
	char str[15];
	scanf(""%s"", str);
	str[3] = '8';
	printf(""%s"", str);
}
```

Only output the optimized assembly code. Do not include any other text. Do not write any comments in the assembly code. Wrap the assembly code in ```assembly``` tags.
Optimized Assembly Code:
"
102,"#include <stdio.h>

int main(void)
{
	int tr[12];
	int num, i, n;
	
	num = 0;
	
	while (scanf(""%d"", &n) != EOF){
		
		if (n == 0){
			num--;
			printf(""%d\n"", tr[num]);
			
		}
		else {
			tr[num] = n;
			num++;
		}
	}
	
	return (0);
}","[{""input"": ""1\n6\n0\n8\n10\n0\n1\n0\n"", ""output"": ""6\n10\n1\n\n""}, {""input"": ""1\n6\n-1\n8\n10\n0\n1\n0\n"", ""output"": ""10\n1\n\n""}, {""input"": ""1\n4\n-1\n8\n10\n0\n1\n-1\n"", ""output"": ""10\n\n""}, {""input"": ""1\n7\n-1\n13\n9\n0\n1\n-2\n"", ""output"": ""9\n\n""}, {""input"": ""1\n3\n0\n8\n10\n0\n0\n0\n"", ""output"": ""3\n10\n8\n1\n\n""}, {""input"": ""1\n2\n0\n8\n10\n0\n1\n0\n"", ""output"": ""2\n10\n1\n\n""}, {""input"": ""1\n4\n-1\n8\n17\n0\n1\n-1\n"", ""output"": ""17\n\n""}, {""input"": ""1\n7\n0\n13\n9\n0\n1\n-2\n"", ""output"": ""7\n9\n\n""}, {""input"": ""1\n6\n-2\n18\n1\n0\n1\n-2\n"", ""output"": ""1\n\n""}, {""input"": ""1\n3\n0\n8\n6\n0\n0\n0\n"", ""output"": ""3\n6\n8\n1\n\n""}]","Given the following C code and assembly code, your task is to generate highly optimized x86-64 assembly code.
C Code:

```c
#include <stdio.h>

int main(void)
{
	int tr[12];
	int num, i, n;
	
	num = 0;
	
	while (scanf(""%d"", &n) != EOF){
		
		if (n == 0){
			num--;
			printf(""%d\n"", tr[num]);
			
		}
		else {
			tr[num] = n;
			num++;
		}
	}
	
	return (0);
}
```

Assembly Code:

```assembly

```

Only output the optimized assembly code. Do not include any other text. Do not write any comments in the assembly code. Wrap the assembly code in ```assembly``` tags.
Optimized Assembly Code:
","Given the following C code, your task is to generate highly optimized x86-64 assembly code.
C Code:

```c
#include <stdio.h>

int main(void)
{
	int tr[12];
	int num, i, n;
	
	num = 0;
	
	while (scanf(""%d"", &n) != EOF){
		
		if (n == 0){
			num--;
			printf(""%d\n"", tr[num]);
			
		}
		else {
			tr[num] = n;
			num++;
		}
	}
	
	return (0);
}
```

Only output the optimized assembly code. Do not include any other text. Do not write any comments in the assembly code. Wrap the assembly code in ```assembly``` tags.
Optimized Assembly Code:
"
103,"main(){int N;scanf(""%d"",&N);int i=N/111;if(N % 111 != 0){i++;}printf(""%d\n"", i*111);}","[{""input"": ""426\n"", ""output"": ""444\n\n""}, {""input"": ""101\n"", ""output"": ""111\n\n""}, {""input"": ""638\n"", ""output"": ""666\n\n""}, {""input"": ""268\n"", ""output"": ""333\n\n""}, {""input"": ""457\n"", ""output"": ""555\n\n""}, {""input"": ""000\n"", ""output"": ""0\n\n""}, {""input"": ""985\n"", ""output"": ""999\n\n""}, {""input"": ""846\n"", ""output"": ""888\n\n""}, {""input"": ""198\n"", ""output"": ""222\n\n""}, {""input"": ""706\n"", ""output"": ""777\n\n""}]","Given the following C code and assembly code, your task is to generate highly optimized x86-64 assembly code.
C Code:

```c
main(){int N;scanf(""%d"",&N);int i=N/111;if(N % 111 != 0){i++;}printf(""%d\n"", i*111);}
```

Assembly Code:

```assembly

```

Only output the optimized assembly code. Do not include any other text. Do not write any comments in the assembly code. Wrap the assembly code in ```assembly``` tags.
Optimized Assembly Code:
","Given the following C code, your task is to generate highly optimized x86-64 assembly code.
C Code:

```c
main(){int N;scanf(""%d"",&N);int i=N/111;if(N % 111 != 0){i++;}printf(""%d\n"", i*111);}
```

Only output the optimized assembly code. Do not include any other text. Do not write any comments in the assembly code. Wrap the assembly code in ```assembly``` tags.
Optimized Assembly Code:
"
104,"#include<stdio.h>

char s[8]=""AGCT"";

int main(){
    int i;
    char t[8];
    scanf(""%s"",t);
    for(i=0;i<4;i++){
        if(t[0]==s[i]){
            printf(""%c\n"",s[3-i]);
            return 0;
        }
    }
    return 0;
}
","[{""input"": ""C\n"", ""output"": ""G\n\n""}, {""input"": ""T\n"", ""output"": ""A\n\n""}, {""input"": ""C\n"", ""output"": ""G\n\n""}, {""input"": ""T\n"", ""output"": ""A\n\n""}]","Given the following C code and assembly code, your task is to generate highly optimized x86-64 assembly code.
C Code:

```c
#include<stdio.h>

char s[8]=""AGCT"";

int main(){
    int i;
    char t[8];
    scanf(""%s"",t);
    for(i=0;i<4;i++){
        if(t[0]==s[i]){
            printf(""%c\n"",s[3-i]);
            return 0;
        }
    }
    return 0;
}
```

Assembly Code:

```assembly

```

Only output the optimized assembly code. Do not include any other text. Do not write any comments in the assembly code. Wrap the assembly code in ```assembly``` tags.
Optimized Assembly Code:
","Given the following C code, your task is to generate highly optimized x86-64 assembly code.
C Code:

```c
#include<stdio.h>

char s[8]=""AGCT"";

int main(){
    int i;
    char t[8];
    scanf(""%s"",t);
    for(i=0;i<4;i++){
        if(t[0]==s[i]){
            printf(""%c\n"",s[3-i]);
            return 0;
        }
    }
    return 0;
}
```

Only output the optimized assembly code. Do not include any other text. Do not write any comments in the assembly code. Wrap the assembly code in ```assembly``` tags.
Optimized Assembly Code:
"
105,"#include<stdio.h>
#define INF 1000000000

int matrixChainOrder(int *,int);
int min(int,int);
int p[101];
int m[101][101];
int main(){
  int n,i,cos,b;
  scanf(""%d"",&n);
  for(i=1;i<=n;i++){
    scanf(""%d %d"",&p[i-1],&p[i]);
  }
  cos=matrixChainOrder(p,n);
  printf(""%d\n"",cos);
  return 0;
}
int matrixChainOrder(int *p,int n){
  int i,j,l,k,q;
  for(i=1;i<=n;i++)m[i][i]=0;
  for(l=2;l<=n;l++){
    for(i=1;i<=n-l+1;i++){

      j=i+l-1;
      m[i][j]=INF;
      for(k=i;k<=j-1;k++){
	m[i][j]=min(m[i][j],m[i][k]+m[k+1][j]+p[i-1]*p[k]*p[j]);
      }
    }
  }
  return m[1][j];
}
int min(int m,int q){
  if(m>=q){
    return q;
  }
  else if(m<=q)return m;
}","[{""input"": ""6\n10 35\n35 15\n15 5\n5 10\n10 20\n20 25\n"", ""output"": ""9125\n\n""}, {""input"": ""6\n1 35\n35 15\n15 5\n5 10\n10 20\n20 25\n"", ""output"": ""1350\n\n""}, {""input"": ""6\n30 35\n35 15\n15 5\n5 10\n10 20\n20 29\n"", ""output"": ""16125\n\n""}, {""input"": ""6\n2 35\n35 15\n15 5\n5 10\n10 20\n20 25\n"", ""output"": ""2700\n\n""}, {""input"": ""6\n2 35\n35 15\n15 5\n5 10\n10 20\n20 24\n"", ""output"": ""2660\n\n""}, {""input"": ""6\n30 35\n35 15\n15 5\n5 10\n10 20\n20 27\n"", ""output"": ""15625\n\n""}, {""input"": ""6\n30 35\n35 15\n15 5\n5 10\n10 20\n20 8\n"", ""output"": ""10875\n\n""}, {""input"": ""6\n30 35\n35 15\n15 5\n5 10\n10 20\n20 7\n"", ""output"": ""10625\n\n""}, {""input"": ""6\n2 35\n35 15\n15 5\n5 10\n10 20\n20 34\n"", ""output"": ""3060\n\n""}, {""input"": ""6\n29 35\n35 15\n15 5\n5 10\n10 20\n20 7\n"", ""output"": ""10415\n\n""}]","Given the following C code and assembly code, your task is to generate highly optimized x86-64 assembly code.
C Code:

```c
#include<stdio.h>
#define INF 1000000000

int matrixChainOrder(int *,int);
int min(int,int);
int p[101];
int m[101][101];
int main(){
  int n,i,cos,b;
  scanf(""%d"",&n);
  for(i=1;i<=n;i++){
    scanf(""%d %d"",&p[i-1],&p[i]);
  }
  cos=matrixChainOrder(p,n);
  printf(""%d\n"",cos);
  return 0;
}
int matrixChainOrder(int *p,int n){
  int i,j,l,k,q;
  for(i=1;i<=n;i++)m[i][i]=0;
  for(l=2;l<=n;l++){
    for(i=1;i<=n-l+1;i++){

      j=i+l-1;
      m[i][j]=INF;
      for(k=i;k<=j-1;k++){
	m[i][j]=min(m[i][j],m[i][k]+m[k+1][j]+p[i-1]*p[k]*p[j]);
      }
    }
  }
  return m[1][j];
}
int min(int m,int q){
  if(m>=q){
    return q;
  }
  else if(m<=q)return m;
}
```

Assembly Code:

```assembly

```

Only output the optimized assembly code. Do not include any other text. Do not write any comments in the assembly code. Wrap the assembly code in ```assembly``` tags.
Optimized Assembly Code:
","Given the following C code, your task is to generate highly optimized x86-64 assembly code.
C Code:

```c
#include<stdio.h>
#define INF 1000000000

int matrixChainOrder(int *,int);
int min(int,int);
int p[101];
int m[101][101];
int main(){
  int n,i,cos,b;
  scanf(""%d"",&n);
  for(i=1;i<=n;i++){
    scanf(""%d %d"",&p[i-1],&p[i]);
  }
  cos=matrixChainOrder(p,n);
  printf(""%d\n"",cos);
  return 0;
}
int matrixChainOrder(int *p,int n){
  int i,j,l,k,q;
  for(i=1;i<=n;i++)m[i][i]=0;
  for(l=2;l<=n;l++){
    for(i=1;i<=n-l+1;i++){

      j=i+l-1;
      m[i][j]=INF;
      for(k=i;k<=j-1;k++){
	m[i][j]=min(m[i][j],m[i][k]+m[k+1][j]+p[i-1]*p[k]*p[j]);
      }
    }
  }
  return m[1][j];
}
int min(int m,int q){
  if(m>=q){
    return q;
  }
  else if(m<=q)return m;
}
```

Only output the optimized assembly code. Do not include any other text. Do not write any comments in the assembly code. Wrap the assembly code in ```assembly``` tags.
Optimized Assembly Code:
"
106,"#include<stdio.h>
#include<stdlib.h>
#include<string.h>
#define N 100

main(){
  int y[N],i ,x ;
  char s[N];
  
  while( scanf(""%s"", s) != EOF ){
    
    if ( s[0] == '+' ){
      y[i-2] = y[i-2] + y[i-1];
      i--;
    }
    
    else if ( s[0] == '-' ){
      y[i-2] = y[i-2] - y[i-1];
      i--;
    }
    
    else if ( s[0] == '*' ){
      y[i-2] = y[i-2] * y[i-1];
      i--;
    }
    
    else {
      x = atoi(s);
      y[i] = x;
      i++;
    } 
    
  }
  
  printf(""%d\n"",y[i-1]);
  return 0;
  
}","[{""input"": ""1 4 + 3 4 - *\n"", ""output"": ""-5\n\n""}, {""input"": ""1 3 +\n"", ""output"": ""4\n\n""}, {""input"": ""1 4 + 2 4 - *\n"", ""output"": ""-10\n\n""}, {""input"": ""0 3 +\n"", ""output"": ""3\n\n""}, {""input"": ""1 1 + 2 4 - *\n"", ""output"": ""-4\n\n""}, {""input"": ""0 3 *\n"", ""output"": ""0\n\n""}, {""input"": ""1 4 + 3 8 - *\n"", ""output"": ""-25\n\n""}, {""input"": ""0 5 +\n"", ""output"": ""5\n\n""}, {""input"": ""1 1 + 3 4 - *\n"", ""output"": ""-2\n\n""}, {""input"": ""1 4 * 3 1 - *\n"", ""output"": ""8\n\n""}]","Given the following C code and assembly code, your task is to generate highly optimized x86-64 assembly code.
C Code:

```c
#include<stdio.h>
#include<stdlib.h>
#include<string.h>
#define N 100

main(){
  int y[N],i ,x ;
  char s[N];
  
  while( scanf(""%s"", s) != EOF ){
    
    if ( s[0] == '+' ){
      y[i-2] = y[i-2] + y[i-1];
      i--;
    }
    
    else if ( s[0] == '-' ){
      y[i-2] = y[i-2] - y[i-1];
      i--;
    }
    
    else if ( s[0] == '*' ){
      y[i-2] = y[i-2] * y[i-1];
      i--;
    }
    
    else {
      x = atoi(s);
      y[i] = x;
      i++;
    } 
    
  }
  
  printf(""%d\n"",y[i-1]);
  return 0;
  
}
```

Assembly Code:

```assembly

```

Only output the optimized assembly code. Do not include any other text. Do not write any comments in the assembly code. Wrap the assembly code in ```assembly``` tags.
Optimized Assembly Code:
","Given the following C code, your task is to generate highly optimized x86-64 assembly code.
C Code:

```c
#include<stdio.h>
#include<stdlib.h>
#include<string.h>
#define N 100

main(){
  int y[N],i ,x ;
  char s[N];
  
  while( scanf(""%s"", s) != EOF ){
    
    if ( s[0] == '+' ){
      y[i-2] = y[i-2] + y[i-1];
      i--;
    }
    
    else if ( s[0] == '-' ){
      y[i-2] = y[i-2] - y[i-1];
      i--;
    }
    
    else if ( s[0] == '*' ){
      y[i-2] = y[i-2] * y[i-1];
      i--;
    }
    
    else {
      x = atoi(s);
      y[i] = x;
      i++;
    } 
    
  }
  
  printf(""%d\n"",y[i-1]);
  return 0;
  
}
```

Only output the optimized assembly code. Do not include any other text. Do not write any comments in the assembly code. Wrap the assembly code in ```assembly``` tags.
Optimized Assembly Code:
"
107,"#include<stdio.h>
#include<stdlib.h>
#include<string.h>

int top = 0, S[1000];

void push(int x){
    top += 1;
    S[top] = x;
}

int pop(void){
    top--;
    return S[top + 1];
}

int main(void){
    int a, b;
    top = 0;
    char s[100];
    while(scanf(""%s"", s) != EOF){
        if(s[0] == '+'){
            a = pop();
            b = pop();
            push(a + b);
        }else if(s[0] == '-'){
            b = pop();
            a = pop();
            push(a - b);
        }else if(s[0] == '*'){
            a = pop();
            b = pop();
            push(a * b);
        }else{
            push(atoi(s));
        }
    }
    printf(""%d\n"", pop());
    return 0;
}
","[{""input"": ""1 4 + 3 4 - *\n"", ""output"": ""-5\n\n""}, {""input"": ""1 3 +\n"", ""output"": ""4\n\n""}, {""input"": ""1 4 + 2 4 - *\n"", ""output"": ""-10\n\n""}, {""input"": ""0 3 +\n"", ""output"": ""3\n\n""}, {""input"": ""1 1 + 2 4 - *\n"", ""output"": ""-4\n\n""}, {""input"": ""0 3 *\n"", ""output"": ""0\n\n""}, {""input"": ""1 4 + 3 8 - *\n"", ""output"": ""-25\n\n""}, {""input"": ""0 5 +\n"", ""output"": ""5\n\n""}, {""input"": ""1 1 + 3 4 - *\n"", ""output"": ""-2\n\n""}, {""input"": ""1 4 * 3 1 - *\n"", ""output"": ""8\n\n""}]","Given the following C code and assembly code, your task is to generate highly optimized x86-64 assembly code.
C Code:

```c
#include<stdio.h>
#include<stdlib.h>
#include<string.h>

int top = 0, S[1000];

void push(int x){
    top += 1;
    S[top] = x;
}

int pop(void){
    top--;
    return S[top + 1];
}

int main(void){
    int a, b;
    top = 0;
    char s[100];
    while(scanf(""%s"", s) != EOF){
        if(s[0] == '+'){
            a = pop();
            b = pop();
            push(a + b);
        }else if(s[0] == '-'){
            b = pop();
            a = pop();
            push(a - b);
        }else if(s[0] == '*'){
            a = pop();
            b = pop();
            push(a * b);
        }else{
            push(atoi(s));
        }
    }
    printf(""%d\n"", pop());
    return 0;
}
```

Assembly Code:

```assembly

```

Only output the optimized assembly code. Do not include any other text. Do not write any comments in the assembly code. Wrap the assembly code in ```assembly``` tags.
Optimized Assembly Code:
","Given the following C code, your task is to generate highly optimized x86-64 assembly code.
C Code:

```c
#include<stdio.h>
#include<stdlib.h>
#include<string.h>

int top = 0, S[1000];

void push(int x){
    top += 1;
    S[top] = x;
}

int pop(void){
    top--;
    return S[top + 1];
}

int main(void){
    int a, b;
    top = 0;
    char s[100];
    while(scanf(""%s"", s) != EOF){
        if(s[0] == '+'){
            a = pop();
            b = pop();
            push(a + b);
        }else if(s[0] == '-'){
            b = pop();
            a = pop();
            push(a - b);
        }else if(s[0] == '*'){
            a = pop();
            b = pop();
            push(a * b);
        }else{
            push(atoi(s));
        }
    }
    printf(""%d\n"", pop());
    return 0;
}
```

Only output the optimized assembly code. Do not include any other text. Do not write any comments in the assembly code. Wrap the assembly code in ```assembly``` tags.
Optimized Assembly Code:
"
108,"#include<stdio.h>
int main()
{
    int k,s,x,y,z,count=0;
    scanf(""%d %d"",&k,&s);
    for(x=0;x<=k;x++)
    {
        for(y=0;y<=k;y++)
        {
            z=s-x-y;
            if(z<=k && z>=0)
            {
                count++;
            }
        }
    }
    printf(""%d\n"",count);

    return 0;
}
","[{""input"": ""3 2\n"", ""output"": ""6\n\n""}, {""input"": ""5 7\n"", ""output"": ""27\n\n""}, {""input"": ""3 3\n"", ""output"": ""10\n\n""}, {""input"": ""4 7\n"", ""output"": ""18\n\n""}, {""input"": ""3 4\n"", ""output"": ""12\n\n""}, {""input"": ""1 7\n"", ""output"": ""0\n\n""}, {""input"": ""2 5\n"", ""output"": ""3\n\n""}, {""input"": ""4 0\n"", ""output"": ""1\n\n""}, {""input"": ""6 7\n"", ""output"": ""33\n\n""}, {""input"": ""17 4\n"", ""output"": ""15\n\n""}]","Given the following C code and assembly code, your task is to generate highly optimized x86-64 assembly code.
C Code:

```c
#include<stdio.h>
int main()
{
    int k,s,x,y,z,count=0;
    scanf(""%d %d"",&k,&s);
    for(x=0;x<=k;x++)
    {
        for(y=0;y<=k;y++)
        {
            z=s-x-y;
            if(z<=k && z>=0)
            {
                count++;
            }
        }
    }
    printf(""%d\n"",count);

    return 0;
}
```

Assembly Code:

```assembly

```

Only output the optimized assembly code. Do not include any other text. Do not write any comments in the assembly code. Wrap the assembly code in ```assembly``` tags.
Optimized Assembly Code:
","Given the following C code, your task is to generate highly optimized x86-64 assembly code.
C Code:

```c
#include<stdio.h>
int main()
{
    int k,s,x,y,z,count=0;
    scanf(""%d %d"",&k,&s);
    for(x=0;x<=k;x++)
    {
        for(y=0;y<=k;y++)
        {
            z=s-x-y;
            if(z<=k && z>=0)
            {
                count++;
            }
        }
    }
    printf(""%d\n"",count);

    return 0;
}
```

Only output the optimized assembly code. Do not include any other text. Do not write any comments in the assembly code. Wrap the assembly code in ```assembly``` tags.
Optimized Assembly Code:
"
109,"#include<stdio.h>

int main(){
  int a,b,c[251],n;

  scanf(""%d"",&n);

  for(a = 1; a <= n; a++){
    scanf(""%d"",&c[a]);
  }

  for(a = 1; a <= n; a++){
    printf(""node %d: key = %d, "",a,c[a]);
    if(a != 1){
      printf(""parent key = %d, "",c[a/2]);
    }
    if(2*a <= n){
      printf(""left key = %d, "",c[2*a]);
    }
    if(2*a+1 <= n){
      printf(""right key = %d, "",c[2*a+1]);
    }
      printf(""\n"");
  }
    return 0;
 }

","[{""input"": ""5\n7 8 1 4 3\n"", ""output"": ""node 1: key = 7, left key = 8, right key = 1, \nnode 2: key = 8, parent key = 7, left key = 4, right key = 3, \nnode 3: key = 1, parent key = 7, \nnode 4: key = 4, parent key = 8, \nnode 5: key = 3, parent key = 8, \n\n""}, {""input"": ""5\n2 8 1 4 3\n"", ""output"": ""node 1: key = 2, left key = 8, right key = 1, \nnode 2: key = 8, parent key = 2, left key = 4, right key = 3, \nnode 3: key = 1, parent key = 2, \nnode 4: key = 4, parent key = 8, \nnode 5: key = 3, parent key = 8, \n\n""}, {""input"": ""5\n4 8 1 4 3\n"", ""output"": ""node 1: key = 4, left key = 8, right key = 1, \nnode 2: key = 8, parent key = 4, left key = 4, right key = 3, \nnode 3: key = 1, parent key = 4, \nnode 4: key = 4, parent key = 8, \nnode 5: key = 3, parent key = 8, \n\n""}, {""input"": ""5\n4 8 1 1 3\n"", ""output"": ""node 1: key = 4, left key = 8, right key = 1, \nnode 2: key = 8, parent key = 4, left key = 1, right key = 3, \nnode 3: key = 1, parent key = 4, \nnode 4: key = 1, parent key = 8, \nnode 5: key = 3, parent key = 8, \n\n""}, {""input"": ""5\n4 8 1 1 5\n"", ""output"": ""node 1: key = 4, left key = 8, right key = 1, \nnode 2: key = 8, parent key = 4, left key = 1, right key = 5, \nnode 3: key = 1, parent key = 4, \nnode 4: key = 1, parent key = 8, \nnode 5: key = 5, parent key = 8, \n\n""}, {""input"": ""5\n4 8 1 2 5\n"", ""output"": ""node 1: key = 4, left key = 8, right key = 1, \nnode 2: key = 8, parent key = 4, left key = 2, right key = 5, \nnode 3: key = 1, parent key = 4, \nnode 4: key = 2, parent key = 8, \nnode 5: key = 5, parent key = 8, \n\n""}, {""input"": ""5\n4 16 1 2 5\n"", ""output"": ""node 1: key = 4, left key = 16, right key = 1, \nnode 2: key = 16, parent key = 4, left key = 2, right key = 5, \nnode 3: key = 1, parent key = 4, \nnode 4: key = 2, parent key = 16, \nnode 5: key = 5, parent key = 16, \n\n""}, {""input"": ""5\n4 16 1 2 3\n"", ""output"": ""node 1: key = 4, left key = 16, right key = 1, \nnode 2: key = 16, parent key = 4, left key = 2, right key = 3, \nnode 3: key = 1, parent key = 4, \nnode 4: key = 2, parent key = 16, \nnode 5: key = 3, parent key = 16, \n\n""}, {""input"": ""5\n4 16 1 0 3\n"", ""output"": ""node 1: key = 4, left key = 16, right key = 1, \nnode 2: key = 16, parent key = 4, left key = 0, right key = 3, \nnode 3: key = 1, parent key = 4, \nnode 4: key = 0, parent key = 16, \nnode 5: key = 3, parent key = 16, \n\n""}, {""input"": ""5\n4 16 0 0 3\n"", ""output"": ""node 1: key = 4, left key = 16, right key = 0, \nnode 2: key = 16, parent key = 4, left key = 0, right key = 3, \nnode 3: key = 0, parent key = 4, \nnode 4: key = 0, parent key = 16, \nnode 5: key = 3, parent key = 16, \n\n""}]","Given the following C code and assembly code, your task is to generate highly optimized x86-64 assembly code.
C Code:

```c
#include<stdio.h>

int main(){
  int a,b,c[251],n;

  scanf(""%d"",&n);

  for(a = 1; a <= n; a++){
    scanf(""%d"",&c[a]);
  }

  for(a = 1; a <= n; a++){
    printf(""node %d: key = %d, "",a,c[a]);
    if(a != 1){
      printf(""parent key = %d, "",c[a/2]);
    }
    if(2*a <= n){
      printf(""left key = %d, "",c[2*a]);
    }
    if(2*a+1 <= n){
      printf(""right key = %d, "",c[2*a+1]);
    }
      printf(""\n"");
  }
    return 0;
 }
```

Assembly Code:

```assembly

```

Only output the optimized assembly code. Do not include any other text. Do not write any comments in the assembly code. Wrap the assembly code in ```assembly``` tags.
Optimized Assembly Code:
","Given the following C code, your task is to generate highly optimized x86-64 assembly code.
C Code:

```c
#include<stdio.h>

int main(){
  int a,b,c[251],n;

  scanf(""%d"",&n);

  for(a = 1; a <= n; a++){
    scanf(""%d"",&c[a]);
  }

  for(a = 1; a <= n; a++){
    printf(""node %d: key = %d, "",a,c[a]);
    if(a != 1){
      printf(""parent key = %d, "",c[a/2]);
    }
    if(2*a <= n){
      printf(""left key = %d, "",c[2*a]);
    }
    if(2*a+1 <= n){
      printf(""right key = %d, "",c[2*a+1]);
    }
      printf(""\n"");
  }
    return 0;
 }
```

Only output the optimized assembly code. Do not include any other text. Do not write any comments in the assembly code. Wrap the assembly code in ```assembly``` tags.
Optimized Assembly Code:
"
110,"#include<stdio.h>

int main(void){
    int i = 0, j = 0;
    for(i = 0; i < 9; i++){
        for(j = 0; j < 9; j++){
            printf(""%dx%d=%d\n"",i + 1,j + 1,(i + 1)*(j + 1));
        }
    }
    return 0;
}","[{""input"": ""\n"", ""output"": ""\n""}]","Given the following C code and assembly code, your task is to generate highly optimized x86-64 assembly code.
C Code:

```c
#include<stdio.h>

int main(void){
    int i = 0, j = 0;
    for(i = 0; i < 9; i++){
        for(j = 0; j < 9; j++){
            printf(""%dx%d=%d\n"",i + 1,j + 1,(i + 1)*(j + 1));
        }
    }
    return 0;
}
```

Assembly Code:

```assembly

```

Only output the optimized assembly code. Do not include any other text. Do not write any comments in the assembly code. Wrap the assembly code in ```assembly``` tags.
Optimized Assembly Code:
","Given the following C code, your task is to generate highly optimized x86-64 assembly code.
C Code:

```c
#include<stdio.h>

int main(void){
    int i = 0, j = 0;
    for(i = 0; i < 9; i++){
        for(j = 0; j < 9; j++){
            printf(""%dx%d=%d\n"",i + 1,j + 1,(i + 1)*(j + 1));
        }
    }
    return 0;
}
```

Only output the optimized assembly code. Do not include any other text. Do not write any comments in the assembly code. Wrap the assembly code in ```assembly``` tags.
Optimized Assembly Code:
"
111,"#include<stdio.h>
#include<math.h>
int main(void){
   int n, count = 0, i, s, key, so;
   long a;
   scanf(""%d"", &n);
   while ( n ) {
   count = so = 0;
   for ( a = 1;  count < n; a++ ) {
      s = key = 2;
      if ( a == 1 ) ;
      else if ( a == 2 ) {/*printf(""sosuu\n"")*/;count++; so += a;}
      else {
         while ( s < sqrt(a) + 2 && key != 0) {
            if ( a % s == 0 ) key = 0;
            else key = 1;
            s++;
         }
      }
      if ( a != 1 && s > sqrt(a) + 1) {/*printf(""sosuu\n"")*/;count++; so += a;}
   }
   printf(""%d\n"", so);
   scanf(""%d"", &n);
   }
   return 0;
}","[{""input"": ""2\n2\n0\n"", ""output"": ""5\n5\n\n""}, {""input"": ""2\n17\n0\n"", ""output"": ""5\n440\n\n""}, {""input"": ""2\n7\n0\n"", ""output"": ""5\n58\n\n""}, {""input"": ""2\n0\n0\n"", ""output"": ""5\n\n""}, {""input"": ""2\n14\n0\n"", ""output"": ""5\n281\n\n""}, {""input"": ""2\n10\n0\n"", ""output"": ""5\n129\n\n""}, {""input"": ""2\n11\n0\n"", ""output"": ""5\n160\n\n""}, {""input"": ""2\n22\n0\n"", ""output"": ""5\n791\n\n""}, {""input"": ""2\n15\n0\n"", ""output"": ""5\n328\n\n""}, {""input"": ""2\n5\n0\n"", ""output"": ""5\n28\n\n""}]","Given the following C code and assembly code, your task is to generate highly optimized x86-64 assembly code.
C Code:

```c
#include<stdio.h>
#include<math.h>
int main(void){
   int n, count = 0, i, s, key, so;
   long a;
   scanf(""%d"", &n);
   while ( n ) {
   count = so = 0;
   for ( a = 1;  count < n; a++ ) {
      s = key = 2;
      if ( a == 1 ) ;
      else if ( a == 2 ) {/*printf(""sosuu\n"")*/;count++; so += a;}
      else {
         while ( s < sqrt(a) + 2 && key != 0) {
            if ( a % s == 0 ) key = 0;
            else key = 1;
            s++;
         }
      }
      if ( a != 1 && s > sqrt(a) + 1) {/*printf(""sosuu\n"")*/;count++; so += a;}
   }
   printf(""%d\n"", so);
   scanf(""%d"", &n);
   }
   return 0;
}
```

Assembly Code:

```assembly

```

Only output the optimized assembly code. Do not include any other text. Do not write any comments in the assembly code. Wrap the assembly code in ```assembly``` tags.
Optimized Assembly Code:
","Given the following C code, your task is to generate highly optimized x86-64 assembly code.
C Code:

```c
#include<stdio.h>
#include<math.h>
int main(void){
   int n, count = 0, i, s, key, so;
   long a;
   scanf(""%d"", &n);
   while ( n ) {
   count = so = 0;
   for ( a = 1;  count < n; a++ ) {
      s = key = 2;
      if ( a == 1 ) ;
      else if ( a == 2 ) {/*printf(""sosuu\n"")*/;count++; so += a;}
      else {
         while ( s < sqrt(a) + 2 && key != 0) {
            if ( a % s == 0 ) key = 0;
            else key = 1;
            s++;
         }
      }
      if ( a != 1 && s > sqrt(a) + 1) {/*printf(""sosuu\n"")*/;count++; so += a;}
   }
   printf(""%d\n"", so);
   scanf(""%d"", &n);
   }
   return 0;
}
```

Only output the optimized assembly code. Do not include any other text. Do not write any comments in the assembly code. Wrap the assembly code in ```assembly``` tags.
Optimized Assembly Code:
"
112,"#include<stdio.h>
int main(void)

{
	int a,b,h,w;
	while(1){
	scanf(""%d %d"",&h,&w);
	if(h == 0 && w == 0){
		break;
	}
	for(a=0;a<h;a++){
		for(b=0;b<w;b++){
			printf(""#"",h);
		}
		printf(""\n"");
	}
	printf(""\n"");
}
return 0;
}","[{""input"": ""3 4\n5 6\n2 3\n0 0\n"", ""output"": ""####\n####\n####\n\n######\n######\n######\n######\n######\n\n###\n###\n\n\n""}, {""input"": ""3 4\n5 6\n2 0\n0 0\n"", ""output"": ""####\n####\n####\n\n######\n######\n######\n######\n######\n\n\n\n\n\n""}, {""input"": ""3 4\n5 6\n2 4\n0 0\n"", ""output"": ""####\n####\n####\n\n######\n######\n######\n######\n######\n\n####\n####\n\n\n""}, {""input"": ""4 4\n5 6\n2 0\n0 0\n"", ""output"": ""####\n####\n####\n####\n\n######\n######\n######\n######\n######\n\n\n\n\n\n""}, {""input"": ""4 4\n5 6\n4 0\n0 0\n"", ""output"": ""####\n####\n####\n####\n\n######\n######\n######\n######\n######\n\n\n\n\n\n\n\n""}, {""input"": ""4 3\n5 6\n4 -1\n0 0\n"", ""output"": ""###\n###\n###\n###\n\n######\n######\n######\n######\n######\n\n\n\n\n\n\n\n""}, {""input"": ""3 5\n5 6\n2 2\n0 0\n"", ""output"": ""#####\n#####\n#####\n\n######\n######\n######\n######\n######\n\n##\n##\n\n\n""}, {""input"": ""3 4\n5 0\n2 2\n0 0\n"", ""output"": ""####\n####\n####\n\n\n\n\n\n\n\n##\n##\n\n\n""}, {""input"": ""3 4\n5 6\n2 1\n0 0\n"", ""output"": ""####\n####\n####\n\n######\n######\n######\n######\n######\n\n#\n#\n\n\n""}, {""input"": ""6 4\n5 6\n2 4\n0 0\n"", ""output"": ""####\n####\n####\n####\n####\n####\n\n######\n######\n######\n######\n######\n\n####\n####\n\n\n""}]","Given the following C code and assembly code, your task is to generate highly optimized x86-64 assembly code.
C Code:

```c
#include<stdio.h>
int main(void)

{
	int a,b,h,w;
	while(1){
	scanf(""%d %d"",&h,&w);
	if(h == 0 && w == 0){
		break;
	}
	for(a=0;a<h;a++){
		for(b=0;b<w;b++){
			printf(""#"",h);
		}
		printf(""\n"");
	}
	printf(""\n"");
}
return 0;
}
```

Assembly Code:

```assembly

```

Only output the optimized assembly code. Do not include any other text. Do not write any comments in the assembly code. Wrap the assembly code in ```assembly``` tags.
Optimized Assembly Code:
","Given the following C code, your task is to generate highly optimized x86-64 assembly code.
C Code:

```c
#include<stdio.h>
int main(void)

{
	int a,b,h,w;
	while(1){
	scanf(""%d %d"",&h,&w);
	if(h == 0 && w == 0){
		break;
	}
	for(a=0;a<h;a++){
		for(b=0;b<w;b++){
			printf(""#"",h);
		}
		printf(""\n"");
	}
	printf(""\n"");
}
return 0;
}
```

Only output the optimized assembly code. Do not include any other text. Do not write any comments in the assembly code. Wrap the assembly code in ```assembly``` tags.
Optimized Assembly Code:
"
113,"#include<stdio.h>

int main(void){
int x;
scanf(""%d"",&x);
printf(""%d\n"",x*x*x);
return 0;
}",[],"Given the following C code and assembly code, your task is to generate highly optimized x86-64 assembly code.
C Code:

```c
#include<stdio.h>

int main(void){
int x;
scanf(""%d"",&x);
printf(""%d\n"",x*x*x);
return 0;
}
```

Assembly Code:

```assembly

```

Only output the optimized assembly code. Do not include any other text. Do not write any comments in the assembly code. Wrap the assembly code in ```assembly``` tags.
Optimized Assembly Code:
","Given the following C code, your task is to generate highly optimized x86-64 assembly code.
C Code:

```c
#include<stdio.h>

int main(void){
int x;
scanf(""%d"",&x);
printf(""%d\n"",x*x*x);
return 0;
}
```

Only output the optimized assembly code. Do not include any other text. Do not write any comments in the assembly code. Wrap the assembly code in ```assembly``` tags.
Optimized Assembly Code:
"
114,"b,r,g,c,s,t;
main(){
	for(;scanf(""%d%d%d%d%d%d"",&b,&r,&g,&c,&s,&t),b|r|g|c|s|t;){
		printf(""%d\n"",100+b*(15+5*(1+15))+r*(15+3*(1+15))+g*7+c*2+s*3-t*3);
	}
	exit(0);
}","[{""input"": ""3 2 30 3 26 226\n9 0 18 3 20 118\n5 5 12 0 15 203\n7 4 19 2 22 197\n7 4 24 4 17 209\n0 0 0 0 0 0\n"", ""output"": ""127\n793\n410\n629\n617\n\n""}, {""input"": ""3 2 30 3 41 226\n9 0 18 3 20 118\n5 5 12 0 15 203\n7 4 19 2 22 197\n7 4 24 4 17 209\n0 0 0 0 0 0\n"", ""output"": ""172\n793\n410\n629\n617\n\n""}, {""input"": ""3 2 30 3 41 226\n9 0 18 4 20 118\n5 5 12 0 15 203\n7 4 19 2 22 197\n7 4 24 4 17 209\n0 0 0 0 0 0\n"", ""output"": ""172\n795\n410\n629\n617\n\n""}, {""input"": ""3 2 30 3 41 226\n9 0 18 4 20 118\n5 5 12 0 15 203\n7 4 19 2 22 197\n7 4 10 4 17 209\n0 0 0 0 0 0\n"", ""output"": ""172\n795\n410\n629\n519\n\n""}, {""input"": ""3 2 30 3 36 226\n9 0 18 3 20 118\n5 5 12 2 15 203\n7 4 19 2 22 197\n7 4 24 4 17 209\n0 0 0 0 0 0\n"", ""output"": ""157\n793\n414\n629\n617\n\n""}, {""input"": ""3 2 30 2 26 226\n9 0 18 3 20 118\n5 5 12 0 15 203\n7 4 19 2 22 197\n7 4 24 4 17 209\n0 0 0 0 0 0\n"", ""output"": ""125\n793\n410\n629\n617\n\n""}, {""input"": ""3 2 30 3 49 226\n9 0 18 3 20 118\n5 5 12 0 15 203\n7 4 19 2 22 197\n7 4 24 4 17 209\n0 0 0 0 0 0\n"", ""output"": ""196\n793\n410\n629\n617\n\n""}, {""input"": ""3 2 30 3 41 226\n9 0 18 4 20 118\n5 5 12 0 15 203\n13 4 19 2 22 197\n7 4 24 4 17 209\n0 0 0 0 0 0\n"", ""output"": ""172\n795\n410\n1199\n617\n\n""}, {""input"": ""3 2 30 3 41 226\n9 0 18 4 20 118\n5 5 12 0 15 203\n7 4 19 2 8 197\n7 4 10 4 17 209\n0 0 0 0 0 0\n"", ""output"": ""172\n795\n410\n587\n519\n\n""}, {""input"": ""3 2 30 2 26 226\n9 0 18 3 20 118\n5 5 12 0 15 203\n7 4 19 2 22 197\n4 4 24 4 17 209\n0 0 0 0 0 0\n"", ""output"": ""125\n793\n410\n629\n332\n\n""}]","Given the following C code and assembly code, your task is to generate highly optimized x86-64 assembly code.
C Code:

```c
b,r,g,c,s,t;
main(){
	for(;scanf(""%d%d%d%d%d%d"",&b,&r,&g,&c,&s,&t),b|r|g|c|s|t;){
		printf(""%d\n"",100+b*(15+5*(1+15))+r*(15+3*(1+15))+g*7+c*2+s*3-t*3);
	}
	exit(0);
}
```

Assembly Code:

```assembly

```

Only output the optimized assembly code. Do not include any other text. Do not write any comments in the assembly code. Wrap the assembly code in ```assembly``` tags.
Optimized Assembly Code:
","Given the following C code, your task is to generate highly optimized x86-64 assembly code.
C Code:

```c
b,r,g,c,s,t;
main(){
	for(;scanf(""%d%d%d%d%d%d"",&b,&r,&g,&c,&s,&t),b|r|g|c|s|t;){
		printf(""%d\n"",100+b*(15+5*(1+15))+r*(15+3*(1+15))+g*7+c*2+s*3-t*3);
	}
	exit(0);
}
```

Only output the optimized assembly code. Do not include any other text. Do not write any comments in the assembly code. Wrap the assembly code in ```assembly``` tags.
Optimized Assembly Code:
"
115,"#include<stdio.h>
#include<stdlib.h>
#include<math.h>

typedef long long int int64;

#define MAX(a,b) ((a)>(b)?(a):(b))
#define MIN(a,b) ((a)<(b)?(a):(b))
#define ABS(a) ((a)>(0)?(a):-(a))

void run(void){
  int a,b,c;
  scanf(""%d%d%d"",&a,&b,&c);
  int d=b/a;
  printf(""%d\n"",MIN(c,d));
}

int main(void){
  run();
  return 0;
}","[{""input"": ""3 1 5\n"", ""output"": ""0\n\n""}, {""input"": ""2 14 4\n"", ""output"": ""4\n\n""}, {""input"": ""1 13 2\n"", ""output"": ""2\n\n""}, {""input"": ""1 19 7\n"", ""output"": ""7\n\n""}, {""input"": ""1 19 13\n"", ""output"": ""13\n\n""}, {""input"": ""111 -1 33\n"", ""output"": ""-1\n\n""}, {""input"": ""1 19 25\n"", ""output"": ""19\n\n""}, {""input"": ""2 2 2\n"", ""output"": ""1\n\n""}, {""input"": ""001 7 5\n"", ""output"": ""5\n\n""}, {""input"": ""001 0 -2\n"", ""output"": ""-2\n\n""}]","Given the following C code and assembly code, your task is to generate highly optimized x86-64 assembly code.
C Code:

```c
#include<stdio.h>
#include<stdlib.h>
#include<math.h>

typedef long long int int64;

#define MAX(a,b) ((a)>(b)?(a):(b))
#define MIN(a,b) ((a)<(b)?(a):(b))
#define ABS(a) ((a)>(0)?(a):-(a))

void run(void){
  int a,b,c;
  scanf(""%d%d%d"",&a,&b,&c);
  int d=b/a;
  printf(""%d\n"",MIN(c,d));
}

int main(void){
  run();
  return 0;
}
```

Assembly Code:

```assembly

```

Only output the optimized assembly code. Do not include any other text. Do not write any comments in the assembly code. Wrap the assembly code in ```assembly``` tags.
Optimized Assembly Code:
","Given the following C code, your task is to generate highly optimized x86-64 assembly code.
C Code:

```c
#include<stdio.h>
#include<stdlib.h>
#include<math.h>

typedef long long int int64;

#define MAX(a,b) ((a)>(b)?(a):(b))
#define MIN(a,b) ((a)<(b)?(a):(b))
#define ABS(a) ((a)>(0)?(a):-(a))

void run(void){
  int a,b,c;
  scanf(""%d%d%d"",&a,&b,&c);
  int d=b/a;
  printf(""%d\n"",MIN(c,d));
}

int main(void){
  run();
  return 0;
}
```

Only output the optimized assembly code. Do not include any other text. Do not write any comments in the assembly code. Wrap the assembly code in ```assembly``` tags.
Optimized Assembly Code:
"
116,"#include<stdio.h>

int main(void)
{
	int H, W,i,j;
	
	while(1){
		scanf(""%d %d"",&H, &W);
		
		if (H == 0 && W == 0)break;
		
		for(i = 0; i < H; i++){
			for(j = 0; j < W; j++){
				if(i == 0 || i == H - 1)
					printf(""#"");
				else if(j == 0 || j == W - 1)
					printf(""#"");
				else 
					printf(""."");
			}
				printf(""\n"");
		}
	printf(""\n"");
	}

	
	return 0;
}





","[{""input"": ""3 4\n5 7\n3 3\n0 0\n"", ""output"": ""####\n#..#\n####\n\n#######\n#.....#\n#.....#\n#.....#\n#######\n\n###\n#.#\n###\n\n\n""}, {""input"": ""3 4\n5 10\n3 3\n0 0\n"", ""output"": ""####\n#..#\n####\n\n##########\n#........#\n#........#\n#........#\n##########\n\n###\n#.#\n###\n\n\n""}, {""input"": ""3 4\n4 10\n3 3\n0 0\n"", ""output"": ""####\n#..#\n####\n\n##########\n#........#\n#........#\n##########\n\n###\n#.#\n###\n\n\n""}, {""input"": ""3 6\n5 6\n3 3\n0 0\n"", ""output"": ""######\n#....#\n######\n\n######\n#....#\n#....#\n#....#\n######\n\n###\n#.#\n###\n\n\n""}, {""input"": ""3 4\n5 0\n3 3\n0 0\n"", ""output"": ""####\n#..#\n####\n\n\n##\n##\n##\n\n\n###\n#.#\n###\n\n\n""}, {""input"": ""3 4\n5 3\n3 3\n0 0\n"", ""output"": ""####\n#..#\n####\n\n###\n#.#\n#.#\n#.#\n###\n\n###\n#.#\n###\n\n\n""}, {""input"": ""3 4\n4 10\n4 3\n0 0\n"", ""output"": ""####\n#..#\n####\n\n##########\n#........#\n#........#\n##########\n\n###\n#.#\n#.#\n###\n\n\n""}, {""input"": ""3 4\n8 0\n3 3\n0 0\n"", ""output"": ""####\n#..#\n####\n\n\n##\n##\n##\n##\n##\n##\n\n\n###\n#.#\n###\n\n\n""}, {""input"": ""3 4\n10 3\n3 3\n0 0\n"", ""output"": ""####\n#..#\n####\n\n###\n#.#\n#.#\n#.#\n#.#\n#.#\n#.#\n#.#\n#.#\n###\n\n###\n#.#\n###\n\n\n""}, {""input"": ""5 4\n8 0\n3 3\n0 0\n"", ""output"": ""####\n#..#\n#..#\n#..#\n####\n\n\n##\n##\n##\n##\n##\n##\n\n\n###\n#.#\n###\n\n\n""}]","Given the following C code and assembly code, your task is to generate highly optimized x86-64 assembly code.
C Code:

```c
#include<stdio.h>

int main(void)
{
	int H, W,i,j;
	
	while(1){
		scanf(""%d %d"",&H, &W);
		
		if (H == 0 && W == 0)break;
		
		for(i = 0; i < H; i++){
			for(j = 0; j < W; j++){
				if(i == 0 || i == H - 1)
					printf(""#"");
				else if(j == 0 || j == W - 1)
					printf(""#"");
				else 
					printf(""."");
			}
				printf(""\n"");
		}
	printf(""\n"");
	}

	
	return 0;
}
```

Assembly Code:

```assembly

```

Only output the optimized assembly code. Do not include any other text. Do not write any comments in the assembly code. Wrap the assembly code in ```assembly``` tags.
Optimized Assembly Code:
","Given the following C code, your task is to generate highly optimized x86-64 assembly code.
C Code:

```c
#include<stdio.h>

int main(void)
{
	int H, W,i,j;
	
	while(1){
		scanf(""%d %d"",&H, &W);
		
		if (H == 0 && W == 0)break;
		
		for(i = 0; i < H; i++){
			for(j = 0; j < W; j++){
				if(i == 0 || i == H - 1)
					printf(""#"");
				else if(j == 0 || j == W - 1)
					printf(""#"");
				else 
					printf(""."");
			}
				printf(""\n"");
		}
	printf(""\n"");
	}

	
	return 0;
}
```

Only output the optimized assembly code. Do not include any other text. Do not write any comments in the assembly code. Wrap the assembly code in ```assembly``` tags.
Optimized Assembly Code:
"
117,"#include<stdio.h>

int road[20][20] = {}, count = 0;

int sroad(int x, int y){
	if( road[x][y] == 2 ) count++;
	if( road[x+1][y] != 0 ) sroad(x+1,y);
	if( road[x][y+1] != 0 ) sroad(x,y+1);
	return count;
}
int main(void){
	
	int a, b, n, i, j;
	
	while(1){
		scanf(""%d %d"", &a, &b);
		if(a == 0 && b == 0) break;
		
		for(i = 0; i < 20; i++){
			for(j = 0; j < 20;j++){
				road[i][j] = 0;
			}
		}
		
		scanf(""%d"",&n);
		
		for( i = 1; i < a+1; i++ ){
			for( j = 1; j < b+1; j++ ){
				road[i][j] = 1;
			}
		}
		
		road[a][b] = 2;
		
		for( i = 0; i < n; i++ ){
			scanf(""%d %d"", &a, &b);
			road[a][b] = 0;
		}
		
		count = 0;
		printf(""%d\n"", sroad(1,1));
	}
	return 0;
}","[{""input"": ""5 4\n3\n2 2\n2 3\n4 2\n5 4\n3\n2 2\n2 3\n4 2\n0 0\n"", ""output"": ""5\n5\n""}]","Given the following C code and assembly code, your task is to generate highly optimized x86-64 assembly code.
C Code:

```c
#include<stdio.h>

int road[20][20] = {}, count = 0;

int sroad(int x, int y){
	if( road[x][y] == 2 ) count++;
	if( road[x+1][y] != 0 ) sroad(x+1,y);
	if( road[x][y+1] != 0 ) sroad(x,y+1);
	return count;
}
int main(void){
	
	int a, b, n, i, j;
	
	while(1){
		scanf(""%d %d"", &a, &b);
		if(a == 0 && b == 0) break;
		
		for(i = 0; i < 20; i++){
			for(j = 0; j < 20;j++){
				road[i][j] = 0;
			}
		}
		
		scanf(""%d"",&n);
		
		for( i = 1; i < a+1; i++ ){
			for( j = 1; j < b+1; j++ ){
				road[i][j] = 1;
			}
		}
		
		road[a][b] = 2;
		
		for( i = 0; i < n; i++ ){
			scanf(""%d %d"", &a, &b);
			road[a][b] = 0;
		}
		
		count = 0;
		printf(""%d\n"", sroad(1,1));
	}
	return 0;
}
```

Assembly Code:

```assembly

```

Only output the optimized assembly code. Do not include any other text. Do not write any comments in the assembly code. Wrap the assembly code in ```assembly``` tags.
Optimized Assembly Code:
","Given the following C code, your task is to generate highly optimized x86-64 assembly code.
C Code:

```c
#include<stdio.h>

int road[20][20] = {}, count = 0;

int sroad(int x, int y){
	if( road[x][y] == 2 ) count++;
	if( road[x+1][y] != 0 ) sroad(x+1,y);
	if( road[x][y+1] != 0 ) sroad(x,y+1);
	return count;
}
int main(void){
	
	int a, b, n, i, j;
	
	while(1){
		scanf(""%d %d"", &a, &b);
		if(a == 0 && b == 0) break;
		
		for(i = 0; i < 20; i++){
			for(j = 0; j < 20;j++){
				road[i][j] = 0;
			}
		}
		
		scanf(""%d"",&n);
		
		for( i = 1; i < a+1; i++ ){
			for( j = 1; j < b+1; j++ ){
				road[i][j] = 1;
			}
		}
		
		road[a][b] = 2;
		
		for( i = 0; i < n; i++ ){
			scanf(""%d %d"", &a, &b);
			road[a][b] = 0;
		}
		
		count = 0;
		printf(""%d\n"", sroad(1,1));
	}
	return 0;
}
```

Only output the optimized assembly code. Do not include any other text. Do not write any comments in the assembly code. Wrap the assembly code in ```assembly``` tags.
Optimized Assembly Code:
"
118,"#include <stdio.h>
#include <ctype.h>

int main()
{
 int i,dem[26]={};
  char array[26]={'a','b','c','d','e','f','g','h','i','j','k','l','m','n','o','p','q','r','s','t','u','v','w','x','y','z'};
 char c;
while(scanf(""%c"",&c)!=EOF){
  c = tolower(c);
 for(i=0;i<26;i++)
 {if (c==array[i]) dem[i]++;}
}
for (i = 0; i < 26; i++)
    printf(""%c : %d\n"", 'a' + i, dem[i]);
 return 0;
}","[{""input"": ""This is ` pen.\n"", ""output"": ""a : 0\nb : 0\nc : 0\nd : 0\ne : 1\nf : 0\ng : 0\nh : 1\ni : 2\nj : 0\nk : 0\nl : 0\nm : 0\nn : 1\no : 0\np : 1\nq : 0\nr : 0\ns : 2\nt : 1\nu : 0\nv : 0\nw : 0\nx : 0\ny : 0\nz : 0\n\n""}, {""input"": ""This si a pen.\n"", ""output"": ""a : 1\nb : 0\nc : 0\nd : 0\ne : 1\nf : 0\ng : 0\nh : 1\ni : 2\nj : 0\nk : 0\nl : 0\nm : 0\nn : 1\no : 0\np : 1\nq : 0\nr : 0\ns : 2\nt : 1\nu : 0\nv : 0\nw : 0\nx : 0\ny : 0\nz : 0\n\n""}, {""input"": ""hTit si a pen.\n"", ""output"": ""a : 1\nb : 0\nc : 0\nd : 0\ne : 1\nf : 0\ng : 0\nh : 1\ni : 2\nj : 0\nk : 0\nl : 0\nm : 0\nn : 1\no : 0\np : 1\nq : 0\nr : 0\ns : 1\nt : 2\nu : 0\nv : 0\nw : 0\nx : 0\ny : 0\nz : 0\n\n""}, {""input"": ""hTis ir a pen.\n"", ""output"": ""a : 1\nb : 0\nc : 0\nd : 0\ne : 1\nf : 0\ng : 0\nh : 1\ni : 2\nj : 0\nk : 0\nl : 0\nm : 0\nn : 1\no : 0\np : 1\nq : 0\nr : 1\ns : 1\nt : 1\nu : 0\nv : 0\nw : 0\nx : 0\ny : 0\nz : 0\n\n""}, {""input"": ""hTis ri a pdn.\n"", ""output"": ""a : 1\nb : 0\nc : 0\nd : 1\ne : 0\nf : 0\ng : 0\nh : 1\ni : 2\nj : 0\nk : 0\nl : 0\nm : 0\nn : 1\no : 0\np : 1\nq : 0\nr : 1\ns : 1\nt : 1\nu : 0\nv : 0\nw : 0\nx : 0\ny : 0\nz : 0\n\n""}, {""input"": ""hTis ri a odn.\n"", ""output"": ""a : 1\nb : 0\nc : 0\nd : 1\ne : 0\nf : 0\ng : 0\nh : 1\ni : 2\nj : 0\nk : 0\nl : 0\nm : 0\nn : 1\no : 1\np : 0\nq : 0\nr : 1\ns : 1\nt : 1\nu : 0\nv : 0\nw : 0\nx : 0\ny : 0\nz : 0\n\n""}, {""input"": ""hTis ri a odo.\n"", ""output"": ""a : 1\nb : 0\nc : 0\nd : 1\ne : 0\nf : 0\ng : 0\nh : 1\ni : 2\nj : 0\nk : 0\nl : 0\nm : 0\nn : 0\no : 2\np : 0\nq : 0\nr : 1\ns : 1\nt : 1\nu : 0\nv : 0\nw : 0\nx : 0\ny : 0\nz : 0\n\n""}, {""input"": ""hsiT rh a od.o\n"", ""output"": ""a : 1\nb : 0\nc : 0\nd : 1\ne : 0\nf : 0\ng : 0\nh : 2\ni : 1\nj : 0\nk : 0\nl : 0\nm : 0\nn : 0\no : 2\np : 0\nq : 0\nr : 1\ns : 1\nt : 1\nu : 0\nv : 0\nw : 0\nx : 0\ny : 0\nz : 0\n\n""}, {""input"": ""Tsih is a od-o\n"", ""output"": ""a : 1\nb : 0\nc : 0\nd : 1\ne : 0\nf : 0\ng : 0\nh : 1\ni : 2\nj : 0\nk : 0\nl : 0\nm : 0\nn : 0\no : 2\np : 0\nq : 0\nr : 0\ns : 2\nt : 1\nu : 0\nv : 0\nw : 0\nx : 0\ny : 0\nz : 0\n\n""}, {""input"": ""Tsih is ` od-o\n"", ""output"": ""a : 0\nb : 0\nc : 0\nd : 1\ne : 0\nf : 0\ng : 0\nh : 1\ni : 2\nj : 0\nk : 0\nl : 0\nm : 0\nn : 0\no : 2\np : 0\nq : 0\nr : 0\ns : 2\nt : 1\nu : 0\nv : 0\nw : 0\nx : 0\ny : 0\nz : 0\n\n""}]","Given the following C code and assembly code, your task is to generate highly optimized x86-64 assembly code.
C Code:

```c
#include <stdio.h>
#include <ctype.h>

int main()
{
 int i,dem[26]={};
  char array[26]={'a','b','c','d','e','f','g','h','i','j','k','l','m','n','o','p','q','r','s','t','u','v','w','x','y','z'};
 char c;
while(scanf(""%c"",&c)!=EOF){
  c = tolower(c);
 for(i=0;i<26;i++)
 {if (c==array[i]) dem[i]++;}
}
for (i = 0; i < 26; i++)
    printf(""%c : %d\n"", 'a' + i, dem[i]);
 return 0;
}
```

Assembly Code:

```assembly

```

Only output the optimized assembly code. Do not include any other text. Do not write any comments in the assembly code. Wrap the assembly code in ```assembly``` tags.
Optimized Assembly Code:
","Given the following C code, your task is to generate highly optimized x86-64 assembly code.
C Code:

```c
#include <stdio.h>
#include <ctype.h>

int main()
{
 int i,dem[26]={};
  char array[26]={'a','b','c','d','e','f','g','h','i','j','k','l','m','n','o','p','q','r','s','t','u','v','w','x','y','z'};
 char c;
while(scanf(""%c"",&c)!=EOF){
  c = tolower(c);
 for(i=0;i<26;i++)
 {if (c==array[i]) dem[i]++;}
}
for (i = 0; i < 26; i++)
    printf(""%c : %d\n"", 'a' + i, dem[i]);
 return 0;
}
```

Only output the optimized assembly code. Do not include any other text. Do not write any comments in the assembly code. Wrap the assembly code in ```assembly``` tags.
Optimized Assembly Code:
"
119,"#include <stdio.h>
#include <stdbool.h>

#define W 10
#define K 10

int Robmax(int data[], int size);

int main()
{
	int i,k;
	int Wmax, Kmax;
	int Wsum=0;
	int Ksum=0;
	int Wdata[W];
	int Kdata[K];
	for(i=0; i<W; i++){
		scanf(""%d"", &Wdata[i]);
	}
	for(k=0; k<K; k++){
		scanf(""%d"", &Kdata[k]);
	}
	for(i=0; i<3; i++){
		Wmax = Robmax(Wdata, W);
		Wsum += Wmax;
		Kmax = Robmax(Kdata, K);
		Ksum += Kmax;
	}
	printf(""%d %d\n"", Wsum, Ksum);
	return 0;
}

int Robmax(int data[], int size)
{
	int i;
	int idx = 0;
	int max = data[idx];
	for(i=0; i<size; i++){
		if(max < data[i]){
			max = data[i];
			idx = i;
		}
	}
	data[idx] = 0;
	return max;
}","[{""input"": ""23\n23\n20\n15\n15\n14\n13\n9\n7\n6\n25\n19\n17\n17\n16\n13\n12\n11\n9\n5\n"", ""output"": ""66 61\n""}]","Given the following C code and assembly code, your task is to generate highly optimized x86-64 assembly code.
C Code:

```c
#include <stdio.h>
#include <stdbool.h>

#define W 10
#define K 10

int Robmax(int data[], int size);

int main()
{
	int i,k;
	int Wmax, Kmax;
	int Wsum=0;
	int Ksum=0;
	int Wdata[W];
	int Kdata[K];
	for(i=0; i<W; i++){
		scanf(""%d"", &Wdata[i]);
	}
	for(k=0; k<K; k++){
		scanf(""%d"", &Kdata[k]);
	}
	for(i=0; i<3; i++){
		Wmax = Robmax(Wdata, W);
		Wsum += Wmax;
		Kmax = Robmax(Kdata, K);
		Ksum += Kmax;
	}
	printf(""%d %d\n"", Wsum, Ksum);
	return 0;
}

int Robmax(int data[], int size)
{
	int i;
	int idx = 0;
	int max = data[idx];
	for(i=0; i<size; i++){
		if(max < data[i]){
			max = data[i];
			idx = i;
		}
	}
	data[idx] = 0;
	return max;
}
```

Assembly Code:

```assembly

```

Only output the optimized assembly code. Do not include any other text. Do not write any comments in the assembly code. Wrap the assembly code in ```assembly``` tags.
Optimized Assembly Code:
","Given the following C code, your task is to generate highly optimized x86-64 assembly code.
C Code:

```c
#include <stdio.h>
#include <stdbool.h>

#define W 10
#define K 10

int Robmax(int data[], int size);

int main()
{
	int i,k;
	int Wmax, Kmax;
	int Wsum=0;
	int Ksum=0;
	int Wdata[W];
	int Kdata[K];
	for(i=0; i<W; i++){
		scanf(""%d"", &Wdata[i]);
	}
	for(k=0; k<K; k++){
		scanf(""%d"", &Kdata[k]);
	}
	for(i=0; i<3; i++){
		Wmax = Robmax(Wdata, W);
		Wsum += Wmax;
		Kmax = Robmax(Kdata, K);
		Ksum += Kmax;
	}
	printf(""%d %d\n"", Wsum, Ksum);
	return 0;
}

int Robmax(int data[], int size)
{
	int i;
	int idx = 0;
	int max = data[idx];
	for(i=0; i<size; i++){
		if(max < data[i]){
			max = data[i];
			idx = i;
		}
	}
	data[idx] = 0;
	return max;
}
```

Only output the optimized assembly code. Do not include any other text. Do not write any comments in the assembly code. Wrap the assembly code in ```assembly``` tags.
Optimized Assembly Code:
"
120,"#include<stdio.h>
#include<string.h>
#include<stdlib.h>

int main(){
    char org[200000];
    char str[200000];
    long i,j,n,k,len,nflag=0;

    scanf(""%s"",org);
    len=strlen(org);
    str[0]=org[0];
    str[1]=0;
    k=1;

    for(i=1;i<len;i+=n){
        n=1;
        if(nflag==0){
        for(j=0;j<256;j++){
            if(i+j>=len){
                break;
                }
            if(org[j+i]==str[j]){
               n++;
               nflag++;
               str[j]=org[j+i];
            }else{
                k++;
                str[j]=org[j+i];
                break;
            }
        }
        }else{
            k++;
            str[0]=org[i];
            nflag=0;
        }
        
        str[n]=0;
    }


    printf(""%ld\n"",k);
    return 0;
}","[{""input"": ""aaaccacabaababb\n"", ""output"": ""11\n\n""}, {""input"": ""a`bbaa\n"", ""output"": ""5\n\n""}, {""input"": ""abbccacabaababa\n"", ""output"": ""13\n\n""}, {""input"": ""abbccaaabaababc\n"", ""output"": ""12\n\n""}, {""input"": ""b`aba`\n"", ""output"": ""6\n\n""}, {""input"": ""b``aaa\n"", ""output"": ""4\n\n""}, {""input"": ""`abab`cbbba`c`b\n"", ""output"": ""14\n\n""}, {""input"": ""`_b`ab`_babcdba\n"", ""output"": ""15\n\n""}, {""input"": ""aabccacabaababb\n"", ""output"": ""11\n\n""}, {""input"": ""a`bcaa\n"", ""output"": ""5\n\n""}]","Given the following C code and assembly code, your task is to generate highly optimized x86-64 assembly code.
C Code:

```c
#include<stdio.h>
#include<string.h>
#include<stdlib.h>

int main(){
    char org[200000];
    char str[200000];
    long i,j,n,k,len,nflag=0;

    scanf(""%s"",org);
    len=strlen(org);
    str[0]=org[0];
    str[1]=0;
    k=1;

    for(i=1;i<len;i+=n){
        n=1;
        if(nflag==0){
        for(j=0;j<256;j++){
            if(i+j>=len){
                break;
                }
            if(org[j+i]==str[j]){
               n++;
               nflag++;
               str[j]=org[j+i];
            }else{
                k++;
                str[j]=org[j+i];
                break;
            }
        }
        }else{
            k++;
            str[0]=org[i];
            nflag=0;
        }
        
        str[n]=0;
    }


    printf(""%ld\n"",k);
    return 0;
}
```

Assembly Code:

```assembly

```

Only output the optimized assembly code. Do not include any other text. Do not write any comments in the assembly code. Wrap the assembly code in ```assembly``` tags.
Optimized Assembly Code:
","Given the following C code, your task is to generate highly optimized x86-64 assembly code.
C Code:

```c
#include<stdio.h>
#include<string.h>
#include<stdlib.h>

int main(){
    char org[200000];
    char str[200000];
    long i,j,n,k,len,nflag=0;

    scanf(""%s"",org);
    len=strlen(org);
    str[0]=org[0];
    str[1]=0;
    k=1;

    for(i=1;i<len;i+=n){
        n=1;
        if(nflag==0){
        for(j=0;j<256;j++){
            if(i+j>=len){
                break;
                }
            if(org[j+i]==str[j]){
               n++;
               nflag++;
               str[j]=org[j+i];
            }else{
                k++;
                str[j]=org[j+i];
                break;
            }
        }
        }else{
            k++;
            str[0]=org[i];
            nflag=0;
        }
        
        str[n]=0;
    }


    printf(""%ld\n"",k);
    return 0;
}
```

Only output the optimized assembly code. Do not include any other text. Do not write any comments in the assembly code. Wrap the assembly code in ```assembly``` tags.
Optimized Assembly Code:
"
121,"// AOJ 1593: Star
// 2017.11.29 bal4u@uu

#include <stdio.h>
#include <math.h>

#define PI 3.1415926535897932384626433832795

// area = n*r^2*sin(180/n)*cos(180k/n)*sec(180(k-1)/n), for n/k star
int main()
{
	int n, k;

	scanf(""%d%d"", &n, &k);
	printf(""%.10lf\n"", n*sin(PI/n)*cos(k*PI/n)/cos((k-1)*PI/n));
	return 0;
}","[{""input"": ""100000 2\n"", ""output"": ""3.1415926484\n\n""}, {""input"": ""36 3\n"", ""output"": ""3.0774487433\n\n""}, {""input"": ""36 2\n"", ""output"": ""3.1017425091\n\n""}, {""input"": ""100010 4\n"", ""output"": ""3.1415926422\n\n""}, {""input"": ""000010 4\n"", ""output"": ""1.6245984812\n\n""}, {""input"": ""001010 4\n"", ""output"": ""3.1414812017\n\n""}, {""input"": ""100100 3\n"", ""output"": ""3.1415926453\n\n""}, {""input"": ""33 3\n"", ""output"": ""3.0651767230\n\n""}, {""input"": ""101000 2\n"", ""output"": ""3.1415926485\n\n""}, {""input"": ""36 4\n"", ""output"": ""3.0523936924\n\n""}]","Given the following C code and assembly code, your task is to generate highly optimized x86-64 assembly code.
C Code:

```c
// AOJ 1593: Star
// 2017.11.29 bal4u@uu

#include <stdio.h>
#include <math.h>

#define PI 3.1415926535897932384626433832795

// area = n*r^2*sin(180/n)*cos(180k/n)*sec(180(k-1)/n), for n/k star
int main()
{
	int n, k;

	scanf(""%d%d"", &n, &k);
	printf(""%.10lf\n"", n*sin(PI/n)*cos(k*PI/n)/cos((k-1)*PI/n));
	return 0;
}
```

Assembly Code:

```assembly

```

Only output the optimized assembly code. Do not include any other text. Do not write any comments in the assembly code. Wrap the assembly code in ```assembly``` tags.
Optimized Assembly Code:
","Given the following C code, your task is to generate highly optimized x86-64 assembly code.
C Code:

```c
// AOJ 1593: Star
// 2017.11.29 bal4u@uu

#include <stdio.h>
#include <math.h>

#define PI 3.1415926535897932384626433832795

// area = n*r^2*sin(180/n)*cos(180k/n)*sec(180(k-1)/n), for n/k star
int main()
{
	int n, k;

	scanf(""%d%d"", &n, &k);
	printf(""%.10lf\n"", n*sin(PI/n)*cos(k*PI/n)/cos((k-1)*PI/n));
	return 0;
}
```

Only output the optimized assembly code. Do not include any other text. Do not write any comments in the assembly code. Wrap the assembly code in ```assembly``` tags.
Optimized Assembly Code:
"
122,"#include<stdio.h>
#include<stdlib.h>
#include<math.h>
#define N 13
#define pi M_PI

int main(){
    int n;
    scanf(""%d"",&n);
    int count;
    for(int i=0;i<n;i++){
        int p;
        int check = 1;
        scanf(""%d"",&p);
        for(int j=2;j*j<=p;j++){
            if(p%j==0){
                check=0;
                break;
            }
        }
        if(check==1){
            count++;
        }
    }
    printf(""%d\n"",count);
   return 0;
}
","[{""input"": ""11\n7\n8\n9\n10\n11\n12\n13\n14\n27\n16\n17\n"", ""output"": ""4\n\n""}, {""input"": ""11\n7\n8\n9\n10\n11\n22\n13\n2\n27\n8\n17\n"", ""output"": ""5\n\n""}, {""input"": ""5\n2\n4\n7\n5\n6\n"", ""output"": ""3\n\n""}, {""input"": ""11\n7\n8\n9\n26\n15\n22\n2\n14\n27\n8\n27\n"", ""output"": ""2\n\n""}, {""input"": ""11\n14\n8\n9\n26\n15\n22\n2\n14\n27\n8\n27\n"", ""output"": ""1\n\n""}, {""input"": ""11\n7\n10\n9\n10\n11\n13\n17\n3\n15\n16\n17\n"", ""output"": ""6\n\n""}, {""input"": ""11\n7\n8\n9\n11\n11\n22\n17\n3\n17\n8\n17\n"", ""output"": ""7\n\n""}, {""input"": ""11\n7\n8\n9\n10\n11\n22\n13\n14\n27\n16\n17\n"", ""output"": ""4\n\n""}, {""input"": ""11\n7\n8\n9\n10\n11\n22\n13\n14\n27\n8\n17\n"", ""output"": ""4\n\n""}, {""input"": ""11\n7\n8\n9\n10\n11\n22\n13\n2\n27\n8\n14\n"", ""output"": ""4\n\n""}]","Given the following C code and assembly code, your task is to generate highly optimized x86-64 assembly code.
C Code:

```c
#include<stdio.h>
#include<stdlib.h>
#include<math.h>
#define N 13
#define pi M_PI

int main(){
    int n;
    scanf(""%d"",&n);
    int count;
    for(int i=0;i<n;i++){
        int p;
        int check = 1;
        scanf(""%d"",&p);
        for(int j=2;j*j<=p;j++){
            if(p%j==0){
                check=0;
                break;
            }
        }
        if(check==1){
            count++;
        }
    }
    printf(""%d\n"",count);
   return 0;
}
```

Assembly Code:

```assembly

```

Only output the optimized assembly code. Do not include any other text. Do not write any comments in the assembly code. Wrap the assembly code in ```assembly``` tags.
Optimized Assembly Code:
","Given the following C code, your task is to generate highly optimized x86-64 assembly code.
C Code:

```c
#include<stdio.h>
#include<stdlib.h>
#include<math.h>
#define N 13
#define pi M_PI

int main(){
    int n;
    scanf(""%d"",&n);
    int count;
    for(int i=0;i<n;i++){
        int p;
        int check = 1;
        scanf(""%d"",&p);
        for(int j=2;j*j<=p;j++){
            if(p%j==0){
                check=0;
                break;
            }
        }
        if(check==1){
            count++;
        }
    }
    printf(""%d\n"",count);
   return 0;
}
```

Only output the optimized assembly code. Do not include any other text. Do not write any comments in the assembly code. Wrap the assembly code in ```assembly``` tags.
Optimized Assembly Code:
"
123,"#include<stdio.h>
int main(void)
{
	int a,b,s,m;
	scanf(""%d %d"",&a,&b);
	s=a*b;
	m=a*2+b*2;
	printf(""%d %d\n"",s,m);
	return 0;
}

","[{""input"": ""0 5\n"", ""output"": ""0 10\n\n""}, {""input"": ""1 5\n"", ""output"": ""5 12\n\n""}, {""input"": ""1 3\n"", ""output"": ""3 8\n\n""}, {""input"": ""0 3\n"", ""output"": ""0 6\n\n""}, {""input"": ""0 1\n"", ""output"": ""0 2\n\n""}, {""input"": ""0 2\n"", ""output"": ""0 4\n\n""}, {""input"": ""0 4\n"", ""output"": ""0 8\n\n""}, {""input"": ""1 4\n"", ""output"": ""4 10\n\n""}, {""input"": ""2 4\n"", ""output"": ""8 12\n\n""}, {""input"": ""2 7\n"", ""output"": ""14 18\n\n""}]","Given the following C code and assembly code, your task is to generate highly optimized x86-64 assembly code.
C Code:

```c
#include<stdio.h>
int main(void)
{
	int a,b,s,m;
	scanf(""%d %d"",&a,&b);
	s=a*b;
	m=a*2+b*2;
	printf(""%d %d\n"",s,m);
	return 0;
}
```

Assembly Code:

```assembly

```

Only output the optimized assembly code. Do not include any other text. Do not write any comments in the assembly code. Wrap the assembly code in ```assembly``` tags.
Optimized Assembly Code:
","Given the following C code, your task is to generate highly optimized x86-64 assembly code.
C Code:

```c
#include<stdio.h>
int main(void)
{
	int a,b,s,m;
	scanf(""%d %d"",&a,&b);
	s=a*b;
	m=a*2+b*2;
	printf(""%d %d\n"",s,m);
	return 0;
}
```

Only output the optimized assembly code. Do not include any other text. Do not write any comments in the assembly code. Wrap the assembly code in ```assembly``` tags.
Optimized Assembly Code:
"
124,"#include <stdio.h>

int main(void)
{
    unsigned long n,a,b;
    scanf(""%lu%lu%lu"", &n,&a,&b);
    if(a==0){
        printf(""0"");
        return 0;
    }else if(b==0){
        printf(""%lu"",n);
        return 0;
    }else if(n>(a+b)){
        unsigned long tmp=n/(a+b);
        unsigned long blue=tmp*a;
        if(n%(a+b)>a){
            blue+=a;
            printf(""%lu"",blue);
            return 0;
        }else{
            blue+=n%(a+b);
            printf(""%lu"",blue);
            return 0;
        }
    }else if(n>=a){
        printf(""%lu"",a);
        return 0;
    }else if(n<a){
        printf(""%lu"",n);
        return 0;
    }
    return 0;
}","[{""input"": ""8 0 1\n"", ""output"": ""0\n\n""}, {""input"": ""8 3 7\n"", ""output"": ""3\n\n""}, {""input"": ""8 1 1\n"", ""output"": ""4\n\n""}, {""input"": ""8 1 7\n"", ""output"": ""1\n\n""}, {""input"": ""8 1 5\n"", ""output"": ""2\n\n""}, {""input"": ""6 1 0\n"", ""output"": ""6\n\n""}, {""input"": ""5 12 0\n"", ""output"": ""5\n\n""}, {""input"": ""10 12 0\n"", ""output"": ""10\n\n""}, {""input"": ""9 24 -1\n"", ""output"": ""9\n\n""}, {""input"": ""7 24 -1\n"", ""output"": ""7\n\n""}]","Given the following C code and assembly code, your task is to generate highly optimized x86-64 assembly code.
C Code:

```c
#include <stdio.h>

int main(void)
{
    unsigned long n,a,b;
    scanf(""%lu%lu%lu"", &n,&a,&b);
    if(a==0){
        printf(""0"");
        return 0;
    }else if(b==0){
        printf(""%lu"",n);
        return 0;
    }else if(n>(a+b)){
        unsigned long tmp=n/(a+b);
        unsigned long blue=tmp*a;
        if(n%(a+b)>a){
            blue+=a;
            printf(""%lu"",blue);
            return 0;
        }else{
            blue+=n%(a+b);
            printf(""%lu"",blue);
            return 0;
        }
    }else if(n>=a){
        printf(""%lu"",a);
        return 0;
    }else if(n<a){
        printf(""%lu"",n);
        return 0;
    }
    return 0;
}
```

Assembly Code:

```assembly

```

Only output the optimized assembly code. Do not include any other text. Do not write any comments in the assembly code. Wrap the assembly code in ```assembly``` tags.
Optimized Assembly Code:
","Given the following C code, your task is to generate highly optimized x86-64 assembly code.
C Code:

```c
#include <stdio.h>

int main(void)
{
    unsigned long n,a,b;
    scanf(""%lu%lu%lu"", &n,&a,&b);
    if(a==0){
        printf(""0"");
        return 0;
    }else if(b==0){
        printf(""%lu"",n);
        return 0;
    }else if(n>(a+b)){
        unsigned long tmp=n/(a+b);
        unsigned long blue=tmp*a;
        if(n%(a+b)>a){
            blue+=a;
            printf(""%lu"",blue);
            return 0;
        }else{
            blue+=n%(a+b);
            printf(""%lu"",blue);
            return 0;
        }
    }else if(n>=a){
        printf(""%lu"",a);
        return 0;
    }else if(n<a){
        printf(""%lu"",n);
        return 0;
    }
    return 0;
}
```

Only output the optimized assembly code. Do not include any other text. Do not write any comments in the assembly code. Wrap the assembly code in ```assembly``` tags.
Optimized Assembly Code:
"
125,"#include<stdio.h>

int main(void)

{

 int x;


 scanf(""%d"",&x);

 x = x*x*x;

 printf(""%d\n"",x);

 return 0;

}","[{""input"": ""2\n"", ""output"": ""8\n""}]","Given the following C code and assembly code, your task is to generate highly optimized x86-64 assembly code.
C Code:

```c
#include<stdio.h>

int main(void)

{

 int x;


 scanf(""%d"",&x);

 x = x*x*x;

 printf(""%d\n"",x);

 return 0;

}
```

Assembly Code:

```assembly

```

Only output the optimized assembly code. Do not include any other text. Do not write any comments in the assembly code. Wrap the assembly code in ```assembly``` tags.
Optimized Assembly Code:
","Given the following C code, your task is to generate highly optimized x86-64 assembly code.
C Code:

```c
#include<stdio.h>

int main(void)

{

 int x;


 scanf(""%d"",&x);

 x = x*x*x;

 printf(""%d\n"",x);

 return 0;

}
```

Only output the optimized assembly code. Do not include any other text. Do not write any comments in the assembly code. Wrap the assembly code in ```assembly``` tags.
Optimized Assembly Code:
"
126,"#include <stdio.h>
#include <string.h>

int main(void)
{
  char s[100001] = """";
  char *p;
  int f = 0;
  scanf(""%s"", s);
  
  p = s;
  
  while ( strlen(p) != 0 ) {
    //puts(p);
    if ( strncmp(p, ""dreameraser"", 11) == 0 ) {
      p += 11;
    } else if ( strncmp(p, ""dreamerase"", 10) == 0 ) {
      p += 10;
    } else if ( strncmp(p, ""eraser"", 6) == 0 ) {
      p += 6;
    } else if ( strncmp(p, ""dreamer"", 7) == 0 ) {
      p += 7;
    } else if ( strncmp(p, ""dream"", 5) == 0 ) {
      p += 5;
    } else if ( strncmp(p, ""erase"", 5) == 0 ) {
      p += 5;
    } else {
      f = 1;
      puts(""NO"");
      break;
    }
  }
  if ( ! f ) {
    puts(""YES"");
  }
  
  return 0;
}","[{""input"": ""dre`merer\n"", ""output"": ""NO\n\n""}, {""input"": ""maerdesare\n"", ""output"": ""NO\n\n""}, {""input"": ""resaremaerd\n"", ""output"": ""NO\n\n""}, {""input"": ""dre`meqer\n"", ""output"": ""NO\n\n""}, {""input"": ""er`sedream\n"", ""output"": ""NO\n\n""}, {""input"": ""ersaremaerd\n"", ""output"": ""NO\n\n""}, {""input"": ""reqem`erd\n"", ""output"": ""NO\n\n""}, {""input"": ""eq`sedream\n"", ""output"": ""NO\n\n""}, {""input"": ""ersaremadrd\n"", ""output"": ""NO\n\n""}, {""input"": ""reqem`erc\n"", ""output"": ""NO\n\n""}]","Given the following C code and assembly code, your task is to generate highly optimized x86-64 assembly code.
C Code:

```c
#include <stdio.h>
#include <string.h>

int main(void)
{
  char s[100001] = """";
  char *p;
  int f = 0;
  scanf(""%s"", s);
  
  p = s;
  
  while ( strlen(p) != 0 ) {
    //puts(p);
    if ( strncmp(p, ""dreameraser"", 11) == 0 ) {
      p += 11;
    } else if ( strncmp(p, ""dreamerase"", 10) == 0 ) {
      p += 10;
    } else if ( strncmp(p, ""eraser"", 6) == 0 ) {
      p += 6;
    } else if ( strncmp(p, ""dreamer"", 7) == 0 ) {
      p += 7;
    } else if ( strncmp(p, ""dream"", 5) == 0 ) {
      p += 5;
    } else if ( strncmp(p, ""erase"", 5) == 0 ) {
      p += 5;
    } else {
      f = 1;
      puts(""NO"");
      break;
    }
  }
  if ( ! f ) {
    puts(""YES"");
  }
  
  return 0;
}
```

Assembly Code:

```assembly

```

Only output the optimized assembly code. Do not include any other text. Do not write any comments in the assembly code. Wrap the assembly code in ```assembly``` tags.
Optimized Assembly Code:
","Given the following C code, your task is to generate highly optimized x86-64 assembly code.
C Code:

```c
#include <stdio.h>
#include <string.h>

int main(void)
{
  char s[100001] = """";
  char *p;
  int f = 0;
  scanf(""%s"", s);
  
  p = s;
  
  while ( strlen(p) != 0 ) {
    //puts(p);
    if ( strncmp(p, ""dreameraser"", 11) == 0 ) {
      p += 11;
    } else if ( strncmp(p, ""dreamerase"", 10) == 0 ) {
      p += 10;
    } else if ( strncmp(p, ""eraser"", 6) == 0 ) {
      p += 6;
    } else if ( strncmp(p, ""dreamer"", 7) == 0 ) {
      p += 7;
    } else if ( strncmp(p, ""dream"", 5) == 0 ) {
      p += 5;
    } else if ( strncmp(p, ""erase"", 5) == 0 ) {
      p += 5;
    } else {
      f = 1;
      puts(""NO"");
      break;
    }
  }
  if ( ! f ) {
    puts(""YES"");
  }
  
  return 0;
}
```

Only output the optimized assembly code. Do not include any other text. Do not write any comments in the assembly code. Wrap the assembly code in ```assembly``` tags.
Optimized Assembly Code:
"
127,"#include<stdio.h>

int main(void)
{
  int s,w;
  scanf(""%d %d"", &s ,&w);
  if(!(s >= 1 && s <= 100 && w >= 1 && w <= 100))
    return 1;
  if(w >= s)
  {
    printf(""unsafe\n"");
  }
  else
    printf(""safe\n"");
}","[{""input"": ""1 5\n"", ""output"": ""unsafe\n\n""}, {""input"": ""101 2\n"", ""output"": ""safe\n\n""}, {""input"": ""5 10\n"", ""output"": ""unsafe\n\n""}, {""input"": ""1 6\n"", ""output"": ""unsafe\n\n""}, {""input"": ""111 2\n"", ""output"": ""safe\n\n""}, {""input"": ""8 10\n"", ""output"": ""unsafe\n\n""}, {""input"": ""0 6\n"", ""output"": ""unsafe\n\n""}, {""input"": ""111 0\n"", ""output"": ""safe\n\n""}, {""input"": ""11 10\n"", ""output"": ""safe\n\n""}, {""input"": ""-1 6\n"", ""output"": ""unsafe\n\n""}]","Given the following C code and assembly code, your task is to generate highly optimized x86-64 assembly code.
C Code:

```c
#include<stdio.h>

int main(void)
{
  int s,w;
  scanf(""%d %d"", &s ,&w);
  if(!(s >= 1 && s <= 100 && w >= 1 && w <= 100))
    return 1;
  if(w >= s)
  {
    printf(""unsafe\n"");
  }
  else
    printf(""safe\n"");
}
```

Assembly Code:

```assembly

```

Only output the optimized assembly code. Do not include any other text. Do not write any comments in the assembly code. Wrap the assembly code in ```assembly``` tags.
Optimized Assembly Code:
","Given the following C code, your task is to generate highly optimized x86-64 assembly code.
C Code:

```c
#include<stdio.h>

int main(void)
{
  int s,w;
  scanf(""%d %d"", &s ,&w);
  if(!(s >= 1 && s <= 100 && w >= 1 && w <= 100))
    return 1;
  if(w >= s)
  {
    printf(""unsafe\n"");
  }
  else
    printf(""safe\n"");
}
```

Only output the optimized assembly code. Do not include any other text. Do not write any comments in the assembly code. Wrap the assembly code in ```assembly``` tags.
Optimized Assembly Code:
"
128,"#include <stdio.h>
#include <stdlib.h>

int main(){
    int N;
    scanf(""%d"",&N);
    if(N%2==0){
        printf(""%d"",N/2);
    }else{
        printf(""%d"",N/2+1); 
    }
}","[{""input"": ""9\n"", ""output"": ""5\n\n""}, {""input"": ""110\n"", ""output"": ""55\n\n""}, {""input"": ""3\n"", ""output"": ""2\n\n""}, {""input"": ""11\n"", ""output"": ""6\n\n""}, {""input"": ""111\n"", ""output"": ""56\n\n""}, {""input"": ""6\n"", ""output"": ""3\n\n""}, {""input"": ""101\n"", ""output"": ""51\n\n""}, {""input"": ""1\n"", ""output"": ""1\n\n""}, {""input"": ""8\n"", ""output"": ""4\n\n""}, {""input"": ""18\n"", ""output"": ""9\n\n""}]","Given the following C code and assembly code, your task is to generate highly optimized x86-64 assembly code.
C Code:

```c
#include <stdio.h>
#include <stdlib.h>

int main(){
    int N;
    scanf(""%d"",&N);
    if(N%2==0){
        printf(""%d"",N/2);
    }else{
        printf(""%d"",N/2+1); 
    }
}
```

Assembly Code:

```assembly

```

Only output the optimized assembly code. Do not include any other text. Do not write any comments in the assembly code. Wrap the assembly code in ```assembly``` tags.
Optimized Assembly Code:
","Given the following C code, your task is to generate highly optimized x86-64 assembly code.
C Code:

```c
#include <stdio.h>
#include <stdlib.h>

int main(){
    int N;
    scanf(""%d"",&N);
    if(N%2==0){
        printf(""%d"",N/2);
    }else{
        printf(""%d"",N/2+1); 
    }
}
```

Only output the optimized assembly code. Do not include any other text. Do not write any comments in the assembly code. Wrap the assembly code in ```assembly``` tags.
Optimized Assembly Code:
"
129,"
#include<stdio.h>
int main()
{
  long long  int N,K,i,s=0,k,l,a[100000];
    scanf(""%lld %lld"",&N,&K);
    for(i=0;i<N;i++)
    {
      scanf(""%lld"",&a[i]);
    }
    for(i=0;i<N;i++)
    {
        if(a[i]>=K)
        {
            s=s+1;
        }
    }
    printf(""%lld"",s);
    return 0;
}
","[{""input"": ""5 1\n100 200 300 467 500\n"", ""output"": ""5\n\n""}, {""input"": ""4 150\n151 140 100 200\n"", ""output"": ""2\n\n""}, {""input"": ""0 500\n499\n"", ""output"": ""0\n\n""}, {""input"": ""1 500\n654\n"", ""output"": ""1\n\n""}, {""input"": ""5 2\n000 200 300 467 500\n"", ""output"": ""4\n\n""}, {""input"": ""4 112\n150 140 100 200\n"", ""output"": ""3\n\n""}, {""input"": ""5 2\n100 200 300 467 500\n"", ""output"": ""5\n\n""}, {""input"": ""-1 500\n499\n"", ""output"": ""0\n\n""}, {""input"": ""5 2\n100 200 476 467 500\n"", ""output"": ""5\n\n""}, {""input"": ""-1 500\n289\n"", ""output"": ""0\n\n""}]","Given the following C code and assembly code, your task is to generate highly optimized x86-64 assembly code.
C Code:

```c

#include<stdio.h>
int main()
{
  long long  int N,K,i,s=0,k,l,a[100000];
    scanf(""%lld %lld"",&N,&K);
    for(i=0;i<N;i++)
    {
      scanf(""%lld"",&a[i]);
    }
    for(i=0;i<N;i++)
    {
        if(a[i]>=K)
        {
            s=s+1;
        }
    }
    printf(""%lld"",s);
    return 0;
}
```

Assembly Code:

```assembly

```

Only output the optimized assembly code. Do not include any other text. Do not write any comments in the assembly code. Wrap the assembly code in ```assembly``` tags.
Optimized Assembly Code:
","Given the following C code, your task is to generate highly optimized x86-64 assembly code.
C Code:

```c

#include<stdio.h>
int main()
{
  long long  int N,K,i,s=0,k,l,a[100000];
    scanf(""%lld %lld"",&N,&K);
    for(i=0;i<N;i++)
    {
      scanf(""%lld"",&a[i]);
    }
    for(i=0;i<N;i++)
    {
        if(a[i]>=K)
        {
            s=s+1;
        }
    }
    printf(""%lld"",s);
    return 0;
}
```

Only output the optimized assembly code. Do not include any other text. Do not write any comments in the assembly code. Wrap the assembly code in ```assembly``` tags.
Optimized Assembly Code:
"
130,"#include <stdio.h>
 
int main(void) {
    unsigned long long n;
    unsigned long long num;
    unsigned long long i;
    unsigned long long sum;
    scanf(""%lld"",&n);
    sum=0;
    for(i=0;i<n;i++) {
        scanf(""%lld"",&num);
        sum+=num;
    }
    printf(""%lld\n"",sum/n);
    return 0;
}","[{""input"": ""6\n23426\n5600\n33800\n0\n26495\n52000\n"", ""output"": ""23553\n\n""}, {""input"": ""6\n23426\n5600\n33800\n0\n17519\n52000\n"", ""output"": ""22057\n\n""}, {""input"": ""6\n23426\n5600\n33800\n0\n14222\n52000\n"", ""output"": ""21508\n\n""}, {""input"": ""6\n23426\n5600\n33800\n0\n2007\n52000\n"", ""output"": ""19472\n\n""}, {""input"": ""6\n23426\n5600\n33800\n0\n2007\n80378\n"", ""output"": ""24201\n\n""}, {""input"": ""6\n23426\n5600\n33800\n0\n3681\n80378\n"", ""output"": ""24480\n\n""}, {""input"": ""6\n23426\n5600\n33800\n0\n3681\n10193\n"", ""output"": ""12783\n\n""}, {""input"": ""6\n46488\n5600\n33800\n0\n3681\n10193\n"", ""output"": ""16627\n\n""}, {""input"": ""6\n46488\n5600\n33800\n0\n1682\n10193\n"", ""output"": ""16293\n\n""}, {""input"": ""6\n46488\n5600\n33800\n1\n1682\n10193\n"", ""output"": ""16294\n\n""}]","Given the following C code and assembly code, your task is to generate highly optimized x86-64 assembly code.
C Code:

```c
#include <stdio.h>
 
int main(void) {
    unsigned long long n;
    unsigned long long num;
    unsigned long long i;
    unsigned long long sum;
    scanf(""%lld"",&n);
    sum=0;
    for(i=0;i<n;i++) {
        scanf(""%lld"",&num);
        sum+=num;
    }
    printf(""%lld\n"",sum/n);
    return 0;
}
```

Assembly Code:

```assembly

```

Only output the optimized assembly code. Do not include any other text. Do not write any comments in the assembly code. Wrap the assembly code in ```assembly``` tags.
Optimized Assembly Code:
","Given the following C code, your task is to generate highly optimized x86-64 assembly code.
C Code:

```c
#include <stdio.h>
 
int main(void) {
    unsigned long long n;
    unsigned long long num;
    unsigned long long i;
    unsigned long long sum;
    scanf(""%lld"",&n);
    sum=0;
    for(i=0;i<n;i++) {
        scanf(""%lld"",&num);
        sum+=num;
    }
    printf(""%lld\n"",sum/n);
    return 0;
}
```

Only output the optimized assembly code. Do not include any other text. Do not write any comments in the assembly code. Wrap the assembly code in ```assembly``` tags.
Optimized Assembly Code:
"
131,"#include <stdio.h>

    int main(void)
    { 
        int x,a; 
        a=1;
        while(1){
        x=0;
        scanf(""%d"",&x);
        if(x==0){
           break;
        }
        printf(""Case %d: %d\n"",a,x);
        a++;
    
        }
	return 0;
    }","[{""input"": ""3\n5\n11\n3\n8\n19\n0\n"", ""output"": ""Case 1: 3\nCase 2: 5\nCase 3: 11\nCase 4: 3\nCase 5: 8\nCase 6: 19\n\n""}, {""input"": ""3\n5\n11\n7\n8\n34\n0\n"", ""output"": ""Case 1: 3\nCase 2: 5\nCase 3: 11\nCase 4: 7\nCase 5: 8\nCase 6: 34\n\n""}, {""input"": ""3\n5\n11\n4\n8\n19\n0\n"", ""output"": ""Case 1: 3\nCase 2: 5\nCase 3: 11\nCase 4: 4\nCase 5: 8\nCase 6: 19\n\n""}, {""input"": ""3\n5\n11\n7\n14\n34\n0\n"", ""output"": ""Case 1: 3\nCase 2: 5\nCase 3: 11\nCase 4: 7\nCase 5: 14\nCase 6: 34\n\n""}, {""input"": ""3\n5\n11\n4\n2\n19\n0\n"", ""output"": ""Case 1: 3\nCase 2: 5\nCase 3: 11\nCase 4: 4\nCase 5: 2\nCase 6: 19\n\n""}, {""input"": ""3\n5\n11\n7\n26\n34\n0\n"", ""output"": ""Case 1: 3\nCase 2: 5\nCase 3: 11\nCase 4: 7\nCase 5: 26\nCase 6: 34\n\n""}, {""input"": ""3\n5\n9\n4\n2\n19\n0\n"", ""output"": ""Case 1: 3\nCase 2: 5\nCase 3: 9\nCase 4: 4\nCase 5: 2\nCase 6: 19\n\n""}, {""input"": ""3\n2\n11\n7\n26\n34\n0\n"", ""output"": ""Case 1: 3\nCase 2: 2\nCase 3: 11\nCase 4: 7\nCase 5: 26\nCase 6: 34\n\n""}, {""input"": ""3\n4\n11\n7\n26\n34\n0\n"", ""output"": ""Case 1: 3\nCase 2: 4\nCase 3: 11\nCase 4: 7\nCase 5: 26\nCase 6: 34\n\n""}, {""input"": ""3\n4\n11\n7\n2\n34\n0\n"", ""output"": ""Case 1: 3\nCase 2: 4\nCase 3: 11\nCase 4: 7\nCase 5: 2\nCase 6: 34\n\n""}]","Given the following C code and assembly code, your task is to generate highly optimized x86-64 assembly code.
C Code:

```c
#include <stdio.h>

    int main(void)
    { 
        int x,a; 
        a=1;
        while(1){
        x=0;
        scanf(""%d"",&x);
        if(x==0){
           break;
        }
        printf(""Case %d: %d\n"",a,x);
        a++;
    
        }
	return 0;
    }
```

Assembly Code:

```assembly

```

Only output the optimized assembly code. Do not include any other text. Do not write any comments in the assembly code. Wrap the assembly code in ```assembly``` tags.
Optimized Assembly Code:
","Given the following C code, your task is to generate highly optimized x86-64 assembly code.
C Code:

```c
#include <stdio.h>

    int main(void)
    { 
        int x,a; 
        a=1;
        while(1){
        x=0;
        scanf(""%d"",&x);
        if(x==0){
           break;
        }
        printf(""Case %d: %d\n"",a,x);
        a++;
    
        }
	return 0;
    }
```

Only output the optimized assembly code. Do not include any other text. Do not write any comments in the assembly code. Wrap the assembly code in ```assembly``` tags.
Optimized Assembly Code:
"
132,"j;main(i){for(;9/i;i+=!(j%=9))printf(""%dx%d=%d\n"",i,j,++j*i);}","[{""input"": ""\n"", ""output"": ""\n""}]","Given the following C code and assembly code, your task is to generate highly optimized x86-64 assembly code.
C Code:

```c
j;main(i){for(;9/i;i+=!(j%=9))printf(""%dx%d=%d\n"",i,j,++j*i);}
```

Assembly Code:

```assembly

```

Only output the optimized assembly code. Do not include any other text. Do not write any comments in the assembly code. Wrap the assembly code in ```assembly``` tags.
Optimized Assembly Code:
","Given the following C code, your task is to generate highly optimized x86-64 assembly code.
C Code:

```c
j;main(i){for(;9/i;i+=!(j%=9))printf(""%dx%d=%d\n"",i,j,++j*i);}
```

Only output the optimized assembly code. Do not include any other text. Do not write any comments in the assembly code. Wrap the assembly code in ```assembly``` tags.
Optimized Assembly Code:
"
133,"#include <stdio.h>
 
int main()
{
    int a, b;
    scanf(""%d %d"", &a, &b);
    printf(""%d %d %.5f\n"", a / b, a % b, 1.0 * a / b);
    return 0;
}","[{""input"": ""0 2\n"", ""output"": ""0 0 0.000000\n\n""}, {""input"": ""1 2\n"", ""output"": ""0 1 0.500000\n\n""}, {""input"": ""5 2\n"", ""output"": ""2 1 2.500000\n\n""}, {""input"": ""-1 2\n"", ""output"": ""-1 1 -0.500000\n\n""}, {""input"": ""1 3\n"", ""output"": ""0 1 0.333333\n\n""}, {""input"": ""5 3\n"", ""output"": ""1 2 1.666667\n\n""}, {""input"": ""1 5\n"", ""output"": ""0 1 0.200000\n\n""}, {""input"": ""2 3\n"", ""output"": ""0 2 0.666667\n\n""}, {""input"": ""1 1\n"", ""output"": ""1 0 1.000000\n\n""}, {""input"": ""4 2\n"", ""output"": ""2 0 2.000000\n\n""}]","Given the following C code and assembly code, your task is to generate highly optimized x86-64 assembly code.
C Code:

```c
#include <stdio.h>
 
int main()
{
    int a, b;
    scanf(""%d %d"", &a, &b);
    printf(""%d %d %.5f\n"", a / b, a % b, 1.0 * a / b);
    return 0;
}
```

Assembly Code:

```assembly

```

Only output the optimized assembly code. Do not include any other text. Do not write any comments in the assembly code. Wrap the assembly code in ```assembly``` tags.
Optimized Assembly Code:
","Given the following C code, your task is to generate highly optimized x86-64 assembly code.
C Code:

```c
#include <stdio.h>
 
int main()
{
    int a, b;
    scanf(""%d %d"", &a, &b);
    printf(""%d %d %.5f\n"", a / b, a % b, 1.0 * a / b);
    return 0;
}
```

Only output the optimized assembly code. Do not include any other text. Do not write any comments in the assembly code. Wrap the assembly code in ```assembly``` tags.
Optimized Assembly Code:
"
134,"#include<stdio.h>
int a[1000000]={0};

int main(void){
int i,j,b,c;
while(scanf(""%d"",&b)!=EOF){
c=0;
for(i=2;i<=b;i++){
    if(a[i]==1)continue;
            if(a[i]==0){
            c++;
            }
    for(j=2;i*j<=b;j++){
        a[i*j]=1;
    }
     //if(a[i]==0){
    //printf(""%d\n"",i);
    //}
}
    printf(""%d\n"",c);
}
return 0;
}","[{""input"": ""10\n3\n5\n"", ""output"": ""4\n2\n3\n\n""}, {""input"": ""10\n3\n9\n"", ""output"": ""4\n2\n4\n\n""}, {""input"": ""10\n3\n2\n"", ""output"": ""4\n2\n1\n\n""}, {""input"": ""10\n6\n2\n"", ""output"": ""4\n3\n1\n\n""}, {""input"": ""10\n6\n11\n"", ""output"": ""4\n3\n5\n\n""}, {""input"": ""10\n1\n5\n"", ""output"": ""4\n0\n3\n\n""}, {""input"": ""10\n1\n2\n"", ""output"": ""4\n0\n1\n\n""}, {""input"": ""10\n2\n2\n"", ""output"": ""4\n1\n1\n\n""}, {""input"": ""10\n3\n4\n"", ""output"": ""4\n2\n2\n\n""}, {""input"": ""10\n6\n3\n"", ""output"": ""4\n3\n2\n\n""}]","Given the following C code and assembly code, your task is to generate highly optimized x86-64 assembly code.
C Code:

```c
#include<stdio.h>
int a[1000000]={0};

int main(void){
int i,j,b,c;
while(scanf(""%d"",&b)!=EOF){
c=0;
for(i=2;i<=b;i++){
    if(a[i]==1)continue;
            if(a[i]==0){
            c++;
            }
    for(j=2;i*j<=b;j++){
        a[i*j]=1;
    }
     //if(a[i]==0){
    //printf(""%d\n"",i);
    //}
}
    printf(""%d\n"",c);
}
return 0;
}
```

Assembly Code:

```assembly

```

Only output the optimized assembly code. Do not include any other text. Do not write any comments in the assembly code. Wrap the assembly code in ```assembly``` tags.
Optimized Assembly Code:
","Given the following C code, your task is to generate highly optimized x86-64 assembly code.
C Code:

```c
#include<stdio.h>
int a[1000000]={0};

int main(void){
int i,j,b,c;
while(scanf(""%d"",&b)!=EOF){
c=0;
for(i=2;i<=b;i++){
    if(a[i]==1)continue;
            if(a[i]==0){
            c++;
            }
    for(j=2;i*j<=b;j++){
        a[i*j]=1;
    }
     //if(a[i]==0){
    //printf(""%d\n"",i);
    //}
}
    printf(""%d\n"",c);
}
return 0;
}
```

Only output the optimized assembly code. Do not include any other text. Do not write any comments in the assembly code. Wrap the assembly code in ```assembly``` tags.
Optimized Assembly Code:
"
135,"#include<stdio.h>
int main (void){
    int a,i,ans=0;
    for(i=0;i<10;i++){
        scanf(""%d"",&a);
        ans+=a;
    }
    printf(""%d\n"",ans);
return 0;
}","[{""input"": ""1\n2\n4\n4\n5\n6\n7\n8\n9\n10\n"", ""output"": ""56\n\n""}, {""input"": ""1\n2\n8\n4\n5\n6\n7\n8\n9\n10\n"", ""output"": ""60\n\n""}, {""input"": ""1\n2\n8\n4\n3\n6\n7\n8\n9\n10\n"", ""output"": ""58\n\n""}, {""input"": ""1\n2\n8\n3\n3\n6\n7\n8\n9\n10\n"", ""output"": ""57\n\n""}, {""input"": ""1\n2\n8\n3\n3\n6\n7\n5\n9\n10\n"", ""output"": ""54\n\n""}, {""input"": ""1\n2\n8\n4\n3\n6\n7\n5\n9\n10\n"", ""output"": ""55\n\n""}, {""input"": ""1\n2\n2\n4\n3\n6\n7\n5\n9\n10\n"", ""output"": ""49\n\n""}, {""input"": ""1\n2\n2\n4\n3\n6\n7\n5\n12\n10\n"", ""output"": ""52\n\n""}, {""input"": ""1\n3\n2\n4\n3\n6\n7\n5\n12\n10\n"", ""output"": ""53\n\n""}, {""input"": ""1\n3\n2\n1\n3\n6\n7\n5\n12\n10\n"", ""output"": ""50\n\n""}]","Given the following C code and assembly code, your task is to generate highly optimized x86-64 assembly code.
C Code:

```c
#include<stdio.h>
int main (void){
    int a,i,ans=0;
    for(i=0;i<10;i++){
        scanf(""%d"",&a);
        ans+=a;
    }
    printf(""%d\n"",ans);
return 0;
}
```

Assembly Code:

```assembly

```

Only output the optimized assembly code. Do not include any other text. Do not write any comments in the assembly code. Wrap the assembly code in ```assembly``` tags.
Optimized Assembly Code:
","Given the following C code, your task is to generate highly optimized x86-64 assembly code.
C Code:

```c
#include<stdio.h>
int main (void){
    int a,i,ans=0;
    for(i=0;i<10;i++){
        scanf(""%d"",&a);
        ans+=a;
    }
    printf(""%d\n"",ans);
return 0;
}
```

Only output the optimized assembly code. Do not include any other text. Do not write any comments in the assembly code. Wrap the assembly code in ```assembly``` tags.
Optimized Assembly Code:
"
136,"#include <stdio.h>

int main(void)
{
	int a, b;
	
	scanf(""%d %d"", &a, &b);
	
	puts((a == b) ? ""a == b"" : (a > b) ? ""a > b"" : ""a < b"");
	
	return (0);
}",[],"Given the following C code and assembly code, your task is to generate highly optimized x86-64 assembly code.
C Code:

```c
#include <stdio.h>

int main(void)
{
	int a, b;
	
	scanf(""%d %d"", &a, &b);
	
	puts((a == b) ? ""a == b"" : (a > b) ? ""a > b"" : ""a < b"");
	
	return (0);
}
```

Assembly Code:

```assembly

```

Only output the optimized assembly code. Do not include any other text. Do not write any comments in the assembly code. Wrap the assembly code in ```assembly``` tags.
Optimized Assembly Code:
","Given the following C code, your task is to generate highly optimized x86-64 assembly code.
C Code:

```c
#include <stdio.h>

int main(void)
{
	int a, b;
	
	scanf(""%d %d"", &a, &b);
	
	puts((a == b) ? ""a == b"" : (a > b) ? ""a > b"" : ""a < b"");
	
	return (0);
}
```

Only output the optimized assembly code. Do not include any other text. Do not write any comments in the assembly code. Wrap the assembly code in ```assembly``` tags.
Optimized Assembly Code:
"
137,"#include<stdio.h>
int main(void)
{
    int a,b,c,d;
    scanf(""%d%d%d%d"",&a,&b,&c,&d);
    while(a>0&&c>0)
    {
        c = c - b;
        if(c<0)
        break;
        a = a - d;
    }
    if(c<=0)
    printf(""Yes"");
    else
    {
        printf(""No"");
    }
    
}","[{""input"": ""46 4 4 5\n"", ""output"": ""Yes\n\n""}, {""input"": ""10 9 13 10\n"", ""output"": ""No\n\n""}, {""input"": ""64 4 4 5\n"", ""output"": ""Yes\n\n""}, {""input"": ""5 9 13 10\n"", ""output"": ""No\n\n""}, {""input"": ""64 8 4 5\n"", ""output"": ""Yes\n\n""}, {""input"": ""5 9 3 10\n"", ""output"": ""Yes\n\n""}, {""input"": ""54 8 4 5\n"", ""output"": ""Yes\n\n""}, {""input"": ""5 13 3 10\n"", ""output"": ""Yes\n\n""}, {""input"": ""54 8 2 5\n"", ""output"": ""Yes\n\n""}, {""input"": ""5 14 3 10\n"", ""output"": ""Yes\n\n""}]","Given the following C code and assembly code, your task is to generate highly optimized x86-64 assembly code.
C Code:

```c
#include<stdio.h>
int main(void)
{
    int a,b,c,d;
    scanf(""%d%d%d%d"",&a,&b,&c,&d);
    while(a>0&&c>0)
    {
        c = c - b;
        if(c<0)
        break;
        a = a - d;
    }
    if(c<=0)
    printf(""Yes"");
    else
    {
        printf(""No"");
    }
    
}
```

Assembly Code:

```assembly

```

Only output the optimized assembly code. Do not include any other text. Do not write any comments in the assembly code. Wrap the assembly code in ```assembly``` tags.
Optimized Assembly Code:
","Given the following C code, your task is to generate highly optimized x86-64 assembly code.
C Code:

```c
#include<stdio.h>
int main(void)
{
    int a,b,c,d;
    scanf(""%d%d%d%d"",&a,&b,&c,&d);
    while(a>0&&c>0)
    {
        c = c - b;
        if(c<0)
        break;
        a = a - d;
    }
    if(c<=0)
    printf(""Yes"");
    else
    {
        printf(""No"");
    }
    
}
```

Only output the optimized assembly code. Do not include any other text. Do not write any comments in the assembly code. Wrap the assembly code in ```assembly``` tags.
Optimized Assembly Code:
"
138,"#include<stdio.h>

int main(){
        int r, g, b, n, ans=0;
        scanf(""%d %d %d %d"", &r, &g, &b, &n);
        for(int i=0; r*i<=n; i++){
                for(int j=0; r*i+g*j<=n; j++){
                        if((n-r*i-g*j)%b==0) ans++;
                }
        }
        printf(""%d\n"", ans);
        return 0;
}","[{""input"": ""1 2 3 1\n"", ""output"": ""1\n\n""}, {""input"": ""13 1 4 540\n"", ""output"": ""2898\n\n""}, {""input"": ""1 2 3 2\n"", ""output"": ""2\n\n""}, {""input"": ""17 1 4 540\n"", ""output"": ""2232\n\n""}, {""input"": ""13 2 4 3000\n"", ""output"": ""43732\n\n""}, {""input"": ""13 1 4 97\n"", ""output"": ""108\n\n""}, {""input"": ""18 1 4 540\n"", ""output"": ""2116\n\n""}, {""input"": ""13 2 1 3000\n"", ""output"": ""174001\n\n""}, {""input"": ""13 1 4 62\n"", ""output"": ""48\n\n""}, {""input"": ""13 1 4 92\n"", ""output"": ""98\n\n""}]","Given the following C code and assembly code, your task is to generate highly optimized x86-64 assembly code.
C Code:

```c
#include<stdio.h>

int main(){
        int r, g, b, n, ans=0;
        scanf(""%d %d %d %d"", &r, &g, &b, &n);
        for(int i=0; r*i<=n; i++){
                for(int j=0; r*i+g*j<=n; j++){
                        if((n-r*i-g*j)%b==0) ans++;
                }
        }
        printf(""%d\n"", ans);
        return 0;
}
```

Assembly Code:

```assembly

```

Only output the optimized assembly code. Do not include any other text. Do not write any comments in the assembly code. Wrap the assembly code in ```assembly``` tags.
Optimized Assembly Code:
","Given the following C code, your task is to generate highly optimized x86-64 assembly code.
C Code:

```c
#include<stdio.h>

int main(){
        int r, g, b, n, ans=0;
        scanf(""%d %d %d %d"", &r, &g, &b, &n);
        for(int i=0; r*i<=n; i++){
                for(int j=0; r*i+g*j<=n; j++){
                        if((n-r*i-g*j)%b==0) ans++;
                }
        }
        printf(""%d\n"", ans);
        return 0;
}
```

Only output the optimized assembly code. Do not include any other text. Do not write any comments in the assembly code. Wrap the assembly code in ```assembly``` tags.
Optimized Assembly Code:
"
139,"#include <stdio.h>
#include <string.h>

int main(){
	int a,b,i,j,x,y,n;
	int map[16][16];

	while(1){
		scanf(""%d %d"",&a,&b);
		if(!a && !b){
			break;
		}
		memset(map,0,sizeof(map));

		scanf(""%d"",&n);

		for(i = 0;i < n;i++){
			scanf(""%d %d"",&x,&y);
			map[y-1][x-1] = -1;
		}

		for(i = 0;i < a;i++){
			if(map[0][i] == -1){
				break;
			}
			map[0][i] = 1;
		}

		for(i = 0;i < b;i++){
			if(map[i][0] == -1){
				break;
			}
			map[i][0] = 1;
		}

		for(i = 1;i < b;i++){
			for(j = 1;j < a;j++){
				if(map[i][j] != -1){
					if(map[i-1][j] == -1){
						if(map[i][j-1] == -1){
							map[i][j] = 0;
						}else{
							map[i][j] = map[i][j-1];
						}
					}else{
						if(map[i][j-1] == -1){
							map[i][j] = map[i-1][j];
						}else{
							map[i][j] = map[i-1][j] + map[i][j-1];
						}
					}
				}
			}
		}

		printf(""%d\n"",map[b-1][a-1]);
	}

	return 0;
}","[{""input"": ""5 4\n3\n2 2\n2 3\n4 2\n5 4\n3\n2 2\n2 3\n4 2\n0 0\n"", ""output"": ""5\n5\n""}]","Given the following C code and assembly code, your task is to generate highly optimized x86-64 assembly code.
C Code:

```c
#include <stdio.h>
#include <string.h>

int main(){
	int a,b,i,j,x,y,n;
	int map[16][16];

	while(1){
		scanf(""%d %d"",&a,&b);
		if(!a && !b){
			break;
		}
		memset(map,0,sizeof(map));

		scanf(""%d"",&n);

		for(i = 0;i < n;i++){
			scanf(""%d %d"",&x,&y);
			map[y-1][x-1] = -1;
		}

		for(i = 0;i < a;i++){
			if(map[0][i] == -1){
				break;
			}
			map[0][i] = 1;
		}

		for(i = 0;i < b;i++){
			if(map[i][0] == -1){
				break;
			}
			map[i][0] = 1;
		}

		for(i = 1;i < b;i++){
			for(j = 1;j < a;j++){
				if(map[i][j] != -1){
					if(map[i-1][j] == -1){
						if(map[i][j-1] == -1){
							map[i][j] = 0;
						}else{
							map[i][j] = map[i][j-1];
						}
					}else{
						if(map[i][j-1] == -1){
							map[i][j] = map[i-1][j];
						}else{
							map[i][j] = map[i-1][j] + map[i][j-1];
						}
					}
				}
			}
		}

		printf(""%d\n"",map[b-1][a-1]);
	}

	return 0;
}
```

Assembly Code:

```assembly

```

Only output the optimized assembly code. Do not include any other text. Do not write any comments in the assembly code. Wrap the assembly code in ```assembly``` tags.
Optimized Assembly Code:
","Given the following C code, your task is to generate highly optimized x86-64 assembly code.
C Code:

```c
#include <stdio.h>
#include <string.h>

int main(){
	int a,b,i,j,x,y,n;
	int map[16][16];

	while(1){
		scanf(""%d %d"",&a,&b);
		if(!a && !b){
			break;
		}
		memset(map,0,sizeof(map));

		scanf(""%d"",&n);

		for(i = 0;i < n;i++){
			scanf(""%d %d"",&x,&y);
			map[y-1][x-1] = -1;
		}

		for(i = 0;i < a;i++){
			if(map[0][i] == -1){
				break;
			}
			map[0][i] = 1;
		}

		for(i = 0;i < b;i++){
			if(map[i][0] == -1){
				break;
			}
			map[i][0] = 1;
		}

		for(i = 1;i < b;i++){
			for(j = 1;j < a;j++){
				if(map[i][j] != -1){
					if(map[i-1][j] == -1){
						if(map[i][j-1] == -1){
							map[i][j] = 0;
						}else{
							map[i][j] = map[i][j-1];
						}
					}else{
						if(map[i][j-1] == -1){
							map[i][j] = map[i-1][j];
						}else{
							map[i][j] = map[i-1][j] + map[i][j-1];
						}
					}
				}
			}
		}

		printf(""%d\n"",map[b-1][a-1]);
	}

	return 0;
}
```

Only output the optimized assembly code. Do not include any other text. Do not write any comments in the assembly code. Wrap the assembly code in ```assembly``` tags.
Optimized Assembly Code:
"
140,"#include <stdio.h>

int main(void) {
	int N, M, i, a, b;
	int count[100001] = {0};
	scanf(""%d%d"", &N, &M);
	for (i = 0; i < M; i++) {
		scanf(""%d%d"", &a, &b);
		count[a]++;
		count[b]++;
	}

	for (i = 1; i <= N; i++) {
		if (count[i] % 2 != 0) {
			printf(""NO\n"");
			return 0;
		}
	}

	printf(""YES\n"");
	return 0;
}","[{""input"": ""5 5\n1 2\n5 5\n5 1\n3 4\n2 3\n"", ""output"": ""NO\n\n""}, {""input"": ""5 1\n1 1\n6 5\n5 2\n3 4\n2 3\n"", ""output"": ""YES\n\n""}, {""input"": ""5 1\n1 2\n5 5\n5 1\n3 4\n2 3\n"", ""output"": ""NO\n\n""}, {""input"": ""5 1\n1 2\n6 5\n5 1\n3 4\n2 3\n"", ""output"": ""NO\n\n""}, {""input"": ""5 1\n1 2\n6 5\n5 2\n3 4\n2 3\n"", ""output"": ""NO\n\n""}, {""input"": ""5 1\n1 1\n6 6\n5 2\n3 4\n2 3\n"", ""output"": ""YES\n\n""}, {""input"": ""5 1\n1 1\n6 6\n5 2\n3 4\n3 3\n"", ""output"": ""YES\n\n""}, {""input"": ""10 1\n1 1\n6 6\n5 2\n3 4\n3 3\n"", ""output"": ""YES\n\n""}, {""input"": ""10 0\n1 1\n6 6\n5 2\n3 4\n3 3\n"", ""output"": ""YES\n\n""}, {""input"": ""10 0\n1 1\n11 6\n5 2\n3 4\n3 3\n"", ""output"": ""YES\n\n""}]","Given the following C code and assembly code, your task is to generate highly optimized x86-64 assembly code.
C Code:

```c
#include <stdio.h>

int main(void) {
	int N, M, i, a, b;
	int count[100001] = {0};
	scanf(""%d%d"", &N, &M);
	for (i = 0; i < M; i++) {
		scanf(""%d%d"", &a, &b);
		count[a]++;
		count[b]++;
	}

	for (i = 1; i <= N; i++) {
		if (count[i] % 2 != 0) {
			printf(""NO\n"");
			return 0;
		}
	}

	printf(""YES\n"");
	return 0;
}
```

Assembly Code:

```assembly

```

Only output the optimized assembly code. Do not include any other text. Do not write any comments in the assembly code. Wrap the assembly code in ```assembly``` tags.
Optimized Assembly Code:
","Given the following C code, your task is to generate highly optimized x86-64 assembly code.
C Code:

```c
#include <stdio.h>

int main(void) {
	int N, M, i, a, b;
	int count[100001] = {0};
	scanf(""%d%d"", &N, &M);
	for (i = 0; i < M; i++) {
		scanf(""%d%d"", &a, &b);
		count[a]++;
		count[b]++;
	}

	for (i = 1; i <= N; i++) {
		if (count[i] % 2 != 0) {
			printf(""NO\n"");
			return 0;
		}
	}

	printf(""YES\n"");
	return 0;
}
```

Only output the optimized assembly code. Do not include any other text. Do not write any comments in the assembly code. Wrap the assembly code in ```assembly``` tags.
Optimized Assembly Code:
"
141,"/*
 * To change this license header, choose License Headers in Project Properties.
 * To change this template file, choose Tools | Templates
 * and open the template in the editor.
 */

/* 
 * File:   main.c
 * Author: Ivan
 *
 * Created on July 3, 2018, 12:26 PM
 */

#include <stdio.h>
#include <stdlib.h>

typedef struct{
    char s;
    int v;
}Poker;
/*
 * 
 */
int charCompare(Poker a[], Poker b[], int n);
void bubbleSort(Poker a[], int n);
void selectionSort(Poker A[], int N);

int main(int argc, char** argv) {
    int n;
    
    scanf(""%d"", &n);
    Poker A[1900], B[1432];
    for (int i = 0; i < n; i++)
    {
        scanf("" %c %d"", &A[i].s, &A[i].v);
        B[i] = A[i];
//        printf(""%c%d\n"", B[i].s, B[i].v);
    }
    bubbleSort(A, n);
    selectionSort(B, n);
    
    for (int k = 0; k < n; ++k) 
    {
        if (k) printf("" "");
        printf(""%c%d"", A[k].s, A[k].v);
    }
    printf(""\nStable\n"");
    
    for (int kx = 0; kx < n; ++kx) 
    {        
        if (kx) printf("" "");
        printf(""%c%d"", B[kx].s, B[kx].v);
    }
    if (charCompare(A, B, n)) printf(""\nStable\n"");
    else printf(""\nNot stable\n"");
    
    return (EXIT_SUCCESS);
}

int charCompare(Poker a[], Poker b[], int n)
{
    for (int i = 0; i < n; ++i) if (a[i].s != b[i].s) return 0;    
    return 1;
}

void bubbleSort(Poker a[], int n)
{
    for( int i = 0; i < n; i++ )
	{
            for( int j = n-1; j >= i; j-- )
            {
                if( a[j].v < a[j-1].v )
                {
                    Poker copy;
                    copy = a[j];
                    a[j] = a[j-1];
                    a[j-1] = copy;
                }
            }
	}
}

void selectionSort(Poker A[], int N)
{
    int i, j, minj;
    Poker t;
    for (i = 0; i < N; i++)
    {
        minj = i;
        for (j = i; j < N; j++) if (A[j].v < A[minj].v) minj = j;
        t = A[i]; A[i] = A[minj]; A[minj] = t;
//        if (i != minj) sw++;
    }
}

","[{""input"": ""5\nH4 B9 S4 D2 C3\n"", ""output"": ""D2 C3 H4 S4 B9\nStable\nD2 C3 S4 H4 B9\nNot stable\n\n""}, {""input"": ""5\nH4 C9 S4 D2 C2\n"", ""output"": ""D2 C2 H4 S4 C9\nStable\nD2 C2 S4 H4 C9\nNot stable\n\n""}, {""input"": ""5\nH4 B9 S4 E2 C3\n"", ""output"": ""E2 C3 H4 S4 B9\nStable\nE2 C3 S4 H4 B9\nNot stable\n\n""}, {""input"": ""5\nI4 C9 S4 D2 C2\n"", ""output"": ""D2 C2 I4 S4 C9\nStable\nD2 C2 S4 I4 C9\nNot stable\n\n""}, {""input"": ""5\nH3 B9 S4 E2 C3\n"", ""output"": ""E2 H3 C3 S4 B9\nStable\nE2 H3 C3 S4 B9\nStable\n\n""}, {""input"": ""5\nH3 B9 S4 E2 B3\n"", ""output"": ""E2 H3 B3 S4 B9\nStable\nE2 H3 B3 S4 B9\nStable\n\n""}, {""input"": ""5\nH3 B9 S4 E3 B3\n"", ""output"": ""H3 E3 B3 S4 B9\nStable\nH3 E3 B3 S4 B9\nStable\n\n""}, {""input"": ""5\nH3 A9 S4 E3 B3\n"", ""output"": ""H3 E3 B3 S4 A9\nStable\nH3 E3 B3 S4 A9\nStable\n\n""}, {""input"": ""5\nH4 C9 S4 C2 C3\n"", ""output"": ""C2 C3 H4 S4 C9\nStable\nC2 C3 S4 H4 C9\nNot stable\n\n""}, {""input"": ""5\nH4 B9 T4 D2 C3\n"", ""output"": ""D2 C3 H4 T4 B9\nStable\nD2 C3 T4 H4 B9\nNot stable\n\n""}]","Given the following C code and assembly code, your task is to generate highly optimized x86-64 assembly code.
C Code:

```c
/*
 * To change this license header, choose License Headers in Project Properties.
 * To change this template file, choose Tools | Templates
 * and open the template in the editor.
 */

/* 
 * File:   main.c
 * Author: Ivan
 *
 * Created on July 3, 2018, 12:26 PM
 */

#include <stdio.h>
#include <stdlib.h>

typedef struct{
    char s;
    int v;
}Poker;
/*
 * 
 */
int charCompare(Poker a[], Poker b[], int n);
void bubbleSort(Poker a[], int n);
void selectionSort(Poker A[], int N);

int main(int argc, char** argv) {
    int n;
    
    scanf(""%d"", &n);
    Poker A[1900], B[1432];
    for (int i = 0; i < n; i++)
    {
        scanf("" %c %d"", &A[i].s, &A[i].v);
        B[i] = A[i];
//        printf(""%c%d\n"", B[i].s, B[i].v);
    }
    bubbleSort(A, n);
    selectionSort(B, n);
    
    for (int k = 0; k < n; ++k) 
    {
        if (k) printf("" "");
        printf(""%c%d"", A[k].s, A[k].v);
    }
    printf(""\nStable\n"");
    
    for (int kx = 0; kx < n; ++kx) 
    {        
        if (kx) printf("" "");
        printf(""%c%d"", B[kx].s, B[kx].v);
    }
    if (charCompare(A, B, n)) printf(""\nStable\n"");
    else printf(""\nNot stable\n"");
    
    return (EXIT_SUCCESS);
}

int charCompare(Poker a[], Poker b[], int n)
{
    for (int i = 0; i < n; ++i) if (a[i].s != b[i].s) return 0;    
    return 1;
}

void bubbleSort(Poker a[], int n)
{
    for( int i = 0; i < n; i++ )
	{
            for( int j = n-1; j >= i; j-- )
            {
                if( a[j].v < a[j-1].v )
                {
                    Poker copy;
                    copy = a[j];
                    a[j] = a[j-1];
                    a[j-1] = copy;
                }
            }
	}
}

void selectionSort(Poker A[], int N)
{
    int i, j, minj;
    Poker t;
    for (i = 0; i < N; i++)
    {
        minj = i;
        for (j = i; j < N; j++) if (A[j].v < A[minj].v) minj = j;
        t = A[i]; A[i] = A[minj]; A[minj] = t;
//        if (i != minj) sw++;
    }
}
```

Assembly Code:

```assembly

```

Only output the optimized assembly code. Do not include any other text. Do not write any comments in the assembly code. Wrap the assembly code in ```assembly``` tags.
Optimized Assembly Code:
","Given the following C code, your task is to generate highly optimized x86-64 assembly code.
C Code:

```c
/*
 * To change this license header, choose License Headers in Project Properties.
 * To change this template file, choose Tools | Templates
 * and open the template in the editor.
 */

/* 
 * File:   main.c
 * Author: Ivan
 *
 * Created on July 3, 2018, 12:26 PM
 */

#include <stdio.h>
#include <stdlib.h>

typedef struct{
    char s;
    int v;
}Poker;
/*
 * 
 */
int charCompare(Poker a[], Poker b[], int n);
void bubbleSort(Poker a[], int n);
void selectionSort(Poker A[], int N);

int main(int argc, char** argv) {
    int n;
    
    scanf(""%d"", &n);
    Poker A[1900], B[1432];
    for (int i = 0; i < n; i++)
    {
        scanf("" %c %d"", &A[i].s, &A[i].v);
        B[i] = A[i];
//        printf(""%c%d\n"", B[i].s, B[i].v);
    }
    bubbleSort(A, n);
    selectionSort(B, n);
    
    for (int k = 0; k < n; ++k) 
    {
        if (k) printf("" "");
        printf(""%c%d"", A[k].s, A[k].v);
    }
    printf(""\nStable\n"");
    
    for (int kx = 0; kx < n; ++kx) 
    {        
        if (kx) printf("" "");
        printf(""%c%d"", B[kx].s, B[kx].v);
    }
    if (charCompare(A, B, n)) printf(""\nStable\n"");
    else printf(""\nNot stable\n"");
    
    return (EXIT_SUCCESS);
}

int charCompare(Poker a[], Poker b[], int n)
{
    for (int i = 0; i < n; ++i) if (a[i].s != b[i].s) return 0;    
    return 1;
}

void bubbleSort(Poker a[], int n)
{
    for( int i = 0; i < n; i++ )
	{
            for( int j = n-1; j >= i; j-- )
            {
                if( a[j].v < a[j-1].v )
                {
                    Poker copy;
                    copy = a[j];
                    a[j] = a[j-1];
                    a[j-1] = copy;
                }
            }
	}
}

void selectionSort(Poker A[], int N)
{
    int i, j, minj;
    Poker t;
    for (i = 0; i < N; i++)
    {
        minj = i;
        for (j = i; j < N; j++) if (A[j].v < A[minj].v) minj = j;
        t = A[i]; A[i] = A[minj]; A[minj] = t;
//        if (i != minj) sw++;
    }
}
```

Only output the optimized assembly code. Do not include any other text. Do not write any comments in the assembly code. Wrap the assembly code in ```assembly``` tags.
Optimized Assembly Code:
"
142,"#include<stdio.h>
int main(){
  int n;
  for(scanf(""%d"",&n);n>=0;n-=4)if(n%7==0){printf(""Yes"");return 0;}
  printf(""No"");
}
","[{""input"": ""17\n"", ""output"": ""No\n\n""}, {""input"": ""22\n"", ""output"": ""Yes\n\n""}, {""input"": ""1\n"", ""output"": ""No\n\n""}, {""input"": ""19\n"", ""output"": ""Yes\n\n""}, {""input"": ""2\n"", ""output"": ""No\n\n""}, {""input"": ""9\n"", ""output"": ""No\n\n""}, {""input"": ""18\n"", ""output"": ""Yes\n\n""}, {""input"": ""4\n"", ""output"": ""Yes\n\n""}, {""input"": ""6\n"", ""output"": ""No\n\n""}, {""input"": ""15\n"", ""output"": ""Yes\n\n""}]","Given the following C code and assembly code, your task is to generate highly optimized x86-64 assembly code.
C Code:

```c
#include<stdio.h>
int main(){
  int n;
  for(scanf(""%d"",&n);n>=0;n-=4)if(n%7==0){printf(""Yes"");return 0;}
  printf(""No"");
}
```

Assembly Code:

```assembly

```

Only output the optimized assembly code. Do not include any other text. Do not write any comments in the assembly code. Wrap the assembly code in ```assembly``` tags.
Optimized Assembly Code:
","Given the following C code, your task is to generate highly optimized x86-64 assembly code.
C Code:

```c
#include<stdio.h>
int main(){
  int n;
  for(scanf(""%d"",&n);n>=0;n-=4)if(n%7==0){printf(""Yes"");return 0;}
  printf(""No"");
}
```

Only output the optimized assembly code. Do not include any other text. Do not write any comments in the assembly code. Wrap the assembly code in ```assembly``` tags.
Optimized Assembly Code:
"
143,"#include <stdio.h>

int main(){
   int i, x;
   i = 0;
   scanf(""%d"", &x);
   while(x){
      i = i + 1;
      printf(""Case %d: %d\n"", i, x);
      scanf(""%d"", &x);
   }

   return 0;
}

","[{""input"": ""3\n5\n11\n3\n8\n19\n0\n"", ""output"": ""Case 1: 3\nCase 2: 5\nCase 3: 11\nCase 4: 3\nCase 5: 8\nCase 6: 19\n\n""}, {""input"": ""3\n5\n11\n7\n8\n34\n0\n"", ""output"": ""Case 1: 3\nCase 2: 5\nCase 3: 11\nCase 4: 7\nCase 5: 8\nCase 6: 34\n\n""}, {""input"": ""3\n5\n11\n4\n8\n19\n0\n"", ""output"": ""Case 1: 3\nCase 2: 5\nCase 3: 11\nCase 4: 4\nCase 5: 8\nCase 6: 19\n\n""}, {""input"": ""3\n5\n11\n7\n14\n34\n0\n"", ""output"": ""Case 1: 3\nCase 2: 5\nCase 3: 11\nCase 4: 7\nCase 5: 14\nCase 6: 34\n\n""}, {""input"": ""3\n5\n11\n4\n2\n19\n0\n"", ""output"": ""Case 1: 3\nCase 2: 5\nCase 3: 11\nCase 4: 4\nCase 5: 2\nCase 6: 19\n\n""}, {""input"": ""3\n5\n11\n7\n26\n34\n0\n"", ""output"": ""Case 1: 3\nCase 2: 5\nCase 3: 11\nCase 4: 7\nCase 5: 26\nCase 6: 34\n\n""}, {""input"": ""3\n5\n9\n4\n2\n19\n0\n"", ""output"": ""Case 1: 3\nCase 2: 5\nCase 3: 9\nCase 4: 4\nCase 5: 2\nCase 6: 19\n\n""}, {""input"": ""3\n2\n11\n7\n26\n34\n0\n"", ""output"": ""Case 1: 3\nCase 2: 2\nCase 3: 11\nCase 4: 7\nCase 5: 26\nCase 6: 34\n\n""}, {""input"": ""3\n4\n11\n7\n26\n34\n0\n"", ""output"": ""Case 1: 3\nCase 2: 4\nCase 3: 11\nCase 4: 7\nCase 5: 26\nCase 6: 34\n\n""}, {""input"": ""3\n4\n11\n7\n2\n34\n0\n"", ""output"": ""Case 1: 3\nCase 2: 4\nCase 3: 11\nCase 4: 7\nCase 5: 2\nCase 6: 34\n\n""}]","Given the following C code and assembly code, your task is to generate highly optimized x86-64 assembly code.
C Code:

```c
#include <stdio.h>

int main(){
   int i, x;
   i = 0;
   scanf(""%d"", &x);
   while(x){
      i = i + 1;
      printf(""Case %d: %d\n"", i, x);
      scanf(""%d"", &x);
   }

   return 0;
}
```

Assembly Code:

```assembly

```

Only output the optimized assembly code. Do not include any other text. Do not write any comments in the assembly code. Wrap the assembly code in ```assembly``` tags.
Optimized Assembly Code:
","Given the following C code, your task is to generate highly optimized x86-64 assembly code.
C Code:

```c
#include <stdio.h>

int main(){
   int i, x;
   i = 0;
   scanf(""%d"", &x);
   while(x){
      i = i + 1;
      printf(""Case %d: %d\n"", i, x);
      scanf(""%d"", &x);
   }

   return 0;
}
```

Only output the optimized assembly code. Do not include any other text. Do not write any comments in the assembly code. Wrap the assembly code in ```assembly``` tags.
Optimized Assembly Code:
"
144,"#include<stdio.h>
int main()
{
    int x,y,z;
    scanf(""%d%d%d"",&x,&y,&z);
    if(x>=y&&y>=z)
    {
        printf(""%d"",x-z);
    }
    else if(x>=z&&z>=y)
    {
        printf(""%d"",x-y);
    }
    else if(y>=z&&z>=x)
    {
        printf(""%d"",y-x);
    }
    else if(y>=x&&x>=z)
    {
        printf(""%d"",y-z);
    }
    else if(z>=y&&y>=x)
    {
        printf(""%d"",z-x);
    }
    else if(z>=x&&x>=y)
    {
        printf(""%d"",z-y);
    }
    return 0;
}
","[{""input"": ""1 12 3\n"", ""output"": ""11\n\n""}, {""input"": ""100 100 000\n"", ""output"": ""100\n\n""}, {""input"": ""11 5 2\n"", ""output"": ""9\n\n""}, {""input"": ""1 24 3\n"", ""output"": ""23\n\n""}, {""input"": ""3 5 2\n"", ""output"": ""3\n\n""}, {""input"": ""1 16 4\n"", ""output"": ""15\n\n""}, {""input"": ""4 3 2\n"", ""output"": ""2\n\n""}, {""input"": ""100 111 000\n"", ""output"": ""111\n\n""}, {""input"": ""4 3 0\n"", ""output"": ""4\n\n""}, {""input"": ""2 16 7\n"", ""output"": ""14\n\n""}]","Given the following C code and assembly code, your task is to generate highly optimized x86-64 assembly code.
C Code:

```c
#include<stdio.h>
int main()
{
    int x,y,z;
    scanf(""%d%d%d"",&x,&y,&z);
    if(x>=y&&y>=z)
    {
        printf(""%d"",x-z);
    }
    else if(x>=z&&z>=y)
    {
        printf(""%d"",x-y);
    }
    else if(y>=z&&z>=x)
    {
        printf(""%d"",y-x);
    }
    else if(y>=x&&x>=z)
    {
        printf(""%d"",y-z);
    }
    else if(z>=y&&y>=x)
    {
        printf(""%d"",z-x);
    }
    else if(z>=x&&x>=y)
    {
        printf(""%d"",z-y);
    }
    return 0;
}
```

Assembly Code:

```assembly

```

Only output the optimized assembly code. Do not include any other text. Do not write any comments in the assembly code. Wrap the assembly code in ```assembly``` tags.
Optimized Assembly Code:
","Given the following C code, your task is to generate highly optimized x86-64 assembly code.
C Code:

```c
#include<stdio.h>
int main()
{
    int x,y,z;
    scanf(""%d%d%d"",&x,&y,&z);
    if(x>=y&&y>=z)
    {
        printf(""%d"",x-z);
    }
    else if(x>=z&&z>=y)
    {
        printf(""%d"",x-y);
    }
    else if(y>=z&&z>=x)
    {
        printf(""%d"",y-x);
    }
    else if(y>=x&&x>=z)
    {
        printf(""%d"",y-z);
    }
    else if(z>=y&&y>=x)
    {
        printf(""%d"",z-x);
    }
    else if(z>=x&&x>=y)
    {
        printf(""%d"",z-y);
    }
    return 0;
}
```

Only output the optimized assembly code. Do not include any other text. Do not write any comments in the assembly code. Wrap the assembly code in ```assembly``` tags.
Optimized Assembly Code:
"
145,"#include <stdio.h>

int main(void){
  int tramp[13][4]={0};//S=[x][0] H=[x][1] C=[x][2] D=[x][3]
  int n,i,num;
  char pic;
  scanf(""%d\n"",&n);
  for(i=0;i<n;i++){
    scanf(""\n%c %d"",&pic,&num);//改行も含まないと値がおかしくなる
    switch(pic){
    case 'S':tramp[num-1][0]=1;break;
    case 'H':tramp[num-1][1]=1;break;
    case 'C':tramp[num-1][2]=1;break;
    case 'D':tramp[num-1][3]=1;break;
    default:break;
    }
  }
  for(i=0;i<4;i++){
    for(n=0;n<13;n++){
      if(tramp[n][i] == 0){
	switch(i){
	case 0:printf(""S %d\n"",n+1);break;
	case 1:printf(""H %d\n"",n+1);break;
	case 2:printf(""C %d\n"",n+1);break;
	case 3:printf(""D %d\n"",n+1);break;
	default:break;
	}
      }
    }
  }
  return 0;
}","[{""input"": ""47\nS 10\nS 11\nS 12\nS 13\nH 1\nH 2\nS 6\nS 7\nS 8\nS 9\nH 6\nH 8\nH 9\nH 10\nH 11\nH 4\nH 7\nS 2\nS 3\nS 4\nS 5\nH 12\nH 13\nC 1\nC 2\nD 1\nD 2\nD 3\nD 4\nD 5\nD 6\nD 7\nC 3\nC 4\nC 5\nC 6\nC 7\nC 8\nC 9\nC 10\nC 11\nC 13\nD 9\nD 10\nD 11\nD 12\nD 13\n"", ""output"": ""S 1\nH 3\nH 5\nC 12\nD 8\n\n""}, {""input"": ""47\nS 10\nS 11\nS 12\nS 13\nH 1\nH 3\nS 6\nS 7\nS 8\nS 9\nH 6\nH 8\nH 9\nH 10\nH 11\nH 4\nH 5\nS 2\nS 3\nS 4\nS 5\nH 12\nH 13\nC 1\nC 2\nD 1\nD 2\nD 3\nD 4\nD 5\nD 6\nD 7\nC 3\nC 4\nC 5\nC 6\nC 7\nC 8\nC 9\nC 10\nC 11\nC 13\nD 9\nD 10\nD 11\nD 12\nD 13\n"", ""output"": ""S 1\nH 2\nH 7\nC 12\nD 8\n\n""}, {""input"": ""47\nS 10\nS 11\nS 12\nS 13\nH 1\nH 2\nS 6\nS 7\nS 8\nS 9\nH 6\nH 8\nH 9\nH 10\nH 11\nH 4\nH 7\nS 2\nS 3\nS 4\nS 5\nH 12\nH 13\nC 1\nC 2\nD 1\nD 2\nD 3\nD 4\nD 5\nD 8\nD 7\nC 3\nC 4\nC 5\nC 6\nC 7\nC 8\nC 9\nC 10\nC 11\nC 13\nD 9\nD 10\nD 11\nD 12\nD 13\n"", ""output"": ""S 1\nH 3\nH 5\nC 12\nD 6\n\n""}, {""input"": ""47\nS 10\nS 11\nS 12\nS 13\nH 1\nH 2\nS 6\nS 7\nS 8\nS 9\nH 6\nH 8\nH 9\nH 10\nH 11\nH 3\nH 7\nS 2\nS 3\nS 4\nS 5\nH 12\nH 13\nC 1\nC 2\nD 1\nD 2\nD 3\nD 4\nD 5\nD 6\nD 7\nC 3\nC 4\nC 5\nC 6\nC 7\nC 8\nC 9\nC 10\nC 11\nC 13\nD 9\nD 10\nD 11\nD 12\nD 13\n"", ""output"": ""S 1\nH 4\nH 5\nC 12\nD 8\n\n""}, {""input"": ""47\nS 10\nS 11\nS 12\nS 13\nH 1\nH 2\nS 6\nS 7\nS 8\nS 9\nH 6\nH 8\nH 9\nH 10\nH 11\nH 3\nH 7\nS 2\nS 3\nS 1\nS 5\nH 12\nH 13\nC 1\nC 2\nD 1\nD 2\nD 3\nD 4\nD 5\nD 6\nD 7\nC 3\nC 4\nC 5\nC 6\nC 7\nC 8\nC 9\nC 10\nC 11\nC 13\nD 9\nD 10\nD 11\nD 12\nD 13\n"", ""output"": ""S 4\nH 4\nH 5\nC 12\nD 8\n\n""}, {""input"": ""47\nS 10\nS 11\nS 1\nS 13\nH 1\nH 2\nS 6\nS 7\nS 8\nS 9\nH 6\nH 8\nH 9\nH 10\nH 11\nH 4\nH 7\nS 2\nS 3\nS 4\nS 5\nH 12\nH 13\nC 1\nC 2\nD 1\nD 2\nD 3\nD 4\nD 5\nD 6\nD 7\nC 3\nC 4\nC 5\nC 6\nC 7\nC 8\nC 9\nC 10\nC 11\nC 13\nD 9\nD 10\nD 11\nD 12\nD 13\n"", ""output"": ""S 12\nH 3\nH 5\nC 12\nD 8\n\n""}, {""input"": ""47\nS 10\nS 11\nS 12\nS 13\nH 1\nH 2\nS 6\nS 7\nS 8\nS 9\nH 5\nH 8\nH 9\nH 10\nH 11\nH 3\nH 7\nS 2\nS 3\nS 1\nS 5\nH 12\nH 13\nC 1\nC 2\nD 1\nD 2\nD 3\nD 4\nD 5\nD 6\nD 7\nC 3\nC 4\nC 5\nC 6\nC 7\nC 8\nC 9\nC 10\nC 11\nC 13\nD 9\nD 10\nD 11\nD 12\nD 13\n"", ""output"": ""S 4\nH 4\nH 6\nC 12\nD 8\n\n""}, {""input"": ""47\nS 10\nS 11\nS 12\nS 13\nH 2\nH 3\nS 6\nS 7\nS 8\nS 9\nH 6\nH 8\nH 9\nH 10\nH 11\nH 4\nH 5\nS 2\nS 3\nS 4\nS 5\nH 12\nH 13\nC 1\nC 2\nD 1\nD 2\nD 3\nD 4\nD 5\nD 6\nD 7\nC 3\nC 4\nC 5\nC 6\nC 7\nC 8\nC 9\nC 10\nC 11\nC 13\nD 9\nD 10\nD 11\nD 12\nD 13\n"", ""output"": ""S 1\nH 1\nH 7\nC 12\nD 8\n\n""}, {""input"": ""47\nS 10\nS 11\nS 12\nS 13\nH 1\nH 2\nS 6\nS 7\nS 8\nS 9\nH 6\nH 8\nH 9\nH 10\nH 11\nH 4\nH 3\nS 2\nS 3\nS 4\nS 5\nH 12\nH 13\nC 1\nC 2\nD 1\nD 2\nD 3\nD 4\nD 5\nD 6\nD 7\nC 3\nC 4\nC 5\nC 6\nC 7\nC 8\nC 9\nC 10\nC 11\nC 13\nD 9\nD 10\nD 11\nD 12\nD 13\n"", ""output"": ""S 1\nH 5\nH 7\nC 12\nD 8\n\n""}, {""input"": ""47\nS 1\nS 11\nS 12\nS 13\nH 1\nH 3\nS 6\nS 7\nS 8\nS 9\nH 6\nH 8\nH 9\nH 10\nH 11\nH 4\nH 5\nS 2\nS 3\nS 4\nS 5\nH 12\nH 13\nC 1\nC 2\nD 1\nD 2\nD 3\nD 4\nD 5\nD 6\nD 7\nC 3\nC 4\nC 5\nC 6\nC 7\nC 8\nC 9\nC 10\nC 11\nC 13\nD 9\nD 10\nD 11\nD 12\nD 13\n"", ""output"": ""S 10\nH 2\nH 7\nC 12\nD 8\n\n""}]","Given the following C code and assembly code, your task is to generate highly optimized x86-64 assembly code.
C Code:

```c
#include <stdio.h>

int main(void){
  int tramp[13][4]={0};//S=[x][0] H=[x][1] C=[x][2] D=[x][3]
  int n,i,num;
  char pic;
  scanf(""%d\n"",&n);
  for(i=0;i<n;i++){
    scanf(""\n%c %d"",&pic,&num);//改行も含まないと値がおかしくなる
    switch(pic){
    case 'S':tramp[num-1][0]=1;break;
    case 'H':tramp[num-1][1]=1;break;
    case 'C':tramp[num-1][2]=1;break;
    case 'D':tramp[num-1][3]=1;break;
    default:break;
    }
  }
  for(i=0;i<4;i++){
    for(n=0;n<13;n++){
      if(tramp[n][i] == 0){
	switch(i){
	case 0:printf(""S %d\n"",n+1);break;
	case 1:printf(""H %d\n"",n+1);break;
	case 2:printf(""C %d\n"",n+1);break;
	case 3:printf(""D %d\n"",n+1);break;
	default:break;
	}
      }
    }
  }
  return 0;
}
```

Assembly Code:

```assembly

```

Only output the optimized assembly code. Do not include any other text. Do not write any comments in the assembly code. Wrap the assembly code in ```assembly``` tags.
Optimized Assembly Code:
","Given the following C code, your task is to generate highly optimized x86-64 assembly code.
C Code:

```c
#include <stdio.h>

int main(void){
  int tramp[13][4]={0};//S=[x][0] H=[x][1] C=[x][2] D=[x][3]
  int n,i,num;
  char pic;
  scanf(""%d\n"",&n);
  for(i=0;i<n;i++){
    scanf(""\n%c %d"",&pic,&num);//改行も含まないと値がおかしくなる
    switch(pic){
    case 'S':tramp[num-1][0]=1;break;
    case 'H':tramp[num-1][1]=1;break;
    case 'C':tramp[num-1][2]=1;break;
    case 'D':tramp[num-1][3]=1;break;
    default:break;
    }
  }
  for(i=0;i<4;i++){
    for(n=0;n<13;n++){
      if(tramp[n][i] == 0){
	switch(i){
	case 0:printf(""S %d\n"",n+1);break;
	case 1:printf(""H %d\n"",n+1);break;
	case 2:printf(""C %d\n"",n+1);break;
	case 3:printf(""D %d\n"",n+1);break;
	default:break;
	}
      }
    }
  }
  return 0;
}
```

Only output the optimized assembly code. Do not include any other text. Do not write any comments in the assembly code. Wrap the assembly code in ```assembly``` tags.
Optimized Assembly Code:
"
146,"#include<stdio.h>

int main()
{
  int a,b,t;
  scanf(""%d %d %d"",&a,&b,&t);
  
  printf(""%d\n"",(t/a)*b);
  
  return 0;
}","[{""input"": ""20 20 8\n"", ""output"": ""0\n\n""}, {""input"": ""4 2 9\n"", ""output"": ""4\n\n""}, {""input"": ""8 2 9\n"", ""output"": ""2\n\n""}, {""input"": ""2 -2 6\n"", ""output"": ""-6\n\n""}, {""input"": ""2 -3 6\n"", ""output"": ""-9\n\n""}, {""input"": ""2 -3 10\n"", ""output"": ""-15\n\n""}, {""input"": ""2 -4 10\n"", ""output"": ""-20\n\n""}, {""input"": ""2 -8 10\n"", ""output"": ""-40\n\n""}, {""input"": ""2 -8 13\n"", ""output"": ""-48\n\n""}, {""input"": ""2 -7 13\n"", ""output"": ""-42\n\n""}]","Given the following C code and assembly code, your task is to generate highly optimized x86-64 assembly code.
C Code:

```c
#include<stdio.h>

int main()
{
  int a,b,t;
  scanf(""%d %d %d"",&a,&b,&t);
  
  printf(""%d\n"",(t/a)*b);
  
  return 0;
}
```

Assembly Code:

```assembly

```

Only output the optimized assembly code. Do not include any other text. Do not write any comments in the assembly code. Wrap the assembly code in ```assembly``` tags.
Optimized Assembly Code:
","Given the following C code, your task is to generate highly optimized x86-64 assembly code.
C Code:

```c
#include<stdio.h>

int main()
{
  int a,b,t;
  scanf(""%d %d %d"",&a,&b,&t);
  
  printf(""%d\n"",(t/a)*b);
  
  return 0;
}
```

Only output the optimized assembly code. Do not include any other text. Do not write any comments in the assembly code. Wrap the assembly code in ```assembly``` tags.
Optimized Assembly Code:
"
147,"#include <stdio.h>

int main(void){
	int A[3][3];
	int A_bin[3][3];
	int N;
	int b[100];
	int flag = 0;
	int k, i, j;

	for (i = 0; i < 3; i++) {
		for (j = 0; j < 3; j++) {
			scanf(""%d"", &A[i][j]);
			A_bin[i][j] = 0;
		}
	}
	scanf(""%d"", &N);
	for (k = 0; k < N; k++) {
		scanf(""%d"", &b[k]);
		for (i = 0; i < 3; i++) {
			for (j = 0; j < 3; j++) {
				if(A[i][j]==b[k]){ A_bin[i][j] = 1; }
			}
		}
	}


	for(k = 0; k < 3; k++){
		if ((A_bin[0][k] == 1)&&(A_bin[1][k] == 1)&&(A_bin[2][k] == 1)) { flag = 1; }
	}

	for(k = 0; k < 3; k++){
		if ((A_bin[k][0] == 1)&&(A_bin[k][1] == 1)&&(A_bin[k][2] == 1)) { flag = 1; }
	}
	
	if ((A_bin[0][0] == 1)&&(A_bin[1][1] == 1)&&(A_bin[2][2] == 1)) { flag = 1; }
	if ((A_bin[0][2] == 1)&&(A_bin[1][1] == 1)&&(A_bin[2][0] == 1)) { flag = 1; }


	if (flag == 1) { puts(""Yes""); } else { puts(""No""); }	

	return 0;
}
","[{""input"": ""60 88 34\n92 41 43\n39 73 48\n10\n60\n43\n88\n11\n48\n73\n65\n41\n92\n34\n"", ""output"": ""Yes\n\n""}, {""input"": ""41 7 46\n26 89 2\n78 92 8\n5\n12\n45\n16\n57\n17\n"", ""output"": ""No\n\n""}, {""input"": ""84 97 66\n79 89 11\n61 59 7\n7\n89\n7\n146\n79\n24\n84\n30\n"", ""output"": ""Yes\n\n""}, {""input"": ""60 106 34\n92 41 43\n39 73 48\n10\n60\n43\n88\n11\n48\n73\n65\n41\n92\n34\n"", ""output"": ""Yes\n\n""}, {""input"": ""84 97 66\n79 89 11\n61 59 7\n7\n95\n7\n146\n79\n24\n84\n30\n"", ""output"": ""No\n\n""}, {""input"": ""41 6 46\n26 89 2\n78 92 8\n5\n12\n45\n16\n57\n17\n"", ""output"": ""No\n\n""}, {""input"": ""60 68 34\n92 41 43\n39 73 48\n10\n60\n43\n88\n11\n48\n73\n65\n41\n92\n34\n"", ""output"": ""Yes\n\n""}, {""input"": ""84 97 66\n79 89 6\n61 59 7\n7\n95\n7\n146\n79\n24\n84\n30\n"", ""output"": ""No\n\n""}, {""input"": ""41 6 46\n1 89 2\n78 92 8\n5\n12\n45\n16\n57\n17\n"", ""output"": ""No\n\n""}, {""input"": ""60 68 34\n92 41 43\n39 73 48\n10\n60\n43\n88\n10\n48\n73\n65\n41\n92\n34\n"", ""output"": ""Yes\n\n""}]","Given the following C code and assembly code, your task is to generate highly optimized x86-64 assembly code.
C Code:

```c
#include <stdio.h>

int main(void){
	int A[3][3];
	int A_bin[3][3];
	int N;
	int b[100];
	int flag = 0;
	int k, i, j;

	for (i = 0; i < 3; i++) {
		for (j = 0; j < 3; j++) {
			scanf(""%d"", &A[i][j]);
			A_bin[i][j] = 0;
		}
	}
	scanf(""%d"", &N);
	for (k = 0; k < N; k++) {
		scanf(""%d"", &b[k]);
		for (i = 0; i < 3; i++) {
			for (j = 0; j < 3; j++) {
				if(A[i][j]==b[k]){ A_bin[i][j] = 1; }
			}
		}
	}


	for(k = 0; k < 3; k++){
		if ((A_bin[0][k] == 1)&&(A_bin[1][k] == 1)&&(A_bin[2][k] == 1)) { flag = 1; }
	}

	for(k = 0; k < 3; k++){
		if ((A_bin[k][0] == 1)&&(A_bin[k][1] == 1)&&(A_bin[k][2] == 1)) { flag = 1; }
	}
	
	if ((A_bin[0][0] == 1)&&(A_bin[1][1] == 1)&&(A_bin[2][2] == 1)) { flag = 1; }
	if ((A_bin[0][2] == 1)&&(A_bin[1][1] == 1)&&(A_bin[2][0] == 1)) { flag = 1; }


	if (flag == 1) { puts(""Yes""); } else { puts(""No""); }	

	return 0;
}
```

Assembly Code:

```assembly

```

Only output the optimized assembly code. Do not include any other text. Do not write any comments in the assembly code. Wrap the assembly code in ```assembly``` tags.
Optimized Assembly Code:
","Given the following C code, your task is to generate highly optimized x86-64 assembly code.
C Code:

```c
#include <stdio.h>

int main(void){
	int A[3][3];
	int A_bin[3][3];
	int N;
	int b[100];
	int flag = 0;
	int k, i, j;

	for (i = 0; i < 3; i++) {
		for (j = 0; j < 3; j++) {
			scanf(""%d"", &A[i][j]);
			A_bin[i][j] = 0;
		}
	}
	scanf(""%d"", &N);
	for (k = 0; k < N; k++) {
		scanf(""%d"", &b[k]);
		for (i = 0; i < 3; i++) {
			for (j = 0; j < 3; j++) {
				if(A[i][j]==b[k]){ A_bin[i][j] = 1; }
			}
		}
	}


	for(k = 0; k < 3; k++){
		if ((A_bin[0][k] == 1)&&(A_bin[1][k] == 1)&&(A_bin[2][k] == 1)) { flag = 1; }
	}

	for(k = 0; k < 3; k++){
		if ((A_bin[k][0] == 1)&&(A_bin[k][1] == 1)&&(A_bin[k][2] == 1)) { flag = 1; }
	}
	
	if ((A_bin[0][0] == 1)&&(A_bin[1][1] == 1)&&(A_bin[2][2] == 1)) { flag = 1; }
	if ((A_bin[0][2] == 1)&&(A_bin[1][1] == 1)&&(A_bin[2][0] == 1)) { flag = 1; }


	if (flag == 1) { puts(""Yes""); } else { puts(""No""); }	

	return 0;
}
```

Only output the optimized assembly code. Do not include any other text. Do not write any comments in the assembly code. Wrap the assembly code in ```assembly``` tags.
Optimized Assembly Code:
"
148,"#include <stdio.h>
#include <stdlib.h>

int main(){
  int n,l,i,a[200],b[200];
  int temp=0,min=100000,sum=0;
  scanf(""%d %d"",&n,&l);
  
  for(i=0;i<n;i++) a[i]=l+i;
  for(i=0;i<n;i++) b[i]= abs(a[i]);
  for(i=0;i<n;i++){
    if(b[i]<min){
      temp = i;
      min = b[i];
    }
  }
  
  a[temp]=0;
  for(i=0;i<n;i++) sum+=a[i];
  printf(""%d\n"",sum);
  return 0;
}","[{""input"": ""5 4\n"", ""output"": ""26\n\n""}, {""input"": ""13 -50\n"", ""output"": ""-534\n\n""}, {""input"": ""3 -2\n"", ""output"": ""-3\n\n""}, {""input"": ""5 7\n"", ""output"": ""38\n\n""}, {""input"": ""16 -50\n"", ""output"": ""-645\n\n""}, {""input"": ""5 -2\n"", ""output"": ""0\n\n""}, {""input"": ""5 9\n"", ""output"": ""46\n\n""}, {""input"": ""23 -50\n"", ""output"": ""-869\n\n""}, {""input"": ""4 -2\n"", ""output"": ""-2\n\n""}, {""input"": ""8 9\n"", ""output"": ""91\n\n""}]","Given the following C code and assembly code, your task is to generate highly optimized x86-64 assembly code.
C Code:

```c
#include <stdio.h>
#include <stdlib.h>

int main(){
  int n,l,i,a[200],b[200];
  int temp=0,min=100000,sum=0;
  scanf(""%d %d"",&n,&l);
  
  for(i=0;i<n;i++) a[i]=l+i;
  for(i=0;i<n;i++) b[i]= abs(a[i]);
  for(i=0;i<n;i++){
    if(b[i]<min){
      temp = i;
      min = b[i];
    }
  }
  
  a[temp]=0;
  for(i=0;i<n;i++) sum+=a[i];
  printf(""%d\n"",sum);
  return 0;
}
```

Assembly Code:

```assembly

```

Only output the optimized assembly code. Do not include any other text. Do not write any comments in the assembly code. Wrap the assembly code in ```assembly``` tags.
Optimized Assembly Code:
","Given the following C code, your task is to generate highly optimized x86-64 assembly code.
C Code:

```c
#include <stdio.h>
#include <stdlib.h>

int main(){
  int n,l,i,a[200],b[200];
  int temp=0,min=100000,sum=0;
  scanf(""%d %d"",&n,&l);
  
  for(i=0;i<n;i++) a[i]=l+i;
  for(i=0;i<n;i++) b[i]= abs(a[i]);
  for(i=0;i<n;i++){
    if(b[i]<min){
      temp = i;
      min = b[i];
    }
  }
  
  a[temp]=0;
  for(i=0;i<n;i++) sum+=a[i];
  printf(""%d\n"",sum);
  return 0;
}
```

Only output the optimized assembly code. Do not include any other text. Do not write any comments in the assembly code. Wrap the assembly code in ```assembly``` tags.
Optimized Assembly Code:
"
149,"// C - Slimes
#include <stdio.h>
#include <string.h>

int main(void){
    int i, j, n, cnt=0;
    char s[100010], c;
    scanf(""%d%s"", &n, s);
    for(i=0; i<n; i++){
        if(s[i]!=s[i+1]){cnt++;}
    }
    printf(""%d\n"", cnt);
    return 0;
}","[{""input"": ""20\nxxzaffeeeeedfkkkkllq\n"", ""output"": ""10\n\n""}, {""input"": ""5\naaaab\n"", ""output"": ""2\n\n""}, {""input"": ""10\naabbcbaaca\n"", ""output"": ""7\n\n""}, {""input"": ""20\nxfzaffeeeeedxkkkkllq\n"", ""output"": ""11\n\n""}, {""input"": ""20\nxfzaffeeeeedxkkkkmlq\n"", ""output"": ""12\n\n""}, {""input"": ""5\naa`ab\n"", ""output"": ""4\n\n""}, {""input"": ""10\nacaaacbbaa\n"", ""output"": ""6\n\n""}, {""input"": ""20\nxfzaffedeeedxkkkkmlq\n"", ""output"": ""14\n\n""}, {""input"": ""5\naa``b\n"", ""output"": ""3\n\n""}, {""input"": ""20\nxfzaefedeeedxkkkkmlq\n"", ""output"": ""15\n\n""}]","Given the following C code and assembly code, your task is to generate highly optimized x86-64 assembly code.
C Code:

```c
// C - Slimes
#include <stdio.h>
#include <string.h>

int main(void){
    int i, j, n, cnt=0;
    char s[100010], c;
    scanf(""%d%s"", &n, s);
    for(i=0; i<n; i++){
        if(s[i]!=s[i+1]){cnt++;}
    }
    printf(""%d\n"", cnt);
    return 0;
}
```

Assembly Code:

```assembly

```

Only output the optimized assembly code. Do not include any other text. Do not write any comments in the assembly code. Wrap the assembly code in ```assembly``` tags.
Optimized Assembly Code:
","Given the following C code, your task is to generate highly optimized x86-64 assembly code.
C Code:

```c
// C - Slimes
#include <stdio.h>
#include <string.h>

int main(void){
    int i, j, n, cnt=0;
    char s[100010], c;
    scanf(""%d%s"", &n, s);
    for(i=0; i<n; i++){
        if(s[i]!=s[i+1]){cnt++;}
    }
    printf(""%d\n"", cnt);
    return 0;
}
```

Only output the optimized assembly code. Do not include any other text. Do not write any comments in the assembly code. Wrap the assembly code in ```assembly``` tags.
Optimized Assembly Code:
"
150,"#include<stdio.h>
int main()
{
  int s,w;
  scanf(""%d %d"",&s,&w);
  if(w>=s)
  {
    printf(""unsafe\n"");
  }
  else
  {
    printf(""safe\n"");
  }
}","[{""input"": ""1 5\n"", ""output"": ""unsafe\n\n""}, {""input"": ""101 2\n"", ""output"": ""safe\n\n""}, {""input"": ""5 10\n"", ""output"": ""unsafe\n\n""}, {""input"": ""1 6\n"", ""output"": ""unsafe\n\n""}, {""input"": ""111 2\n"", ""output"": ""safe\n\n""}, {""input"": ""8 10\n"", ""output"": ""unsafe\n\n""}, {""input"": ""0 6\n"", ""output"": ""unsafe\n\n""}, {""input"": ""111 0\n"", ""output"": ""safe\n\n""}, {""input"": ""11 10\n"", ""output"": ""safe\n\n""}, {""input"": ""-1 6\n"", ""output"": ""unsafe\n\n""}]","Given the following C code and assembly code, your task is to generate highly optimized x86-64 assembly code.
C Code:

```c
#include<stdio.h>
int main()
{
  int s,w;
  scanf(""%d %d"",&s,&w);
  if(w>=s)
  {
    printf(""unsafe\n"");
  }
  else
  {
    printf(""safe\n"");
  }
}
```

Assembly Code:

```assembly

```

Only output the optimized assembly code. Do not include any other text. Do not write any comments in the assembly code. Wrap the assembly code in ```assembly``` tags.
Optimized Assembly Code:
","Given the following C code, your task is to generate highly optimized x86-64 assembly code.
C Code:

```c
#include<stdio.h>
int main()
{
  int s,w;
  scanf(""%d %d"",&s,&w);
  if(w>=s)
  {
    printf(""unsafe\n"");
  }
  else
  {
    printf(""safe\n"");
  }
}
```

Only output the optimized assembly code. Do not include any other text. Do not write any comments in the assembly code. Wrap the assembly code in ```assembly``` tags.
Optimized Assembly Code:
"
151," #include <stdio.h>
 
 int main(){
     int a,b,c;

     scanf(""%d"",&a);
     scanf(""%d"",&b);
     scanf(""%d"",&c);

     if(a < b && b < c)
         puts(""Yes"");
     else
         puts(""No"");

return 0;
}","[{""input"": ""1 6 8\n"", ""output"": ""Yes\n\n""}, {""input"": ""3 7 1\n"", ""output"": ""No\n\n""}, {""input"": ""1 6 9\n"", ""output"": ""Yes\n\n""}, {""input"": ""3 7 2\n"", ""output"": ""No\n\n""}, {""input"": ""1 9 9\n"", ""output"": ""No\n\n""}, {""input"": ""3 7 3\n"", ""output"": ""No\n\n""}, {""input"": ""1 9 2\n"", ""output"": ""No\n\n""}, {""input"": ""2 7 3\n"", ""output"": ""No\n\n""}, {""input"": ""1 6 2\n"", ""output"": ""No\n\n""}, {""input"": ""3 9 3\n"", ""output"": ""No\n\n""}]","Given the following C code and assembly code, your task is to generate highly optimized x86-64 assembly code.
C Code:

```c
 #include <stdio.h>
 
 int main(){
     int a,b,c;

     scanf(""%d"",&a);
     scanf(""%d"",&b);
     scanf(""%d"",&c);

     if(a < b && b < c)
         puts(""Yes"");
     else
         puts(""No"");

return 0;
}
```

Assembly Code:

```assembly

```

Only output the optimized assembly code. Do not include any other text. Do not write any comments in the assembly code. Wrap the assembly code in ```assembly``` tags.
Optimized Assembly Code:
","Given the following C code, your task is to generate highly optimized x86-64 assembly code.
C Code:

```c
 #include <stdio.h>
 
 int main(){
     int a,b,c;

     scanf(""%d"",&a);
     scanf(""%d"",&b);
     scanf(""%d"",&c);

     if(a < b && b < c)
         puts(""Yes"");
     else
         puts(""No"");

return 0;
}
```

Only output the optimized assembly code. Do not include any other text. Do not write any comments in the assembly code. Wrap the assembly code in ```assembly``` tags.
Optimized Assembly Code:
"
152,"#include<stdio.h>
#include<stdlib.h>

int main(){
  int n,q;
  int *S,*T,B[100];
  int count=0,i,j,u;
  int flag=0;
  
  scanf(""%d"",&n);
  S=(int *)malloc(n*sizeof(int));
  for(i=0;i<n;i++) scanf(""%d"",&S[i]);
  scanf(""%d"",&q);
  T=(int *)malloc(q*sizeof(int));
  for(i=0;i<q;i++) scanf(""%d"",&T[i]);
  
  for(i=0;i<n;i++){
    flag=0;
    for(j=0;j<q;j++){     
      if(S[i]==T[j]){
	for(u=0;u<count;u++){
	  if(B[u]==T[j]) flag=1;
	}
	if(flag==1) break;
	B[count++]=T[j];
	break;
      }
    }
  }
  printf(""%d\n"",count);

  free(S);
  free(T);
  
  return 0;
}



","[{""input"": ""5\n1 2 3 4 5\n3\n3 4 1\n"", ""output"": ""3\n""}]","Given the following C code and assembly code, your task is to generate highly optimized x86-64 assembly code.
C Code:

```c
#include<stdio.h>
#include<stdlib.h>

int main(){
  int n,q;
  int *S,*T,B[100];
  int count=0,i,j,u;
  int flag=0;
  
  scanf(""%d"",&n);
  S=(int *)malloc(n*sizeof(int));
  for(i=0;i<n;i++) scanf(""%d"",&S[i]);
  scanf(""%d"",&q);
  T=(int *)malloc(q*sizeof(int));
  for(i=0;i<q;i++) scanf(""%d"",&T[i]);
  
  for(i=0;i<n;i++){
    flag=0;
    for(j=0;j<q;j++){     
      if(S[i]==T[j]){
	for(u=0;u<count;u++){
	  if(B[u]==T[j]) flag=1;
	}
	if(flag==1) break;
	B[count++]=T[j];
	break;
      }
    }
  }
  printf(""%d\n"",count);

  free(S);
  free(T);
  
  return 0;
}
```

Assembly Code:

```assembly

```

Only output the optimized assembly code. Do not include any other text. Do not write any comments in the assembly code. Wrap the assembly code in ```assembly``` tags.
Optimized Assembly Code:
","Given the following C code, your task is to generate highly optimized x86-64 assembly code.
C Code:

```c
#include<stdio.h>
#include<stdlib.h>

int main(){
  int n,q;
  int *S,*T,B[100];
  int count=0,i,j,u;
  int flag=0;
  
  scanf(""%d"",&n);
  S=(int *)malloc(n*sizeof(int));
  for(i=0;i<n;i++) scanf(""%d"",&S[i]);
  scanf(""%d"",&q);
  T=(int *)malloc(q*sizeof(int));
  for(i=0;i<q;i++) scanf(""%d"",&T[i]);
  
  for(i=0;i<n;i++){
    flag=0;
    for(j=0;j<q;j++){     
      if(S[i]==T[j]){
	for(u=0;u<count;u++){
	  if(B[u]==T[j]) flag=1;
	}
	if(flag==1) break;
	B[count++]=T[j];
	break;
      }
    }
  }
  printf(""%d\n"",count);

  free(S);
  free(T);
  
  return 0;
}
```

Only output the optimized assembly code. Do not include any other text. Do not write any comments in the assembly code. Wrap the assembly code in ```assembly``` tags.
Optimized Assembly Code:
"
153,"#include <stdio.h>
#include <string.h>
#include <stdlib.h>
#include <math.h>

int main() {

    int n, k,h;
    scanf(""%d %d"", &n,&k);

    int cnt=0;
    
    for(int i=0;i<n;i++){
        scanf(""%d"",&h);
        if(h>=k){
            cnt++;
        }
    }
    printf(""%d"",cnt);

    return 0;

}","[{""input"": ""5 1\n100 200 300 467 500\n"", ""output"": ""5\n\n""}, {""input"": ""4 150\n151 140 100 200\n"", ""output"": ""2\n\n""}, {""input"": ""0 500\n499\n"", ""output"": ""0\n\n""}, {""input"": ""1 500\n654\n"", ""output"": ""1\n\n""}, {""input"": ""5 2\n000 200 300 467 500\n"", ""output"": ""4\n\n""}, {""input"": ""4 112\n150 140 100 200\n"", ""output"": ""3\n\n""}, {""input"": ""5 2\n100 200 300 467 500\n"", ""output"": ""5\n\n""}, {""input"": ""-1 500\n499\n"", ""output"": ""0\n\n""}, {""input"": ""5 2\n100 200 476 467 500\n"", ""output"": ""5\n\n""}, {""input"": ""-1 500\n289\n"", ""output"": ""0\n\n""}]","Given the following C code and assembly code, your task is to generate highly optimized x86-64 assembly code.
C Code:

```c
#include <stdio.h>
#include <string.h>
#include <stdlib.h>
#include <math.h>

int main() {

    int n, k,h;
    scanf(""%d %d"", &n,&k);

    int cnt=0;
    
    for(int i=0;i<n;i++){
        scanf(""%d"",&h);
        if(h>=k){
            cnt++;
        }
    }
    printf(""%d"",cnt);

    return 0;

}
```

Assembly Code:

```assembly

```

Only output the optimized assembly code. Do not include any other text. Do not write any comments in the assembly code. Wrap the assembly code in ```assembly``` tags.
Optimized Assembly Code:
","Given the following C code, your task is to generate highly optimized x86-64 assembly code.
C Code:

```c
#include <stdio.h>
#include <string.h>
#include <stdlib.h>
#include <math.h>

int main() {

    int n, k,h;
    scanf(""%d %d"", &n,&k);

    int cnt=0;
    
    for(int i=0;i<n;i++){
        scanf(""%d"",&h);
        if(h>=k){
            cnt++;
        }
    }
    printf(""%d"",cnt);

    return 0;

}
```

Only output the optimized assembly code. Do not include any other text. Do not write any comments in the assembly code. Wrap the assembly code in ```assembly``` tags.
Optimized Assembly Code:
"
154,"#include<stdio.h>

int main(void){
    
    int a, b;
    
    scanf(""%d"", &a);
    scanf(""%d"", &b);
    
    printf(""%d %d %f\n"", a / b, a % b, (double)a / (double)b);
    
    return 0;
}
","[{""input"": ""0 2\n"", ""output"": ""0 0 0.000000\n\n""}, {""input"": ""1 2\n"", ""output"": ""0 1 0.500000\n\n""}, {""input"": ""5 2\n"", ""output"": ""2 1 2.500000\n\n""}, {""input"": ""-1 2\n"", ""output"": ""-1 1 -0.500000\n\n""}, {""input"": ""1 3\n"", ""output"": ""0 1 0.333333\n\n""}, {""input"": ""5 3\n"", ""output"": ""1 2 1.666667\n\n""}, {""input"": ""1 5\n"", ""output"": ""0 1 0.200000\n\n""}, {""input"": ""2 3\n"", ""output"": ""0 2 0.666667\n\n""}, {""input"": ""1 1\n"", ""output"": ""1 0 1.000000\n\n""}, {""input"": ""4 2\n"", ""output"": ""2 0 2.000000\n\n""}]","Given the following C code and assembly code, your task is to generate highly optimized x86-64 assembly code.
C Code:

```c
#include<stdio.h>

int main(void){
    
    int a, b;
    
    scanf(""%d"", &a);
    scanf(""%d"", &b);
    
    printf(""%d %d %f\n"", a / b, a % b, (double)a / (double)b);
    
    return 0;
}
```

Assembly Code:

```assembly

```

Only output the optimized assembly code. Do not include any other text. Do not write any comments in the assembly code. Wrap the assembly code in ```assembly``` tags.
Optimized Assembly Code:
","Given the following C code, your task is to generate highly optimized x86-64 assembly code.
C Code:

```c
#include<stdio.h>

int main(void){
    
    int a, b;
    
    scanf(""%d"", &a);
    scanf(""%d"", &b);
    
    printf(""%d %d %f\n"", a / b, a % b, (double)a / (double)b);
    
    return 0;
}
```

Only output the optimized assembly code. Do not include any other text. Do not write any comments in the assembly code. Wrap the assembly code in ```assembly``` tags.
Optimized Assembly Code:
"
155,"#include<stdio.h>

int main(void)
{
	int W,H,x,y,r;
	scanf(""%d%d%d%d%d"",&W,&H,&x,&y,&r);

	if((x-r>=0 && x+r<=W)&&(y-r>=0 && y+r<=H)){
		printf(""Yes\n"");
	} else{
		printf(""No\n"");
	}

	return 0;
}","[{""input"": ""2 4 2 2 1\n"", ""output"": ""No\n\n""}, {""input"": ""2 8 2 0 0\n"", ""output"": ""Yes\n\n""}, {""input"": ""5 4 2 0 1\n"", ""output"": ""No\n\n""}, {""input"": ""2 4 2 2 2\n"", ""output"": ""No\n\n""}, {""input"": ""5 8 2 0 1\n"", ""output"": ""No\n\n""}, {""input"": ""2 6 2 2 2\n"", ""output"": ""No\n\n""}, {""input"": ""2 8 2 0 1\n"", ""output"": ""No\n\n""}, {""input"": ""3 6 2 2 2\n"", ""output"": ""No\n\n""}, {""input"": ""0 6 2 2 2\n"", ""output"": ""No\n\n""}, {""input"": ""2 8 1 0 0\n"", ""output"": ""Yes\n\n""}]","Given the following C code and assembly code, your task is to generate highly optimized x86-64 assembly code.
C Code:

```c
#include<stdio.h>

int main(void)
{
	int W,H,x,y,r;
	scanf(""%d%d%d%d%d"",&W,&H,&x,&y,&r);

	if((x-r>=0 && x+r<=W)&&(y-r>=0 && y+r<=H)){
		printf(""Yes\n"");
	} else{
		printf(""No\n"");
	}

	return 0;
}
```

Assembly Code:

```assembly

```

Only output the optimized assembly code. Do not include any other text. Do not write any comments in the assembly code. Wrap the assembly code in ```assembly``` tags.
Optimized Assembly Code:
","Given the following C code, your task is to generate highly optimized x86-64 assembly code.
C Code:

```c
#include<stdio.h>

int main(void)
{
	int W,H,x,y,r;
	scanf(""%d%d%d%d%d"",&W,&H,&x,&y,&r);

	if((x-r>=0 && x+r<=W)&&(y-r>=0 && y+r<=H)){
		printf(""Yes\n"");
	} else{
		printf(""No\n"");
	}

	return 0;
}
```

Only output the optimized assembly code. Do not include any other text. Do not write any comments in the assembly code. Wrap the assembly code in ```assembly``` tags.
Optimized Assembly Code:
"
156,"#include <stdio.h>
#include <stdlib.h>
#include <string.h>

typedef struct a{
    int num;
	struct a *next,*before;
}Node;

void insert(int n,Node* nil){
    Node* node = (Node*)malloc(sizeof(Node));
    node->num=n;
    nil->next->before = node;
    node->next = nil->next;
    node->before = nil;
    nil->next = node;
}

void delete(Node* node){
    node->next->before = node->before;
    node->before->next = node->next;
    free(node);
}

void dsearch(Node* nil,int x){
    Node* node;
    for(node=nil->next;node!=nil;node = node->next){
        if(node->num==x){
            delete(node);
            break;
        }
    }
}

int main(void){
    int n,i,x;
    char str[16];
    Node *nil;
    Node *aa;
    nil = (Node*)malloc(sizeof(Node));
    nil->next = nil;
    nil->before = nil;
    scanf(""%d"",&n);
    for(i=0;i<n;i++){
        scanf(""%s"",str);
        if(strcmp(str,""deleteFirst"")==0){
            delete(nil->next);
        }else if(strcmp(str,""deleteLast"")==0){
            delete(nil->before);
        }else if(strcmp(str,""insert"")==0){
            scanf(""%d"",&x);
            insert(x,nil);
        }else if(strcmp(str,""delete"")==0){
            scanf(""%d"",&x);
            dsearch(nil,x);
        }
    }
    for(aa=nil->next;aa!=nil;aa=aa->next){
        printf(""%d"",aa->num);
        if(aa->next!=nil){
            printf("" "");
        }
    }
    printf(""\n"");
	return 0;
}


","[{""input"": ""7\ntresni 5\ninsert 2\ninsert 3\ninsert 1\ndelete 3\ninsert 6\ndelete 5\n"", ""output"": ""6 1 2\n\n""}, {""input"": ""7\ntresni 5\ninsert 2\ninsert 3\ninsert 2\ndelete 3\ninsert 6\ndelete 5\n"", ""output"": ""6 2 2\n\n""}, {""input"": ""7\ntretni 5\ninsert 2\ninsers 3\ninsert 2\ndelete 3\ntresni 6\ndelete 5\n"", ""output"": ""2 2\n\n""}, {""input"": ""9\ninsert 10\ninsert 2\ninsert 3\ninsert 1\ndelete 3\ninsert 6\ndelete 5\ndeleteFirst\ndeleteLast\n"", ""output"": ""1 2\n\n""}, {""input"": ""7\ntresni 5\ninsert 2\ninsert 3\ninsert 0\ndelete 3\ninsert 6\ndelete 5\n"", ""output"": ""6 0 2\n\n""}, {""input"": ""9\ninsert 10\ninsert 2\ninsert 3\ninsert 0\ndelete 3\ninsert 6\ndelete 5\ndeleteFirst\ndeleteLast\n"", ""output"": ""0 2\n\n""}, {""input"": ""7\ntresni 6\ninsert 2\ninsert 3\ninsert 0\ndelete 3\ninsert 3\ndelete 5\n"", ""output"": ""3 0 2\n\n""}, {""input"": ""9\ninsert 19\ninsert 2\ninsert 3\ninsert 0\ndelete 3\ntresni 6\ndelete 5\ndeleteFirst\ndeleteLast\n"", ""output"": ""2\n\n""}, {""input"": ""7\ntresni 6\ntresni 2\ntresni 3\ninsert 0\ndelete 1\ntresni 3\ndelete 5\n"", ""output"": ""0\n\n""}, {""input"": ""7\ninsert 5\ninsert 4\ninsert 3\ninsert 1\ndelete 3\ninsert 6\ndelete 5\n"", ""output"": ""6 1 4\n\n""}]","Given the following C code and assembly code, your task is to generate highly optimized x86-64 assembly code.
C Code:

```c
#include <stdio.h>
#include <stdlib.h>
#include <string.h>

typedef struct a{
    int num;
	struct a *next,*before;
}Node;

void insert(int n,Node* nil){
    Node* node = (Node*)malloc(sizeof(Node));
    node->num=n;
    nil->next->before = node;
    node->next = nil->next;
    node->before = nil;
    nil->next = node;
}

void delete(Node* node){
    node->next->before = node->before;
    node->before->next = node->next;
    free(node);
}

void dsearch(Node* nil,int x){
    Node* node;
    for(node=nil->next;node!=nil;node = node->next){
        if(node->num==x){
            delete(node);
            break;
        }
    }
}

int main(void){
    int n,i,x;
    char str[16];
    Node *nil;
    Node *aa;
    nil = (Node*)malloc(sizeof(Node));
    nil->next = nil;
    nil->before = nil;
    scanf(""%d"",&n);
    for(i=0;i<n;i++){
        scanf(""%s"",str);
        if(strcmp(str,""deleteFirst"")==0){
            delete(nil->next);
        }else if(strcmp(str,""deleteLast"")==0){
            delete(nil->before);
        }else if(strcmp(str,""insert"")==0){
            scanf(""%d"",&x);
            insert(x,nil);
        }else if(strcmp(str,""delete"")==0){
            scanf(""%d"",&x);
            dsearch(nil,x);
        }
    }
    for(aa=nil->next;aa!=nil;aa=aa->next){
        printf(""%d"",aa->num);
        if(aa->next!=nil){
            printf("" "");
        }
    }
    printf(""\n"");
	return 0;
}
```

Assembly Code:

```assembly

```

Only output the optimized assembly code. Do not include any other text. Do not write any comments in the assembly code. Wrap the assembly code in ```assembly``` tags.
Optimized Assembly Code:
","Given the following C code, your task is to generate highly optimized x86-64 assembly code.
C Code:

```c
#include <stdio.h>
#include <stdlib.h>
#include <string.h>

typedef struct a{
    int num;
	struct a *next,*before;
}Node;

void insert(int n,Node* nil){
    Node* node = (Node*)malloc(sizeof(Node));
    node->num=n;
    nil->next->before = node;
    node->next = nil->next;
    node->before = nil;
    nil->next = node;
}

void delete(Node* node){
    node->next->before = node->before;
    node->before->next = node->next;
    free(node);
}

void dsearch(Node* nil,int x){
    Node* node;
    for(node=nil->next;node!=nil;node = node->next){
        if(node->num==x){
            delete(node);
            break;
        }
    }
}

int main(void){
    int n,i,x;
    char str[16];
    Node *nil;
    Node *aa;
    nil = (Node*)malloc(sizeof(Node));
    nil->next = nil;
    nil->before = nil;
    scanf(""%d"",&n);
    for(i=0;i<n;i++){
        scanf(""%s"",str);
        if(strcmp(str,""deleteFirst"")==0){
            delete(nil->next);
        }else if(strcmp(str,""deleteLast"")==0){
            delete(nil->before);
        }else if(strcmp(str,""insert"")==0){
            scanf(""%d"",&x);
            insert(x,nil);
        }else if(strcmp(str,""delete"")==0){
            scanf(""%d"",&x);
            dsearch(nil,x);
        }
    }
    for(aa=nil->next;aa!=nil;aa=aa->next){
        printf(""%d"",aa->num);
        if(aa->next!=nil){
            printf("" "");
        }
    }
    printf(""\n"");
	return 0;
}
```

Only output the optimized assembly code. Do not include any other text. Do not write any comments in the assembly code. Wrap the assembly code in ```assembly``` tags.
Optimized Assembly Code:
"
157,"
#include <stdio.h>
#define swap(a, b) ((a != b) && (a += b, b = a - b, a -= b))

int main(void)
{
  int a, b;
  char op;

  while (scanf(""%d %c %d"", &a, &op, &b), op != '?') {
    switch (op) {
      case '+':
        printf(""%d\n"", a+b);
        break;
      case '-':
        printf(""%d\n"", a-b);
        break;
      case '*':
        printf(""%d\n"", a*b);
        break;
      case '/':
        printf(""%d\n"", a/b);
        break;
      case '?':
        return 0;
    }
  }

  return 0;
}",[],"Given the following C code and assembly code, your task is to generate highly optimized x86-64 assembly code.
C Code:

```c

#include <stdio.h>
#define swap(a, b) ((a != b) && (a += b, b = a - b, a -= b))

int main(void)
{
  int a, b;
  char op;

  while (scanf(""%d %c %d"", &a, &op, &b), op != '?') {
    switch (op) {
      case '+':
        printf(""%d\n"", a+b);
        break;
      case '-':
        printf(""%d\n"", a-b);
        break;
      case '*':
        printf(""%d\n"", a*b);
        break;
      case '/':
        printf(""%d\n"", a/b);
        break;
      case '?':
        return 0;
    }
  }

  return 0;
}
```

Assembly Code:

```assembly

```

Only output the optimized assembly code. Do not include any other text. Do not write any comments in the assembly code. Wrap the assembly code in ```assembly``` tags.
Optimized Assembly Code:
","Given the following C code, your task is to generate highly optimized x86-64 assembly code.
C Code:

```c

#include <stdio.h>
#define swap(a, b) ((a != b) && (a += b, b = a - b, a -= b))

int main(void)
{
  int a, b;
  char op;

  while (scanf(""%d %c %d"", &a, &op, &b), op != '?') {
    switch (op) {
      case '+':
        printf(""%d\n"", a+b);
        break;
      case '-':
        printf(""%d\n"", a-b);
        break;
      case '*':
        printf(""%d\n"", a*b);
        break;
      case '/':
        printf(""%d\n"", a/b);
        break;
      case '?':
        return 0;
    }
  }

  return 0;
}
```

Only output the optimized assembly code. Do not include any other text. Do not write any comments in the assembly code. Wrap the assembly code in ```assembly``` tags.
Optimized Assembly Code:
"
158,"#include<stdio.h>

int main() {
   char S[5];
   scanf(""%s"",S);
   if(S[1] == 'B') {
      printf(""ARC\n"");
   }
   if(S[1] == 'R') {
      printf(""ABC\n"");
   }

   return 0;
}
","[{""input"": ""ABC\n"", ""output"": ""ARC\n""}, {""input"": ""ABC\n"", ""output"": ""ARC\n""}]","Given the following C code and assembly code, your task is to generate highly optimized x86-64 assembly code.
C Code:

```c
#include<stdio.h>

int main() {
   char S[5];
   scanf(""%s"",S);
   if(S[1] == 'B') {
      printf(""ARC\n"");
   }
   if(S[1] == 'R') {
      printf(""ABC\n"");
   }

   return 0;
}
```

Assembly Code:

```assembly

```

Only output the optimized assembly code. Do not include any other text. Do not write any comments in the assembly code. Wrap the assembly code in ```assembly``` tags.
Optimized Assembly Code:
","Given the following C code, your task is to generate highly optimized x86-64 assembly code.
C Code:

```c
#include<stdio.h>

int main() {
   char S[5];
   scanf(""%s"",S);
   if(S[1] == 'B') {
      printf(""ARC\n"");
   }
   if(S[1] == 'R') {
      printf(""ABC\n"");
   }

   return 0;
}
```

Only output the optimized assembly code. Do not include any other text. Do not write any comments in the assembly code. Wrap the assembly code in ```assembly``` tags.
Optimized Assembly Code:
"
159,"#include <stdio.h>

int main(void)
{
	int vehicle[10];
	int i = 0;
	
	while (scanf(""%d"", &vehicle[i]) != EOF){
		if (vehicle[i] == 0){
			i--;
			printf(""%d\n"", vehicle[i]);
		}
		else {
			i++;
		}
	}
	
	return (0);
}","[{""input"": ""1\n6\n0\n8\n10\n0\n1\n0\n"", ""output"": ""6\n10\n1\n\n""}, {""input"": ""1\n6\n-1\n8\n10\n0\n1\n0\n"", ""output"": ""10\n1\n\n""}, {""input"": ""1\n4\n-1\n8\n10\n0\n1\n-1\n"", ""output"": ""10\n\n""}, {""input"": ""1\n7\n-1\n13\n9\n0\n1\n-2\n"", ""output"": ""9\n\n""}, {""input"": ""1\n3\n0\n8\n10\n0\n0\n0\n"", ""output"": ""3\n10\n8\n1\n\n""}, {""input"": ""1\n2\n0\n8\n10\n0\n1\n0\n"", ""output"": ""2\n10\n1\n\n""}, {""input"": ""1\n4\n-1\n8\n17\n0\n1\n-1\n"", ""output"": ""17\n\n""}, {""input"": ""1\n7\n0\n13\n9\n0\n1\n-2\n"", ""output"": ""7\n9\n\n""}, {""input"": ""1\n6\n-2\n18\n1\n0\n1\n-2\n"", ""output"": ""1\n\n""}, {""input"": ""1\n3\n0\n8\n6\n0\n0\n0\n"", ""output"": ""3\n6\n8\n1\n\n""}]","Given the following C code and assembly code, your task is to generate highly optimized x86-64 assembly code.
C Code:

```c
#include <stdio.h>

int main(void)
{
	int vehicle[10];
	int i = 0;
	
	while (scanf(""%d"", &vehicle[i]) != EOF){
		if (vehicle[i] == 0){
			i--;
			printf(""%d\n"", vehicle[i]);
		}
		else {
			i++;
		}
	}
	
	return (0);
}
```

Assembly Code:

```assembly

```

Only output the optimized assembly code. Do not include any other text. Do not write any comments in the assembly code. Wrap the assembly code in ```assembly``` tags.
Optimized Assembly Code:
","Given the following C code, your task is to generate highly optimized x86-64 assembly code.
C Code:

```c
#include <stdio.h>

int main(void)
{
	int vehicle[10];
	int i = 0;
	
	while (scanf(""%d"", &vehicle[i]) != EOF){
		if (vehicle[i] == 0){
			i--;
			printf(""%d\n"", vehicle[i]);
		}
		else {
			i++;
		}
	}
	
	return (0);
}
```

Only output the optimized assembly code. Do not include any other text. Do not write any comments in the assembly code. Wrap the assembly code in ```assembly``` tags.
Optimized Assembly Code:
"
160,"                                                                       #include<stdio.h>

int main(void){
        int a;
        int b;
        int ans;

        scanf(""%d%d"", &a, &b);

        ans = a - (b * 2);

        if(ans < 0){
                ans = 0;
        }

        printf(""%d\n"", ans);

        return 0;
}","[{""input"": ""27 30\n"", ""output"": ""0\n\n""}, {""input"": ""16 4\n"", ""output"": ""8\n\n""}, {""input"": ""45 18\n"", ""output"": ""9\n\n""}, {""input"": ""45 20\n"", ""output"": ""5\n\n""}, {""input"": ""35 7\n"", ""output"": ""21\n\n""}, {""input"": ""72 20\n"", ""output"": ""32\n\n""}, {""input"": ""72 21\n"", ""output"": ""30\n\n""}, {""input"": ""126 21\n"", ""output"": ""84\n\n""}, {""input"": ""20 7\n"", ""output"": ""6\n\n""}, {""input"": ""98 21\n"", ""output"": ""56\n\n""}]","Given the following C code and assembly code, your task is to generate highly optimized x86-64 assembly code.
C Code:

```c
                                                                       #include<stdio.h>

int main(void){
        int a;
        int b;
        int ans;

        scanf(""%d%d"", &a, &b);

        ans = a - (b * 2);

        if(ans < 0){
                ans = 0;
        }

        printf(""%d\n"", ans);

        return 0;
}
```

Assembly Code:

```assembly

```

Only output the optimized assembly code. Do not include any other text. Do not write any comments in the assembly code. Wrap the assembly code in ```assembly``` tags.
Optimized Assembly Code:
","Given the following C code, your task is to generate highly optimized x86-64 assembly code.
C Code:

```c
                                                                       #include<stdio.h>

int main(void){
        int a;
        int b;
        int ans;

        scanf(""%d%d"", &a, &b);

        ans = a - (b * 2);

        if(ans < 0){
                ans = 0;
        }

        printf(""%d\n"", ans);

        return 0;
}
```

Only output the optimized assembly code. Do not include any other text. Do not write any comments in the assembly code. Wrap the assembly code in ```assembly``` tags.
Optimized Assembly Code:
"
161,"#include <stdio.h>
#include <stdlib.h>

#define M 500000
#define END NULL

struct node{
  int key;
  struct node *left;
  struct node *right;
  struct node *parent;
};

typedef struct node *nodepointer;

nodepointer root;

void insert(int sample){
  nodepointer y,x,z;
  
  y = END;
  x = root;

  z = malloc(sizeof(struct node));
  z -> key = sample;
  z -> left = z -> right = END;

  while(x != END){
    y = x;
    if(z->key < x->key){
      x = x->left;
    }else{
      x = x->right;
    }
  }

  z->parent = y;

  if(y == END) root = z;
  else if(z->key < y->key)y->left = z;
  else y->right = z;
}



/* int find(nodepointer n,int sample2){  2. WA  error

  if(n == END)return 0;
  
  while(n->key != sample2){
    if(n->key == sample2)return 1;
    return find(n->left,sample2) || find(n->right,sample2);
  }

 
  }*/


/* int find(nodepointer n,int sample2){  5. TLE error

  if(n == END)return 0;
  if(n->key == sample2)return 1;
  
  while(n->key != sample2){
    return find(n->left,sample2) || find(n->right,sample2);
  }

 
  }*/


int  find(nodepointer n,int sample2){ //correction
 
   while (n != END && n->key != sample2 ){
      if (sample2 < n->key) n = n->left;
      else n = n->right;   
    }
  
  if(n != END) return 1;
  return 0;
   
}


void in(nodepointer n){
  if(n != END){
    in(n->left);
    printf("" %d"",n->key);
    in(n->right);
  }
}

void pre(nodepointer n){
  if(n != END){
    printf("" %d"",n->key);
    pre(n->left);
    pre(n->right);
  }
}
   
int main(){
  int command,thing,i;
  char direct[7];

  scanf(""%d"",&command);
  
  for(i=0;i<command;i++){
    scanf(""%s"",direct);
    
    if(direct[0] == 'i'){
      
      scanf(""%d"",&thing);
      insert(thing);
      
    }else if(direct[0] == 'f') {

      scanf(""%d"",&thing);
      if (find(root,thing)) printf(""yes\n"");
      else printf(""no\n"");
      
    }else if(direct[0] == 'p'){
        in(root);
	printf(""\n"");
	pre(root);
	printf(""\n"");
    }
  }
  return 0;
}
      
      
  

","[{""input"": ""10\ninsert 30\ninsert 88\ninsert 12\ninsert 1\ninsert 29\nfind 12\ninsert 17\ninsert 25\nfind 16\nprint\n"", ""output"": ""yes\nno\n 1 12 17 25 29 30 88\n 30 12 1 29 17 25 88\n\n""}, {""input"": ""10\ninsert 30\ninsert 88\ninsert 12\ninsert 2\ninsert 20\nfind 12\ninsert 17\ninsert 25\nfind 16\nprint\n"", ""output"": ""yes\nno\n 2 12 17 20 25 30 88\n 30 12 2 20 17 25 88\n\n""}, {""input"": ""10\ninsert 30\ninsert 88\ninsert 12\ninsert 1\ninsert 29\nfind 15\ninsert 17\ninsert 25\nfind 16\nprint\n"", ""output"": ""no\nno\n 1 12 17 25 29 30 88\n 30 12 1 29 17 25 88\n\n""}, {""input"": ""10\ninsert 30\ninsert 88\ninsert 12\ninsert 1\ninsert 20\nfind 13\ninsert 17\ninsert 25\nfind 16\nprint\n"", ""output"": ""no\nno\n 1 12 17 20 25 30 88\n 30 12 1 20 17 25 88\n\n""}, {""input"": ""10\ninsert 30\ninsert 88\ninsert 19\ninsert 1\ninsert 20\nfind 13\ninsert 17\ninsert 25\nfind 16\nprint\n"", ""output"": ""no\nno\n 1 17 19 20 25 30 88\n 30 19 1 17 20 25 88\n\n""}, {""input"": ""10\ninsert 30\ninsert 88\ninsert 12\ninsert 0\ninsert 29\nfind 12\ninsert 17\ninsert 25\nfind 16\nprint\n"", ""output"": ""yes\nno\n 0 12 17 25 29 30 88\n 30 12 0 29 17 25 88\n\n""}, {""input"": ""10\ninsert 30\ninsert 88\ninsert 12\ninsert 2\ninsert 20\nfind 12\ninsert 1\ninsert 25\nfind 16\nprint\n"", ""output"": ""yes\nno\n 1 2 12 20 25 30 88\n 30 12 2 1 20 25 88\n\n""}, {""input"": ""10\ninsert 30\ninsert 88\ninsert 19\ninsert 1\ninsert 20\nfind 13\ninsert 17\ninsert 25\nfind 25\nprint\n"", ""output"": ""no\nyes\n 1 17 19 20 25 30 88\n 30 19 1 17 20 25 88\n\n""}, {""input"": ""10\ninsert 30\ninsert 88\ninsert 7\ninsert 0\ninsert 29\nfind 12\ninsert 17\ninsert 25\nfind 16\nprint\n"", ""output"": ""no\nno\n 0 7 17 25 29 30 88\n 30 7 0 29 17 25 88\n\n""}, {""input"": ""10\ninsert 35\ninsert 88\ninsert 12\ninsert 2\ninsert 20\nfind 12\ninsert 17\ninsert 25\nfind 16\nprint\n"", ""output"": ""yes\nno\n 2 12 17 20 25 35 88\n 35 12 2 20 17 25 88\n\n""}]","Given the following C code and assembly code, your task is to generate highly optimized x86-64 assembly code.
C Code:

```c
#include <stdio.h>
#include <stdlib.h>

#define M 500000
#define END NULL

struct node{
  int key;
  struct node *left;
  struct node *right;
  struct node *parent;
};

typedef struct node *nodepointer;

nodepointer root;

void insert(int sample){
  nodepointer y,x,z;
  
  y = END;
  x = root;

  z = malloc(sizeof(struct node));
  z -> key = sample;
  z -> left = z -> right = END;

  while(x != END){
    y = x;
    if(z->key < x->key){
      x = x->left;
    }else{
      x = x->right;
    }
  }

  z->parent = y;

  if(y == END) root = z;
  else if(z->key < y->key)y->left = z;
  else y->right = z;
}



/* int find(nodepointer n,int sample2){  2. WA  error

  if(n == END)return 0;
  
  while(n->key != sample2){
    if(n->key == sample2)return 1;
    return find(n->left,sample2) || find(n->right,sample2);
  }

 
  }*/


/* int find(nodepointer n,int sample2){  5. TLE error

  if(n == END)return 0;
  if(n->key == sample2)return 1;
  
  while(n->key != sample2){
    return find(n->left,sample2) || find(n->right,sample2);
  }

 
  }*/


int  find(nodepointer n,int sample2){ //correction
 
   while (n != END && n->key != sample2 ){
      if (sample2 < n->key) n = n->left;
      else n = n->right;   
    }
  
  if(n != END) return 1;
  return 0;
   
}


void in(nodepointer n){
  if(n != END){
    in(n->left);
    printf("" %d"",n->key);
    in(n->right);
  }
}

void pre(nodepointer n){
  if(n != END){
    printf("" %d"",n->key);
    pre(n->left);
    pre(n->right);
  }
}
   
int main(){
  int command,thing,i;
  char direct[7];

  scanf(""%d"",&command);
  
  for(i=0;i<command;i++){
    scanf(""%s"",direct);
    
    if(direct[0] == 'i'){
      
      scanf(""%d"",&thing);
      insert(thing);
      
    }else if(direct[0] == 'f') {

      scanf(""%d"",&thing);
      if (find(root,thing)) printf(""yes\n"");
      else printf(""no\n"");
      
    }else if(direct[0] == 'p'){
        in(root);
	printf(""\n"");
	pre(root);
	printf(""\n"");
    }
  }
  return 0;
}
      
      
  
```

Assembly Code:

```assembly

```

Only output the optimized assembly code. Do not include any other text. Do not write any comments in the assembly code. Wrap the assembly code in ```assembly``` tags.
Optimized Assembly Code:
","Given the following C code, your task is to generate highly optimized x86-64 assembly code.
C Code:

```c
#include <stdio.h>
#include <stdlib.h>

#define M 500000
#define END NULL

struct node{
  int key;
  struct node *left;
  struct node *right;
  struct node *parent;
};

typedef struct node *nodepointer;

nodepointer root;

void insert(int sample){
  nodepointer y,x,z;
  
  y = END;
  x = root;

  z = malloc(sizeof(struct node));
  z -> key = sample;
  z -> left = z -> right = END;

  while(x != END){
    y = x;
    if(z->key < x->key){
      x = x->left;
    }else{
      x = x->right;
    }
  }

  z->parent = y;

  if(y == END) root = z;
  else if(z->key < y->key)y->left = z;
  else y->right = z;
}



/* int find(nodepointer n,int sample2){  2. WA  error

  if(n == END)return 0;
  
  while(n->key != sample2){
    if(n->key == sample2)return 1;
    return find(n->left,sample2) || find(n->right,sample2);
  }

 
  }*/


/* int find(nodepointer n,int sample2){  5. TLE error

  if(n == END)return 0;
  if(n->key == sample2)return 1;
  
  while(n->key != sample2){
    return find(n->left,sample2) || find(n->right,sample2);
  }

 
  }*/


int  find(nodepointer n,int sample2){ //correction
 
   while (n != END && n->key != sample2 ){
      if (sample2 < n->key) n = n->left;
      else n = n->right;   
    }
  
  if(n != END) return 1;
  return 0;
   
}


void in(nodepointer n){
  if(n != END){
    in(n->left);
    printf("" %d"",n->key);
    in(n->right);
  }
}

void pre(nodepointer n){
  if(n != END){
    printf("" %d"",n->key);
    pre(n->left);
    pre(n->right);
  }
}
   
int main(){
  int command,thing,i;
  char direct[7];

  scanf(""%d"",&command);
  
  for(i=0;i<command;i++){
    scanf(""%s"",direct);
    
    if(direct[0] == 'i'){
      
      scanf(""%d"",&thing);
      insert(thing);
      
    }else if(direct[0] == 'f') {

      scanf(""%d"",&thing);
      if (find(root,thing)) printf(""yes\n"");
      else printf(""no\n"");
      
    }else if(direct[0] == 'p'){
        in(root);
	printf(""\n"");
	pre(root);
	printf(""\n"");
    }
  }
  return 0;
}
      
      
  
```

Only output the optimized assembly code. Do not include any other text. Do not write any comments in the assembly code. Wrap the assembly code in ```assembly``` tags.
Optimized Assembly Code:
"
162,"#include <stdio.h>

int main()
{
    int iInputM, iInputF, iInputR;
    int iSum;
    int i;

    for (i = 0; i < 60; i++) {
        scanf(""%d %d %d"", &iInputM, &iInputF, &iInputR);
        if (iInputM == -1 && iInputF == -1 && iInputR == -1) break;
        iSum = iInputM + iInputF;
        if (iInputM == -1 || iInputF == -1) printf(""F\n"");
        else if (iSum >= 80) printf(""A\n"");
        else if (iSum >= 65) printf(""B\n"");
        else if (iSum >= 50) printf(""C\n"");
        else if (iSum >= 30) {
            if (iInputR >= 50) printf(""C\n"");
            else printf(""D\n"");
        }
        else printf(""F\n"");
    }

    return 0;
}
","[{""input"": ""40 42 -1\n34 30 -1\n0 2 -1\n-1 -1 -1\n"", ""output"": ""A\nC\nF\n\n""}, {""input"": ""40 42 -1\n16 30 -1\n0 2 -1\n-1 -1 -1\n"", ""output"": ""A\nD\nF\n\n""}, {""input"": ""92 64 -1\n16 50 -1\n1 1 0\n-1 -1 -1\n"", ""output"": ""A\nB\nF\n\n""}, {""input"": ""40 10 -1\n16 30 -1\n0 2 -1\n-1 -1 -1\n"", ""output"": ""C\nD\nF\n\n""}, {""input"": ""40 12 -1\n34 30 0\n0 2 -1\n-1 -1 -1\n"", ""output"": ""C\nC\nF\n\n""}, {""input"": ""40 53 -1\n0 7 -1\n0 1 -1\n-1 -1 -1\n"", ""output"": ""A\nF\nF\n\n""}, {""input"": ""20 11 -2\n16 30 0\n1 0 -1\n-1 -1 -1\n"", ""output"": ""D\nD\nF\n\n""}, {""input"": ""33 42 -1\n34 30 0\n0 2 -1\n-1 -1 -1\n"", ""output"": ""B\nC\nF\n\n""}, {""input"": ""92 78 -1\n16 85 -1\n1 1 0\n-1 -1 -1\n"", ""output"": ""A\nA\nF\n\n""}, {""input"": ""33 42 -1\n46 30 0\n0 2 -1\n-1 -1 -1\n"", ""output"": ""B\nB\nF\n\n""}]","Given the following C code and assembly code, your task is to generate highly optimized x86-64 assembly code.
C Code:

```c
#include <stdio.h>

int main()
{
    int iInputM, iInputF, iInputR;
    int iSum;
    int i;

    for (i = 0; i < 60; i++) {
        scanf(""%d %d %d"", &iInputM, &iInputF, &iInputR);
        if (iInputM == -1 && iInputF == -1 && iInputR == -1) break;
        iSum = iInputM + iInputF;
        if (iInputM == -1 || iInputF == -1) printf(""F\n"");
        else if (iSum >= 80) printf(""A\n"");
        else if (iSum >= 65) printf(""B\n"");
        else if (iSum >= 50) printf(""C\n"");
        else if (iSum >= 30) {
            if (iInputR >= 50) printf(""C\n"");
            else printf(""D\n"");
        }
        else printf(""F\n"");
    }

    return 0;
}
```

Assembly Code:

```assembly

```

Only output the optimized assembly code. Do not include any other text. Do not write any comments in the assembly code. Wrap the assembly code in ```assembly``` tags.
Optimized Assembly Code:
","Given the following C code, your task is to generate highly optimized x86-64 assembly code.
C Code:

```c
#include <stdio.h>

int main()
{
    int iInputM, iInputF, iInputR;
    int iSum;
    int i;

    for (i = 0; i < 60; i++) {
        scanf(""%d %d %d"", &iInputM, &iInputF, &iInputR);
        if (iInputM == -1 && iInputF == -1 && iInputR == -1) break;
        iSum = iInputM + iInputF;
        if (iInputM == -1 || iInputF == -1) printf(""F\n"");
        else if (iSum >= 80) printf(""A\n"");
        else if (iSum >= 65) printf(""B\n"");
        else if (iSum >= 50) printf(""C\n"");
        else if (iSum >= 30) {
            if (iInputR >= 50) printf(""C\n"");
            else printf(""D\n"");
        }
        else printf(""F\n"");
    }

    return 0;
}
```

Only output the optimized assembly code. Do not include any other text. Do not write any comments in the assembly code. Wrap the assembly code in ```assembly``` tags.
Optimized Assembly Code:
"
163,"int main()
{
  int a,b,c,x;
  scanf(""%d%d%d"",&a,&b,&c);
  if(b>c)
    {
      x=b;
      b=c;
      c=x;
    }
  if(a>b)
    {
      x=a;
      a=b;
      b=x;
    }
  if(b>c)
    {
      x=b;
      b=c;
      c=x;
    }
  printf(""%d %d %d\n"",a,b,c);
  return 0;
}","[{""input"": ""3 8 1\n"", ""output"": ""1 3 8\n""}]","Given the following C code and assembly code, your task is to generate highly optimized x86-64 assembly code.
C Code:

```c
int main()
{
  int a,b,c,x;
  scanf(""%d%d%d"",&a,&b,&c);
  if(b>c)
    {
      x=b;
      b=c;
      c=x;
    }
  if(a>b)
    {
      x=a;
      a=b;
      b=x;
    }
  if(b>c)
    {
      x=b;
      b=c;
      c=x;
    }
  printf(""%d %d %d\n"",a,b,c);
  return 0;
}
```

Assembly Code:

```assembly

```

Only output the optimized assembly code. Do not include any other text. Do not write any comments in the assembly code. Wrap the assembly code in ```assembly``` tags.
Optimized Assembly Code:
","Given the following C code, your task is to generate highly optimized x86-64 assembly code.
C Code:

```c
int main()
{
  int a,b,c,x;
  scanf(""%d%d%d"",&a,&b,&c);
  if(b>c)
    {
      x=b;
      b=c;
      c=x;
    }
  if(a>b)
    {
      x=a;
      a=b;
      b=x;
    }
  if(b>c)
    {
      x=b;
      b=c;
      c=x;
    }
  printf(""%d %d %d\n"",a,b,c);
  return 0;
}
```

Only output the optimized assembly code. Do not include any other text. Do not write any comments in the assembly code. Wrap the assembly code in ```assembly``` tags.
Optimized Assembly Code:
"
164,"#include <stdio.h>

int main(){
	int i,j=0;
	char k[15];
	
	scanf(""%s"",k);
	
	for(i=0;i<=14;i++){
		if(k[i]=='x'){
			j++;
		}
	}
	
	if(j>=8){
		printf(""NO\n"");
	}else{
		printf(""YES\n"");
	}
	
	return 0;
}","[{""input"": ""xoxoxoxoxoxoxo\n"", ""output"": ""YES\n\n""}, {""input"": ""oxoxowoxoxoxox\n"", ""output"": ""YES\n\n""}, {""input"": ""oxoxowoooxoxxx\n"", ""output"": ""YES\n\n""}, {""input"": ""xxxoxooowoxoxo\n"", ""output"": ""YES\n\n""}, {""input"": ""xoxoxooxwoxoxo\n"", ""output"": ""YES\n\n""}, {""input"": ""xoxoyoxoxoxoxo\n"", ""output"": ""YES\n\n""}, {""input"": ""xxxoxoooooxwxo\n"", ""output"": ""YES\n\n""}, {""input"": ""xoxowooxwoxoxo\n"", ""output"": ""YES\n\n""}, {""input"": ""oxoxoxoxoyoxox\n"", ""output"": ""YES\n\n""}, {""input"": ""xoxoxoxoxoyoxo\n"", ""output"": ""YES\n\n""}]","Given the following C code and assembly code, your task is to generate highly optimized x86-64 assembly code.
C Code:

```c
#include <stdio.h>

int main(){
	int i,j=0;
	char k[15];
	
	scanf(""%s"",k);
	
	for(i=0;i<=14;i++){
		if(k[i]=='x'){
			j++;
		}
	}
	
	if(j>=8){
		printf(""NO\n"");
	}else{
		printf(""YES\n"");
	}
	
	return 0;
}
```

Assembly Code:

```assembly

```

Only output the optimized assembly code. Do not include any other text. Do not write any comments in the assembly code. Wrap the assembly code in ```assembly``` tags.
Optimized Assembly Code:
","Given the following C code, your task is to generate highly optimized x86-64 assembly code.
C Code:

```c
#include <stdio.h>

int main(){
	int i,j=0;
	char k[15];
	
	scanf(""%s"",k);
	
	for(i=0;i<=14;i++){
		if(k[i]=='x'){
			j++;
		}
	}
	
	if(j>=8){
		printf(""NO\n"");
	}else{
		printf(""YES\n"");
	}
	
	return 0;
}
```

Only output the optimized assembly code. Do not include any other text. Do not write any comments in the assembly code. Wrap the assembly code in ```assembly``` tags.
Optimized Assembly Code:
"
165,"#include<stdio.h>
#include<stdlib.h>
int compare_long(const void *a, const void *b){if(*(long*)a - *(long*)b > 0){return -1;}else if(*(long*)a - *(long*)b < 0){return 1;}else{return 0;}}
int min(int a, int b){return a>b?b:a;}

int x, y, z, w, k, i, j;
long a[1000], b[1000], c[1000], d[1000000], e[3000000];

int main(void){
  scanf(""%d%d%d%d"", &x, &y, &z, &k);
  for(i=0; i<x; i++){
    scanf(""%ld"", a+i);
  }
  for(i=0; i<y; i++){
    scanf(""%ld"", b+i);
  }
  for(i=0; i<z; i++){
    scanf(""%ld"", c+i);
  }
  for(i=0; i<x; i++){
    for(j=0; j<y; j++){
      d[i*y+j] = a[i]+b[j];
    }
  }
  qsort(d, x*y, sizeof(long), compare_long);
  w=min(x*y, k);
  for(i=0; i<w; i++){
    for(j=0; j<z; j++){
      e[i*z+j] = d[i]+c[j];
    }
  }
  qsort(e, w*z, sizeof(long), compare_long);
  for(i=0; i<k; i++){
    printf(""%ld\n"", e[i]);
  }
}
","[{""input"": ""2 2 2 1\n4 6\n1 5\n3 8\n"", ""output"": ""19\n\n""}, {""input"": ""10 10 10 20\n7467038376 5724769290 292794712 2843504496 3381970101 8402252870 249131806 6310293640 6690322794 6082257488\n1873977926 2576529623 1144842195 1379118507 6003234687 4925540914 3902539811 3326692703 484657758 2877436338\n4975681328 8974383988 2882263257 6426500770 514305523 6679823484 4263279310 585966808 3752282379 620585736\n"", ""output"": ""23379871545\n22444657051\n22302177772\n21667941469\n21366963278\n21287912315\n21279176669\n21085311041\n21059876163\n20831988327\n20703329561\n20702387965\n20590247696\n20343962175\n20254073196\n20210218542\n20150096547\n20007617268\n19982182390\n19953166481\n\n""}, {""input"": ""10 10 10 20\n7467038376 5724769290 292794712 2843504496 3381970101 8402252870 249131806 6310293640 6690322794 6082257488\n1873977926 2576529623 1144842195 1379118507 6003234687 4925540914 3902539811 3326692703 484657758 2877436338\n4975681328 8974383988 2882263257 4734915691 514305523 6679823484 4263279310 585966808 3752282379 620585736\n"", ""output"": ""23379871545\n22444657051\n22302177772\n21667941469\n21366963278\n21287912315\n21279176669\n21085311041\n21059876163\n20703329561\n20702387965\n20590247696\n20343962175\n20254073196\n20210218542\n20150096547\n20007617268\n19982182390\n19953166481\n19768115067\n\n""}, {""input"": ""10 10 10 20\n7467038376 5724769290 292794712 2843504496 3381970101 14107954240 249131806 6310293640 6690322794 6082257488\n1873977926 2576529623 1144842195 1379118507 6003234687 4925540914 3902539811 3326692703 484657758 2877436338\n4975681328 8974383988 2882263257 4734915691 514305523 6679823484 3306606453 585966808 3752282379 620585736\n"", ""output"": ""29085572915\n28007879142\n26984878039\n26791012411\n26409030931\n25959774566\n25713318638\n25658867851\n25086870255\n24956316154\n24846104618\n24690317535\n24461456735\n24227180423\n24114470427\n24009176482\n23863471306\n23768410845\n23665214062\n23566995986\n\n""}, {""input"": ""10 10 10 20\n7467038376 5724769290 292794712 2843504496 3381970101 14107954240 249131806 11770255275 6690322794 6082257488\n1873977926 2576529623 1144842195 1379118507 6003234687 4925540914 3902539811 3326692703 484657758 2877436338\n4975681328 8974383988 2882263257 4734915691 514305523 6679823484 3306606453 585966808 3752282379 620585736\n"", ""output"": ""29085572915\n28007879142\n26984878039\n26791012411\n26747873950\n26409030931\n25959774566\n25713318638\n25670180177\n25658867851\n25086870255\n24956316154\n24846104618\n24690317535\n24647179074\n24461456735\n24453313446\n24227180423\n24114470427\n24071331966\n\n""}, {""input"": ""10 10 10 20\n7467038376 5724769290 292794712 2843504496 3381970101 14107954240 249131806 11770255275 6690322794 6082257488\n1873977926 4407421270 1144842195 1379118507 6003234687 4925540914 3902539811 3326692703 484657758 2877436338\n4975681328 8974383988 2882263257 4734915691 514305523 6679823484 3306606453 585966808 3752282379 620585736\n"", ""output"": ""29085572915\n28007879142\n27489759498\n26984878039\n26791012411\n26747873950\n26409030931\n25959774566\n25713318638\n25670180177\n25195198994\n25152060533\n25086870255\n24956316154\n24846104618\n24690317535\n24647179074\n24461456735\n24453313446\n24227180423\n\n""}, {""input"": ""10 10 10 22\n7467038376 5724769290 292794712 2843504496 3381970101 14107954240 249131806 11770255275 6690322794 6082257488\n1873977926 4407421270 1144842195 1379118507 6003234687 4925540914 3902539811 3326692703 484657758 2877436338\n4975681328 8974383988 2882263257 4734915691 514305523 6679823484 3306606453 585966808 3752282379 620585736\n"", ""output"": ""29085572915\n28007879142\n27489759498\n26984878039\n26791012411\n26747873950\n26409030931\n25959774566\n25713318638\n25670180177\n25195198994\n25152060533\n25086870255\n24956316154\n24846104618\n24690317535\n24647179074\n24461456735\n24453313446\n24227180423\n24114470427\n24071331966\n\n""}, {""input"": ""10 10 10 22\n7467038376 5724769290 480936 2843504496 3381970101 14107954240 249131806 11770255275 6690322794 6082257488\n1873977926 4407421270 1144842195 1379118507 7229165398 4925540914 3902539811 3326692703 484657758 2877436338\n4975681328 8974383988 2882263257 4734915691 514305523 6679823484 3306606453 585966808 3752282379 620585736\n"", ""output"": ""30311503626\n28016943122\n28007879142\n27973804661\n27489759498\n26984878039\n26409030931\n26312800966\n26072035329\n25959774566\n25713318638\n25679244157\n25670180177\n25195198994\n25152060533\n25089402017\n24956316154\n24690317535\n24647179074\n24643726091\n24461456735\n24227180423\n\n""}, {""input"": ""10 10 10 22\n7467038376 5724769290 480936 2843504496 3381970101 14107954240 249131806 14297961023 6690322794 6082257488\n1873977926 4407421270 1144842195 1379118507 7229165398 4925540914 3902539811 3326692703 484657758 2877436338\n4975681328 8974383988 2882263257 4734915691 514305523 6679823484 3306606453 585966808 3752282379 620585736\n"", ""output"": ""30501510409\n30311503626\n28206949905\n28197885925\n28016943122\n28007879142\n27679766281\n27489759498\n27174884822\n26984878039\n26599037714\n26502807749\n26409030931\n26312800966\n26262042112\n26149781349\n26072035329\n25959774566\n25903325421\n25713318638\n25385205777\n25279408800\n\n""}, {""input"": ""10 10 10 22\n7467038376 5724769290 480936 2843504496 3381970101 14107954240 249131806 14297961023 11861432929 6082257488\n1873977926 4407421270 1144842195 1379118507 7229165398 4925540914 3902539811 3326692703 484657758 2877436338\n4975681328 8974383988 2882263257 4734915691 514305523 6679823484 3306606453 585966808 3752282379 620585736\n"", ""output"": ""30501510409\n30311503626\n28206949905\n28197885925\n28064982315\n28016943122\n28007879142\n27679766281\n27489759498\n27174884822\n26984878039\n26599037714\n26502807749\n26409030931\n26312800966\n26262042112\n26149781349\n26072035329\n25959774566\n25903325421\n25770421811\n25761357831\n\n""}]","Given the following C code and assembly code, your task is to generate highly optimized x86-64 assembly code.
C Code:

```c
#include<stdio.h>
#include<stdlib.h>
int compare_long(const void *a, const void *b){if(*(long*)a - *(long*)b > 0){return -1;}else if(*(long*)a - *(long*)b < 0){return 1;}else{return 0;}}
int min(int a, int b){return a>b?b:a;}

int x, y, z, w, k, i, j;
long a[1000], b[1000], c[1000], d[1000000], e[3000000];

int main(void){
  scanf(""%d%d%d%d"", &x, &y, &z, &k);
  for(i=0; i<x; i++){
    scanf(""%ld"", a+i);
  }
  for(i=0; i<y; i++){
    scanf(""%ld"", b+i);
  }
  for(i=0; i<z; i++){
    scanf(""%ld"", c+i);
  }
  for(i=0; i<x; i++){
    for(j=0; j<y; j++){
      d[i*y+j] = a[i]+b[j];
    }
  }
  qsort(d, x*y, sizeof(long), compare_long);
  w=min(x*y, k);
  for(i=0; i<w; i++){
    for(j=0; j<z; j++){
      e[i*z+j] = d[i]+c[j];
    }
  }
  qsort(e, w*z, sizeof(long), compare_long);
  for(i=0; i<k; i++){
    printf(""%ld\n"", e[i]);
  }
}
```

Assembly Code:

```assembly

```

Only output the optimized assembly code. Do not include any other text. Do not write any comments in the assembly code. Wrap the assembly code in ```assembly``` tags.
Optimized Assembly Code:
","Given the following C code, your task is to generate highly optimized x86-64 assembly code.
C Code:

```c
#include<stdio.h>
#include<stdlib.h>
int compare_long(const void *a, const void *b){if(*(long*)a - *(long*)b > 0){return -1;}else if(*(long*)a - *(long*)b < 0){return 1;}else{return 0;}}
int min(int a, int b){return a>b?b:a;}

int x, y, z, w, k, i, j;
long a[1000], b[1000], c[1000], d[1000000], e[3000000];

int main(void){
  scanf(""%d%d%d%d"", &x, &y, &z, &k);
  for(i=0; i<x; i++){
    scanf(""%ld"", a+i);
  }
  for(i=0; i<y; i++){
    scanf(""%ld"", b+i);
  }
  for(i=0; i<z; i++){
    scanf(""%ld"", c+i);
  }
  for(i=0; i<x; i++){
    for(j=0; j<y; j++){
      d[i*y+j] = a[i]+b[j];
    }
  }
  qsort(d, x*y, sizeof(long), compare_long);
  w=min(x*y, k);
  for(i=0; i<w; i++){
    for(j=0; j<z; j++){
      e[i*z+j] = d[i]+c[j];
    }
  }
  qsort(e, w*z, sizeof(long), compare_long);
  for(i=0; i<k; i++){
    printf(""%ld\n"", e[i]);
  }
}
```

Only output the optimized assembly code. Do not include any other text. Do not write any comments in the assembly code. Wrap the assembly code in ```assembly``` tags.
Optimized Assembly Code:
"
166,"#include <stdio.h>
#include <stdlib.h>
#include <string.h>
#include <math.h>

int descending_compare(const void *a, const void *b){
    if (*(int*)a > *(int*)b){
        return -1;
    }else if (*(int*)a == *(int*)b){
        return 0;
    }else{
        return 1;
    }
}

int ascending_compare(const void *a, const void *b){
    if (*(int*)a < *(int*)b){
        return -1;
    }else if (*(int*)a == *(int*)b){
        return 0;
    }else{
        return 1;
    }
}


int lower_bound(int *a, int n, int key){
    int left, mid, right;
    left = 0, right = n;
    mid = (left + right)/2;
    while ((left+1 != mid || mid+1 != right) && mid != left){
        if (key > a[mid]){
            left = mid;
        }else{
            right = mid+1;
        }
        mid = (left + right)/2;
    }
    if (a[left] >= key)return left;
    if (a[mid] >= key)return mid;
    if (a[right] >= key)return right;
    return n;
}

int c[505];
int s[505];
int f[505];
unsigned long answer[505] ={0};

int main(void){
    int n;
    int i, j;
    scanf(""%d"", &n);
    for (i = 0; i < n-1; i++){
        scanf(""%d %d %d"", &c[i], &s[i], &f[i]);
    }

    for (i = 0; i < n-1; i++){
        answer[i] += s[i];
        answer[i] += c[i];
        for (j = i+1; j < n-1 ; j++){
            if (answer[i] < s[j]){
                answer[i] += s[j] - answer[i];
            }else
            if ((answer[i]-s[j]) % f[j] != 0){
                answer[i] += f[j] - (answer[i]-s[j])%f[j];
            }
            answer[i] += c[j];
        }
    }

    answer[n-1] = 0;

    for (i = 0; i < n; i++){
        printf(""%lu\n"", answer[i]);
    }
    
}
","[{""input"": ""3\n6 6 1\n1 10 1\n"", ""output"": ""13\n11\n0\n\n""}, {""input"": ""4\n1 13 1\n44 17 17\n66 4096 64\n"", ""output"": ""4162\n4162\n4162\n0\n\n""}, {""input"": ""4\n11 24 6\n52 16 4\n99 2 2\n"", ""output"": ""187\n167\n101\n0\n\n""}, {""input"": ""3\n6 1 1\n1 10 2\n"", ""output"": ""11\n11\n0\n\n""}, {""input"": ""3\n6 10 1\n1 10 1\n"", ""output"": ""17\n11\n0\n\n""}, {""input"": ""4\n15 24 6\n52 16 4\n99 2 2\n"", ""output"": ""191\n167\n101\n0\n\n""}, {""input"": ""3\n6 6 1\n2 10 1\n"", ""output"": ""14\n12\n0\n\n""}, {""input"": ""4\n11 23 6\n31 16 4\n99 2 2\n"", ""output"": ""167\n147\n101\n0\n\n""}, {""input"": ""3\n4 1 2\n2 10 2\n"", ""output"": ""12\n12\n0\n\n""}, {""input"": ""4\n1 13 1\n44 17 22\n101 4096 64\n"", ""output"": ""4197\n4197\n4197\n0\n\n""}]","Given the following C code and assembly code, your task is to generate highly optimized x86-64 assembly code.
C Code:

```c
#include <stdio.h>
#include <stdlib.h>
#include <string.h>
#include <math.h>

int descending_compare(const void *a, const void *b){
    if (*(int*)a > *(int*)b){
        return -1;
    }else if (*(int*)a == *(int*)b){
        return 0;
    }else{
        return 1;
    }
}

int ascending_compare(const void *a, const void *b){
    if (*(int*)a < *(int*)b){
        return -1;
    }else if (*(int*)a == *(int*)b){
        return 0;
    }else{
        return 1;
    }
}


int lower_bound(int *a, int n, int key){
    int left, mid, right;
    left = 0, right = n;
    mid = (left + right)/2;
    while ((left+1 != mid || mid+1 != right) && mid != left){
        if (key > a[mid]){
            left = mid;
        }else{
            right = mid+1;
        }
        mid = (left + right)/2;
    }
    if (a[left] >= key)return left;
    if (a[mid] >= key)return mid;
    if (a[right] >= key)return right;
    return n;
}

int c[505];
int s[505];
int f[505];
unsigned long answer[505] ={0};

int main(void){
    int n;
    int i, j;
    scanf(""%d"", &n);
    for (i = 0; i < n-1; i++){
        scanf(""%d %d %d"", &c[i], &s[i], &f[i]);
    }

    for (i = 0; i < n-1; i++){
        answer[i] += s[i];
        answer[i] += c[i];
        for (j = i+1; j < n-1 ; j++){
            if (answer[i] < s[j]){
                answer[i] += s[j] - answer[i];
            }else
            if ((answer[i]-s[j]) % f[j] != 0){
                answer[i] += f[j] - (answer[i]-s[j])%f[j];
            }
            answer[i] += c[j];
        }
    }

    answer[n-1] = 0;

    for (i = 0; i < n; i++){
        printf(""%lu\n"", answer[i]);
    }
    
}
```

Assembly Code:

```assembly

```

Only output the optimized assembly code. Do not include any other text. Do not write any comments in the assembly code. Wrap the assembly code in ```assembly``` tags.
Optimized Assembly Code:
","Given the following C code, your task is to generate highly optimized x86-64 assembly code.
C Code:

```c
#include <stdio.h>
#include <stdlib.h>
#include <string.h>
#include <math.h>

int descending_compare(const void *a, const void *b){
    if (*(int*)a > *(int*)b){
        return -1;
    }else if (*(int*)a == *(int*)b){
        return 0;
    }else{
        return 1;
    }
}

int ascending_compare(const void *a, const void *b){
    if (*(int*)a < *(int*)b){
        return -1;
    }else if (*(int*)a == *(int*)b){
        return 0;
    }else{
        return 1;
    }
}


int lower_bound(int *a, int n, int key){
    int left, mid, right;
    left = 0, right = n;
    mid = (left + right)/2;
    while ((left+1 != mid || mid+1 != right) && mid != left){
        if (key > a[mid]){
            left = mid;
        }else{
            right = mid+1;
        }
        mid = (left + right)/2;
    }
    if (a[left] >= key)return left;
    if (a[mid] >= key)return mid;
    if (a[right] >= key)return right;
    return n;
}

int c[505];
int s[505];
int f[505];
unsigned long answer[505] ={0};

int main(void){
    int n;
    int i, j;
    scanf(""%d"", &n);
    for (i = 0; i < n-1; i++){
        scanf(""%d %d %d"", &c[i], &s[i], &f[i]);
    }

    for (i = 0; i < n-1; i++){
        answer[i] += s[i];
        answer[i] += c[i];
        for (j = i+1; j < n-1 ; j++){
            if (answer[i] < s[j]){
                answer[i] += s[j] - answer[i];
            }else
            if ((answer[i]-s[j]) % f[j] != 0){
                answer[i] += f[j] - (answer[i]-s[j])%f[j];
            }
            answer[i] += c[j];
        }
    }

    answer[n-1] = 0;

    for (i = 0; i < n; i++){
        printf(""%lu\n"", answer[i]);
    }
    
}
```

Only output the optimized assembly code. Do not include any other text. Do not write any comments in the assembly code. Wrap the assembly code in ```assembly``` tags.
Optimized Assembly Code:
"
167,"#include<stdio.h>
#define WHITE 0
#define GRAY 1
#define BLACK 2
#define N 100

int M[N][N];
int color[N],d[N],f[N],cnt,num;
void dfs_2(int);
void dfs_1();

/*main??¢??°*/
int main(){

  int u,v,d,i,j;
  scanf(""%d"",&num);
  for(i=0;i<num;i++){
    for(j=0;j<num;j++){
      M[i][j]=0;}}

  for(i=0;i<num;i++){
    scanf(""%d %d"",&u,&d);
    u--;
    for(j=0;j<d;j++){
      scanf(""%d"",&v);
      v--;
      M[u][v]=1;
    }
  }
  dfs_1();
  return 0;
}
void dfs_2(int u){
  int v;
  color[u]=GRAY;

  /*????????????*/
  d[u]=++cnt;
  for(v=0;v<num;v++){
    if(M[u][v]==0)continue;
    if(color[v]==WHITE){
      dfs_2(v);
    }
  }
  color[u]=BLACK;
  /*????????????*/
  f[u]=++cnt;
}

void dfs_1(){
  int i;

  /*?????????*/
  for(i=0;i<num;i++){
    color[i]=WHITE;
  }
  cnt=0;

  for(i=0;i<num;i++){
    if(color[i]==WHITE)dfs_2(i);
  }

  /*??¨???*/
  for(i=0;i<num;i++){
    printf(""%d %d %d\n"",i+1,d[i],f[i]);
  }
}","[{""input"": ""6\n1 2 2 3\n2 2 3 4\n3 1 6\n4 1 6\n5 1 6\n6 0\n"", ""output"": ""1 1 10\n2 2 9\n3 3 6\n4 7 8\n5 11 12\n6 4 5\n\n""}, {""input"": ""4\n1 1 1\n2 1 4\n3 0\n4 1 3\n"", ""output"": ""1 1 2\n2 3 8\n3 5 6\n4 4 7\n\n""}, {""input"": ""4\n1 1 1\n2 1 4\n3 0\n4 1 2\n"", ""output"": ""1 1 2\n2 3 6\n3 7 8\n4 4 5\n\n""}, {""input"": ""6\n1 2 2 3\n2 2 3 4\n3 1 5\n4 1 6\n5 1 6\n6 -1\n"", ""output"": ""1 1 12\n2 2 11\n3 3 8\n4 9 10\n5 4 7\n6 5 6\n\n""}, {""input"": ""4\n1 1 3\n2 1 4\n3 0\n4 1 3\n"", ""output"": ""1 1 4\n2 5 8\n3 2 3\n4 6 7\n\n""}, {""input"": ""4\n1 1 3\n2 1 1\n3 0\n4 1 3\n"", ""output"": ""1 1 4\n2 5 6\n3 2 3\n4 7 8\n\n""}, {""input"": ""6\n1 2 2 3\n2 2 4 4\n3 1 5\n4 1 6\n5 1 6\n6 -1\n"", ""output"": ""1 1 12\n2 2 7\n3 8 11\n4 3 6\n5 9 10\n6 4 5\n\n""}, {""input"": ""4\n1 1 2\n2 1 4\n3 0\n4 1 2\n"", ""output"": ""1 1 6\n2 2 5\n3 7 8\n4 3 4\n\n""}, {""input"": ""4\n1 1 2\n2 1 2\n3 0\n4 1 3\n"", ""output"": ""1 1 4\n2 2 3\n3 5 6\n4 7 8\n\n""}, {""input"": ""4\n1 1 2\n2 1 4\n3 -1\n4 1 3\n"", ""output"": ""1 1 8\n2 2 7\n3 4 5\n4 3 6\n\n""}]","Given the following C code and assembly code, your task is to generate highly optimized x86-64 assembly code.
C Code:

```c
#include<stdio.h>
#define WHITE 0
#define GRAY 1
#define BLACK 2
#define N 100

int M[N][N];
int color[N],d[N],f[N],cnt,num;
void dfs_2(int);
void dfs_1();

/*main??¢??°*/
int main(){

  int u,v,d,i,j;
  scanf(""%d"",&num);
  for(i=0;i<num;i++){
    for(j=0;j<num;j++){
      M[i][j]=0;}}

  for(i=0;i<num;i++){
    scanf(""%d %d"",&u,&d);
    u--;
    for(j=0;j<d;j++){
      scanf(""%d"",&v);
      v--;
      M[u][v]=1;
    }
  }
  dfs_1();
  return 0;
}
void dfs_2(int u){
  int v;
  color[u]=GRAY;

  /*????????????*/
  d[u]=++cnt;
  for(v=0;v<num;v++){
    if(M[u][v]==0)continue;
    if(color[v]==WHITE){
      dfs_2(v);
    }
  }
  color[u]=BLACK;
  /*????????????*/
  f[u]=++cnt;
}

void dfs_1(){
  int i;

  /*?????????*/
  for(i=0;i<num;i++){
    color[i]=WHITE;
  }
  cnt=0;

  for(i=0;i<num;i++){
    if(color[i]==WHITE)dfs_2(i);
  }

  /*??¨???*/
  for(i=0;i<num;i++){
    printf(""%d %d %d\n"",i+1,d[i],f[i]);
  }
}
```

Assembly Code:

```assembly

```

Only output the optimized assembly code. Do not include any other text. Do not write any comments in the assembly code. Wrap the assembly code in ```assembly``` tags.
Optimized Assembly Code:
","Given the following C code, your task is to generate highly optimized x86-64 assembly code.
C Code:

```c
#include<stdio.h>
#define WHITE 0
#define GRAY 1
#define BLACK 2
#define N 100

int M[N][N];
int color[N],d[N],f[N],cnt,num;
void dfs_2(int);
void dfs_1();

/*main??¢??°*/
int main(){

  int u,v,d,i,j;
  scanf(""%d"",&num);
  for(i=0;i<num;i++){
    for(j=0;j<num;j++){
      M[i][j]=0;}}

  for(i=0;i<num;i++){
    scanf(""%d %d"",&u,&d);
    u--;
    for(j=0;j<d;j++){
      scanf(""%d"",&v);
      v--;
      M[u][v]=1;
    }
  }
  dfs_1();
  return 0;
}
void dfs_2(int u){
  int v;
  color[u]=GRAY;

  /*????????????*/
  d[u]=++cnt;
  for(v=0;v<num;v++){
    if(M[u][v]==0)continue;
    if(color[v]==WHITE){
      dfs_2(v);
    }
  }
  color[u]=BLACK;
  /*????????????*/
  f[u]=++cnt;
}

void dfs_1(){
  int i;

  /*?????????*/
  for(i=0;i<num;i++){
    color[i]=WHITE;
  }
  cnt=0;

  for(i=0;i<num;i++){
    if(color[i]==WHITE)dfs_2(i);
  }

  /*??¨???*/
  for(i=0;i<num;i++){
    printf(""%d %d %d\n"",i+1,d[i],f[i]);
  }
}
```

Only output the optimized assembly code. Do not include any other text. Do not write any comments in the assembly code. Wrap the assembly code in ```assembly``` tags.
Optimized Assembly Code:
"
168,"#include <stdio.h>

int main(void) {
  int a, b, c, k, i, max, sum;

  scanf(""%d %d %d"", &a, &b, &c);
  scanf(""%d"", &k);

  max = a;
  if (max < b) {
    max = b;
  }
  if (max < c) {
    max = c;
  }

  sum = (a + b + c) - max;

  for (i = 1; i <= k; i++) {
    max *= 2;
  }

  printf(""%d\n"", sum + max);

  return 0;
}
","[{""input"": ""7 3 11\n1\n"", ""output"": ""32\n\n""}, {""input"": ""3 3 4\n4\n"", ""output"": ""70\n\n""}, {""input"": ""7 5 11\n1\n"", ""output"": ""34\n\n""}, {""input"": ""3 3 4\n0\n"", ""output"": ""10\n\n""}, {""input"": ""7 5 11\n0\n"", ""output"": ""23\n\n""}, {""input"": ""4 3 4\n0\n"", ""output"": ""11\n\n""}, {""input"": ""10 5 11\n0\n"", ""output"": ""26\n\n""}, {""input"": ""4 3 1\n0\n"", ""output"": ""8\n\n""}, {""input"": ""10 5 21\n0\n"", ""output"": ""36\n\n""}, {""input"": ""4 1 1\n0\n"", ""output"": ""6\n\n""}]","Given the following C code and assembly code, your task is to generate highly optimized x86-64 assembly code.
C Code:

```c
#include <stdio.h>

int main(void) {
  int a, b, c, k, i, max, sum;

  scanf(""%d %d %d"", &a, &b, &c);
  scanf(""%d"", &k);

  max = a;
  if (max < b) {
    max = b;
  }
  if (max < c) {
    max = c;
  }

  sum = (a + b + c) - max;

  for (i = 1; i <= k; i++) {
    max *= 2;
  }

  printf(""%d\n"", sum + max);

  return 0;
}
```

Assembly Code:

```assembly

```

Only output the optimized assembly code. Do not include any other text. Do not write any comments in the assembly code. Wrap the assembly code in ```assembly``` tags.
Optimized Assembly Code:
","Given the following C code, your task is to generate highly optimized x86-64 assembly code.
C Code:

```c
#include <stdio.h>

int main(void) {
  int a, b, c, k, i, max, sum;

  scanf(""%d %d %d"", &a, &b, &c);
  scanf(""%d"", &k);

  max = a;
  if (max < b) {
    max = b;
  }
  if (max < c) {
    max = c;
  }

  sum = (a + b + c) - max;

  for (i = 1; i <= k; i++) {
    max *= 2;
  }

  printf(""%d\n"", sum + max);

  return 0;
}
```

Only output the optimized assembly code. Do not include any other text. Do not write any comments in the assembly code. Wrap the assembly code in ```assembly``` tags.
Optimized Assembly Code:
"
169,"#include<stdio.h>
#include<stdlib.h>
#include<string.h>

int top=0, stac[101];
char s[100];

void push(int x){
    top++;
    stac[top]=x;
}

int pop(){
    top--;
    return stac[top+1];
}

int main(void){
    int a, b, result;
    while(scanf(""%s"", s) != EOF){
        if(s[0] == '+')     push(pop() + pop());
        else if(s[0] == '-'){
            a=pop(); b=pop();
            push(b-a);
        }
        else if(s[0] == '*')push(pop() * pop());
        else push(atoi(s)); //atoiは数値変換
    }
    printf(""%d\n"", pop());

    return 0;
}

","[{""input"": ""1 4 + 3 4 - *\n"", ""output"": ""-5\n\n""}, {""input"": ""1 3 +\n"", ""output"": ""4\n\n""}, {""input"": ""1 4 + 2 4 - *\n"", ""output"": ""-10\n\n""}, {""input"": ""0 3 +\n"", ""output"": ""3\n\n""}, {""input"": ""1 1 + 2 4 - *\n"", ""output"": ""-4\n\n""}, {""input"": ""0 3 *\n"", ""output"": ""0\n\n""}, {""input"": ""1 4 + 3 8 - *\n"", ""output"": ""-25\n\n""}, {""input"": ""0 5 +\n"", ""output"": ""5\n\n""}, {""input"": ""1 1 + 3 4 - *\n"", ""output"": ""-2\n\n""}, {""input"": ""1 4 * 3 1 - *\n"", ""output"": ""8\n\n""}]","Given the following C code and assembly code, your task is to generate highly optimized x86-64 assembly code.
C Code:

```c
#include<stdio.h>
#include<stdlib.h>
#include<string.h>

int top=0, stac[101];
char s[100];

void push(int x){
    top++;
    stac[top]=x;
}

int pop(){
    top--;
    return stac[top+1];
}

int main(void){
    int a, b, result;
    while(scanf(""%s"", s) != EOF){
        if(s[0] == '+')     push(pop() + pop());
        else if(s[0] == '-'){
            a=pop(); b=pop();
            push(b-a);
        }
        else if(s[0] == '*')push(pop() * pop());
        else push(atoi(s)); //atoiは数値変換
    }
    printf(""%d\n"", pop());

    return 0;
}
```

Assembly Code:

```assembly

```

Only output the optimized assembly code. Do not include any other text. Do not write any comments in the assembly code. Wrap the assembly code in ```assembly``` tags.
Optimized Assembly Code:
","Given the following C code, your task is to generate highly optimized x86-64 assembly code.
C Code:

```c
#include<stdio.h>
#include<stdlib.h>
#include<string.h>

int top=0, stac[101];
char s[100];

void push(int x){
    top++;
    stac[top]=x;
}

int pop(){
    top--;
    return stac[top+1];
}

int main(void){
    int a, b, result;
    while(scanf(""%s"", s) != EOF){
        if(s[0] == '+')     push(pop() + pop());
        else if(s[0] == '-'){
            a=pop(); b=pop();
            push(b-a);
        }
        else if(s[0] == '*')push(pop() * pop());
        else push(atoi(s)); //atoiは数値変換
    }
    printf(""%d\n"", pop());

    return 0;
}
```

Only output the optimized assembly code. Do not include any other text. Do not write any comments in the assembly code. Wrap the assembly code in ```assembly``` tags.
Optimized Assembly Code:
"
170,"#include <stdio.h>
#include <stdlib.h>
#include <string.h>
#include <math.h>

#define BUF 4
int main(void) {
  char num[BUF];
  scanf(""%s"", num);
  if (num[0] == '7' || num[1] == '7' || num[2] == '7') {
    printf(""Yes\n"");
  } else {
    printf(""No\n"");
  }

  return 0;
}
","[{""input"": ""1413\n"", ""output"": ""No\n\n""}, {""input"": ""187\n"", ""output"": ""Yes\n\n""}, {""input"": ""68\n"", ""output"": ""No\n\n""}, {""input"": ""1760\n"", ""output"": ""Yes\n\n""}, {""input"": ""89\n"", ""output"": ""No\n\n""}, {""input"": ""144\n"", ""output"": ""No\n\n""}, {""input"": ""2610\n"", ""output"": ""No\n\n""}, {""input"": ""151\n"", ""output"": ""No\n\n""}, {""input"": ""91\n"", ""output"": ""No\n\n""}, {""input"": ""3439\n"", ""output"": ""No\n\n""}]","Given the following C code and assembly code, your task is to generate highly optimized x86-64 assembly code.
C Code:

```c
#include <stdio.h>
#include <stdlib.h>
#include <string.h>
#include <math.h>

#define BUF 4
int main(void) {
  char num[BUF];
  scanf(""%s"", num);
  if (num[0] == '7' || num[1] == '7' || num[2] == '7') {
    printf(""Yes\n"");
  } else {
    printf(""No\n"");
  }

  return 0;
}
```

Assembly Code:

```assembly

```

Only output the optimized assembly code. Do not include any other text. Do not write any comments in the assembly code. Wrap the assembly code in ```assembly``` tags.
Optimized Assembly Code:
","Given the following C code, your task is to generate highly optimized x86-64 assembly code.
C Code:

```c
#include <stdio.h>
#include <stdlib.h>
#include <string.h>
#include <math.h>

#define BUF 4
int main(void) {
  char num[BUF];
  scanf(""%s"", num);
  if (num[0] == '7' || num[1] == '7' || num[2] == '7') {
    printf(""Yes\n"");
  } else {
    printf(""No\n"");
  }

  return 0;
}
```

Only output the optimized assembly code. Do not include any other text. Do not write any comments in the assembly code. Wrap the assembly code in ```assembly``` tags.
Optimized Assembly Code:
"
171,"#include<stdio.h>

static const int N=100;

int min(int a,int b);

int main(void)
{

  int n;
  int p[N+1];
  int m[N+1][N+1];
  int i,j,k,l;

  scanf(""%d"",&n);

  for(i=1;i<=n;i++)
    {
      scanf(""%d%d"",&p[i-1],&p[i]);
    }

  for(i=1;i<=n;i++)
    {
      m[i][i]=0;
    }

  for(l=2;l<=n;l++)
    {
      for(i=1;i<=n-l+1;i++)
	{
	  j=i+l-1;
	  
	  m[i][j]=(1<<21);

	  for(k=i;k<=j-1;k++)
	    {
	      m[i][j]=min(m[i][j],m[i][k]+m[k+1][j]+p[i-1]*p[k]*p[j]);
	    }
	  
	}
      
    }

  printf(""%d\n"",m[1][n]);

  return 0;
}

int min(int a,int b)
{
  int min;
  
  return min=a<b ? a:b;
}


","[{""input"": ""6\n10 35\n35 15\n15 5\n5 10\n10 20\n20 25\n"", ""output"": ""9125\n\n""}, {""input"": ""6\n1 35\n35 15\n15 5\n5 10\n10 20\n20 25\n"", ""output"": ""1350\n\n""}, {""input"": ""6\n30 35\n35 15\n15 5\n5 10\n10 20\n20 29\n"", ""output"": ""16125\n\n""}, {""input"": ""6\n2 35\n35 15\n15 5\n5 10\n10 20\n20 25\n"", ""output"": ""2700\n\n""}, {""input"": ""6\n2 35\n35 15\n15 5\n5 10\n10 20\n20 24\n"", ""output"": ""2660\n\n""}, {""input"": ""6\n30 35\n35 15\n15 5\n5 10\n10 20\n20 27\n"", ""output"": ""15625\n\n""}, {""input"": ""6\n30 35\n35 15\n15 5\n5 10\n10 20\n20 8\n"", ""output"": ""10875\n\n""}, {""input"": ""6\n30 35\n35 15\n15 5\n5 10\n10 20\n20 7\n"", ""output"": ""10625\n\n""}, {""input"": ""6\n2 35\n35 15\n15 5\n5 10\n10 20\n20 34\n"", ""output"": ""3060\n\n""}, {""input"": ""6\n29 35\n35 15\n15 5\n5 10\n10 20\n20 7\n"", ""output"": ""10415\n\n""}]","Given the following C code and assembly code, your task is to generate highly optimized x86-64 assembly code.
C Code:

```c
#include<stdio.h>

static const int N=100;

int min(int a,int b);

int main(void)
{

  int n;
  int p[N+1];
  int m[N+1][N+1];
  int i,j,k,l;

  scanf(""%d"",&n);

  for(i=1;i<=n;i++)
    {
      scanf(""%d%d"",&p[i-1],&p[i]);
    }

  for(i=1;i<=n;i++)
    {
      m[i][i]=0;
    }

  for(l=2;l<=n;l++)
    {
      for(i=1;i<=n-l+1;i++)
	{
	  j=i+l-1;
	  
	  m[i][j]=(1<<21);

	  for(k=i;k<=j-1;k++)
	    {
	      m[i][j]=min(m[i][j],m[i][k]+m[k+1][j]+p[i-1]*p[k]*p[j]);
	    }
	  
	}
      
    }

  printf(""%d\n"",m[1][n]);

  return 0;
}

int min(int a,int b)
{
  int min;
  
  return min=a<b ? a:b;
}
```

Assembly Code:

```assembly

```

Only output the optimized assembly code. Do not include any other text. Do not write any comments in the assembly code. Wrap the assembly code in ```assembly``` tags.
Optimized Assembly Code:
","Given the following C code, your task is to generate highly optimized x86-64 assembly code.
C Code:

```c
#include<stdio.h>

static const int N=100;

int min(int a,int b);

int main(void)
{

  int n;
  int p[N+1];
  int m[N+1][N+1];
  int i,j,k,l;

  scanf(""%d"",&n);

  for(i=1;i<=n;i++)
    {
      scanf(""%d%d"",&p[i-1],&p[i]);
    }

  for(i=1;i<=n;i++)
    {
      m[i][i]=0;
    }

  for(l=2;l<=n;l++)
    {
      for(i=1;i<=n-l+1;i++)
	{
	  j=i+l-1;
	  
	  m[i][j]=(1<<21);

	  for(k=i;k<=j-1;k++)
	    {
	      m[i][j]=min(m[i][j],m[i][k]+m[k+1][j]+p[i-1]*p[k]*p[j]);
	    }
	  
	}
      
    }

  printf(""%d\n"",m[1][n]);

  return 0;
}

int min(int a,int b)
{
  int min;
  
  return min=a<b ? a:b;
}
```

Only output the optimized assembly code. Do not include any other text. Do not write any comments in the assembly code. Wrap the assembly code in ```assembly``` tags.
Optimized Assembly Code:
"
172,"#include <stdio.h>
#define H 255

typedef struct{
  int key;
  int p;
  int l;
  int r;
}Node;

void insert(Node *,int *,int );
void Print(Node *,int );

int main(){
  int n,i,data[H];
  Node heap[H];

  scanf(""%d"",&n);

  for(i=0;i<n;i++){
    scanf(""%d"",&data[i]);
    heap[i].p=0;
    heap[i].l=1;
    heap[i].r=1;
  }
  insert(heap,data,n);
  Print(heap,n);

  
  return 0;
}

void insert(Node *heap,int *data,int n){
  int i,x;
  for(i=0;i<n;i++){
    x=i+1;
    heap[i].key=data[i];
    if(x/2>=1){
      heap[i].p=x/2;
    }
    heap[i].l=x*2;
    heap[i].r=x*2+1;
  }
}

void Print(Node *heap,int n){
  int i,x;

  for(i=0;i<n;i++){
  printf(""node %d: key = %d, "",i+1,heap[i].key);
  if(heap[i].p!=0&&heap[i].p-1<n){
    x=heap[i].p-1;
    printf(""parent key = %d, "",heap[x].key);
  }
  if(heap[i].l-1!=0&&heap[i].l-1<n){
    x=heap[i].l-1;
    printf(""left key = %d, "",heap[x].key);
  }
  if(heap[i].r-1!=0&&heap[i].r-1<n){
    x=heap[i].r-1;
    printf(""right key = %d, "",heap[x].key);
  }
  printf(""\n"");
  }
}
      

","[{""input"": ""5\n7 8 1 4 3\n"", ""output"": ""node 1: key = 7, left key = 8, right key = 1, \nnode 2: key = 8, parent key = 7, left key = 4, right key = 3, \nnode 3: key = 1, parent key = 7, \nnode 4: key = 4, parent key = 8, \nnode 5: key = 3, parent key = 8, \n\n""}, {""input"": ""5\n2 8 1 4 3\n"", ""output"": ""node 1: key = 2, left key = 8, right key = 1, \nnode 2: key = 8, parent key = 2, left key = 4, right key = 3, \nnode 3: key = 1, parent key = 2, \nnode 4: key = 4, parent key = 8, \nnode 5: key = 3, parent key = 8, \n\n""}, {""input"": ""5\n4 8 1 4 3\n"", ""output"": ""node 1: key = 4, left key = 8, right key = 1, \nnode 2: key = 8, parent key = 4, left key = 4, right key = 3, \nnode 3: key = 1, parent key = 4, \nnode 4: key = 4, parent key = 8, \nnode 5: key = 3, parent key = 8, \n\n""}, {""input"": ""5\n4 8 1 1 3\n"", ""output"": ""node 1: key = 4, left key = 8, right key = 1, \nnode 2: key = 8, parent key = 4, left key = 1, right key = 3, \nnode 3: key = 1, parent key = 4, \nnode 4: key = 1, parent key = 8, \nnode 5: key = 3, parent key = 8, \n\n""}, {""input"": ""5\n4 8 1 1 5\n"", ""output"": ""node 1: key = 4, left key = 8, right key = 1, \nnode 2: key = 8, parent key = 4, left key = 1, right key = 5, \nnode 3: key = 1, parent key = 4, \nnode 4: key = 1, parent key = 8, \nnode 5: key = 5, parent key = 8, \n\n""}, {""input"": ""5\n4 8 1 2 5\n"", ""output"": ""node 1: key = 4, left key = 8, right key = 1, \nnode 2: key = 8, parent key = 4, left key = 2, right key = 5, \nnode 3: key = 1, parent key = 4, \nnode 4: key = 2, parent key = 8, \nnode 5: key = 5, parent key = 8, \n\n""}, {""input"": ""5\n4 16 1 2 5\n"", ""output"": ""node 1: key = 4, left key = 16, right key = 1, \nnode 2: key = 16, parent key = 4, left key = 2, right key = 5, \nnode 3: key = 1, parent key = 4, \nnode 4: key = 2, parent key = 16, \nnode 5: key = 5, parent key = 16, \n\n""}, {""input"": ""5\n4 16 1 2 3\n"", ""output"": ""node 1: key = 4, left key = 16, right key = 1, \nnode 2: key = 16, parent key = 4, left key = 2, right key = 3, \nnode 3: key = 1, parent key = 4, \nnode 4: key = 2, parent key = 16, \nnode 5: key = 3, parent key = 16, \n\n""}, {""input"": ""5\n4 16 1 0 3\n"", ""output"": ""node 1: key = 4, left key = 16, right key = 1, \nnode 2: key = 16, parent key = 4, left key = 0, right key = 3, \nnode 3: key = 1, parent key = 4, \nnode 4: key = 0, parent key = 16, \nnode 5: key = 3, parent key = 16, \n\n""}, {""input"": ""5\n4 16 0 0 3\n"", ""output"": ""node 1: key = 4, left key = 16, right key = 0, \nnode 2: key = 16, parent key = 4, left key = 0, right key = 3, \nnode 3: key = 0, parent key = 4, \nnode 4: key = 0, parent key = 16, \nnode 5: key = 3, parent key = 16, \n\n""}]","Given the following C code and assembly code, your task is to generate highly optimized x86-64 assembly code.
C Code:

```c
#include <stdio.h>
#define H 255

typedef struct{
  int key;
  int p;
  int l;
  int r;
}Node;

void insert(Node *,int *,int );
void Print(Node *,int );

int main(){
  int n,i,data[H];
  Node heap[H];

  scanf(""%d"",&n);

  for(i=0;i<n;i++){
    scanf(""%d"",&data[i]);
    heap[i].p=0;
    heap[i].l=1;
    heap[i].r=1;
  }
  insert(heap,data,n);
  Print(heap,n);

  
  return 0;
}

void insert(Node *heap,int *data,int n){
  int i,x;
  for(i=0;i<n;i++){
    x=i+1;
    heap[i].key=data[i];
    if(x/2>=1){
      heap[i].p=x/2;
    }
    heap[i].l=x*2;
    heap[i].r=x*2+1;
  }
}

void Print(Node *heap,int n){
  int i,x;

  for(i=0;i<n;i++){
  printf(""node %d: key = %d, "",i+1,heap[i].key);
  if(heap[i].p!=0&&heap[i].p-1<n){
    x=heap[i].p-1;
    printf(""parent key = %d, "",heap[x].key);
  }
  if(heap[i].l-1!=0&&heap[i].l-1<n){
    x=heap[i].l-1;
    printf(""left key = %d, "",heap[x].key);
  }
  if(heap[i].r-1!=0&&heap[i].r-1<n){
    x=heap[i].r-1;
    printf(""right key = %d, "",heap[x].key);
  }
  printf(""\n"");
  }
}
      
```

Assembly Code:

```assembly

```

Only output the optimized assembly code. Do not include any other text. Do not write any comments in the assembly code. Wrap the assembly code in ```assembly``` tags.
Optimized Assembly Code:
","Given the following C code, your task is to generate highly optimized x86-64 assembly code.
C Code:

```c
#include <stdio.h>
#define H 255

typedef struct{
  int key;
  int p;
  int l;
  int r;
}Node;

void insert(Node *,int *,int );
void Print(Node *,int );

int main(){
  int n,i,data[H];
  Node heap[H];

  scanf(""%d"",&n);

  for(i=0;i<n;i++){
    scanf(""%d"",&data[i]);
    heap[i].p=0;
    heap[i].l=1;
    heap[i].r=1;
  }
  insert(heap,data,n);
  Print(heap,n);

  
  return 0;
}

void insert(Node *heap,int *data,int n){
  int i,x;
  for(i=0;i<n;i++){
    x=i+1;
    heap[i].key=data[i];
    if(x/2>=1){
      heap[i].p=x/2;
    }
    heap[i].l=x*2;
    heap[i].r=x*2+1;
  }
}

void Print(Node *heap,int n){
  int i,x;

  for(i=0;i<n;i++){
  printf(""node %d: key = %d, "",i+1,heap[i].key);
  if(heap[i].p!=0&&heap[i].p-1<n){
    x=heap[i].p-1;
    printf(""parent key = %d, "",heap[x].key);
  }
  if(heap[i].l-1!=0&&heap[i].l-1<n){
    x=heap[i].l-1;
    printf(""left key = %d, "",heap[x].key);
  }
  if(heap[i].r-1!=0&&heap[i].r-1<n){
    x=heap[i].r-1;
    printf(""right key = %d, "",heap[x].key);
  }
  printf(""\n"");
  }
}
      
```

Only output the optimized assembly code. Do not include any other text. Do not write any comments in the assembly code. Wrap the assembly code in ```assembly``` tags.
Optimized Assembly Code:
"
173,"#include <stdio.h>
int main(void){

  int x,y;
  for(;;){
  scanf(""%d %d"", &x, &y);
    if(x == 0 && y == 0)break;
    int tmp;
    if(x > y){
    tmp = x;
    x = y;
    y = tmp;
    }
  printf(""%d %d\n"", x, y);
  }
  return 0;
}",[],"Given the following C code and assembly code, your task is to generate highly optimized x86-64 assembly code.
C Code:

```c
#include <stdio.h>
int main(void){

  int x,y;
  for(;;){
  scanf(""%d %d"", &x, &y);
    if(x == 0 && y == 0)break;
    int tmp;
    if(x > y){
    tmp = x;
    x = y;
    y = tmp;
    }
  printf(""%d %d\n"", x, y);
  }
  return 0;
}
```

Assembly Code:

```assembly

```

Only output the optimized assembly code. Do not include any other text. Do not write any comments in the assembly code. Wrap the assembly code in ```assembly``` tags.
Optimized Assembly Code:
","Given the following C code, your task is to generate highly optimized x86-64 assembly code.
C Code:

```c
#include <stdio.h>
int main(void){

  int x,y;
  for(;;){
  scanf(""%d %d"", &x, &y);
    if(x == 0 && y == 0)break;
    int tmp;
    if(x > y){
    tmp = x;
    x = y;
    y = tmp;
    }
  printf(""%d %d\n"", x, y);
  }
  return 0;
}
```

Only output the optimized assembly code. Do not include any other text. Do not write any comments in the assembly code. Wrap the assembly code in ```assembly``` tags.
Optimized Assembly Code:
"
174,"#include <stdio.h>

int main(){
    int n,i,max=0,sum=0;

    scanf(""%d"",&n);
    int p[n+1];

    for(i=1;i<=n;i++){
        scanf(""%d"",&p[i]);
    }

    for(i=1;i<=n;i++){
        if(p[i]>max){
            max=p[i];
        }
        sum+=p[i];
    }

    sum-=max/2;
    printf(""%d"",sum);
  
    return 0;
}","[{""input"": ""4\n4320\n7204\n4320\n4320\n"", ""output"": ""16562\n\n""}, {""input"": ""3\n32\n7980\n6980\n"", ""output"": ""11002\n\n""}, {""input"": ""3\n32\n7980\n615\n"", ""output"": ""4637\n\n""}, {""input"": ""3\n6\n7980\n615\n"", ""output"": ""4611\n\n""}, {""input"": ""3\n6\n7980\n329\n"", ""output"": ""4325\n\n""}, {""input"": ""3\n6\n7980\n207\n"", ""output"": ""4203\n\n""}, {""input"": ""3\n7\n7980\n207\n"", ""output"": ""4204\n\n""}, {""input"": ""3\n7\n7980\n269\n"", ""output"": ""4266\n\n""}, {""input"": ""3\n7\n4428\n269\n"", ""output"": ""2490\n\n""}, {""input"": ""3\n7\n4428\n505\n"", ""output"": ""2726\n\n""}]","Given the following C code and assembly code, your task is to generate highly optimized x86-64 assembly code.
C Code:

```c
#include <stdio.h>

int main(){
    int n,i,max=0,sum=0;

    scanf(""%d"",&n);
    int p[n+1];

    for(i=1;i<=n;i++){
        scanf(""%d"",&p[i]);
    }

    for(i=1;i<=n;i++){
        if(p[i]>max){
            max=p[i];
        }
        sum+=p[i];
    }

    sum-=max/2;
    printf(""%d"",sum);
  
    return 0;
}
```

Assembly Code:

```assembly

```

Only output the optimized assembly code. Do not include any other text. Do not write any comments in the assembly code. Wrap the assembly code in ```assembly``` tags.
Optimized Assembly Code:
","Given the following C code, your task is to generate highly optimized x86-64 assembly code.
C Code:

```c
#include <stdio.h>

int main(){
    int n,i,max=0,sum=0;

    scanf(""%d"",&n);
    int p[n+1];

    for(i=1;i<=n;i++){
        scanf(""%d"",&p[i]);
    }

    for(i=1;i<=n;i++){
        if(p[i]>max){
            max=p[i];
        }
        sum+=p[i];
    }

    sum-=max/2;
    printf(""%d"",sum);
  
    return 0;
}
```

Only output the optimized assembly code. Do not include any other text. Do not write any comments in the assembly code. Wrap the assembly code in ```assembly``` tags.
Optimized Assembly Code:
"
175,"#include<stdio.h>
int main()
{
int a,b;
scanf(""%d %d"",&a,&b);
if(a>b)
printf(""a > b\n"");
if(a==b)
printf(""a == b\n"");
if(a<b)
printf(""a < b\n"");
return 0;
}","[{""input"": ""5 10\n"", ""output"": ""a < b\n\n""}, {""input"": ""1 1\n"", ""output"": ""a == b\n\n""}, {""input"": ""2 0\n"", ""output"": ""a > b\n\n""}, {""input"": ""2 3\n"", ""output"": ""a < b\n\n""}, {""input"": ""5 6\n"", ""output"": ""a < b\n\n""}, {""input"": ""0 1\n"", ""output"": ""a < b\n\n""}, {""input"": ""2 5\n"", ""output"": ""a < b\n\n""}, {""input"": ""5 12\n"", ""output"": ""a < b\n\n""}, {""input"": ""-1 1\n"", ""output"": ""a < b\n\n""}, {""input"": ""2 8\n"", ""output"": ""a < b\n\n""}]","Given the following C code and assembly code, your task is to generate highly optimized x86-64 assembly code.
C Code:

```c
#include<stdio.h>
int main()
{
int a,b;
scanf(""%d %d"",&a,&b);
if(a>b)
printf(""a > b\n"");
if(a==b)
printf(""a == b\n"");
if(a<b)
printf(""a < b\n"");
return 0;
}
```

Assembly Code:

```assembly

```

Only output the optimized assembly code. Do not include any other text. Do not write any comments in the assembly code. Wrap the assembly code in ```assembly``` tags.
Optimized Assembly Code:
","Given the following C code, your task is to generate highly optimized x86-64 assembly code.
C Code:

```c
#include<stdio.h>
int main()
{
int a,b;
scanf(""%d %d"",&a,&b);
if(a>b)
printf(""a > b\n"");
if(a==b)
printf(""a == b\n"");
if(a<b)
printf(""a < b\n"");
return 0;
}
```

Only output the optimized assembly code. Do not include any other text. Do not write any comments in the assembly code. Wrap the assembly code in ```assembly``` tags.
Optimized Assembly Code:
"
176,"#include<stdio.h>

int main()
{
  int n, i, x;
  int d = 100;
  int flag = 0;
  
  scanf(""%d"", &n);
  
  x = n;
  
  for(i = 0; i < 3; i++)
  {
    x /= d;
    if(x == 7)
      flag = 1;
    
    n -= x * d;
    x = n;
    d /= 10;   
  }
  if(flag == 1)
    printf(""Yes"");
  
  else
    printf(""No"");
  
  return 0;
}","[{""input"": ""1413\n"", ""output"": ""No\n\n""}, {""input"": ""187\n"", ""output"": ""Yes\n\n""}, {""input"": ""68\n"", ""output"": ""No\n\n""}, {""input"": ""1760\n"", ""output"": ""Yes\n\n""}, {""input"": ""89\n"", ""output"": ""No\n\n""}, {""input"": ""144\n"", ""output"": ""No\n\n""}, {""input"": ""2610\n"", ""output"": ""No\n\n""}, {""input"": ""151\n"", ""output"": ""No\n\n""}, {""input"": ""91\n"", ""output"": ""No\n\n""}, {""input"": ""3439\n"", ""output"": ""No\n\n""}]","Given the following C code and assembly code, your task is to generate highly optimized x86-64 assembly code.
C Code:

```c
#include<stdio.h>

int main()
{
  int n, i, x;
  int d = 100;
  int flag = 0;
  
  scanf(""%d"", &n);
  
  x = n;
  
  for(i = 0; i < 3; i++)
  {
    x /= d;
    if(x == 7)
      flag = 1;
    
    n -= x * d;
    x = n;
    d /= 10;   
  }
  if(flag == 1)
    printf(""Yes"");
  
  else
    printf(""No"");
  
  return 0;
}
```

Assembly Code:

```assembly

```

Only output the optimized assembly code. Do not include any other text. Do not write any comments in the assembly code. Wrap the assembly code in ```assembly``` tags.
Optimized Assembly Code:
","Given the following C code, your task is to generate highly optimized x86-64 assembly code.
C Code:

```c
#include<stdio.h>

int main()
{
  int n, i, x;
  int d = 100;
  int flag = 0;
  
  scanf(""%d"", &n);
  
  x = n;
  
  for(i = 0; i < 3; i++)
  {
    x /= d;
    if(x == 7)
      flag = 1;
    
    n -= x * d;
    x = n;
    d /= 10;   
  }
  if(flag == 1)
    printf(""Yes"");
  
  else
    printf(""No"");
  
  return 0;
}
```

Only output the optimized assembly code. Do not include any other text. Do not write any comments in the assembly code. Wrap the assembly code in ```assembly``` tags.
Optimized Assembly Code:
"
177,"#include<stdio.h>

int main(void){

int x;

scanf(""%d"",&x);

printf(""%d\n"",x*x*x);

return 0;

}","[{""input"": ""2\n"", ""output"": ""8\n""}]","Given the following C code and assembly code, your task is to generate highly optimized x86-64 assembly code.
C Code:

```c
#include<stdio.h>

int main(void){

int x;

scanf(""%d"",&x);

printf(""%d\n"",x*x*x);

return 0;

}
```

Assembly Code:

```assembly

```

Only output the optimized assembly code. Do not include any other text. Do not write any comments in the assembly code. Wrap the assembly code in ```assembly``` tags.
Optimized Assembly Code:
","Given the following C code, your task is to generate highly optimized x86-64 assembly code.
C Code:

```c
#include<stdio.h>

int main(void){

int x;

scanf(""%d"",&x);

printf(""%d\n"",x*x*x);

return 0;

}
```

Only output the optimized assembly code. Do not include any other text. Do not write any comments in the assembly code. Wrap the assembly code in ```assembly``` tags.
Optimized Assembly Code:
"
178,"#include<stdio.h>
#include<stdlib.h>
#include<string.h>

int N,B[10][10],i,j;

int Ix[3][14]={{0,-1,0,1,-2,-1,0,1,2,-1,0,1,0,-9},{0,1,2,0,1,2,0,1,2,-9},{0,-1,0,1,0,-9}};
int Iy[3][14]={{0, 1,1,1, 2, 2,2,2,2, 3,3,3,4,-9},{0,0,0,1,1,1,2,2,2,-9},{0, 1,1,1,2,-9}};

int ch(int x,int y){return (x>=0&&x<10&&y>=0&&y<10&&B[y][x]>0);}
void dbg(){
	int i,j;
	for(i=0;i<10;i++,puts(""""))for(j=0;j<10;j++)printf(""%d "",B[i][j]);
	puts(""----------------------------------------"");
}
int dfs(int i,int j,int n)
{
	int k,p;
	if(n>N)return 0;
	if(i==10)return n==N;
	if(B[i][j]==0)return dfs(i+((j+1)/10),(j+1)%10,n);
	//dbg();
	for(k=0;k<3;k++)
	{
		for(p=0;Ix[k][p]!=-9;p++)
			if(!ch(j+Ix[k][p],i+Iy[k][p]))break;
		if(Ix[k][p]!=-9)continue;
		for(p=0;Ix[k][p]!=-9;p++)
			B[i+Iy[k][p]][j+Ix[k][p]]--;
		if(dfs(i,j,n+1))
		{
			printf(""%d %d %d\n"",j+(k==1?1:0),i+(k==0?2:1),3-k);
			return 1;
		}
		for(p=0;Ix[k][p]!=-9;p++)
			B[i+Iy[k][p]][j+Ix[k][p]]++;
	}
	return 0;
}

int main()
{
	scanf(""%d"",&N);
	for(i=0;i<10;i++)
		for(j=0;j<10;j++)
			scanf(""%d"",&B[i][j]);
	return !dfs(0,0,0);
}","[{""input"": ""2\n0 0 0 0 0 0 0 0 0 0\n0 0 0 1 0 0 0 0 0 0\n0 0 1 1 1 0 0 0 0 0\n0 0 0 1 0 0 0 1 1 1\n0 0 0 0 0 0 0 1 1 1\n0 0 0 0 0 0 0 1 1 1\n0 0 0 0 0 0 0 0 0 0\n0 0 0 0 0 0 0 0 0 0\n0 0 0 0 0 0 0 0 0 0\n0 0 0 0 0 0 0 0 0 0\n"", ""output"": ""3 2 1\n8 4 2\n""}, {""input"": ""2\n0 0 0 0 0 0 0 0 0 0\n0 0 0 1 0 0 0 0 0 0\n0 0 1 1 1 0 0 0 0 0\n0 0 0 1 0 0 0 1 1 1\n0 0 0 0 0 0 0 1 1 1\n0 0 0 0 0 0 0 1 1 1\n0 0 0 0 0 0 0 0 0 0\n0 0 0 0 0 0 0 0 0 0\n0 0 0 0 0 0 0 0 0 0\n0 0 0 0 0 0 0 0 0 0\n"", ""output"": ""3 2 1\n8 4 2\n""}]","Given the following C code and assembly code, your task is to generate highly optimized x86-64 assembly code.
C Code:

```c
#include<stdio.h>
#include<stdlib.h>
#include<string.h>

int N,B[10][10],i,j;

int Ix[3][14]={{0,-1,0,1,-2,-1,0,1,2,-1,0,1,0,-9},{0,1,2,0,1,2,0,1,2,-9},{0,-1,0,1,0,-9}};
int Iy[3][14]={{0, 1,1,1, 2, 2,2,2,2, 3,3,3,4,-9},{0,0,0,1,1,1,2,2,2,-9},{0, 1,1,1,2,-9}};

int ch(int x,int y){return (x>=0&&x<10&&y>=0&&y<10&&B[y][x]>0);}
void dbg(){
	int i,j;
	for(i=0;i<10;i++,puts(""""))for(j=0;j<10;j++)printf(""%d "",B[i][j]);
	puts(""----------------------------------------"");
}
int dfs(int i,int j,int n)
{
	int k,p;
	if(n>N)return 0;
	if(i==10)return n==N;
	if(B[i][j]==0)return dfs(i+((j+1)/10),(j+1)%10,n);
	//dbg();
	for(k=0;k<3;k++)
	{
		for(p=0;Ix[k][p]!=-9;p++)
			if(!ch(j+Ix[k][p],i+Iy[k][p]))break;
		if(Ix[k][p]!=-9)continue;
		for(p=0;Ix[k][p]!=-9;p++)
			B[i+Iy[k][p]][j+Ix[k][p]]--;
		if(dfs(i,j,n+1))
		{
			printf(""%d %d %d\n"",j+(k==1?1:0),i+(k==0?2:1),3-k);
			return 1;
		}
		for(p=0;Ix[k][p]!=-9;p++)
			B[i+Iy[k][p]][j+Ix[k][p]]++;
	}
	return 0;
}

int main()
{
	scanf(""%d"",&N);
	for(i=0;i<10;i++)
		for(j=0;j<10;j++)
			scanf(""%d"",&B[i][j]);
	return !dfs(0,0,0);
}
```

Assembly Code:

```assembly

```

Only output the optimized assembly code. Do not include any other text. Do not write any comments in the assembly code. Wrap the assembly code in ```assembly``` tags.
Optimized Assembly Code:
","Given the following C code, your task is to generate highly optimized x86-64 assembly code.
C Code:

```c
#include<stdio.h>
#include<stdlib.h>
#include<string.h>

int N,B[10][10],i,j;

int Ix[3][14]={{0,-1,0,1,-2,-1,0,1,2,-1,0,1,0,-9},{0,1,2,0,1,2,0,1,2,-9},{0,-1,0,1,0,-9}};
int Iy[3][14]={{0, 1,1,1, 2, 2,2,2,2, 3,3,3,4,-9},{0,0,0,1,1,1,2,2,2,-9},{0, 1,1,1,2,-9}};

int ch(int x,int y){return (x>=0&&x<10&&y>=0&&y<10&&B[y][x]>0);}
void dbg(){
	int i,j;
	for(i=0;i<10;i++,puts(""""))for(j=0;j<10;j++)printf(""%d "",B[i][j]);
	puts(""----------------------------------------"");
}
int dfs(int i,int j,int n)
{
	int k,p;
	if(n>N)return 0;
	if(i==10)return n==N;
	if(B[i][j]==0)return dfs(i+((j+1)/10),(j+1)%10,n);
	//dbg();
	for(k=0;k<3;k++)
	{
		for(p=0;Ix[k][p]!=-9;p++)
			if(!ch(j+Ix[k][p],i+Iy[k][p]))break;
		if(Ix[k][p]!=-9)continue;
		for(p=0;Ix[k][p]!=-9;p++)
			B[i+Iy[k][p]][j+Ix[k][p]]--;
		if(dfs(i,j,n+1))
		{
			printf(""%d %d %d\n"",j+(k==1?1:0),i+(k==0?2:1),3-k);
			return 1;
		}
		for(p=0;Ix[k][p]!=-9;p++)
			B[i+Iy[k][p]][j+Ix[k][p]]++;
	}
	return 0;
}

int main()
{
	scanf(""%d"",&N);
	for(i=0;i<10;i++)
		for(j=0;j<10;j++)
			scanf(""%d"",&B[i][j]);
	return !dfs(0,0,0);
}
```

Only output the optimized assembly code. Do not include any other text. Do not write any comments in the assembly code. Wrap the assembly code in ```assembly``` tags.
Optimized Assembly Code:
"
179,"#include <stdio.h>
int main(void){
   double x1,y1,x2,y2,x3,y3,xp,yp;
   double xab,yab,xbc,ybc,xca,yca;
   double xap,yap,xbp,ybp,xcp,ycp;
   double z1,z2,z3;
   
   while(scanf(""%lf %lf %lf %lf %lf %lf %lf %lf"",&x1,&y1,&x2,&y2,&x3,&y3,&xp,&yp)!=EOF){
       xab=x2-x1,yab=y2-y1;
       xap=xp-x1,yap=yp-y1;
       z1=(xab*yap)-(yab*xap);
       
       xbc=x3-x2,ybc=y3-y2;
       xbp=xp-x2,ybp=yp-y2;
       z2=(xbc*ybp)-(ybc*xbp);
       
       xca=x1-x3,yca=y1-y3;
       xcp=xp-x3,ycp=yp-y3;
       z3=(xca*ycp)-(yca*xcp);
       
       if((z1<0&&z2<0&&z3<0) || (z1>0&&z2>0&&z3>0)){
           printf(""YES\n"");
       }else{
           printf(""NO\n"");
       }
   }
   
   return 0;
    
}

","[{""input"": ""0.0 0.0 2.0 0.0 2.0 2.0 1.5 0.5\n0.0 0.8224818410475855 1.0 4.0 5.0 3.0 -1.0 3.0\n"", ""output"": ""YES\nNO\n\n""}, {""input"": ""0.4580529168787624 0.0 2.0 0.842157591240854 2.0 2.0 1.5 0.5\n0.0 0.8224818410475855 1.0 4.0 5.0 3.0 -1.0 3.0\n"", ""output"": ""NO\nNO\n\n""}, {""input"": ""36.241159190473 24.928710177432393 24.731182291742297 25.283766366569846 33.19222751228529 29.916690951621455 32.281996362820706 28.84632366421813\n26.156406793123914 27.690177444930434 26.654124346715236 30.869993684555826 29.336901358403658 39.1994617805041 27.965437150613322 34.54157500965808\n"", ""output"": ""YES\nYES\n\n""}, {""input"": ""36.31193334159785 26.68885046655779 25.404736254982996 25.948334220523957 34.34911114264862 29.996135988874197 33.66991406586279 30.252233534945287\n29.325525259168447 29.32558252598376 27.727604699668394 30.869993684555826 30.33189309116999 40.41549983040785 29.72292961892185 35.213230542063535\n"", ""output"": ""NO\nYES\n\n""}, {""input"": ""0.4580529168787624 0.0 2.0 0.0 2.0 2.0 1.5 0.5\n0.0 0.8224818410475855 1.0 4.0 5.0 3.0 -1.0 3.0\n"", ""output"": ""YES\nNO\n\n""}, {""input"": ""0.4754142660037465 0.0 2.0 0.842157591240854 2.0 2.0 1.5 0.5\n0.0 0.8224818410475855 1.0 4.0 5.0 3.0 -1.0 3.0\n"", ""output"": ""NO\nNO\n\n""}, {""input"": ""0.4754142660037465 0.7838573088193819 2.0 0.842157591240854 2.0 2.0 1.5 0.5\n0.0 0.8224818410475855 1.0 4.0 5.0 3.0 -1.0 3.0\n"", ""output"": ""NO\nNO\n\n""}, {""input"": ""0.4754142660037465 0.7838573088193819 2.0 0.842157591240854 2.0 2.0 1.5 0.5\n0.0 0.8224818410475855 1.0 4.691301333493236 5.0 3.0 -1.0 3.0\n"", ""output"": ""NO\nNO\n\n""}, {""input"": ""0.4754142660037465 0.7838573088193819 2.0 0.842157591240854 2.0 2.0 1.5 0.5\n0.0 1.6775294144371997 1.0 4.691301333493236 5.0 3.0 -1.0 3.0\n"", ""output"": ""NO\nNO\n\n""}, {""input"": ""0.4754142660037465 0.7838573088193819 2.0 0.842157591240854 2.0 2.0 1.5 0.5\n0.0 1.6775294144371997 1.0 4.691301333493236 5.0 3.0 -1.0 3.6508229169978796\n"", ""output"": ""NO\nNO\n\n""}]","Given the following C code and assembly code, your task is to generate highly optimized x86-64 assembly code.
C Code:

```c
#include <stdio.h>
int main(void){
   double x1,y1,x2,y2,x3,y3,xp,yp;
   double xab,yab,xbc,ybc,xca,yca;
   double xap,yap,xbp,ybp,xcp,ycp;
   double z1,z2,z3;
   
   while(scanf(""%lf %lf %lf %lf %lf %lf %lf %lf"",&x1,&y1,&x2,&y2,&x3,&y3,&xp,&yp)!=EOF){
       xab=x2-x1,yab=y2-y1;
       xap=xp-x1,yap=yp-y1;
       z1=(xab*yap)-(yab*xap);
       
       xbc=x3-x2,ybc=y3-y2;
       xbp=xp-x2,ybp=yp-y2;
       z2=(xbc*ybp)-(ybc*xbp);
       
       xca=x1-x3,yca=y1-y3;
       xcp=xp-x3,ycp=yp-y3;
       z3=(xca*ycp)-(yca*xcp);
       
       if((z1<0&&z2<0&&z3<0) || (z1>0&&z2>0&&z3>0)){
           printf(""YES\n"");
       }else{
           printf(""NO\n"");
       }
   }
   
   return 0;
    
}
```

Assembly Code:

```assembly

```

Only output the optimized assembly code. Do not include any other text. Do not write any comments in the assembly code. Wrap the assembly code in ```assembly``` tags.
Optimized Assembly Code:
","Given the following C code, your task is to generate highly optimized x86-64 assembly code.
C Code:

```c
#include <stdio.h>
int main(void){
   double x1,y1,x2,y2,x3,y3,xp,yp;
   double xab,yab,xbc,ybc,xca,yca;
   double xap,yap,xbp,ybp,xcp,ycp;
   double z1,z2,z3;
   
   while(scanf(""%lf %lf %lf %lf %lf %lf %lf %lf"",&x1,&y1,&x2,&y2,&x3,&y3,&xp,&yp)!=EOF){
       xab=x2-x1,yab=y2-y1;
       xap=xp-x1,yap=yp-y1;
       z1=(xab*yap)-(yab*xap);
       
       xbc=x3-x2,ybc=y3-y2;
       xbp=xp-x2,ybp=yp-y2;
       z2=(xbc*ybp)-(ybc*xbp);
       
       xca=x1-x3,yca=y1-y3;
       xcp=xp-x3,ycp=yp-y3;
       z3=(xca*ycp)-(yca*xcp);
       
       if((z1<0&&z2<0&&z3<0) || (z1>0&&z2>0&&z3>0)){
           printf(""YES\n"");
       }else{
           printf(""NO\n"");
       }
   }
   
   return 0;
    
}
```

Only output the optimized assembly code. Do not include any other text. Do not write any comments in the assembly code. Wrap the assembly code in ```assembly``` tags.
Optimized Assembly Code:
"
180,"#include<stdio.h>

int main()
{
    int x,y;
    scanf(""%d %d"",&x,&y);

    if(x>y)
    {
        printf(""a > b\n"");
    }
    else if(x<y)
    {
        printf(""a < b\n"");
    }
    else
    {
        printf(""a == b\n"");
    }
    return 0;
}

","[{""input"": ""5 10\n"", ""output"": ""a < b\n\n""}, {""input"": ""1 1\n"", ""output"": ""a == b\n\n""}, {""input"": ""2 0\n"", ""output"": ""a > b\n\n""}, {""input"": ""2 3\n"", ""output"": ""a < b\n\n""}, {""input"": ""5 6\n"", ""output"": ""a < b\n\n""}, {""input"": ""0 1\n"", ""output"": ""a < b\n\n""}, {""input"": ""2 5\n"", ""output"": ""a < b\n\n""}, {""input"": ""5 12\n"", ""output"": ""a < b\n\n""}, {""input"": ""-1 1\n"", ""output"": ""a < b\n\n""}, {""input"": ""2 8\n"", ""output"": ""a < b\n\n""}]","Given the following C code and assembly code, your task is to generate highly optimized x86-64 assembly code.
C Code:

```c
#include<stdio.h>

int main()
{
    int x,y;
    scanf(""%d %d"",&x,&y);

    if(x>y)
    {
        printf(""a > b\n"");
    }
    else if(x<y)
    {
        printf(""a < b\n"");
    }
    else
    {
        printf(""a == b\n"");
    }
    return 0;
}
```

Assembly Code:

```assembly

```

Only output the optimized assembly code. Do not include any other text. Do not write any comments in the assembly code. Wrap the assembly code in ```assembly``` tags.
Optimized Assembly Code:
","Given the following C code, your task is to generate highly optimized x86-64 assembly code.
C Code:

```c
#include<stdio.h>

int main()
{
    int x,y;
    scanf(""%d %d"",&x,&y);

    if(x>y)
    {
        printf(""a > b\n"");
    }
    else if(x<y)
    {
        printf(""a < b\n"");
    }
    else
    {
        printf(""a == b\n"");
    }
    return 0;
}
```

Only output the optimized assembly code. Do not include any other text. Do not write any comments in the assembly code. Wrap the assembly code in ```assembly``` tags.
Optimized Assembly Code:
"
181,"#include<stdio.h>
int main(void){
	int a,b;
	scanf(""%d %d"",&a,&b);
	if(a < b){
		printf(""a < b\n"");
	}
	else if(a > b){
		printf(""a > b\n"");
	}
	else {
		printf(""a == b\n"");
	}
	return 0;
}","[{""input"": ""5 10\n"", ""output"": ""a < b\n\n""}, {""input"": ""1 1\n"", ""output"": ""a == b\n\n""}, {""input"": ""2 0\n"", ""output"": ""a > b\n\n""}, {""input"": ""2 3\n"", ""output"": ""a < b\n\n""}, {""input"": ""5 6\n"", ""output"": ""a < b\n\n""}, {""input"": ""0 1\n"", ""output"": ""a < b\n\n""}, {""input"": ""2 5\n"", ""output"": ""a < b\n\n""}, {""input"": ""5 12\n"", ""output"": ""a < b\n\n""}, {""input"": ""-1 1\n"", ""output"": ""a < b\n\n""}, {""input"": ""2 8\n"", ""output"": ""a < b\n\n""}]","Given the following C code and assembly code, your task is to generate highly optimized x86-64 assembly code.
C Code:

```c
#include<stdio.h>
int main(void){
	int a,b;
	scanf(""%d %d"",&a,&b);
	if(a < b){
		printf(""a < b\n"");
	}
	else if(a > b){
		printf(""a > b\n"");
	}
	else {
		printf(""a == b\n"");
	}
	return 0;
}
```

Assembly Code:

```assembly

```

Only output the optimized assembly code. Do not include any other text. Do not write any comments in the assembly code. Wrap the assembly code in ```assembly``` tags.
Optimized Assembly Code:
","Given the following C code, your task is to generate highly optimized x86-64 assembly code.
C Code:

```c
#include<stdio.h>
int main(void){
	int a,b;
	scanf(""%d %d"",&a,&b);
	if(a < b){
		printf(""a < b\n"");
	}
	else if(a > b){
		printf(""a > b\n"");
	}
	else {
		printf(""a == b\n"");
	}
	return 0;
}
```

Only output the optimized assembly code. Do not include any other text. Do not write any comments in the assembly code. Wrap the assembly code in ```assembly``` tags.
Optimized Assembly Code:
"
182,"#include<stdio.h>
#define N 100

int main(void){

  int A[N], n, i, j, minj, c=0, x;

  scanf(""%d"",&n);

  for(i = 0; i < n; i++){
    scanf(""%d"", &A[i]);
  }

  for(i = 0; i < n; i++){

    minj = i;

    for(j = i; j < n; j++){
      
      if(A[j] < A[minj]){
	
	minj = j;
      }
    }
    if(minj != i) c++;
    x = A[i];
    A[i] = A[minj];
    A[minj] = x;
  }
  
  for(i=0;i<n;i++){
    
    printf(""%d"",A[i]);
    if(i != n-1) printf("" "");
  }

  printf(""\n%d\n"",c);
  return 0;
}

","[{""input"": ""6\n5 2 4 6 1 0\n"", ""output"": ""0 1 2 4 5 6\n5\n\n""}, {""input"": ""6\n5 6 4 4 1 3\n"", ""output"": ""1 3 4 4 5 6\n2\n\n""}, {""input"": ""6\n6 2 4 6 1 0\n"", ""output"": ""0 1 2 4 6 6\n4\n\n""}, {""input"": ""6\n5 6 4 4 1 2\n"", ""output"": ""1 2 4 4 5 6\n2\n\n""}, {""input"": ""6\n6 2 4 6 0 0\n"", ""output"": ""0 0 2 4 6 6\n4\n\n""}, {""input"": ""6\n5 6 4 3 1 2\n"", ""output"": ""1 2 3 4 5 6\n3\n\n""}, {""input"": ""6\n6 2 8 6 0 0\n"", ""output"": ""0 0 2 6 6 8\n3\n\n""}, {""input"": ""6\n5 6 4 2 1 2\n"", ""output"": ""1 2 2 4 5 6\n4\n\n""}, {""input"": ""6\n6 4 8 6 0 0\n"", ""output"": ""0 0 4 6 6 8\n3\n\n""}, {""input"": ""6\n9 6 4 2 1 3\n"", ""output"": ""1 2 3 4 6 9\n5\n\n""}]","Given the following C code and assembly code, your task is to generate highly optimized x86-64 assembly code.
C Code:

```c
#include<stdio.h>
#define N 100

int main(void){

  int A[N], n, i, j, minj, c=0, x;

  scanf(""%d"",&n);

  for(i = 0; i < n; i++){
    scanf(""%d"", &A[i]);
  }

  for(i = 0; i < n; i++){

    minj = i;

    for(j = i; j < n; j++){
      
      if(A[j] < A[minj]){
	
	minj = j;
      }
    }
    if(minj != i) c++;
    x = A[i];
    A[i] = A[minj];
    A[minj] = x;
  }
  
  for(i=0;i<n;i++){
    
    printf(""%d"",A[i]);
    if(i != n-1) printf("" "");
  }

  printf(""\n%d\n"",c);
  return 0;
}
```

Assembly Code:

```assembly

```

Only output the optimized assembly code. Do not include any other text. Do not write any comments in the assembly code. Wrap the assembly code in ```assembly``` tags.
Optimized Assembly Code:
","Given the following C code, your task is to generate highly optimized x86-64 assembly code.
C Code:

```c
#include<stdio.h>
#define N 100

int main(void){

  int A[N], n, i, j, minj, c=0, x;

  scanf(""%d"",&n);

  for(i = 0; i < n; i++){
    scanf(""%d"", &A[i]);
  }

  for(i = 0; i < n; i++){

    minj = i;

    for(j = i; j < n; j++){
      
      if(A[j] < A[minj]){
	
	minj = j;
      }
    }
    if(minj != i) c++;
    x = A[i];
    A[i] = A[minj];
    A[minj] = x;
  }
  
  for(i=0;i<n;i++){
    
    printf(""%d"",A[i]);
    if(i != n-1) printf("" "");
  }

  printf(""\n%d\n"",c);
  return 0;
}
```

Only output the optimized assembly code. Do not include any other text. Do not write any comments in the assembly code. Wrap the assembly code in ```assembly``` tags.
Optimized Assembly Code:
"
183,"#include <stdio.h>
int serch(int);
int A[1000000],kazu;
int main()
{
int i,j,suji,sum=0;
scanf(""%d"",&kazu);
for(i=0;i<kazu;i++){
  scanf(""%d"",&A[i]);
}
scanf(""%d"",&suji);
for(i=0;i<suji;i++){
  scanf(""%d"",&j);
  if(serch(j)) sum++;
}
  printf(""%d\n"",sum);
  return 0;
}
 int serch(key){
int left=0;
int right=kazu;
int mid; 

while(left<right){
  mid=(left+right)/2;
if(key==A[mid])
  return 1;
if(key<A[mid])
  right=mid;
else if(key>A[mid])
  left=mid+1;
}
  return 0;

}

","[{""input"": ""5\n1 0 2 2 3\n2\n1 2\n"", ""output"": ""2\n\n""}, {""input"": ""3\n2 2 3\n1\n5\n"", ""output"": ""0\n\n""}, {""input"": ""5\n1 0 4 2 3\n2\n1 1\n"", ""output"": ""1\n\n""}, {""input"": ""5\n1 2 3 4 1\n5\n2 4 1\n"", ""output"": ""3\n\n""}, {""input"": ""5\n1 2 3 4 5\n3\n1 4 1\n"", ""output"": ""2\n\n""}, {""input"": ""5\n1 0 4 2 3\n2\n1 2\n"", ""output"": ""2\n\n""}, {""input"": ""3\n1 2 3\n1\n4\n"", ""output"": ""0\n\n""}, {""input"": ""5\n1 4 3 4 5\n3\n1 4 1\n"", ""output"": ""2\n\n""}, {""input"": ""3\n1 2 4\n1\n4\n"", ""output"": ""1\n\n""}, {""input"": ""5\n1 4 3 4 6\n3\n1 4 1\n"", ""output"": ""2\n\n""}]","Given the following C code and assembly code, your task is to generate highly optimized x86-64 assembly code.
C Code:

```c
#include <stdio.h>
int serch(int);
int A[1000000],kazu;
int main()
{
int i,j,suji,sum=0;
scanf(""%d"",&kazu);
for(i=0;i<kazu;i++){
  scanf(""%d"",&A[i]);
}
scanf(""%d"",&suji);
for(i=0;i<suji;i++){
  scanf(""%d"",&j);
  if(serch(j)) sum++;
}
  printf(""%d\n"",sum);
  return 0;
}
 int serch(key){
int left=0;
int right=kazu;
int mid; 

while(left<right){
  mid=(left+right)/2;
if(key==A[mid])
  return 1;
if(key<A[mid])
  right=mid;
else if(key>A[mid])
  left=mid+1;
}
  return 0;

}
```

Assembly Code:

```assembly

```

Only output the optimized assembly code. Do not include any other text. Do not write any comments in the assembly code. Wrap the assembly code in ```assembly``` tags.
Optimized Assembly Code:
","Given the following C code, your task is to generate highly optimized x86-64 assembly code.
C Code:

```c
#include <stdio.h>
int serch(int);
int A[1000000],kazu;
int main()
{
int i,j,suji,sum=0;
scanf(""%d"",&kazu);
for(i=0;i<kazu;i++){
  scanf(""%d"",&A[i]);
}
scanf(""%d"",&suji);
for(i=0;i<suji;i++){
  scanf(""%d"",&j);
  if(serch(j)) sum++;
}
  printf(""%d\n"",sum);
  return 0;
}
 int serch(key){
int left=0;
int right=kazu;
int mid; 

while(left<right){
  mid=(left+right)/2;
if(key==A[mid])
  return 1;
if(key<A[mid])
  right=mid;
else if(key>A[mid])
  left=mid+1;
}
  return 0;

}
```

Only output the optimized assembly code. Do not include any other text. Do not write any comments in the assembly code. Wrap the assembly code in ```assembly``` tags.
Optimized Assembly Code:
"
184,"#include <stdio.h>

int main(void){
  int a,b,c;
  scanf(""%d %d %d"", &a, &b, &c);
  if (a < b && b < c) {
    printf(""Yes\n"");
  }
  else{
    printf(""No\n"");
  }
  return(0);
}","[{""input"": ""1 6 8\n"", ""output"": ""Yes\n\n""}, {""input"": ""3 7 1\n"", ""output"": ""No\n\n""}, {""input"": ""1 6 9\n"", ""output"": ""Yes\n\n""}, {""input"": ""3 7 2\n"", ""output"": ""No\n\n""}, {""input"": ""1 9 9\n"", ""output"": ""No\n\n""}, {""input"": ""3 7 3\n"", ""output"": ""No\n\n""}, {""input"": ""1 9 2\n"", ""output"": ""No\n\n""}, {""input"": ""2 7 3\n"", ""output"": ""No\n\n""}, {""input"": ""1 6 2\n"", ""output"": ""No\n\n""}, {""input"": ""3 9 3\n"", ""output"": ""No\n\n""}]","Given the following C code and assembly code, your task is to generate highly optimized x86-64 assembly code.
C Code:

```c
#include <stdio.h>

int main(void){
  int a,b,c;
  scanf(""%d %d %d"", &a, &b, &c);
  if (a < b && b < c) {
    printf(""Yes\n"");
  }
  else{
    printf(""No\n"");
  }
  return(0);
}
```

Assembly Code:

```assembly

```

Only output the optimized assembly code. Do not include any other text. Do not write any comments in the assembly code. Wrap the assembly code in ```assembly``` tags.
Optimized Assembly Code:
","Given the following C code, your task is to generate highly optimized x86-64 assembly code.
C Code:

```c
#include <stdio.h>

int main(void){
  int a,b,c;
  scanf(""%d %d %d"", &a, &b, &c);
  if (a < b && b < c) {
    printf(""Yes\n"");
  }
  else{
    printf(""No\n"");
  }
  return(0);
}
```

Only output the optimized assembly code. Do not include any other text. Do not write any comments in the assembly code. Wrap the assembly code in ```assembly``` tags.
Optimized Assembly Code:
"
185,"#include <stdio.h>
int main(void){
    int s, h, m;
    int S; 
    int a;
    
    scanf(""%d"", &S);
    
     0 <= S < 86400;
    
    a = S / 60  ;
    s = S % 60 ;
    h = a / 60 ;
    m = a % 60  ;
    
    printf(""%d:%d:%d\n"", h, m, s);
    
    return 0;
}
","[{""input"": ""71983\n"", ""output"": ""19:59:43\n\n""}, {""input"": ""477\n"", ""output"": ""0:7:57\n\n""}, {""input"": ""323\n"", ""output"": ""0:5:23\n\n""}, {""input"": ""342\n"", ""output"": ""0:5:42\n\n""}, {""input"": ""574\n"", ""output"": ""0:9:34\n\n""}, {""input"": ""572\n"", ""output"": ""0:9:32\n\n""}, {""input"": ""1034\n"", ""output"": ""0:17:14\n\n""}, {""input"": ""1350\n"", ""output"": ""0:22:30\n\n""}, {""input"": ""1241\n"", ""output"": ""0:20:41\n\n""}, {""input"": ""1644\n"", ""output"": ""0:27:24\n\n""}]","Given the following C code and assembly code, your task is to generate highly optimized x86-64 assembly code.
C Code:

```c
#include <stdio.h>
int main(void){
    int s, h, m;
    int S; 
    int a;
    
    scanf(""%d"", &S);
    
     0 <= S < 86400;
    
    a = S / 60  ;
    s = S % 60 ;
    h = a / 60 ;
    m = a % 60  ;
    
    printf(""%d:%d:%d\n"", h, m, s);
    
    return 0;
}
```

Assembly Code:

```assembly

```

Only output the optimized assembly code. Do not include any other text. Do not write any comments in the assembly code. Wrap the assembly code in ```assembly``` tags.
Optimized Assembly Code:
","Given the following C code, your task is to generate highly optimized x86-64 assembly code.
C Code:

```c
#include <stdio.h>
int main(void){
    int s, h, m;
    int S; 
    int a;
    
    scanf(""%d"", &S);
    
     0 <= S < 86400;
    
    a = S / 60  ;
    s = S % 60 ;
    h = a / 60 ;
    m = a % 60  ;
    
    printf(""%d:%d:%d\n"", h, m, s);
    
    return 0;
}
```

Only output the optimized assembly code. Do not include any other text. Do not write any comments in the assembly code. Wrap the assembly code in ```assembly``` tags.
Optimized Assembly Code:
"
186,"#include <stdio.h>
#include <stdlib.h>
#include <string.h>

#define MAX(a,b) (a > b ? a : b)
#define MIN(a,b) (a < b ? a : b)
const int inf = 1000000000; // 10^9

int main(){
   int x,y,z;scanf(""%d%d%d"",&x,&y,&z);
   printf(""%d"",(x-z)/(y+z));
}","[{""input"": ""100010 1 1\n"", ""output"": ""50004\n\n""}, {""input"": ""8 3 1\n"", ""output"": ""1\n\n""}, {""input"": ""64145 33 456\n"", ""output"": ""130\n\n""}, {""input"": ""12 3 2\n"", ""output"": ""2\n\n""}, {""input"": ""64146 123 44\n"", ""output"": ""383\n\n""}, {""input"": ""100010 1 0\n"", ""output"": ""100010\n\n""}, {""input"": ""64145 33 653\n"", ""output"": ""92\n\n""}, {""input"": ""64146 205 44\n"", ""output"": ""257\n\n""}, {""input"": ""110010 1 0\n"", ""output"": ""110010\n\n""}, {""input"": ""8 3 3\n"", ""output"": ""0\n\n""}]","Given the following C code and assembly code, your task is to generate highly optimized x86-64 assembly code.
C Code:

```c
#include <stdio.h>
#include <stdlib.h>
#include <string.h>

#define MAX(a,b) (a > b ? a : b)
#define MIN(a,b) (a < b ? a : b)
const int inf = 1000000000; // 10^9

int main(){
   int x,y,z;scanf(""%d%d%d"",&x,&y,&z);
   printf(""%d"",(x-z)/(y+z));
}
```

Assembly Code:

```assembly

```

Only output the optimized assembly code. Do not include any other text. Do not write any comments in the assembly code. Wrap the assembly code in ```assembly``` tags.
Optimized Assembly Code:
","Given the following C code, your task is to generate highly optimized x86-64 assembly code.
C Code:

```c
#include <stdio.h>
#include <stdlib.h>
#include <string.h>

#define MAX(a,b) (a > b ? a : b)
#define MIN(a,b) (a < b ? a : b)
const int inf = 1000000000; // 10^9

int main(){
   int x,y,z;scanf(""%d%d%d"",&x,&y,&z);
   printf(""%d"",(x-z)/(y+z));
}
```

Only output the optimized assembly code. Do not include any other text. Do not write any comments in the assembly code. Wrap the assembly code in ```assembly``` tags.
Optimized Assembly Code:
"
187,"a[1<<18];
n=1<<18;
cnt;

main(i,j) {
	memset(a,-1,sizeof a);
	a[0]=a[1]=0;
	for(i=2;i<n;i++)
		if(a[i])
			for(j=2*i;j<n;j+=i)
				a[j] = 0;

	for(;scanf(""%d"",&n),n;){
		cnt=0;
		for(i=n+1;i<=2*n;i++)
			if(a[i])
				cnt++;
		printf(""%d\n"",cnt);
	}
	exit(0);
}",[],"Given the following C code and assembly code, your task is to generate highly optimized x86-64 assembly code.
C Code:

```c
a[1<<18];
n=1<<18;
cnt;

main(i,j) {
	memset(a,-1,sizeof a);
	a[0]=a[1]=0;
	for(i=2;i<n;i++)
		if(a[i])
			for(j=2*i;j<n;j+=i)
				a[j] = 0;

	for(;scanf(""%d"",&n),n;){
		cnt=0;
		for(i=n+1;i<=2*n;i++)
			if(a[i])
				cnt++;
		printf(""%d\n"",cnt);
	}
	exit(0);
}
```

Assembly Code:

```assembly

```

Only output the optimized assembly code. Do not include any other text. Do not write any comments in the assembly code. Wrap the assembly code in ```assembly``` tags.
Optimized Assembly Code:
","Given the following C code, your task is to generate highly optimized x86-64 assembly code.
C Code:

```c
a[1<<18];
n=1<<18;
cnt;

main(i,j) {
	memset(a,-1,sizeof a);
	a[0]=a[1]=0;
	for(i=2;i<n;i++)
		if(a[i])
			for(j=2*i;j<n;j+=i)
				a[j] = 0;

	for(;scanf(""%d"",&n),n;){
		cnt=0;
		for(i=n+1;i<=2*n;i++)
			if(a[i])
				cnt++;
		printf(""%d\n"",cnt);
	}
	exit(0);
}
```

Only output the optimized assembly code. Do not include any other text. Do not write any comments in the assembly code. Wrap the assembly code in ```assembly``` tags.
Optimized Assembly Code:
"
188,"char s[];main(){double*q=s,b;for(;~scanf(""%s"",s);getchar()&2&&printf(""%f\n"",*q))sscanf(s,""%lf"",q+1)-1?b=*q--,*q=*s&1?*s-47?*q+=*s-45?b:-b:*q/b:*q*b:*++q;}","[{""input"": ""10 2 12 - /\n6 4 - 7 2 3 * + *\n-1 -2 3 + +\n"", ""output"": ""-1.000000\n26.000000\n0.000000\n\n""}, {""input"": ""10 2 12 - /\n9 4 - 7 2 3 * + *\n-1 -2 3 + +\n"", ""output"": ""-1.000000\n65.000000\n0.000000\n\n""}, {""input"": ""10 2 12 - /\n9 4 - 7 2 6 * + *\n-1 -2 3 + +\n"", ""output"": ""-1.000000\n95.000000\n0.000000\n\n""}, {""input"": ""10 2 12 - /\n9 4 - 7 2 6 * + *\n-1 -2 4 + +\n"", ""output"": ""-1.000000\n95.000000\n1.000000\n\n""}, {""input"": ""10 2 23 - /\n9 4 - 7 2 6 * + *\n-1 -2 4 + +\n"", ""output"": ""-0.476190\n95.000000\n1.000000\n\n""}, {""input"": ""10 2 23 - /\n9 4 - 7 2 6 * + *\n-1 -2 0 + +\n"", ""output"": ""-0.476190\n95.000000\n-3.000000\n\n""}, {""input"": ""10 2 23 - /\n4 4 - 7 2 6 * + *\n-1 -2 0 + +\n"", ""output"": ""-0.476190\n0.000000\n-3.000000\n\n""}, {""input"": ""10 2 41 - /\n4 4 - 7 2 6 + + *\n-1 -2 0 + +\n"", ""output"": ""-0.256410\n0.000000\n-3.000000\n\n""}, {""input"": ""10 2 82 - /\n4 4 - 7 2 6 * + *\n-1 -2 0 + +\n"", ""output"": ""-0.125000\n0.000000\n-3.000000\n\n""}, {""input"": ""10 0 82 - /\n4 4 - 7 0 3 * + *\n-1 -2 0 + +\n"", ""output"": ""-0.121951\n0.000000\n-3.000000\n\n""}]","Given the following C code and assembly code, your task is to generate highly optimized x86-64 assembly code.
C Code:

```c
char s[];main(){double*q=s,b;for(;~scanf(""%s"",s);getchar()&2&&printf(""%f\n"",*q))sscanf(s,""%lf"",q+1)-1?b=*q--,*q=*s&1?*s-47?*q+=*s-45?b:-b:*q/b:*q*b:*++q;}
```

Assembly Code:

```assembly

```

Only output the optimized assembly code. Do not include any other text. Do not write any comments in the assembly code. Wrap the assembly code in ```assembly``` tags.
Optimized Assembly Code:
","Given the following C code, your task is to generate highly optimized x86-64 assembly code.
C Code:

```c
char s[];main(){double*q=s,b;for(;~scanf(""%s"",s);getchar()&2&&printf(""%f\n"",*q))sscanf(s,""%lf"",q+1)-1?b=*q--,*q=*s&1?*s-47?*q+=*s-45?b:-b:*q/b:*q*b:*++q;}
```

Only output the optimized assembly code. Do not include any other text. Do not write any comments in the assembly code. Wrap the assembly code in ```assembly``` tags.
Optimized Assembly Code:
"
189,"#include<stdio.h>
int main(){
  int i,j,n,s,minj,count=0;
    scanf(""%d"",&n);
    int A[n];
    for(i=0;i<n;i++) scanf(""%d"",&A[i]);
    for(i=0;i<n-1;i++){
      minj=i;
     for(j=i;j<n;j++){
      if(A[j]<A[minj])minj=j;
     }
        s = A[i];
          A[i] = A[minj];
          A[minj] = s;
	  if(i!=minj)count++;
      }
    for(i=0;i<n-1;i++) printf(""%d "",A[i]);
    printf(""%d\n%d\n"",A[n-1],count);
    return 0;
}

","[{""input"": ""6\n5 2 4 6 1 0\n"", ""output"": ""0 1 2 4 5 6\n5\n\n""}, {""input"": ""6\n5 6 4 4 1 3\n"", ""output"": ""1 3 4 4 5 6\n2\n\n""}, {""input"": ""6\n6 2 4 6 1 0\n"", ""output"": ""0 1 2 4 6 6\n4\n\n""}, {""input"": ""6\n5 6 4 4 1 2\n"", ""output"": ""1 2 4 4 5 6\n2\n\n""}, {""input"": ""6\n6 2 4 6 0 0\n"", ""output"": ""0 0 2 4 6 6\n4\n\n""}, {""input"": ""6\n5 6 4 3 1 2\n"", ""output"": ""1 2 3 4 5 6\n3\n\n""}, {""input"": ""6\n6 2 8 6 0 0\n"", ""output"": ""0 0 2 6 6 8\n3\n\n""}, {""input"": ""6\n5 6 4 2 1 2\n"", ""output"": ""1 2 2 4 5 6\n4\n\n""}, {""input"": ""6\n6 4 8 6 0 0\n"", ""output"": ""0 0 4 6 6 8\n3\n\n""}, {""input"": ""6\n9 6 4 2 1 3\n"", ""output"": ""1 2 3 4 6 9\n5\n\n""}]","Given the following C code and assembly code, your task is to generate highly optimized x86-64 assembly code.
C Code:

```c
#include<stdio.h>
int main(){
  int i,j,n,s,minj,count=0;
    scanf(""%d"",&n);
    int A[n];
    for(i=0;i<n;i++) scanf(""%d"",&A[i]);
    for(i=0;i<n-1;i++){
      minj=i;
     for(j=i;j<n;j++){
      if(A[j]<A[minj])minj=j;
     }
        s = A[i];
          A[i] = A[minj];
          A[minj] = s;
	  if(i!=minj)count++;
      }
    for(i=0;i<n-1;i++) printf(""%d "",A[i]);
    printf(""%d\n%d\n"",A[n-1],count);
    return 0;
}
```

Assembly Code:

```assembly

```

Only output the optimized assembly code. Do not include any other text. Do not write any comments in the assembly code. Wrap the assembly code in ```assembly``` tags.
Optimized Assembly Code:
","Given the following C code, your task is to generate highly optimized x86-64 assembly code.
C Code:

```c
#include<stdio.h>
int main(){
  int i,j,n,s,minj,count=0;
    scanf(""%d"",&n);
    int A[n];
    for(i=0;i<n;i++) scanf(""%d"",&A[i]);
    for(i=0;i<n-1;i++){
      minj=i;
     for(j=i;j<n;j++){
      if(A[j]<A[minj])minj=j;
     }
        s = A[i];
          A[i] = A[minj];
          A[minj] = s;
	  if(i!=minj)count++;
      }
    for(i=0;i<n-1;i++) printf(""%d "",A[i]);
    printf(""%d\n%d\n"",A[n-1],count);
    return 0;
}
```

Only output the optimized assembly code. Do not include any other text. Do not write any comments in the assembly code. Wrap the assembly code in ```assembly``` tags.
Optimized Assembly Code:
"
190,"#include <stdio.h>
#define max(X, Y) ((X) > (Y) ? (X) : (Y))

int sum(int arr[]);

int main()
{
    int a[4];
    int b[4];

    for (int i = 0; i < 4; i++) {
        scanf(""%d"", &a[i]);
    }
    for (int i = 0; i < 4; i++) {
        scanf(""%d"", &b[i]);
    }

    printf(""%d\n"", max(sum(a), sum(b)));
    
    return 0;
}

int sum(int arr[])
{
    int s = 0;
    for (int i = 0; i < 4; i++) {
        s = s + arr[i];
    }

    return s;
}

","[{""input"": ""100 80 70 60\n80 70 80 90\n"", ""output"": ""320\n""}]","Given the following C code and assembly code, your task is to generate highly optimized x86-64 assembly code.
C Code:

```c
#include <stdio.h>
#define max(X, Y) ((X) > (Y) ? (X) : (Y))

int sum(int arr[]);

int main()
{
    int a[4];
    int b[4];

    for (int i = 0; i < 4; i++) {
        scanf(""%d"", &a[i]);
    }
    for (int i = 0; i < 4; i++) {
        scanf(""%d"", &b[i]);
    }

    printf(""%d\n"", max(sum(a), sum(b)));
    
    return 0;
}

int sum(int arr[])
{
    int s = 0;
    for (int i = 0; i < 4; i++) {
        s = s + arr[i];
    }

    return s;
}
```

Assembly Code:

```assembly

```

Only output the optimized assembly code. Do not include any other text. Do not write any comments in the assembly code. Wrap the assembly code in ```assembly``` tags.
Optimized Assembly Code:
","Given the following C code, your task is to generate highly optimized x86-64 assembly code.
C Code:

```c
#include <stdio.h>
#define max(X, Y) ((X) > (Y) ? (X) : (Y))

int sum(int arr[]);

int main()
{
    int a[4];
    int b[4];

    for (int i = 0; i < 4; i++) {
        scanf(""%d"", &a[i]);
    }
    for (int i = 0; i < 4; i++) {
        scanf(""%d"", &b[i]);
    }

    printf(""%d\n"", max(sum(a), sum(b)));
    
    return 0;
}

int sum(int arr[])
{
    int s = 0;
    for (int i = 0; i < 4; i++) {
        s = s + arr[i];
    }

    return s;
}
```

Only output the optimized assembly code. Do not include any other text. Do not write any comments in the assembly code. Wrap the assembly code in ```assembly``` tags.
Optimized Assembly Code:
"
191,"#include <stdio.h>
#include <math.h>

int main(int argc, const char * argv[]){
    double r;
    scanf(""%lf"", &r);
    printf(""%lf %lf\n"", r * r * M_PI, r * 2 * M_PI);
}
","[{""input"": ""4\n"", ""output"": ""50.265482457 25.1327412287\n\n""}, {""input"": ""0\n"", ""output"": ""0.000000000 0.0\n\n""}, {""input"": ""5\n"", ""output"": ""78.539816340 31.4159265359\n\n""}, {""input"": ""1\n"", ""output"": ""3.141592654 6.28318530718\n\n""}, {""input"": ""6\n"", ""output"": ""113.097335529 37.6991118431\n\n""}, {""input"": ""-1\n"", ""output"": ""3.141592654 -6.28318530718\n\n""}, {""input"": ""10\n"", ""output"": ""314.159265359 62.8318530718\n\n""}, {""input"": ""-2\n"", ""output"": ""12.566370614 -12.5663706144\n\n""}, {""input"": ""7\n"", ""output"": ""153.938040026 43.9822971502\n\n""}, {""input"": ""-4\n"", ""output"": ""50.265482457 -25.1327412287\n\n""}]","Given the following C code and assembly code, your task is to generate highly optimized x86-64 assembly code.
C Code:

```c
#include <stdio.h>
#include <math.h>

int main(int argc, const char * argv[]){
    double r;
    scanf(""%lf"", &r);
    printf(""%lf %lf\n"", r * r * M_PI, r * 2 * M_PI);
}
```

Assembly Code:

```assembly

```

Only output the optimized assembly code. Do not include any other text. Do not write any comments in the assembly code. Wrap the assembly code in ```assembly``` tags.
Optimized Assembly Code:
","Given the following C code, your task is to generate highly optimized x86-64 assembly code.
C Code:

```c
#include <stdio.h>
#include <math.h>

int main(int argc, const char * argv[]){
    double r;
    scanf(""%lf"", &r);
    printf(""%lf %lf\n"", r * r * M_PI, r * 2 * M_PI);
}
```

Only output the optimized assembly code. Do not include any other text. Do not write any comments in the assembly code. Wrap the assembly code in ```assembly``` tags.
Optimized Assembly Code:
"
192,"#include<stdio.h>

int main(){
	int a,b;
	double fa,fb;

	scanf(""%d%d"",&a,&b);
	fa=a;
	fb=b;
	printf(""%d %d %f\n"",a/b,a%b,fa/fb);

	return 0;
}",[],"Given the following C code and assembly code, your task is to generate highly optimized x86-64 assembly code.
C Code:

```c
#include<stdio.h>

int main(){
	int a,b;
	double fa,fb;

	scanf(""%d%d"",&a,&b);
	fa=a;
	fb=b;
	printf(""%d %d %f\n"",a/b,a%b,fa/fb);

	return 0;
}
```

Assembly Code:

```assembly

```

Only output the optimized assembly code. Do not include any other text. Do not write any comments in the assembly code. Wrap the assembly code in ```assembly``` tags.
Optimized Assembly Code:
","Given the following C code, your task is to generate highly optimized x86-64 assembly code.
C Code:

```c
#include<stdio.h>

int main(){
	int a,b;
	double fa,fb;

	scanf(""%d%d"",&a,&b);
	fa=a;
	fb=b;
	printf(""%d %d %f\n"",a/b,a%b,fa/fb);

	return 0;
}
```

Only output the optimized assembly code. Do not include any other text. Do not write any comments in the assembly code. Wrap the assembly code in ```assembly``` tags.
Optimized Assembly Code:
"
193,"

#include <stdio.h>
#include <stdlib.h>
typedef struct{
    int x;
    int y;
}pair;
int main()
{   int n;
    scanf(""%d"",&n);
    pair a[n];
    for(int i=0;i<n;i++){
        scanf(""%d%d"",&a[i].x,&a[i].y);
    }
    int frac=1;
    for(int i=1;i<n;i++){
        frac*=i;
    }
    double ans=0;
    for(int i=0;i<n;i++){
        for(int j=0;j<n;j++){
            ans+=(sqrt((a[i].x-a[j].x)*(a[i].x-a[j].x)+(a[i].y-a[j].y)*(a[i].y-a[j].y)))*frac;
        }
    }
    printf(""%.8lf"",ans/(n*frac));
    return 0;
}
","[{""input"": ""3\n0 0\n1 0\n0 1\n"", ""output"": ""2.2761423749\n""}]","Given the following C code and assembly code, your task is to generate highly optimized x86-64 assembly code.
C Code:

```c


#include <stdio.h>
#include <stdlib.h>
typedef struct{
    int x;
    int y;
}pair;
int main()
{   int n;
    scanf(""%d"",&n);
    pair a[n];
    for(int i=0;i<n;i++){
        scanf(""%d%d"",&a[i].x,&a[i].y);
    }
    int frac=1;
    for(int i=1;i<n;i++){
        frac*=i;
    }
    double ans=0;
    for(int i=0;i<n;i++){
        for(int j=0;j<n;j++){
            ans+=(sqrt((a[i].x-a[j].x)*(a[i].x-a[j].x)+(a[i].y-a[j].y)*(a[i].y-a[j].y)))*frac;
        }
    }
    printf(""%.8lf"",ans/(n*frac));
    return 0;
}
```

Assembly Code:

```assembly

```

Only output the optimized assembly code. Do not include any other text. Do not write any comments in the assembly code. Wrap the assembly code in ```assembly``` tags.
Optimized Assembly Code:
","Given the following C code, your task is to generate highly optimized x86-64 assembly code.
C Code:

```c


#include <stdio.h>
#include <stdlib.h>
typedef struct{
    int x;
    int y;
}pair;
int main()
{   int n;
    scanf(""%d"",&n);
    pair a[n];
    for(int i=0;i<n;i++){
        scanf(""%d%d"",&a[i].x,&a[i].y);
    }
    int frac=1;
    for(int i=1;i<n;i++){
        frac*=i;
    }
    double ans=0;
    for(int i=0;i<n;i++){
        for(int j=0;j<n;j++){
            ans+=(sqrt((a[i].x-a[j].x)*(a[i].x-a[j].x)+(a[i].y-a[j].y)*(a[i].y-a[j].y)))*frac;
        }
    }
    printf(""%.8lf"",ans/(n*frac));
    return 0;
}
```

Only output the optimized assembly code. Do not include any other text. Do not write any comments in the assembly code. Wrap the assembly code in ```assembly``` tags.
Optimized Assembly Code:
"
194,"#include <stdio.h>
#include <string.h>

int get_id(char enzansi) {
	static int id[128]={1};
	if(id[0]==1) {
		id[0]=0;
		id['+']=1;id['-']=2;
		id['*']=3;id['/']=4;
		id['<']=5;id['>']=6;
		id['=']=7;id['&']=8;
		id['|']=9;id['^']=10;
		id['(']=11;id[')']=12;
	}
	return id[enzansi];
}

int enzansi_yuusen[20];
int enzansi_right_ketugo[20];

int enzansi_isdopop(char onstack,char now) {
	int id1=get_id(onstack);
	int id2=get_id(now);
	if(onstack=='(')return 0;
	return enzansi_yuusen[id1]>enzansi_yuusen[id2] ||
		(enzansi_yuusen[id1]==enzansi_yuusen[id2] &&
		!enzansi_right_ketugo[id1]);
}

int main_stack_num;
char main_stack[100][500];
int enzansi_stack_num;
char enzansi_stack[100];
int calc_stack_num;
char calc_stack[100];

int main(void) {
	int data_num,cur_data;
	int teigi_num,nowteigi_num;
	char teigi_rule[4];
	char now_teigi[4];
	char now_siki[200];
	char enzansi_buf[4]={0};
	int siki_num;
	int i,j;
	scanf(""%d"",&data_num);
	for(cur_data=0;cur_data<data_num;cur_data++) {
		if(cur_data>0)putchar('\n');
		scanf(""%d"",&teigi_num);
		for(i=0;i<teigi_num;i++) {
			scanf(""%s%d"",teigi_rule,&nowteigi_num);
			for(j=0;j<nowteigi_num;j++) {
				scanf(""%s"",now_teigi);
				enzansi_yuusen[get_id(now_teigi[0])]=i;
				enzansi_right_ketugo[get_id(now_teigi[0])]=(teigi_rule[0]=='R');
			}
		}
		scanf(""%d"",&siki_num);
		for(i=0;i<siki_num;i++) {
			scanf(""%s"",now_siki);
			main_stack_num=enzansi_stack_num=calc_stack_num=0;
			for(j=0;now_siki[j];j++) {
				if(get_id(now_siki[j])) {
					if(enzansi_stack_num>0) {
						if(now_siki[j]=='(') {
							enzansi_stack[enzansi_stack_num++]=now_siki[j];
						} else if(now_siki[j]==')') {
							while(enzansi_stack_num>0 &&
									enzansi_stack[enzansi_stack_num-1]!='(') {
								calc_stack[calc_stack_num++]=
									enzansi_stack[--enzansi_stack_num];
							}
							if(enzansi_stack_num>0)enzansi_stack_num--;
						} else {
							while(enzansi_stack_num>0 &&
									enzansi_isdopop(
										enzansi_stack[enzansi_stack_num-1],
										now_siki[j])) {
								calc_stack[calc_stack_num++]=
									enzansi_stack[--enzansi_stack_num];
							}
							enzansi_stack[enzansi_stack_num++]=now_siki[j];
						}
					} else {
						enzansi_stack[enzansi_stack_num++]=now_siki[j];
					}
				} else {
					calc_stack[calc_stack_num++]=now_siki[j];
				}
			}
			while(enzansi_stack_num>0) {
				calc_stack[calc_stack_num++]=
					enzansi_stack[--enzansi_stack_num];
			}
			for(j=0;j<calc_stack_num;j++) {
				enzansi_buf[0]=calc_stack[j];
				if(get_id(calc_stack[j])) {
					if(main_stack_num<2)return 1;
					strcat(main_stack[main_stack_num-2],enzansi_buf);
					strcat(main_stack[main_stack_num-2],main_stack[main_stack_num-1]);
					strcat(main_stack[main_stack_num-2],"")"");
					memmove(&main_stack[main_stack_num-2][1],
						&main_stack[main_stack_num-2][0],
						strlen(main_stack[main_stack_num-2])+1);
					main_stack[main_stack_num-2][0]='(';
					main_stack_num--;
				} else {
					strcpy(main_stack[main_stack_num++],enzansi_buf);
				}
			}
			puts(main_stack[0]);
		}
	}
	return 0;
}","[{""input"": ""2\n3\nR 1 =\nL 2 + -\nL 2 * /\n6\na+b*c-c\n(p-q)/q/d\na+b*c=d-e\nt+t+t+t+t\ns=s=s=s=s\n(((((z)))))\n3\nR 3 = < >\nL 3 & | ^\nL 4 + - * /\n1\na>b*c=d<e|f+g^h&i<j>k\n"", ""output"": ""((a+(b*c))-c)\n(((p-q)/q)/d)\n((a+(b*c))=(d-e))\n((((t+t)+t)+t)+t)\n(s=(s=(s=(s=s))))\nz\n\n(a>((b*c)=(d<((((e|(f+g))^h)&i)<(j>k)))))\n\n""}, {""input"": ""2\n3\nR 1 =\nL 2 + -\nL 2 * /\n6\na+b*c-d\n(p-q)/q/d\na+b*c=d-e\nt+t+t+t+t\ns=s=s=s=s\n(((((z)))))\n3\nR 3 = < >\nL 3 & | ^\nL 4 + . * /\n1\na>b*c=d<e|f+g^h&i<j>k\n"", ""output"": ""((a+(b*c))-d)\n(((p-q)/q)/d)\n((a+(b*c))=(d-e))\n((((t+t)+t)+t)+t)\n(s=(s=(s=(s=s))))\nz\n\n(a>((b*c)=(d<((((e|(f+g))^h)&i)<(j>k)))))\n\n""}, {""input"": ""2\n3\nR 1 =\nL 2 + -\nL 2 * /\n6\na+b*c-c\n(p-q)/q/d\na+b*c=d-e\nt+t+t+t+t\ns=s=s=s=s\n(((((z)))))\n3\nR 3 = < >\nL 3 & | ^\nL 4 + - * /\n1\na>b*c=d<e|f+g^h&i<j>j\n"", ""output"": ""((a+(b*c))-c)\n(((p-q)/q)/d)\n((a+(b*c))=(d-e))\n((((t+t)+t)+t)+t)\n(s=(s=(s=(s=s))))\nz\n\n(a>((b*c)=(d<((((e|(f+g))^h)&i)<(j>j)))))\n\n""}, {""input"": ""2\n3\nR 1 =\nL 2 + -\nL 2 * /\n6\na+b*c-c\n(p-q)/q/d\na+b*c=d-e\nt+t+t*t+t\ns=s=s=s=s\n(((((z)))))\n3\nR 3 = < >\nL 3 & | ^\nL 4 + - * /\n1\na>b*c=d<e|f+g^h&i<j>j\n"", ""output"": ""((a+(b*c))-c)\n(((p-q)/q)/d)\n((a+(b*c))=(d-e))\n(((t+t)+(t*t))+t)\n(s=(s=(s=(s=s))))\nz\n\n(a>((b*c)=(d<((((e|(f+g))^h)&i)<(j>j)))))\n\n""}, {""input"": ""2\n3\nR 1 =\nL 2 + -\nL 2 * /\n6\na+b*c-c\n(p-q)/q/d\na+b*c=d-e\nt+t+t+t+t\ns=s=r=s=s\n(((((z)))))\n3\nR 3 = < >\nL 3 & | ^\nL 4 + - * /\n1\na>b*c=d<e|f+g^h&i<j>k\n"", ""output"": ""((a+(b*c))-c)\n(((p-q)/q)/d)\n((a+(b*c))=(d-e))\n((((t+t)+t)+t)+t)\n(s=(s=(r=(s=s))))\nz\n\n(a>((b*c)=(d<((((e|(f+g))^h)&i)<(j>k)))))\n\n""}, {""input"": ""2\n3\nR 1 =\nL 2 + -\nL 2 * /\n6\na+b*c-c\n(o-q)/q/d\na+b*c=d-e\nt+t+t+t+t\ns=s=r=s=s\n(((((z)))))\n3\nR 3 = < >\nL 3 & | ^\nL 4 + - * /\n1\na>b*c=d<e|f+g^h&i<j>k\n"", ""output"": ""((a+(b*c))-c)\n(((o-q)/q)/d)\n((a+(b*c))=(d-e))\n((((t+t)+t)+t)+t)\n(s=(s=(r=(s=s))))\nz\n\n(a>((b*c)=(d<((((e|(f+g))^h)&i)<(j>k)))))\n\n""}, {""input"": ""2\n3\nR 1 =\nL 2 + -\nL 2 * /\n6\na+b*c-d\n(p-q)/q/d\na+b*c=d-e\nt+t+t+t+t\ns=s=s=s=s\n(((((z)))))\n3\nR 3 = < >\nL 3 & | ^\nL 4 + - * /\n1\na>b*c=d<e|g+g^h&i<j>k\n"", ""output"": ""((a+(b*c))-d)\n(((p-q)/q)/d)\n((a+(b*c))=(d-e))\n((((t+t)+t)+t)+t)\n(s=(s=(s=(s=s))))\nz\n\n(a>((b*c)=(d<((((e|(g+g))^h)&i)<(j>k)))))\n\n""}, {""input"": ""2\n3\nR 1 =\nL 2 + -\nL 2 * /\n6\na+b*c-c\n(p-q)/q/d\na+b*b=d-e\nt+t+t*t+t\ns=s=s=s=s\n(((((z)))))\n3\nR 3 = < >\nL 3 & | ^\nL 4 + - * /\n1\na>b*c=d<e|f+g^h&i<j>j\n"", ""output"": ""((a+(b*c))-c)\n(((p-q)/q)/d)\n((a+(b*b))=(d-e))\n(((t+t)+(t*t))+t)\n(s=(s=(s=(s=s))))\nz\n\n(a>((b*c)=(d<((((e|(f+g))^h)&i)<(j>j)))))\n\n""}, {""input"": ""2\n3\nR 1 =\nL 2 + -\nL 2 * /\n6\na+b*c-c\n(o-q)/q/d\na+c*b=d-e\nt+t+t+t+t\ns=s=r=s=s\n(((((z)))))\n3\nR 3 = < >\nL 3 & | ^\nL 4 + - * .\n1\na>b*c=d<e|f+g^h&i<j>k\n"", ""output"": ""((a+(b*c))-c)\n(((o-q)/q)/d)\n((a+(c*b))=(d-e))\n((((t+t)+t)+t)+t)\n(s=(s=(r=(s=s))))\nz\n\n(a>((b*c)=(d<((((e|(f+g))^h)&i)<(j>k)))))\n\n""}, {""input"": ""2\n3\nR 1 =\nL 2 + -\nL 2 * /\n6\na+b*c-c\n(p-q)/q/d\na+b*c=d-e\nt+t+t+t+t\ns=s=s=s=r\n(((((z)))))\n3\nR 3 = < >\nL 3 & | ^\nL 4 + - * /\n1\na>b*c=d<e|f+g^h&i<j>k\n"", ""output"": ""((a+(b*c))-c)\n(((p-q)/q)/d)\n((a+(b*c))=(d-e))\n((((t+t)+t)+t)+t)\n(s=(s=(s=(s=r))))\nz\n\n(a>((b*c)=(d<((((e|(f+g))^h)&i)<(j>k)))))\n\n""}]","Given the following C code and assembly code, your task is to generate highly optimized x86-64 assembly code.
C Code:

```c
#include <stdio.h>
#include <string.h>

int get_id(char enzansi) {
	static int id[128]={1};
	if(id[0]==1) {
		id[0]=0;
		id['+']=1;id['-']=2;
		id['*']=3;id['/']=4;
		id['<']=5;id['>']=6;
		id['=']=7;id['&']=8;
		id['|']=9;id['^']=10;
		id['(']=11;id[')']=12;
	}
	return id[enzansi];
}

int enzansi_yuusen[20];
int enzansi_right_ketugo[20];

int enzansi_isdopop(char onstack,char now) {
	int id1=get_id(onstack);
	int id2=get_id(now);
	if(onstack=='(')return 0;
	return enzansi_yuusen[id1]>enzansi_yuusen[id2] ||
		(enzansi_yuusen[id1]==enzansi_yuusen[id2] &&
		!enzansi_right_ketugo[id1]);
}

int main_stack_num;
char main_stack[100][500];
int enzansi_stack_num;
char enzansi_stack[100];
int calc_stack_num;
char calc_stack[100];

int main(void) {
	int data_num,cur_data;
	int teigi_num,nowteigi_num;
	char teigi_rule[4];
	char now_teigi[4];
	char now_siki[200];
	char enzansi_buf[4]={0};
	int siki_num;
	int i,j;
	scanf(""%d"",&data_num);
	for(cur_data=0;cur_data<data_num;cur_data++) {
		if(cur_data>0)putchar('\n');
		scanf(""%d"",&teigi_num);
		for(i=0;i<teigi_num;i++) {
			scanf(""%s%d"",teigi_rule,&nowteigi_num);
			for(j=0;j<nowteigi_num;j++) {
				scanf(""%s"",now_teigi);
				enzansi_yuusen[get_id(now_teigi[0])]=i;
				enzansi_right_ketugo[get_id(now_teigi[0])]=(teigi_rule[0]=='R');
			}
		}
		scanf(""%d"",&siki_num);
		for(i=0;i<siki_num;i++) {
			scanf(""%s"",now_siki);
			main_stack_num=enzansi_stack_num=calc_stack_num=0;
			for(j=0;now_siki[j];j++) {
				if(get_id(now_siki[j])) {
					if(enzansi_stack_num>0) {
						if(now_siki[j]=='(') {
							enzansi_stack[enzansi_stack_num++]=now_siki[j];
						} else if(now_siki[j]==')') {
							while(enzansi_stack_num>0 &&
									enzansi_stack[enzansi_stack_num-1]!='(') {
								calc_stack[calc_stack_num++]=
									enzansi_stack[--enzansi_stack_num];
							}
							if(enzansi_stack_num>0)enzansi_stack_num--;
						} else {
							while(enzansi_stack_num>0 &&
									enzansi_isdopop(
										enzansi_stack[enzansi_stack_num-1],
										now_siki[j])) {
								calc_stack[calc_stack_num++]=
									enzansi_stack[--enzansi_stack_num];
							}
							enzansi_stack[enzansi_stack_num++]=now_siki[j];
						}
					} else {
						enzansi_stack[enzansi_stack_num++]=now_siki[j];
					}
				} else {
					calc_stack[calc_stack_num++]=now_siki[j];
				}
			}
			while(enzansi_stack_num>0) {
				calc_stack[calc_stack_num++]=
					enzansi_stack[--enzansi_stack_num];
			}
			for(j=0;j<calc_stack_num;j++) {
				enzansi_buf[0]=calc_stack[j];
				if(get_id(calc_stack[j])) {
					if(main_stack_num<2)return 1;
					strcat(main_stack[main_stack_num-2],enzansi_buf);
					strcat(main_stack[main_stack_num-2],main_stack[main_stack_num-1]);
					strcat(main_stack[main_stack_num-2],"")"");
					memmove(&main_stack[main_stack_num-2][1],
						&main_stack[main_stack_num-2][0],
						strlen(main_stack[main_stack_num-2])+1);
					main_stack[main_stack_num-2][0]='(';
					main_stack_num--;
				} else {
					strcpy(main_stack[main_stack_num++],enzansi_buf);
				}
			}
			puts(main_stack[0]);
		}
	}
	return 0;
}
```

Assembly Code:

```assembly

```

Only output the optimized assembly code. Do not include any other text. Do not write any comments in the assembly code. Wrap the assembly code in ```assembly``` tags.
Optimized Assembly Code:
","Given the following C code, your task is to generate highly optimized x86-64 assembly code.
C Code:

```c
#include <stdio.h>
#include <string.h>

int get_id(char enzansi) {
	static int id[128]={1};
	if(id[0]==1) {
		id[0]=0;
		id['+']=1;id['-']=2;
		id['*']=3;id['/']=4;
		id['<']=5;id['>']=6;
		id['=']=7;id['&']=8;
		id['|']=9;id['^']=10;
		id['(']=11;id[')']=12;
	}
	return id[enzansi];
}

int enzansi_yuusen[20];
int enzansi_right_ketugo[20];

int enzansi_isdopop(char onstack,char now) {
	int id1=get_id(onstack);
	int id2=get_id(now);
	if(onstack=='(')return 0;
	return enzansi_yuusen[id1]>enzansi_yuusen[id2] ||
		(enzansi_yuusen[id1]==enzansi_yuusen[id2] &&
		!enzansi_right_ketugo[id1]);
}

int main_stack_num;
char main_stack[100][500];
int enzansi_stack_num;
char enzansi_stack[100];
int calc_stack_num;
char calc_stack[100];

int main(void) {
	int data_num,cur_data;
	int teigi_num,nowteigi_num;
	char teigi_rule[4];
	char now_teigi[4];
	char now_siki[200];
	char enzansi_buf[4]={0};
	int siki_num;
	int i,j;
	scanf(""%d"",&data_num);
	for(cur_data=0;cur_data<data_num;cur_data++) {
		if(cur_data>0)putchar('\n');
		scanf(""%d"",&teigi_num);
		for(i=0;i<teigi_num;i++) {
			scanf(""%s%d"",teigi_rule,&nowteigi_num);
			for(j=0;j<nowteigi_num;j++) {
				scanf(""%s"",now_teigi);
				enzansi_yuusen[get_id(now_teigi[0])]=i;
				enzansi_right_ketugo[get_id(now_teigi[0])]=(teigi_rule[0]=='R');
			}
		}
		scanf(""%d"",&siki_num);
		for(i=0;i<siki_num;i++) {
			scanf(""%s"",now_siki);
			main_stack_num=enzansi_stack_num=calc_stack_num=0;
			for(j=0;now_siki[j];j++) {
				if(get_id(now_siki[j])) {
					if(enzansi_stack_num>0) {
						if(now_siki[j]=='(') {
							enzansi_stack[enzansi_stack_num++]=now_siki[j];
						} else if(now_siki[j]==')') {
							while(enzansi_stack_num>0 &&
									enzansi_stack[enzansi_stack_num-1]!='(') {
								calc_stack[calc_stack_num++]=
									enzansi_stack[--enzansi_stack_num];
							}
							if(enzansi_stack_num>0)enzansi_stack_num--;
						} else {
							while(enzansi_stack_num>0 &&
									enzansi_isdopop(
										enzansi_stack[enzansi_stack_num-1],
										now_siki[j])) {
								calc_stack[calc_stack_num++]=
									enzansi_stack[--enzansi_stack_num];
							}
							enzansi_stack[enzansi_stack_num++]=now_siki[j];
						}
					} else {
						enzansi_stack[enzansi_stack_num++]=now_siki[j];
					}
				} else {
					calc_stack[calc_stack_num++]=now_siki[j];
				}
			}
			while(enzansi_stack_num>0) {
				calc_stack[calc_stack_num++]=
					enzansi_stack[--enzansi_stack_num];
			}
			for(j=0;j<calc_stack_num;j++) {
				enzansi_buf[0]=calc_stack[j];
				if(get_id(calc_stack[j])) {
					if(main_stack_num<2)return 1;
					strcat(main_stack[main_stack_num-2],enzansi_buf);
					strcat(main_stack[main_stack_num-2],main_stack[main_stack_num-1]);
					strcat(main_stack[main_stack_num-2],"")"");
					memmove(&main_stack[main_stack_num-2][1],
						&main_stack[main_stack_num-2][0],
						strlen(main_stack[main_stack_num-2])+1);
					main_stack[main_stack_num-2][0]='(';
					main_stack_num--;
				} else {
					strcpy(main_stack[main_stack_num++],enzansi_buf);
				}
			}
			puts(main_stack[0]);
		}
	}
	return 0;
}
```

Only output the optimized assembly code. Do not include any other text. Do not write any comments in the assembly code. Wrap the assembly code in ```assembly``` tags.
Optimized Assembly Code:
"
195,"#include<stdio.h>

int main(void){

int n;
int i,j,k;//制御
long killsum=0;

scanf(""%d"",&n);

int a[n+1];//モンスターの数
int b[n];//夕社が殺せる数
int c[n];

for(i=0;i<n+1;i++){
    scanf(""%d"",&a[i]);
}

for(i=0;i<n;i++){
    scanf(""%d"",&b[i]);
}

for(i=0;i<n;i++){
    if(a[i]<b[i]){
        c[i]=b[i]-a[i];
        killsum=killsum+a[i];
        //printf(""勇者%dはステージ%dで%d隊殺しました。\n"",i,i,a[i]);
        if(a[i+1]-c[i]>=0){
            a[i+1]=a[i+1]-c[i];
            killsum=killsum+c[i];
           //  printf(""勇者%dはステージ%dで%d隊殺しました。"",i,i+1,c[i]);
        } 
        else if(a[i+1]<=c[i]){
            killsum=killsum+a[i+1];
            a[i+1]=0;
            // printf(""勇者%dはステージ%dで%d隊殺しました。"",i,i+1,a[i]);
        }
    }
    else if(b[i]<=a[i]){
        killsum=killsum+b[i];
        a[i]=a[i]-b[i];
        
        // printf(""勇者%dはステージ%dで%d隊殺しました。"",i,i,b[i]);
         b[i]=0;
    }
}
printf(""%ld"",killsum);
   
    

    return 0;
}","[{""input"": ""3\n5 6 3 8\n2 100 8\n"", ""output"": ""19\n\n""}, {""input"": ""2\n100 0 1\n1 100\n"", ""output"": ""2\n\n""}, {""input"": ""2\n3 5 2\n7 5\n"", ""output"": ""10\n\n""}, {""input"": ""3\n0 6 3 8\n2 100 8\n"", ""output"": ""17\n\n""}, {""input"": ""2\n100 -1 1\n1 100\n"", ""output"": ""1\n\n""}, {""input"": ""2\n3 5 1\n7 5\n"", ""output"": ""9\n\n""}, {""input"": ""3\n0 4 3 8\n2 100 8\n"", ""output"": ""15\n\n""}, {""input"": ""2\n000 -1 1\n1 100\n"", ""output"": ""0\n\n""}, {""input"": ""2\n3 5 1\n0 5\n"", ""output"": ""5\n\n""}, {""input"": ""3\n0 4 2 8\n2 100 8\n"", ""output"": ""14\n\n""}]","Given the following C code and assembly code, your task is to generate highly optimized x86-64 assembly code.
C Code:

```c
#include<stdio.h>

int main(void){

int n;
int i,j,k;//制御
long killsum=0;

scanf(""%d"",&n);

int a[n+1];//モンスターの数
int b[n];//夕社が殺せる数
int c[n];

for(i=0;i<n+1;i++){
    scanf(""%d"",&a[i]);
}

for(i=0;i<n;i++){
    scanf(""%d"",&b[i]);
}

for(i=0;i<n;i++){
    if(a[i]<b[i]){
        c[i]=b[i]-a[i];
        killsum=killsum+a[i];
        //printf(""勇者%dはステージ%dで%d隊殺しました。\n"",i,i,a[i]);
        if(a[i+1]-c[i]>=0){
            a[i+1]=a[i+1]-c[i];
            killsum=killsum+c[i];
           //  printf(""勇者%dはステージ%dで%d隊殺しました。"",i,i+1,c[i]);
        } 
        else if(a[i+1]<=c[i]){
            killsum=killsum+a[i+1];
            a[i+1]=0;
            // printf(""勇者%dはステージ%dで%d隊殺しました。"",i,i+1,a[i]);
        }
    }
    else if(b[i]<=a[i]){
        killsum=killsum+b[i];
        a[i]=a[i]-b[i];
        
        // printf(""勇者%dはステージ%dで%d隊殺しました。"",i,i,b[i]);
         b[i]=0;
    }
}
printf(""%ld"",killsum);
   
    

    return 0;
}
```

Assembly Code:

```assembly

```

Only output the optimized assembly code. Do not include any other text. Do not write any comments in the assembly code. Wrap the assembly code in ```assembly``` tags.
Optimized Assembly Code:
","Given the following C code, your task is to generate highly optimized x86-64 assembly code.
C Code:

```c
#include<stdio.h>

int main(void){

int n;
int i,j,k;//制御
long killsum=0;

scanf(""%d"",&n);

int a[n+1];//モンスターの数
int b[n];//夕社が殺せる数
int c[n];

for(i=0;i<n+1;i++){
    scanf(""%d"",&a[i]);
}

for(i=0;i<n;i++){
    scanf(""%d"",&b[i]);
}

for(i=0;i<n;i++){
    if(a[i]<b[i]){
        c[i]=b[i]-a[i];
        killsum=killsum+a[i];
        //printf(""勇者%dはステージ%dで%d隊殺しました。\n"",i,i,a[i]);
        if(a[i+1]-c[i]>=0){
            a[i+1]=a[i+1]-c[i];
            killsum=killsum+c[i];
           //  printf(""勇者%dはステージ%dで%d隊殺しました。"",i,i+1,c[i]);
        } 
        else if(a[i+1]<=c[i]){
            killsum=killsum+a[i+1];
            a[i+1]=0;
            // printf(""勇者%dはステージ%dで%d隊殺しました。"",i,i+1,a[i]);
        }
    }
    else if(b[i]<=a[i]){
        killsum=killsum+b[i];
        a[i]=a[i]-b[i];
        
        // printf(""勇者%dはステージ%dで%d隊殺しました。"",i,i,b[i]);
         b[i]=0;
    }
}
printf(""%ld"",killsum);
   
    

    return 0;
}
```

Only output the optimized assembly code. Do not include any other text. Do not write any comments in the assembly code. Wrap the assembly code in ```assembly``` tags.
Optimized Assembly Code:
"
196,"#include<stdio.h>
int main()
{
    int k,a,b;
    scanf(""%d"",&k);
    scanf(""%d%d"",&a,&b);
    int i=(b/k)*k;
        if(i>=a)
           printf(""OK\n"");
        else
       printf(""NG\n"");
    return 0;
}","[{""input"": ""4\n5 9\n"", ""output"": ""OK\n\n""}, {""input"": ""4\n1 1\n"", ""output"": ""NG\n\n""}, {""input"": ""4\n2 9\n"", ""output"": ""OK\n\n""}, {""input"": ""4\n2 16\n"", ""output"": ""OK\n\n""}, {""input"": ""4\n2 23\n"", ""output"": ""OK\n\n""}, {""input"": ""4\n0 23\n"", ""output"": ""OK\n\n""}, {""input"": ""4\n1 23\n"", ""output"": ""OK\n\n""}, {""input"": ""4\n1 20\n"", ""output"": ""OK\n\n""}, {""input"": ""4\n1 8\n"", ""output"": ""OK\n\n""}, {""input"": ""4\n1 11\n"", ""output"": ""OK\n\n""}]","Given the following C code and assembly code, your task is to generate highly optimized x86-64 assembly code.
C Code:

```c
#include<stdio.h>
int main()
{
    int k,a,b;
    scanf(""%d"",&k);
    scanf(""%d%d"",&a,&b);
    int i=(b/k)*k;
        if(i>=a)
           printf(""OK\n"");
        else
       printf(""NG\n"");
    return 0;
}
```

Assembly Code:

```assembly

```

Only output the optimized assembly code. Do not include any other text. Do not write any comments in the assembly code. Wrap the assembly code in ```assembly``` tags.
Optimized Assembly Code:
","Given the following C code, your task is to generate highly optimized x86-64 assembly code.
C Code:

```c
#include<stdio.h>
int main()
{
    int k,a,b;
    scanf(""%d"",&k);
    scanf(""%d%d"",&a,&b);
    int i=(b/k)*k;
        if(i>=a)
           printf(""OK\n"");
        else
       printf(""NG\n"");
    return 0;
}
```

Only output the optimized assembly code. Do not include any other text. Do not write any comments in the assembly code. Wrap the assembly code in ```assembly``` tags.
Optimized Assembly Code:
"
197,"#include<stdio.h>

int main(void)
{
	void swap(int *,int *);
  	int x, y, z;
  
  	scanf(""%d %d %d"",&x,&y,&z);
  	
  	swap(&x, &y);
  	swap(&x, &z);
  
  	printf(""%d %d %d\n"",x, y ,z);
  
  	return 0;
}

void swap(int *a,int *b)
{
	int temp;
  	temp = *a;
  	*a = *b;
  	*b = temp;
}","[{""input"": ""000 100 100\n"", ""output"": ""100 0 100\n\n""}, {""input"": ""41 82 31\n"", ""output"": ""31 41 82\n\n""}, {""input"": ""2 2 3\n"", ""output"": ""3 2 2\n\n""}, {""input"": ""010 100 100\n"", ""output"": ""100 10 100\n\n""}, {""input"": ""41 82 46\n"", ""output"": ""46 41 82\n\n""}, {""input"": ""2 2 5\n"", ""output"": ""5 2 2\n\n""}, {""input"": ""010 000 100\n"", ""output"": ""100 10 0\n\n""}, {""input"": ""41 18 46\n"", ""output"": ""46 41 18\n\n""}, {""input"": ""2 2 7\n"", ""output"": ""7 2 2\n\n""}, {""input"": ""010 000 110\n"", ""output"": ""110 10 0\n\n""}]","Given the following C code and assembly code, your task is to generate highly optimized x86-64 assembly code.
C Code:

```c
#include<stdio.h>

int main(void)
{
	void swap(int *,int *);
  	int x, y, z;
  
  	scanf(""%d %d %d"",&x,&y,&z);
  	
  	swap(&x, &y);
  	swap(&x, &z);
  
  	printf(""%d %d %d\n"",x, y ,z);
  
  	return 0;
}

void swap(int *a,int *b)
{
	int temp;
  	temp = *a;
  	*a = *b;
  	*b = temp;
}
```

Assembly Code:

```assembly

```

Only output the optimized assembly code. Do not include any other text. Do not write any comments in the assembly code. Wrap the assembly code in ```assembly``` tags.
Optimized Assembly Code:
","Given the following C code, your task is to generate highly optimized x86-64 assembly code.
C Code:

```c
#include<stdio.h>

int main(void)
{
	void swap(int *,int *);
  	int x, y, z;
  
  	scanf(""%d %d %d"",&x,&y,&z);
  	
  	swap(&x, &y);
  	swap(&x, &z);
  
  	printf(""%d %d %d\n"",x, y ,z);
  
  	return 0;
}

void swap(int *a,int *b)
{
	int temp;
  	temp = *a;
  	*a = *b;
  	*b = temp;
}
```

Only output the optimized assembly code. Do not include any other text. Do not write any comments in the assembly code. Wrap the assembly code in ```assembly``` tags.
Optimized Assembly Code:
"
198,"#include <stdio.h>
#include <stdlib.h>
#include <string.h>
#include <math.h>
#include <time.h>

int main(int argc, char const *argv[])
{
	int d;
	scanf(""%d"",&d);
	printf(""Christmas"");
	for (int i = 0; i < abs(d - 25); ++i)	printf("" Eve"");
	printf(""\n"");
	return 0;
}","[{""input"": ""13\n"", ""output"": ""Christmas Eve Eve Eve Eve Eve Eve Eve Eve Eve Eve Eve Eve\n\n""}, {""input"": ""18\n"", ""output"": ""Christmas Eve Eve Eve Eve Eve Eve Eve\n\n""}, {""input"": ""4\n"", ""output"": ""Christmas Eve Eve Eve Eve Eve Eve Eve Eve Eve Eve Eve Eve Eve Eve Eve Eve Eve Eve Eve Eve Eve\n\n""}, {""input"": ""8\n"", ""output"": ""Christmas Eve Eve Eve Eve Eve Eve Eve Eve Eve Eve Eve Eve Eve Eve Eve Eve Eve\n\n""}, {""input"": ""6\n"", ""output"": ""Christmas Eve Eve Eve Eve Eve Eve Eve Eve Eve Eve Eve Eve Eve Eve Eve Eve Eve Eve Eve\n\n""}, {""input"": ""0\n"", ""output"": ""Christmas Eve Eve Eve Eve Eve Eve Eve Eve Eve Eve Eve Eve Eve Eve Eve Eve Eve Eve Eve Eve Eve Eve Eve Eve Eve\n\n""}, {""input"": ""-1\n"", ""output"": ""Christmas Eve Eve Eve Eve Eve Eve Eve Eve Eve Eve Eve Eve Eve Eve Eve Eve Eve Eve Eve Eve Eve Eve Eve Eve Eve Eve\n\n""}, {""input"": ""-2\n"", ""output"": ""Christmas Eve Eve Eve Eve Eve Eve Eve Eve Eve Eve Eve Eve Eve Eve Eve Eve Eve Eve Eve Eve Eve Eve Eve Eve Eve Eve Eve\n\n""}, {""input"": ""1\n"", ""output"": ""Christmas Eve Eve Eve Eve Eve Eve Eve Eve Eve Eve Eve Eve Eve Eve Eve Eve Eve Eve Eve Eve Eve Eve Eve Eve\n\n""}, {""input"": ""2\n"", ""output"": ""Christmas Eve Eve Eve Eve Eve Eve Eve Eve Eve Eve Eve Eve Eve Eve Eve Eve Eve Eve Eve Eve Eve Eve Eve\n\n""}]","Given the following C code and assembly code, your task is to generate highly optimized x86-64 assembly code.
C Code:

```c
#include <stdio.h>
#include <stdlib.h>
#include <string.h>
#include <math.h>
#include <time.h>

int main(int argc, char const *argv[])
{
	int d;
	scanf(""%d"",&d);
	printf(""Christmas"");
	for (int i = 0; i < abs(d - 25); ++i)	printf("" Eve"");
	printf(""\n"");
	return 0;
}
```

Assembly Code:

```assembly

```

Only output the optimized assembly code. Do not include any other text. Do not write any comments in the assembly code. Wrap the assembly code in ```assembly``` tags.
Optimized Assembly Code:
","Given the following C code, your task is to generate highly optimized x86-64 assembly code.
C Code:

```c
#include <stdio.h>
#include <stdlib.h>
#include <string.h>
#include <math.h>
#include <time.h>

int main(int argc, char const *argv[])
{
	int d;
	scanf(""%d"",&d);
	printf(""Christmas"");
	for (int i = 0; i < abs(d - 25); ++i)	printf("" Eve"");
	printf(""\n"");
	return 0;
}
```

Only output the optimized assembly code. Do not include any other text. Do not write any comments in the assembly code. Wrap the assembly code in ```assembly``` tags.
Optimized Assembly Code:
"
199,"#include<stdio.h>
int main(void){
  int a,b;
  double c;
    scanf(""%d %d"",&a,&b);
    c=(double)(a)/(double)(b);
    printf(""%d %d %f\n"",a/b,a%b,c);
  return 0;
}
","[{""input"": ""0 2\n"", ""output"": ""0 0 0.000000\n\n""}, {""input"": ""1 2\n"", ""output"": ""0 1 0.500000\n\n""}, {""input"": ""5 2\n"", ""output"": ""2 1 2.500000\n\n""}, {""input"": ""-1 2\n"", ""output"": ""-1 1 -0.500000\n\n""}, {""input"": ""1 3\n"", ""output"": ""0 1 0.333333\n\n""}, {""input"": ""5 3\n"", ""output"": ""1 2 1.666667\n\n""}, {""input"": ""1 5\n"", ""output"": ""0 1 0.200000\n\n""}, {""input"": ""2 3\n"", ""output"": ""0 2 0.666667\n\n""}, {""input"": ""1 1\n"", ""output"": ""1 0 1.000000\n\n""}, {""input"": ""4 2\n"", ""output"": ""2 0 2.000000\n\n""}]","Given the following C code and assembly code, your task is to generate highly optimized x86-64 assembly code.
C Code:

```c
#include<stdio.h>
int main(void){
  int a,b;
  double c;
    scanf(""%d %d"",&a,&b);
    c=(double)(a)/(double)(b);
    printf(""%d %d %f\n"",a/b,a%b,c);
  return 0;
}
```

Assembly Code:

```assembly

```

Only output the optimized assembly code. Do not include any other text. Do not write any comments in the assembly code. Wrap the assembly code in ```assembly``` tags.
Optimized Assembly Code:
","Given the following C code, your task is to generate highly optimized x86-64 assembly code.
C Code:

```c
#include<stdio.h>
int main(void){
  int a,b;
  double c;
    scanf(""%d %d"",&a,&b);
    c=(double)(a)/(double)(b);
    printf(""%d %d %f\n"",a/b,a%b,c);
  return 0;
}
```

Only output the optimized assembly code. Do not include any other text. Do not write any comments in the assembly code. Wrap the assembly code in ```assembly``` tags.
Optimized Assembly Code:
"
