idx,answer,test_cases,question,c_only_question
0,"#include <stdio.h>
#include <ctype.h>

int main()
{
    char ch;
    int i, count[26] = {};
    
    while(scanf(""%c"", &ch) != EOF){
        ch = tolower(ch);
        if ('a' <= ch && ch <= 'z') count[ch - 'a']++;
    }
    for (i = 0; i < 26; i++)
        printf(""%c : %d\n"", 'a' + i, count[i]);
    
    return 0;
}","[{""input"": ""This is ` pen.\n"", ""output"": ""a : 0\nb : 0\nc : 0\nd : 0\ne : 1\nf : 0\ng : 0\nh : 1\ni : 2\nj : 0\nk : 0\nl : 0\nm : 0\nn : 1\no : 0\np : 1\nq : 0\nr : 0\ns : 2\nt : 1\nu : 0\nv : 0\nw : 0\nx : 0\ny : 0\nz : 0\n\n""}, {""input"": ""This si a pen.\n"", ""output"": ""a : 1\nb : 0\nc : 0\nd : 0\ne : 1\nf : 0\ng : 0\nh : 1\ni : 2\nj : 0\nk : 0\nl : 0\nm : 0\nn : 1\no : 0\np : 1\nq : 0\nr : 0\ns : 2\nt : 1\nu : 0\nv : 0\nw : 0\nx : 0\ny : 0\nz : 0\n\n""}, {""input"": ""hTit si a pen.\n"", ""output"": ""a : 1\nb : 0\nc : 0\nd : 0\ne : 1\nf : 0\ng : 0\nh : 1\ni : 2\nj : 0\nk : 0\nl : 0\nm : 0\nn : 1\no : 0\np : 1\nq : 0\nr : 0\ns : 1\nt : 2\nu : 0\nv : 0\nw : 0\nx : 0\ny : 0\nz : 0\n\n""}, {""input"": ""hTis ir a pen.\n"", ""output"": ""a : 1\nb : 0\nc : 0\nd : 0\ne : 1\nf : 0\ng : 0\nh : 1\ni : 2\nj : 0\nk : 0\nl : 0\nm : 0\nn : 1\no : 0\np : 1\nq : 0\nr : 1\ns : 1\nt : 1\nu : 0\nv : 0\nw : 0\nx : 0\ny : 0\nz : 0\n\n""}, {""input"": ""hTis ri a pdn.\n"", ""output"": ""a : 1\nb : 0\nc : 0\nd : 1\ne : 0\nf : 0\ng : 0\nh : 1\ni : 2\nj : 0\nk : 0\nl : 0\nm : 0\nn : 1\no : 0\np : 1\nq : 0\nr : 1\ns : 1\nt : 1\nu : 0\nv : 0\nw : 0\nx : 0\ny : 0\nz : 0\n\n""}, {""input"": ""hTis ri a odn.\n"", ""output"": ""a : 1\nb : 0\nc : 0\nd : 1\ne : 0\nf : 0\ng : 0\nh : 1\ni : 2\nj : 0\nk : 0\nl : 0\nm : 0\nn : 1\no : 1\np : 0\nq : 0\nr : 1\ns : 1\nt : 1\nu : 0\nv : 0\nw : 0\nx : 0\ny : 0\nz : 0\n\n""}, {""input"": ""hTis ri a odo.\n"", ""output"": ""a : 1\nb : 0\nc : 0\nd : 1\ne : 0\nf : 0\ng : 0\nh : 1\ni : 2\nj : 0\nk : 0\nl : 0\nm : 0\nn : 0\no : 2\np : 0\nq : 0\nr : 1\ns : 1\nt : 1\nu : 0\nv : 0\nw : 0\nx : 0\ny : 0\nz : 0\n\n""}, {""input"": ""hsiT rh a od.o\n"", ""output"": ""a : 1\nb : 0\nc : 0\nd : 1\ne : 0\nf : 0\ng : 0\nh : 2\ni : 1\nj : 0\nk : 0\nl : 0\nm : 0\nn : 0\no : 2\np : 0\nq : 0\nr : 1\ns : 1\nt : 1\nu : 0\nv : 0\nw : 0\nx : 0\ny : 0\nz : 0\n\n""}, {""input"": ""Tsih is a od-o\n"", ""output"": ""a : 1\nb : 0\nc : 0\nd : 1\ne : 0\nf : 0\ng : 0\nh : 1\ni : 2\nj : 0\nk : 0\nl : 0\nm : 0\nn : 0\no : 2\np : 0\nq : 0\nr : 0\ns : 2\nt : 1\nu : 0\nv : 0\nw : 0\nx : 0\ny : 0\nz : 0\n\n""}, {""input"": ""Tsih is ` od-o\n"", ""output"": ""a : 0\nb : 0\nc : 0\nd : 1\ne : 0\nf : 0\ng : 0\nh : 1\ni : 2\nj : 0\nk : 0\nl : 0\nm : 0\nn : 0\no : 2\np : 0\nq : 0\nr : 0\ns : 2\nt : 1\nu : 0\nv : 0\nw : 0\nx : 0\ny : 0\nz : 0\n\n""}]","Given the following C code and assembly code, your task is to generate highly optimized x86-64 assembly code.
C Code:

```c
#include <stdio.h>
#include <ctype.h>

int main()
{
    char ch;
    int i, count[26] = {};
    
    while(scanf(""%c"", &ch) != EOF){
        ch = tolower(ch);
        if ('a' <= ch && ch <= 'z') count[ch - 'a']++;
    }
    for (i = 0; i < 26; i++)
        printf(""%c : %d\n"", 'a' + i, count[i]);
    
    return 0;
}
```

Assembly Code:

```assembly

```

Only output the optimized assembly code. Do not include any other text. Do not write any comments in the assembly code. Wrap the assembly code in ```assembly``` tags.
Optimized Assembly Code:
","Given the following C code, your task is to generate highly optimized x86-64 assembly code.
C Code:

```c
#include <stdio.h>
#include <ctype.h>

int main()
{
    char ch;
    int i, count[26] = {};
    
    while(scanf(""%c"", &ch) != EOF){
        ch = tolower(ch);
        if ('a' <= ch && ch <= 'z') count[ch - 'a']++;
    }
    for (i = 0; i < 26; i++)
        printf(""%c : %d\n"", 'a' + i, count[i]);
    
    return 0;
}
```

Only output the optimized assembly code. Do not include any other text. Do not write any comments in the assembly code. Wrap the assembly code in ```assembly``` tags.
Optimized Assembly Code:
"
1,"#include<stdio.h>

int main(){
    int n, m, i, j, f;
    scanf(""%d %d"", &n, &m);
    int s[m], c[m];
    for(i=0;i<m;i++){
        s[i]=0; c[i]=0;
        scanf(""%d %d"",&s[i], &c[i]);
    }
    for(i=0;i<m-1;i++){
        for(j=i+1;j<m;j++){
            if(s[i]==s[j]&&c[i]!=c[j]){ printf(""-1""); return 0; }
        }
    }
    for(i=1;i<=n;i++){
        f=0;
        for(j=0;j<m;j++){
            if(s[j]==1&&c[j]==0&&n>1){ printf(""-1""); return 0; }
            else if(i==s[j]){ printf(""%d"",c[j]); f=1; break; }
        }
        if(f==0&&i==1&&n>1){ printf(""1""); }
        else if(f==0){ printf(""0""); }
    }
}","[{""input"": ""3 3\n1 14\n3 2\n1 7\n"", ""output"": ""-1\n\n""}, {""input"": ""3 0\n2 1\n2 3\n"", ""output"": ""100\n\n""}, {""input"": ""3 1\n2 1\n1 3\n"", ""output"": ""110\n\n""}, {""input"": ""3 1\n0 1\n1 0\n"", ""output"": ""101\n\n""}, {""input"": ""3 3\n1 7\n3 4\n1 7\n"", ""output"": ""704\n\n""}, {""input"": ""3 2\n2 0\n1 3\n"", ""output"": ""300\n\n""}, {""input"": ""3 3\n0 2\n3 2\n1 1\n"", ""output"": ""102\n\n""}, {""input"": ""3 2\n3 0\n2 6\n"", ""output"": ""160\n\n""}, {""input"": ""1 1\n0 1\n1 0\n"", ""output"": ""1\n\n""}, {""input"": ""2 1\n0 1\n1 0\n"", ""output"": ""11\n\n""}]","Given the following C code and assembly code, your task is to generate highly optimized x86-64 assembly code.
C Code:

```c
#include<stdio.h>

int main(){
    int n, m, i, j, f;
    scanf(""%d %d"", &n, &m);
    int s[m], c[m];
    for(i=0;i<m;i++){
        s[i]=0; c[i]=0;
        scanf(""%d %d"",&s[i], &c[i]);
    }
    for(i=0;i<m-1;i++){
        for(j=i+1;j<m;j++){
            if(s[i]==s[j]&&c[i]!=c[j]){ printf(""-1""); return 0; }
        }
    }
    for(i=1;i<=n;i++){
        f=0;
        for(j=0;j<m;j++){
            if(s[j]==1&&c[j]==0&&n>1){ printf(""-1""); return 0; }
            else if(i==s[j]){ printf(""%d"",c[j]); f=1; break; }
        }
        if(f==0&&i==1&&n>1){ printf(""1""); }
        else if(f==0){ printf(""0""); }
    }
}
```

Assembly Code:

```assembly

```

Only output the optimized assembly code. Do not include any other text. Do not write any comments in the assembly code. Wrap the assembly code in ```assembly``` tags.
Optimized Assembly Code:
","Given the following C code, your task is to generate highly optimized x86-64 assembly code.
C Code:

```c
#include<stdio.h>

int main(){
    int n, m, i, j, f;
    scanf(""%d %d"", &n, &m);
    int s[m], c[m];
    for(i=0;i<m;i++){
        s[i]=0; c[i]=0;
        scanf(""%d %d"",&s[i], &c[i]);
    }
    for(i=0;i<m-1;i++){
        for(j=i+1;j<m;j++){
            if(s[i]==s[j]&&c[i]!=c[j]){ printf(""-1""); return 0; }
        }
    }
    for(i=1;i<=n;i++){
        f=0;
        for(j=0;j<m;j++){
            if(s[j]==1&&c[j]==0&&n>1){ printf(""-1""); return 0; }
            else if(i==s[j]){ printf(""%d"",c[j]); f=1; break; }
        }
        if(f==0&&i==1&&n>1){ printf(""1""); }
        else if(f==0){ printf(""0""); }
    }
}
```

Only output the optimized assembly code. Do not include any other text. Do not write any comments in the assembly code. Wrap the assembly code in ```assembly``` tags.
Optimized Assembly Code:
"
2,"#include<stdio.h>
#include<math.h>

int main(){
    int n,k,y;
    double p=0.0,x;
    scanf(""%d %d"",&n,&k);
    for(int i=1;i<=n;i++){
        x=log2f(k)-log2f(i);
        y=x;
        if(y!=x){
            y+=1;
        }
        if(i<k){
            p+=1.0/(n*powl(2.0,y));
        }
        else{
            p+=((double)n-(double)k+1.0)/(double)n;
            break;
        }
    }
    printf(""%.10lf\n"",p);
}
","[{""input"": ""3 4\n"", ""output"": ""0.416666666667\n\n""}, {""input"": ""100000 8\n"", ""output"": ""0.999956249998\n\n""}, {""input"": ""3 7\n"", ""output"": ""0.208333333333\n\n""}, {""input"": ""100000 7\n"", ""output"": ""0.999961249998\n\n""}, {""input"": ""6 7\n"", ""output"": ""0.354166666667\n\n""}, {""input"": ""100100 7\n"", ""output"": ""0.999961288712\n\n""}, {""input"": ""4 7\n"", ""output"": ""0.28125\n\n""}, {""input"": ""100100 6\n"", ""output"": ""0.99996878122\n\n""}, {""input"": ""110100 7\n"", ""output"": ""0.999964804721\n\n""}, {""input"": ""111100 7\n"", ""output"": ""0.999965121513\n\n""}]","Given the following C code and assembly code, your task is to generate highly optimized x86-64 assembly code.
C Code:

```c
#include<stdio.h>
#include<math.h>

int main(){
    int n,k,y;
    double p=0.0,x;
    scanf(""%d %d"",&n,&k);
    for(int i=1;i<=n;i++){
        x=log2f(k)-log2f(i);
        y=x;
        if(y!=x){
            y+=1;
        }
        if(i<k){
            p+=1.0/(n*powl(2.0,y));
        }
        else{
            p+=((double)n-(double)k+1.0)/(double)n;
            break;
        }
    }
    printf(""%.10lf\n"",p);
}
```

Assembly Code:

```assembly

```

Only output the optimized assembly code. Do not include any other text. Do not write any comments in the assembly code. Wrap the assembly code in ```assembly``` tags.
Optimized Assembly Code:
","Given the following C code, your task is to generate highly optimized x86-64 assembly code.
C Code:

```c
#include<stdio.h>
#include<math.h>

int main(){
    int n,k,y;
    double p=0.0,x;
    scanf(""%d %d"",&n,&k);
    for(int i=1;i<=n;i++){
        x=log2f(k)-log2f(i);
        y=x;
        if(y!=x){
            y+=1;
        }
        if(i<k){
            p+=1.0/(n*powl(2.0,y));
        }
        else{
            p+=((double)n-(double)k+1.0)/(double)n;
            break;
        }
    }
    printf(""%.10lf\n"",p);
}
```

Only output the optimized assembly code. Do not include any other text. Do not write any comments in the assembly code. Wrap the assembly code in ```assembly``` tags.
Optimized Assembly Code:
"
3,"#include <stdio.h>
#include <stdlib.h>
#include <math.h>
#include <limits.h>
#include <string.h>

int main()
{
   char S[100001]={'\0'};
   scanf(""%s"",S);
   int count=0;
   for (int i =0;i<strlen(S)-1;i++)
   {
    if (S[i]==S[i+1])
    {
        count++;
        if (S[i+1]=='0')S[i+1]='1';
        else S[i+1]='0';

    }

   }

   printf(""%d"",count);
    return 0;
}
","[{""input"": ""10110010\n"", ""output"": ""2\n\n""}, {""input"": ""010\n"", ""output"": ""0\n\n""}, {""input"": ""10110110\n"", ""output"": ""3\n\n""}, {""input"": ""00110110\n"", ""output"": ""4\n\n""}, {""input"": ""100\n"", ""output"": ""1\n\n""}, {""input"": ""10100110\n"", ""output"": ""2\n\n""}, {""input"": ""01110110\n"", ""output"": ""3\n\n""}, {""input"": ""01110111\n"", ""output"": ""2\n\n""}, {""input"": ""10011010\n"", ""output"": ""2\n\n""}, {""input"": ""1\n"", ""output"": ""0\n\n""}]","Given the following C code and assembly code, your task is to generate highly optimized x86-64 assembly code.
C Code:

```c
#include <stdio.h>
#include <stdlib.h>
#include <math.h>
#include <limits.h>
#include <string.h>

int main()
{
   char S[100001]={'\0'};
   scanf(""%s"",S);
   int count=0;
   for (int i =0;i<strlen(S)-1;i++)
   {
    if (S[i]==S[i+1])
    {
        count++;
        if (S[i+1]=='0')S[i+1]='1';
        else S[i+1]='0';

    }

   }

   printf(""%d"",count);
    return 0;
}
```

Assembly Code:

```assembly

```

Only output the optimized assembly code. Do not include any other text. Do not write any comments in the assembly code. Wrap the assembly code in ```assembly``` tags.
Optimized Assembly Code:
","Given the following C code, your task is to generate highly optimized x86-64 assembly code.
C Code:

```c
#include <stdio.h>
#include <stdlib.h>
#include <math.h>
#include <limits.h>
#include <string.h>

int main()
{
   char S[100001]={'\0'};
   scanf(""%s"",S);
   int count=0;
   for (int i =0;i<strlen(S)-1;i++)
   {
    if (S[i]==S[i+1])
    {
        count++;
        if (S[i+1]=='0')S[i+1]='1';
        else S[i+1]='0';

    }

   }

   printf(""%d"",count);
    return 0;
}
```

Only output the optimized assembly code. Do not include any other text. Do not write any comments in the assembly code. Wrap the assembly code in ```assembly``` tags.
Optimized Assembly Code:
"
4,"#include<stdio.h>
int ans;
int d[202][202];
void solve(int g[], int n[], int gn, int nn)
{
	if (nn == 0)
	{
		int scor = 0;
		int i;
		for (i = 0; i < gn - 1; i++)
			scor += d[g[i]][g[i + 1]];
		if (ans > scor)
			ans = scor;
	}
	else
	{
		int a[11], b[11];
		int i, j, k;
		for (i = 0; i < nn; i++)
		{
			k = 0;
			for (j = 0; j < nn; j++)
			{
				if (i != j)
				{
					a[k] = n[j];
					k++;
				}
			}
			for (j = 0; j < gn; j++)
				b[j] = g[j];
			b[gn] = n[i];
			solve(b, a, gn + 1, nn - 1);
		}
	}
	return;
}
int main()
{
	int n, m, R;
	scanf(""%d %d %d"", &n, &m, &R);
	int i, j, k;
	int r[10];
	for (i = 0; i < R; i++)
	{
		scanf(""%d"", &r[i]);
		r[i]--;
	}
	int a[20004], b[20004], c[20004];
	for (i = 0; i < m; i++)
	{
		scanf(""%d %d %d"", &a[i], &b[i], &c[i]);
		a[i]--;
		b[i]--;
	}
	for (i = 0; i < n; i++)
		for (j = 0; j < n; j++)
			d[i][j] = 1e9;
	for (i = 0; i < m; i++)
		d[a[i]][b[i]] = d[b[i]][a[i]] = c[i];
	for (k = 0; k < n; k++)
		for (i = 0; i < n; i++)
			for (j = 0; j < n; j++)
				if (d[i][j] > d[i][k] + d[k][j])
					d[i][j] = d[i][k] + d[k][j];
	ans = 1e9;
	int p[10] = {};
	solve(p, r, 0, R);
	printf(""%d\n"", ans);
	return 0;
}","[{""input"": ""4 6 3\n2 3 4\n1 2 4\n2 3 6\n4 3 1\n1 4 1\n4 2 2\n3 1 6\n"", ""output"": ""3\n\n""}, {""input"": ""5 3 2\n1 3\n2 3 2\n1 3 6\n1 2 2\n"", ""output"": ""4\n\n""}, {""input"": ""4 6 3\n2 3 4\n1 2 4\n2 3 6\n4 3 1\n1 4 1\n4 1 2\n3 1 6\n"", ""output"": ""7\n\n""}, {""input"": ""5 3 2\n1 3\n2 3 2\n1 3 6\n1 1 2\n"", ""output"": ""6\n\n""}, {""input"": ""3 3 3\n1 2 3\n1 2 1\n2 2 1\n3 1 4\n"", ""output"": ""5\n\n""}, {""input"": ""4 6 3\n2 3 4\n1 2 4\n2 3 6\n4 4 1\n1 4 1\n4 2 2\n3 1 6\n"", ""output"": ""8\n\n""}, {""input"": ""4 6 3\n2 3 4\n1 2 4\n2 3 0\n4 3 1\n1 4 1\n4 1 2\n3 1 6\n"", ""output"": ""1\n\n""}, {""input"": ""3 3 2\n1 3\n2 3 0\n0 3 6\n1 2 2\n"", ""output"": ""2\n\n""}, {""input"": ""6 3 2\n1 3\n2 3 2\n1 3 9\n0 1 2\n"", ""output"": ""9\n\n""}, {""input"": ""5 3 2\n1 3\n2 3 2\n1 3 10\n1 1 2\n"", ""output"": ""10\n\n""}]","Given the following C code and assembly code, your task is to generate highly optimized x86-64 assembly code.
C Code:

```c
#include<stdio.h>
int ans;
int d[202][202];
void solve(int g[], int n[], int gn, int nn)
{
	if (nn == 0)
	{
		int scor = 0;
		int i;
		for (i = 0; i < gn - 1; i++)
			scor += d[g[i]][g[i + 1]];
		if (ans > scor)
			ans = scor;
	}
	else
	{
		int a[11], b[11];
		int i, j, k;
		for (i = 0; i < nn; i++)
		{
			k = 0;
			for (j = 0; j < nn; j++)
			{
				if (i != j)
				{
					a[k] = n[j];
					k++;
				}
			}
			for (j = 0; j < gn; j++)
				b[j] = g[j];
			b[gn] = n[i];
			solve(b, a, gn + 1, nn - 1);
		}
	}
	return;
}
int main()
{
	int n, m, R;
	scanf(""%d %d %d"", &n, &m, &R);
	int i, j, k;
	int r[10];
	for (i = 0; i < R; i++)
	{
		scanf(""%d"", &r[i]);
		r[i]--;
	}
	int a[20004], b[20004], c[20004];
	for (i = 0; i < m; i++)
	{
		scanf(""%d %d %d"", &a[i], &b[i], &c[i]);
		a[i]--;
		b[i]--;
	}
	for (i = 0; i < n; i++)
		for (j = 0; j < n; j++)
			d[i][j] = 1e9;
	for (i = 0; i < m; i++)
		d[a[i]][b[i]] = d[b[i]][a[i]] = c[i];
	for (k = 0; k < n; k++)
		for (i = 0; i < n; i++)
			for (j = 0; j < n; j++)
				if (d[i][j] > d[i][k] + d[k][j])
					d[i][j] = d[i][k] + d[k][j];
	ans = 1e9;
	int p[10] = {};
	solve(p, r, 0, R);
	printf(""%d\n"", ans);
	return 0;
}
```

Assembly Code:

```assembly

```

Only output the optimized assembly code. Do not include any other text. Do not write any comments in the assembly code. Wrap the assembly code in ```assembly``` tags.
Optimized Assembly Code:
","Given the following C code, your task is to generate highly optimized x86-64 assembly code.
C Code:

```c
#include<stdio.h>
int ans;
int d[202][202];
void solve(int g[], int n[], int gn, int nn)
{
	if (nn == 0)
	{
		int scor = 0;
		int i;
		for (i = 0; i < gn - 1; i++)
			scor += d[g[i]][g[i + 1]];
		if (ans > scor)
			ans = scor;
	}
	else
	{
		int a[11], b[11];
		int i, j, k;
		for (i = 0; i < nn; i++)
		{
			k = 0;
			for (j = 0; j < nn; j++)
			{
				if (i != j)
				{
					a[k] = n[j];
					k++;
				}
			}
			for (j = 0; j < gn; j++)
				b[j] = g[j];
			b[gn] = n[i];
			solve(b, a, gn + 1, nn - 1);
		}
	}
	return;
}
int main()
{
	int n, m, R;
	scanf(""%d %d %d"", &n, &m, &R);
	int i, j, k;
	int r[10];
	for (i = 0; i < R; i++)
	{
		scanf(""%d"", &r[i]);
		r[i]--;
	}
	int a[20004], b[20004], c[20004];
	for (i = 0; i < m; i++)
	{
		scanf(""%d %d %d"", &a[i], &b[i], &c[i]);
		a[i]--;
		b[i]--;
	}
	for (i = 0; i < n; i++)
		for (j = 0; j < n; j++)
			d[i][j] = 1e9;
	for (i = 0; i < m; i++)
		d[a[i]][b[i]] = d[b[i]][a[i]] = c[i];
	for (k = 0; k < n; k++)
		for (i = 0; i < n; i++)
			for (j = 0; j < n; j++)
				if (d[i][j] > d[i][k] + d[k][j])
					d[i][j] = d[i][k] + d[k][j];
	ans = 1e9;
	int p[10] = {};
	solve(p, r, 0, R);
	printf(""%d\n"", ans);
	return 0;
}
```

Only output the optimized assembly code. Do not include any other text. Do not write any comments in the assembly code. Wrap the assembly code in ```assembly``` tags.
Optimized Assembly Code:
"
5,"#include <stdbool.h>
#include <stdio.h>
#include <stdlib.h>
#include <inttypes.h>
#include <ctype.h>
#include <stdint.h>
#include <string.h>
#include <wchar.h>
#include <math.h>

#define N_MAX (100)
#define P_MAX (100)
#define DP_ARRAY_SIZE (N_MAX * P_MAX / 32 + 1)

#define MIN(a, b) ((a) < (b) ? (a) : (b))
#define MAX(a, b) ((a) > (b) ? (a) : (b))
#define ABS(a) ((a) < 0 ? -(a) : (a))
#define ABSS(a, b) ((a) > (b) ? (a) - (b) : (b) - (a))
#define SWAP(type, a, b) { const type tmp = a; a = b; b = tmp; }

int compare_sz_asc(const void* a, const void* b) {
    return *((size_t*)a) < *((size_t*)b) ? -1 : 1;
}

int compare_sz_desc(const void* a, const void* b) {
    return *((size_t*)a) > * ((size_t*)b) ? -1 : 1;
}

int compare_i64_asc(const void* a, const void* b) {
    return *((int64_t*)a) < *((int64_t*)b) ? -1 : 1;
}

int compare_i64_desc(const void* a, const void* b) {
    return *((int64_t*)a) > * ((int64_t*)b) ? -1 : 1;
}

int compare_u64_asc(const void* a, const void* b) {
    return *((uint64_t*)a) < *((uint64_t*)b) ? -1 : 1;
}

int compare_u64_desc(const void* a, const void* b) {
    return *((uint64_t*)a) > * ((uint64_t*)b) ? -1 : 1;
}

int compare_c_asc(const void* a, const void* b) {
    return *((char*)a) < *((char*)b) ? -1 : 1;
}

int compare_c_desc(const void* a, const void* b) {
    return *((char*)a) > * ((char*)b) ? -1 : 1;
}

int compare_dp_asc(const void* a, const void* b) {
    return *((double*)a) < *((double*)b) ? -1 : 1;
}

static uint64_t modinvU64(const uint64_t a, const uint64_t m) {
    int64_t aa = (int64_t)a;
    const int64_t mm = (int64_t)m;
    int64_t b = mm;
    int64_t u = 1;
    int64_t v = 0;

    while (b != 0) {
        const int64_t t = aa / b;

        aa -= t * b;
        SWAP(uint64_t, aa, b);
        u -= t * v;
        SWAP(uint64_t, u, v);
    }

    u %= mm;
    if (u < 0) {
        u += m;
    }

    return (uint64_t)u;
}

static size_t powSz(const size_t base, const size_t exp) {
    if (exp == 0) {
        return 1;
    }

    if (exp == 1) {
        return base;
    }

    if (exp % 2 == 0) {
        return powSz(base * base, exp / 2);
    }
    else {
        return base * powSz(base, exp - 1);
    }
}

static uint64_t powU64(const uint64_t base, const uint64_t exp) {
    if (exp == 0) {
        return 1;
    }

    if (exp == 1) {
        return base;
    }

    if (exp % 2 == 0) {
        return powU64(base * base, exp / 2);
    }
    else {
        return base * powU64(base, exp - 1);
    }
}

static uint64_t powU64WMod(const uint64_t base, const uint64_t exp, const uint64_t m) {
    if (exp == 0) {
        return 1;
    }

    if (exp == 1) {
        return base % m;
    }

    if (exp % 2 == 0) {
        return powU64WMod(base * base % m, exp / 2, m);
    }
    else {
        return base * powU64WMod(base, exp - 1, m) % m;
    }
}

static size_t comb(const size_t n, const size_t r) {
    size_t result = 1;

    for (size_t i = 0; i < r; i++) {
        result *= n - i;
        result /= i + 1;
    }

    return result;
}

static uint64_t combU64(const uint64_t n, const uint64_t r) {
    uint64_t result = 1;

    for (uint64_t i = 0; i < r; i++) {
        result *= n - i;
        result /= i + 1;
    }

    return result;
}

static uint64_t combU64WMod(const uint64_t n, const uint64_t r, const uint64_t m) {
    uint64_t result = 1;

    for (uint64_t i = 0; i < r; i++) {
        result = result * (n - i) % m;
        result = result * modinvU64(i + 1, m) % m;
    }

    return result;
}

static uint64_t permU64WMod(const uint64_t n, const uint64_t m) {
    uint64_t result = 1;

    for (uint64_t v = 2; v <= n; v++) {
        result *= v;
        result %= m;
    }

    return result;
}

static size_t gcdZu(size_t m, size_t n) {
    size_t temp;

    while (m % n != 0) {
        temp = n;
        n = m % n;
        m = temp;
    }

    return n;
}

static uint64_t gcdU64(uint64_t m, uint64_t n)
{
    uint64_t temp;

    while (m % n != 0) {
        temp = n;
        n = m % n;
        m = temp;
    }

    return n;
}

typedef struct {
    uint64_t val;
}BHeap_Val;

#define BHEAP_VAL_TYPE BHeap_Val

#define BHEAP_INVALID_NODE ((size_t)100000000)

typedef struct {
    BHEAP_VAL_TYPE val;
} BHeap_Node;


struct _BHeap_Ctx {
    size_t size;
    int (*compare)(const BHEAP_VAL_TYPE* parent, const BHEAP_VAL_TYPE* node);
    void(*notifyNodeChange)(const struct _BHeap_Ctx* const ctx, const size_t nodeListSize, const size_t* const nodeList);
    BHeap_Node* node;
};

typedef struct _BHeap_Ctx BHeap_Ctx;

static void bHeap_Init(BHeap_Ctx* const ctx, int(*compare)(const BHEAP_VAL_TYPE* parent, const BHEAP_VAL_TYPE* node), void(*notifyNodeChange)(const BHeap_Ctx* const ctx, const size_t nodeListSize, const size_t* const nodeList), BHeap_Node* const nodes) {
    ctx->size = 0;
    ctx->compare = compare;
    ctx->notifyNodeChange = notifyNodeChange;
    ctx->node = nodes;
}

static void bHeap_Swap(BHeap_Ctx* const ctx, const size_t node0, const size_t node1) {
    const BHEAP_VAL_TYPE tmp = ctx->node[node0].val;
    ctx->node[node0].val = ctx->node[node1].val;
    ctx->node[node1].val = tmp;

    if (ctx->notifyNodeChange != NULL) {
        const size_t nodeList[2] = { node0,node1 };
        ctx->notifyNodeChange(ctx, 2, nodeList);
    }
}

static void bHeap_UpHeap(BHeap_Ctx* const ctx, const size_t nodeIdx) {
    if (nodeIdx == 0) {
        return;
    }

    const size_t parentIdx = (nodeIdx + 1) / 2 - 1;

    const int compareResult = ctx->compare(&(ctx->node[parentIdx].val), &(ctx->node[nodeIdx].val));

    if (0 < compareResult) {
        bHeap_Swap(ctx, nodeIdx, parentIdx);

        if (parentIdx != 0) {
            bHeap_UpHeap(ctx, parentIdx);
        }
    }
}

static void bHeap_DownHeap(BHeap_Ctx* const ctx, const size_t nodeIdx) {
    if (ctx->size - 1 <= nodeIdx) {
        return;
    }

    const size_t leftIdx = 2 * (nodeIdx + 1) - 1;

    if (leftIdx < ctx->size) {
        const int leftResult = ctx->compare(&(ctx->node[nodeIdx].val), &(ctx->node[leftIdx].val));

        size_t swapTarget = leftResult < 0 ? BHEAP_INVALID_NODE : leftIdx;

        const size_t rightIdx = leftIdx + 1;

        if (rightIdx < ctx->size) {
            const int rightResult = ctx->compare(&(ctx->node[nodeIdx].val), &(ctx->node[rightIdx].val));

            if (swapTarget == BHEAP_INVALID_NODE) {
                if (0 < rightResult) {
                    swapTarget = rightIdx;
                }
            }
            else {
                if (0 < rightResult) {
                    const int rightLeftResult = ctx->compare(&(ctx->node[leftIdx].val), &(ctx->node[rightIdx].val));

                    if (0 < rightLeftResult) {
                        swapTarget = rightIdx;
                    }
                }
            }
        }

        if (swapTarget != BHEAP_INVALID_NODE) {
            bHeap_Swap(ctx, nodeIdx, swapTarget);

            bHeap_DownHeap(ctx, swapTarget);
        }
    }
}

static void bHeap_Add(BHeap_Ctx* const ctx, const BHEAP_VAL_TYPE val) {
    ctx->node[ctx->size].val = val;

    ctx->size++;

    if (ctx->notifyNodeChange != NULL) {
        const size_t node = ctx->size - 1;
        ctx->notifyNodeChange(ctx, 1, &node);
    }

    bHeap_UpHeap(ctx, ctx->size - 1);
}

static void bHeap_RemoveTop(BHeap_Ctx* const ctx) {
    if (ctx->size == 0) {
        return;
    }

    if (ctx->size == 1) {
        ctx->size--;
        return;
    }

    ctx->node[0].val = ctx->node[ctx->size - 1].val;

    if (ctx->notifyNodeChange != NULL) {
        const size_t node = 0;
        ctx->notifyNodeChange(ctx, 1, &node);
    }

    ctx->size--;

    bHeap_DownHeap(ctx, 0);
}

static void bHeap_RemoveNode(BHeap_Ctx* const ctx, const size_t node) {
    if (node == ctx->size - 1) {
        ctx->size--;
    }
    else {
        ctx->node[node].val = ctx->node[ctx->size - 1].val;

        ctx->size--;

        if (ctx->notifyNodeChange != NULL) {
            ctx->notifyNodeChange(ctx, 1, &node);
        }

        bHeap_DownHeap(ctx, node);
        bHeap_UpHeap(ctx, node);
    }
}

static BHEAP_VAL_TYPE* bHeap_GetTopVal(const BHeap_Ctx* const ctx) {
    return ctx->size == 0 ? NULL : &(ctx->node[0].val);
}

typedef struct {
    uint64_t cnt;
    size_t* child;
    size_t numChild;
    size_t maxNumChild;
} Tree_Node;

#define TREE_INIT_ALLOC (128)

static Tree_Node tree_Node[200000];

static void tree_Init(const uint64_t N) {
    for (uint64_t i = 0; i < N; i++) {
        tree_Node[i].cnt = 0;
        tree_Node[i].numChild = 0;
        tree_Node[i].child = malloc(sizeof(size_t) * TREE_INIT_ALLOC);
        tree_Node[i].maxNumChild = TREE_INIT_ALLOC;
    }
}

static void tree_AddChild(const size_t parent, const size_t child) {
    if (tree_Node[parent].maxNumChild <= tree_Node[parent].numChild) {
        tree_Node[parent].child = realloc(tree_Node[parent].child, sizeof(size_t) * tree_Node[parent].maxNumChild * 2);
        tree_Node[parent].maxNumChild *= 2;
    }

    tree_Node[parent].child[tree_Node[parent].numChild] = child;
    tree_Node[parent].numChild++;
}

static BHeap_Node BN_Asc[200000];
static BHeap_Node BN_Desc[200000];

static int _bHeap_Compare_Asc(const BHEAP_VAL_TYPE* parent, const BHEAP_VAL_TYPE* node) {
    return parent->val <= node->val ? -1 : 1;
}

static int _bHeap_Compare_Desc(const BHEAP_VAL_TYPE* parent, const BHEAP_VAL_TYPE* node) {
    return parent->val >= node->val ? -1 : 1;
}

static size_t PBHeap_Asc_Idx[200000];
static size_t PBHeap_Desc_Idx[200000];

static void _bHeap_NotifyNodeChange_Asc(const BHeap_Ctx* const ctx, const size_t nodeListSize, const size_t* const nodeList) {
    for (size_t i = 0; i < nodeListSize; i++) {
        PBHeap_Asc_Idx[ctx->node[nodeList[i]].val.val] = nodeList[i];
    }
}

static void _bHeap_NotifyNodeChange_Desc(const BHeap_Ctx* const ctx, const size_t nodeListSize, const size_t* const nodeList) {
    for (size_t i = 0; i < nodeListSize; i++) {
        PBHeap_Desc_Idx[ctx->node[nodeList[i]].val.val] = nodeList[i];
    }
}

#define MOD_VAL (UINT64_C(1000000007))

static size_t cnt[100000];

int main(void) {
    uint64_t N;

    scanf(""%""PRIu64, &N);

    for (uint64_t i = 0; i < N; i++) {
        cnt[i] = 0;
    }

    for (uint64_t i = 0; i < N; i++) {
        uint64_t A;
        scanf(""%""PRIu64, &A);

        cnt[A]++;
    }

    if (N % 2 == 0) {
        for (uint64_t i = 0; i < N; i++) {
            if (i % 2 == 0) {
                if (cnt[i] != 0) {
                    puts(""0"");
                    return 0;
                }
            }
            else {
                if (cnt[i] != 2) {
                    puts(""0"");
                    return 0;
                }
            }
        }
    }
    else {
        for (uint64_t i = 0; i < N; i++) {
            if (i == 0) {
                if (cnt[i] != 1) {
                    puts(""0"");
                    return 0;
                }
            }
            else if (i % 2 == 0) {
                if (cnt[i] != 2) {
                    puts(""0"");
                    return 0;
                }
            }
            else {
                if (cnt[i] != 0) {
                    puts(""0"");
                    return 0;
                }
            }
        }
    }

    printf(""%""PRIu64""\n"", powU64WMod(2, N / 2, MOD_VAL));

    return 0;
}
","[{""input"": ""8\n7 5 1 2 7 3 5 3\n"", ""output"": ""0\n\n""}, {""input"": ""7\n6 4 0 2 4 0 4\n"", ""output"": ""0\n\n""}, {""input"": ""5\n0 4 4 0 2\n"", ""output"": ""0\n\n""}, {""input"": ""7\n6 4 0 2 4 -1 4\n"", ""output"": ""0\n\n""}, {""input"": ""5\n0 4 4 0 1\n"", ""output"": ""0\n\n""}, {""input"": ""7\n6 4 0 2 8 -1 4\n"", ""output"": ""0\n\n""}, {""input"": ""5\n0 4 1 0 1\n"", ""output"": ""0\n\n""}, {""input"": ""7\n6 4 0 2 8 0 4\n"", ""output"": ""0\n\n""}, {""input"": ""5\n0 4 0 0 1\n"", ""output"": ""0\n\n""}, {""input"": ""7\n6 4 1 2 8 0 4\n"", ""output"": ""0\n\n""}]","Given the following C code and assembly code, your task is to generate highly optimized x86-64 assembly code.
C Code:

```c
#include <stdbool.h>
#include <stdio.h>
#include <stdlib.h>
#include <inttypes.h>
#include <ctype.h>
#include <stdint.h>
#include <string.h>
#include <wchar.h>
#include <math.h>

#define N_MAX (100)
#define P_MAX (100)
#define DP_ARRAY_SIZE (N_MAX * P_MAX / 32 + 1)

#define MIN(a, b) ((a) < (b) ? (a) : (b))
#define MAX(a, b) ((a) > (b) ? (a) : (b))
#define ABS(a) ((a) < 0 ? -(a) : (a))
#define ABSS(a, b) ((a) > (b) ? (a) - (b) : (b) - (a))
#define SWAP(type, a, b) { const type tmp = a; a = b; b = tmp; }

int compare_sz_asc(const void* a, const void* b) {
    return *((size_t*)a) < *((size_t*)b) ? -1 : 1;
}

int compare_sz_desc(const void* a, const void* b) {
    return *((size_t*)a) > * ((size_t*)b) ? -1 : 1;
}

int compare_i64_asc(const void* a, const void* b) {
    return *((int64_t*)a) < *((int64_t*)b) ? -1 : 1;
}

int compare_i64_desc(const void* a, const void* b) {
    return *((int64_t*)a) > * ((int64_t*)b) ? -1 : 1;
}

int compare_u64_asc(const void* a, const void* b) {
    return *((uint64_t*)a) < *((uint64_t*)b) ? -1 : 1;
}

int compare_u64_desc(const void* a, const void* b) {
    return *((uint64_t*)a) > * ((uint64_t*)b) ? -1 : 1;
}

int compare_c_asc(const void* a, const void* b) {
    return *((char*)a) < *((char*)b) ? -1 : 1;
}

int compare_c_desc(const void* a, const void* b) {
    return *((char*)a) > * ((char*)b) ? -1 : 1;
}

int compare_dp_asc(const void* a, const void* b) {
    return *((double*)a) < *((double*)b) ? -1 : 1;
}

static uint64_t modinvU64(const uint64_t a, const uint64_t m) {
    int64_t aa = (int64_t)a;
    const int64_t mm = (int64_t)m;
    int64_t b = mm;
    int64_t u = 1;
    int64_t v = 0;

    while (b != 0) {
        const int64_t t = aa / b;

        aa -= t * b;
        SWAP(uint64_t, aa, b);
        u -= t * v;
        SWAP(uint64_t, u, v);
    }

    u %= mm;
    if (u < 0) {
        u += m;
    }

    return (uint64_t)u;
}

static size_t powSz(const size_t base, const size_t exp) {
    if (exp == 0) {
        return 1;
    }

    if (exp == 1) {
        return base;
    }

    if (exp % 2 == 0) {
        return powSz(base * base, exp / 2);
    }
    else {
        return base * powSz(base, exp - 1);
    }
}

static uint64_t powU64(const uint64_t base, const uint64_t exp) {
    if (exp == 0) {
        return 1;
    }

    if (exp == 1) {
        return base;
    }

    if (exp % 2 == 0) {
        return powU64(base * base, exp / 2);
    }
    else {
        return base * powU64(base, exp - 1);
    }
}

static uint64_t powU64WMod(const uint64_t base, const uint64_t exp, const uint64_t m) {
    if (exp == 0) {
        return 1;
    }

    if (exp == 1) {
        return base % m;
    }

    if (exp % 2 == 0) {
        return powU64WMod(base * base % m, exp / 2, m);
    }
    else {
        return base * powU64WMod(base, exp - 1, m) % m;
    }
}

static size_t comb(const size_t n, const size_t r) {
    size_t result = 1;

    for (size_t i = 0; i < r; i++) {
        result *= n - i;
        result /= i + 1;
    }

    return result;
}

static uint64_t combU64(const uint64_t n, const uint64_t r) {
    uint64_t result = 1;

    for (uint64_t i = 0; i < r; i++) {
        result *= n - i;
        result /= i + 1;
    }

    return result;
}

static uint64_t combU64WMod(const uint64_t n, const uint64_t r, const uint64_t m) {
    uint64_t result = 1;

    for (uint64_t i = 0; i < r; i++) {
        result = result * (n - i) % m;
        result = result * modinvU64(i + 1, m) % m;
    }

    return result;
}

static uint64_t permU64WMod(const uint64_t n, const uint64_t m) {
    uint64_t result = 1;

    for (uint64_t v = 2; v <= n; v++) {
        result *= v;
        result %= m;
    }

    return result;
}

static size_t gcdZu(size_t m, size_t n) {
    size_t temp;

    while (m % n != 0) {
        temp = n;
        n = m % n;
        m = temp;
    }

    return n;
}

static uint64_t gcdU64(uint64_t m, uint64_t n)
{
    uint64_t temp;

    while (m % n != 0) {
        temp = n;
        n = m % n;
        m = temp;
    }

    return n;
}

typedef struct {
    uint64_t val;
}BHeap_Val;

#define BHEAP_VAL_TYPE BHeap_Val

#define BHEAP_INVALID_NODE ((size_t)100000000)

typedef struct {
    BHEAP_VAL_TYPE val;
} BHeap_Node;


struct _BHeap_Ctx {
    size_t size;
    int (*compare)(const BHEAP_VAL_TYPE* parent, const BHEAP_VAL_TYPE* node);
    void(*notifyNodeChange)(const struct _BHeap_Ctx* const ctx, const size_t nodeListSize, const size_t* const nodeList);
    BHeap_Node* node;
};

typedef struct _BHeap_Ctx BHeap_Ctx;

static void bHeap_Init(BHeap_Ctx* const ctx, int(*compare)(const BHEAP_VAL_TYPE* parent, const BHEAP_VAL_TYPE* node), void(*notifyNodeChange)(const BHeap_Ctx* const ctx, const size_t nodeListSize, const size_t* const nodeList), BHeap_Node* const nodes) {
    ctx->size = 0;
    ctx->compare = compare;
    ctx->notifyNodeChange = notifyNodeChange;
    ctx->node = nodes;
}

static void bHeap_Swap(BHeap_Ctx* const ctx, const size_t node0, const size_t node1) {
    const BHEAP_VAL_TYPE tmp = ctx->node[node0].val;
    ctx->node[node0].val = ctx->node[node1].val;
    ctx->node[node1].val = tmp;

    if (ctx->notifyNodeChange != NULL) {
        const size_t nodeList[2] = { node0,node1 };
        ctx->notifyNodeChange(ctx, 2, nodeList);
    }
}

static void bHeap_UpHeap(BHeap_Ctx* const ctx, const size_t nodeIdx) {
    if (nodeIdx == 0) {
        return;
    }

    const size_t parentIdx = (nodeIdx + 1) / 2 - 1;

    const int compareResult = ctx->compare(&(ctx->node[parentIdx].val), &(ctx->node[nodeIdx].val));

    if (0 < compareResult) {
        bHeap_Swap(ctx, nodeIdx, parentIdx);

        if (parentIdx != 0) {
            bHeap_UpHeap(ctx, parentIdx);
        }
    }
}

static void bHeap_DownHeap(BHeap_Ctx* const ctx, const size_t nodeIdx) {
    if (ctx->size - 1 <= nodeIdx) {
        return;
    }

    const size_t leftIdx = 2 * (nodeIdx + 1) - 1;

    if (leftIdx < ctx->size) {
        const int leftResult = ctx->compare(&(ctx->node[nodeIdx].val), &(ctx->node[leftIdx].val));

        size_t swapTarget = leftResult < 0 ? BHEAP_INVALID_NODE : leftIdx;

        const size_t rightIdx = leftIdx + 1;

        if (rightIdx < ctx->size) {
            const int rightResult = ctx->compare(&(ctx->node[nodeIdx].val), &(ctx->node[rightIdx].val));

            if (swapTarget == BHEAP_INVALID_NODE) {
                if (0 < rightResult) {
                    swapTarget = rightIdx;
                }
            }
            else {
                if (0 < rightResult) {
                    const int rightLeftResult = ctx->compare(&(ctx->node[leftIdx].val), &(ctx->node[rightIdx].val));

                    if (0 < rightLeftResult) {
                        swapTarget = rightIdx;
                    }
                }
            }
        }

        if (swapTarget != BHEAP_INVALID_NODE) {
            bHeap_Swap(ctx, nodeIdx, swapTarget);

            bHeap_DownHeap(ctx, swapTarget);
        }
    }
}

static void bHeap_Add(BHeap_Ctx* const ctx, const BHEAP_VAL_TYPE val) {
    ctx->node[ctx->size].val = val;

    ctx->size++;

    if (ctx->notifyNodeChange != NULL) {
        const size_t node = ctx->size - 1;
        ctx->notifyNodeChange(ctx, 1, &node);
    }

    bHeap_UpHeap(ctx, ctx->size - 1);
}

static void bHeap_RemoveTop(BHeap_Ctx* const ctx) {
    if (ctx->size == 0) {
        return;
    }

    if (ctx->size == 1) {
        ctx->size--;
        return;
    }

    ctx->node[0].val = ctx->node[ctx->size - 1].val;

    if (ctx->notifyNodeChange != NULL) {
        const size_t node = 0;
        ctx->notifyNodeChange(ctx, 1, &node);
    }

    ctx->size--;

    bHeap_DownHeap(ctx, 0);
}

static void bHeap_RemoveNode(BHeap_Ctx* const ctx, const size_t node) {
    if (node == ctx->size - 1) {
        ctx->size--;
    }
    else {
        ctx->node[node].val = ctx->node[ctx->size - 1].val;

        ctx->size--;

        if (ctx->notifyNodeChange != NULL) {
            ctx->notifyNodeChange(ctx, 1, &node);
        }

        bHeap_DownHeap(ctx, node);
        bHeap_UpHeap(ctx, node);
    }
}

static BHEAP_VAL_TYPE* bHeap_GetTopVal(const BHeap_Ctx* const ctx) {
    return ctx->size == 0 ? NULL : &(ctx->node[0].val);
}

typedef struct {
    uint64_t cnt;
    size_t* child;
    size_t numChild;
    size_t maxNumChild;
} Tree_Node;

#define TREE_INIT_ALLOC (128)

static Tree_Node tree_Node[200000];

static void tree_Init(const uint64_t N) {
    for (uint64_t i = 0; i < N; i++) {
        tree_Node[i].cnt = 0;
        tree_Node[i].numChild = 0;
        tree_Node[i].child = malloc(sizeof(size_t) * TREE_INIT_ALLOC);
        tree_Node[i].maxNumChild = TREE_INIT_ALLOC;
    }
}

static void tree_AddChild(const size_t parent, const size_t child) {
    if (tree_Node[parent].maxNumChild <= tree_Node[parent].numChild) {
        tree_Node[parent].child = realloc(tree_Node[parent].child, sizeof(size_t) * tree_Node[parent].maxNumChild * 2);
        tree_Node[parent].maxNumChild *= 2;
    }

    tree_Node[parent].child[tree_Node[parent].numChild] = child;
    tree_Node[parent].numChild++;
}

static BHeap_Node BN_Asc[200000];
static BHeap_Node BN_Desc[200000];

static int _bHeap_Compare_Asc(const BHEAP_VAL_TYPE* parent, const BHEAP_VAL_TYPE* node) {
    return parent->val <= node->val ? -1 : 1;
}

static int _bHeap_Compare_Desc(const BHEAP_VAL_TYPE* parent, const BHEAP_VAL_TYPE* node) {
    return parent->val >= node->val ? -1 : 1;
}

static size_t PBHeap_Asc_Idx[200000];
static size_t PBHeap_Desc_Idx[200000];

static void _bHeap_NotifyNodeChange_Asc(const BHeap_Ctx* const ctx, const size_t nodeListSize, const size_t* const nodeList) {
    for (size_t i = 0; i < nodeListSize; i++) {
        PBHeap_Asc_Idx[ctx->node[nodeList[i]].val.val] = nodeList[i];
    }
}

static void _bHeap_NotifyNodeChange_Desc(const BHeap_Ctx* const ctx, const size_t nodeListSize, const size_t* const nodeList) {
    for (size_t i = 0; i < nodeListSize; i++) {
        PBHeap_Desc_Idx[ctx->node[nodeList[i]].val.val] = nodeList[i];
    }
}

#define MOD_VAL (UINT64_C(1000000007))

static size_t cnt[100000];

int main(void) {
    uint64_t N;

    scanf(""%""PRIu64, &N);

    for (uint64_t i = 0; i < N; i++) {
        cnt[i] = 0;
    }

    for (uint64_t i = 0; i < N; i++) {
        uint64_t A;
        scanf(""%""PRIu64, &A);

        cnt[A]++;
    }

    if (N % 2 == 0) {
        for (uint64_t i = 0; i < N; i++) {
            if (i % 2 == 0) {
                if (cnt[i] != 0) {
                    puts(""0"");
                    return 0;
                }
            }
            else {
                if (cnt[i] != 2) {
                    puts(""0"");
                    return 0;
                }
            }
        }
    }
    else {
        for (uint64_t i = 0; i < N; i++) {
            if (i == 0) {
                if (cnt[i] != 1) {
                    puts(""0"");
                    return 0;
                }
            }
            else if (i % 2 == 0) {
                if (cnt[i] != 2) {
                    puts(""0"");
                    return 0;
                }
            }
            else {
                if (cnt[i] != 0) {
                    puts(""0"");
                    return 0;
                }
            }
        }
    }

    printf(""%""PRIu64""\n"", powU64WMod(2, N / 2, MOD_VAL));

    return 0;
}
```

Assembly Code:

```assembly

```

Only output the optimized assembly code. Do not include any other text. Do not write any comments in the assembly code. Wrap the assembly code in ```assembly``` tags.
Optimized Assembly Code:
","Given the following C code, your task is to generate highly optimized x86-64 assembly code.
C Code:

```c
#include <stdbool.h>
#include <stdio.h>
#include <stdlib.h>
#include <inttypes.h>
#include <ctype.h>
#include <stdint.h>
#include <string.h>
#include <wchar.h>
#include <math.h>

#define N_MAX (100)
#define P_MAX (100)
#define DP_ARRAY_SIZE (N_MAX * P_MAX / 32 + 1)

#define MIN(a, b) ((a) < (b) ? (a) : (b))
#define MAX(a, b) ((a) > (b) ? (a) : (b))
#define ABS(a) ((a) < 0 ? -(a) : (a))
#define ABSS(a, b) ((a) > (b) ? (a) - (b) : (b) - (a))
#define SWAP(type, a, b) { const type tmp = a; a = b; b = tmp; }

int compare_sz_asc(const void* a, const void* b) {
    return *((size_t*)a) < *((size_t*)b) ? -1 : 1;
}

int compare_sz_desc(const void* a, const void* b) {
    return *((size_t*)a) > * ((size_t*)b) ? -1 : 1;
}

int compare_i64_asc(const void* a, const void* b) {
    return *((int64_t*)a) < *((int64_t*)b) ? -1 : 1;
}

int compare_i64_desc(const void* a, const void* b) {
    return *((int64_t*)a) > * ((int64_t*)b) ? -1 : 1;
}

int compare_u64_asc(const void* a, const void* b) {
    return *((uint64_t*)a) < *((uint64_t*)b) ? -1 : 1;
}

int compare_u64_desc(const void* a, const void* b) {
    return *((uint64_t*)a) > * ((uint64_t*)b) ? -1 : 1;
}

int compare_c_asc(const void* a, const void* b) {
    return *((char*)a) < *((char*)b) ? -1 : 1;
}

int compare_c_desc(const void* a, const void* b) {
    return *((char*)a) > * ((char*)b) ? -1 : 1;
}

int compare_dp_asc(const void* a, const void* b) {
    return *((double*)a) < *((double*)b) ? -1 : 1;
}

static uint64_t modinvU64(const uint64_t a, const uint64_t m) {
    int64_t aa = (int64_t)a;
    const int64_t mm = (int64_t)m;
    int64_t b = mm;
    int64_t u = 1;
    int64_t v = 0;

    while (b != 0) {
        const int64_t t = aa / b;

        aa -= t * b;
        SWAP(uint64_t, aa, b);
        u -= t * v;
        SWAP(uint64_t, u, v);
    }

    u %= mm;
    if (u < 0) {
        u += m;
    }

    return (uint64_t)u;
}

static size_t powSz(const size_t base, const size_t exp) {
    if (exp == 0) {
        return 1;
    }

    if (exp == 1) {
        return base;
    }

    if (exp % 2 == 0) {
        return powSz(base * base, exp / 2);
    }
    else {
        return base * powSz(base, exp - 1);
    }
}

static uint64_t powU64(const uint64_t base, const uint64_t exp) {
    if (exp == 0) {
        return 1;
    }

    if (exp == 1) {
        return base;
    }

    if (exp % 2 == 0) {
        return powU64(base * base, exp / 2);
    }
    else {
        return base * powU64(base, exp - 1);
    }
}

static uint64_t powU64WMod(const uint64_t base, const uint64_t exp, const uint64_t m) {
    if (exp == 0) {
        return 1;
    }

    if (exp == 1) {
        return base % m;
    }

    if (exp % 2 == 0) {
        return powU64WMod(base * base % m, exp / 2, m);
    }
    else {
        return base * powU64WMod(base, exp - 1, m) % m;
    }
}

static size_t comb(const size_t n, const size_t r) {
    size_t result = 1;

    for (size_t i = 0; i < r; i++) {
        result *= n - i;
        result /= i + 1;
    }

    return result;
}

static uint64_t combU64(const uint64_t n, const uint64_t r) {
    uint64_t result = 1;

    for (uint64_t i = 0; i < r; i++) {
        result *= n - i;
        result /= i + 1;
    }

    return result;
}

static uint64_t combU64WMod(const uint64_t n, const uint64_t r, const uint64_t m) {
    uint64_t result = 1;

    for (uint64_t i = 0; i < r; i++) {
        result = result * (n - i) % m;
        result = result * modinvU64(i + 1, m) % m;
    }

    return result;
}

static uint64_t permU64WMod(const uint64_t n, const uint64_t m) {
    uint64_t result = 1;

    for (uint64_t v = 2; v <= n; v++) {
        result *= v;
        result %= m;
    }

    return result;
}

static size_t gcdZu(size_t m, size_t n) {
    size_t temp;

    while (m % n != 0) {
        temp = n;
        n = m % n;
        m = temp;
    }

    return n;
}

static uint64_t gcdU64(uint64_t m, uint64_t n)
{
    uint64_t temp;

    while (m % n != 0) {
        temp = n;
        n = m % n;
        m = temp;
    }

    return n;
}

typedef struct {
    uint64_t val;
}BHeap_Val;

#define BHEAP_VAL_TYPE BHeap_Val

#define BHEAP_INVALID_NODE ((size_t)100000000)

typedef struct {
    BHEAP_VAL_TYPE val;
} BHeap_Node;


struct _BHeap_Ctx {
    size_t size;
    int (*compare)(const BHEAP_VAL_TYPE* parent, const BHEAP_VAL_TYPE* node);
    void(*notifyNodeChange)(const struct _BHeap_Ctx* const ctx, const size_t nodeListSize, const size_t* const nodeList);
    BHeap_Node* node;
};

typedef struct _BHeap_Ctx BHeap_Ctx;

static void bHeap_Init(BHeap_Ctx* const ctx, int(*compare)(const BHEAP_VAL_TYPE* parent, const BHEAP_VAL_TYPE* node), void(*notifyNodeChange)(const BHeap_Ctx* const ctx, const size_t nodeListSize, const size_t* const nodeList), BHeap_Node* const nodes) {
    ctx->size = 0;
    ctx->compare = compare;
    ctx->notifyNodeChange = notifyNodeChange;
    ctx->node = nodes;
}

static void bHeap_Swap(BHeap_Ctx* const ctx, const size_t node0, const size_t node1) {
    const BHEAP_VAL_TYPE tmp = ctx->node[node0].val;
    ctx->node[node0].val = ctx->node[node1].val;
    ctx->node[node1].val = tmp;

    if (ctx->notifyNodeChange != NULL) {
        const size_t nodeList[2] = { node0,node1 };
        ctx->notifyNodeChange(ctx, 2, nodeList);
    }
}

static void bHeap_UpHeap(BHeap_Ctx* const ctx, const size_t nodeIdx) {
    if (nodeIdx == 0) {
        return;
    }

    const size_t parentIdx = (nodeIdx + 1) / 2 - 1;

    const int compareResult = ctx->compare(&(ctx->node[parentIdx].val), &(ctx->node[nodeIdx].val));

    if (0 < compareResult) {
        bHeap_Swap(ctx, nodeIdx, parentIdx);

        if (parentIdx != 0) {
            bHeap_UpHeap(ctx, parentIdx);
        }
    }
}

static void bHeap_DownHeap(BHeap_Ctx* const ctx, const size_t nodeIdx) {
    if (ctx->size - 1 <= nodeIdx) {
        return;
    }

    const size_t leftIdx = 2 * (nodeIdx + 1) - 1;

    if (leftIdx < ctx->size) {
        const int leftResult = ctx->compare(&(ctx->node[nodeIdx].val), &(ctx->node[leftIdx].val));

        size_t swapTarget = leftResult < 0 ? BHEAP_INVALID_NODE : leftIdx;

        const size_t rightIdx = leftIdx + 1;

        if (rightIdx < ctx->size) {
            const int rightResult = ctx->compare(&(ctx->node[nodeIdx].val), &(ctx->node[rightIdx].val));

            if (swapTarget == BHEAP_INVALID_NODE) {
                if (0 < rightResult) {
                    swapTarget = rightIdx;
                }
            }
            else {
                if (0 < rightResult) {
                    const int rightLeftResult = ctx->compare(&(ctx->node[leftIdx].val), &(ctx->node[rightIdx].val));

                    if (0 < rightLeftResult) {
                        swapTarget = rightIdx;
                    }
                }
            }
        }

        if (swapTarget != BHEAP_INVALID_NODE) {
            bHeap_Swap(ctx, nodeIdx, swapTarget);

            bHeap_DownHeap(ctx, swapTarget);
        }
    }
}

static void bHeap_Add(BHeap_Ctx* const ctx, const BHEAP_VAL_TYPE val) {
    ctx->node[ctx->size].val = val;

    ctx->size++;

    if (ctx->notifyNodeChange != NULL) {
        const size_t node = ctx->size - 1;
        ctx->notifyNodeChange(ctx, 1, &node);
    }

    bHeap_UpHeap(ctx, ctx->size - 1);
}

static void bHeap_RemoveTop(BHeap_Ctx* const ctx) {
    if (ctx->size == 0) {
        return;
    }

    if (ctx->size == 1) {
        ctx->size--;
        return;
    }

    ctx->node[0].val = ctx->node[ctx->size - 1].val;

    if (ctx->notifyNodeChange != NULL) {
        const size_t node = 0;
        ctx->notifyNodeChange(ctx, 1, &node);
    }

    ctx->size--;

    bHeap_DownHeap(ctx, 0);
}

static void bHeap_RemoveNode(BHeap_Ctx* const ctx, const size_t node) {
    if (node == ctx->size - 1) {
        ctx->size--;
    }
    else {
        ctx->node[node].val = ctx->node[ctx->size - 1].val;

        ctx->size--;

        if (ctx->notifyNodeChange != NULL) {
            ctx->notifyNodeChange(ctx, 1, &node);
        }

        bHeap_DownHeap(ctx, node);
        bHeap_UpHeap(ctx, node);
    }
}

static BHEAP_VAL_TYPE* bHeap_GetTopVal(const BHeap_Ctx* const ctx) {
    return ctx->size == 0 ? NULL : &(ctx->node[0].val);
}

typedef struct {
    uint64_t cnt;
    size_t* child;
    size_t numChild;
    size_t maxNumChild;
} Tree_Node;

#define TREE_INIT_ALLOC (128)

static Tree_Node tree_Node[200000];

static void tree_Init(const uint64_t N) {
    for (uint64_t i = 0; i < N; i++) {
        tree_Node[i].cnt = 0;
        tree_Node[i].numChild = 0;
        tree_Node[i].child = malloc(sizeof(size_t) * TREE_INIT_ALLOC);
        tree_Node[i].maxNumChild = TREE_INIT_ALLOC;
    }
}

static void tree_AddChild(const size_t parent, const size_t child) {
    if (tree_Node[parent].maxNumChild <= tree_Node[parent].numChild) {
        tree_Node[parent].child = realloc(tree_Node[parent].child, sizeof(size_t) * tree_Node[parent].maxNumChild * 2);
        tree_Node[parent].maxNumChild *= 2;
    }

    tree_Node[parent].child[tree_Node[parent].numChild] = child;
    tree_Node[parent].numChild++;
}

static BHeap_Node BN_Asc[200000];
static BHeap_Node BN_Desc[200000];

static int _bHeap_Compare_Asc(const BHEAP_VAL_TYPE* parent, const BHEAP_VAL_TYPE* node) {
    return parent->val <= node->val ? -1 : 1;
}

static int _bHeap_Compare_Desc(const BHEAP_VAL_TYPE* parent, const BHEAP_VAL_TYPE* node) {
    return parent->val >= node->val ? -1 : 1;
}

static size_t PBHeap_Asc_Idx[200000];
static size_t PBHeap_Desc_Idx[200000];

static void _bHeap_NotifyNodeChange_Asc(const BHeap_Ctx* const ctx, const size_t nodeListSize, const size_t* const nodeList) {
    for (size_t i = 0; i < nodeListSize; i++) {
        PBHeap_Asc_Idx[ctx->node[nodeList[i]].val.val] = nodeList[i];
    }
}

static void _bHeap_NotifyNodeChange_Desc(const BHeap_Ctx* const ctx, const size_t nodeListSize, const size_t* const nodeList) {
    for (size_t i = 0; i < nodeListSize; i++) {
        PBHeap_Desc_Idx[ctx->node[nodeList[i]].val.val] = nodeList[i];
    }
}

#define MOD_VAL (UINT64_C(1000000007))

static size_t cnt[100000];

int main(void) {
    uint64_t N;

    scanf(""%""PRIu64, &N);

    for (uint64_t i = 0; i < N; i++) {
        cnt[i] = 0;
    }

    for (uint64_t i = 0; i < N; i++) {
        uint64_t A;
        scanf(""%""PRIu64, &A);

        cnt[A]++;
    }

    if (N % 2 == 0) {
        for (uint64_t i = 0; i < N; i++) {
            if (i % 2 == 0) {
                if (cnt[i] != 0) {
                    puts(""0"");
                    return 0;
                }
            }
            else {
                if (cnt[i] != 2) {
                    puts(""0"");
                    return 0;
                }
            }
        }
    }
    else {
        for (uint64_t i = 0; i < N; i++) {
            if (i == 0) {
                if (cnt[i] != 1) {
                    puts(""0"");
                    return 0;
                }
            }
            else if (i % 2 == 0) {
                if (cnt[i] != 2) {
                    puts(""0"");
                    return 0;
                }
            }
            else {
                if (cnt[i] != 0) {
                    puts(""0"");
                    return 0;
                }
            }
        }
    }

    printf(""%""PRIu64""\n"", powU64WMod(2, N / 2, MOD_VAL));

    return 0;
}
```

Only output the optimized assembly code. Do not include any other text. Do not write any comments in the assembly code. Wrap the assembly code in ```assembly``` tags.
Optimized Assembly Code:
"
6,"#include <stdio.h>
#include <string.h>
#include <stdlib.h>
#include <math.h>
#include <stdbool.h>
#define LL long long
#define INF 1<<31-1
#define MIN(x,y) ((x)<(y)?(x):(y))
#define MAX(x,y) ((x)<(y)?(y):(x))
#define FOR(i,a,n) for(i=a;i<n;i++)
#define MOD 1000000007
#define NUM 100001

void swap(int* a,int* b){int tmp=*a;*a=*b;*b=tmp;}
int GCD(int a,int b){int c=1,tmp=MAX(a,b);b=MIN(a,b);a=tmp;while(c!=0){c=a%b;a=b;b=c;}return a;}
int LCM(int a,int b){return a*b/GCD(a,b);}
int POW(LL a,LL n){LL ans=1;while(n>0){if(n&1)ans=ans*a%MOD;a=a*a%MOD;n>>=1;}return (int)ans;}
int icmp(const void* a,const void* b){return *(int*)a-*(int*)b;}
int ccmp(const void* a,const void* b){return *(char*)a-*(char*)b;}
int scmp(const void* a,const void* b){return strcmp(*(char**)a,*(char**)b);}
LL fac[NUM],finv[NUM],inv[NUM];
void comi(){int i;fac[0]=fac[1]=1;finv[0]=finv[1]=1;inv[1]=1;FOR(i,2,NUM){fac[i]=fac[i-1]*i%MOD;inv[i]=MOD-inv[MOD%i]*(MOD/i)%MOD;finv[i]=finv[i-1]*inv[i]%MOD;}}
int com(int n,int k){if(n<k||n<0||k<0)return 0;return fac[n]*(finv[k]*finv[n-k]%MOD)%MOD;}

typedef struct{int s,e,c;}Edge;
int par[NUM];
int UF(){for(int i=0;i<NUM;i++)par[i]=-1;}
int Root(int x){if(par[x]<0)return x;else return par[x]=Root(par[x]);}
int Size(int x){return -par[Root(x)];}
bool Same(int x,int y){return Root(x)==Root(y);}
void Unite(int x,int y){x=Root(x);y=Root(y);if(x!=y){if(Size(x)<Size(y))swap(&x,&y);par[x]+=par[y];par[y]=x;}}
int cmpc(const void* a,const void* b){return ((Edge*)a)->c-((Edge*)b)->c;}
int Kruscal(Edge* edge,int n){int i,ans=0;Edge e;qsort(edge,n,sizeof(Edge),cmpc);UF();FOR(i,0,n){e=edge[i];if(!Same(e.s,e.e)){Unite(e.s,e.e);ans+=e.c;}}return ans;}


int main(){
  int A,B,K,i,j,a=0,g,ans=0;
  scanf(""%d%d%d"",&A,&B,&K);
	g=GCD(A,B);
	FOR(i,1,g+1){
		if(g%i==0)a++;
		if(a==K){
			ans=g/i;
			break;
		}
	}

  printf(""%d\n"",ans);
	return 0;
}
","[{""input"": ""100 50 2\n"", ""output"": ""25\n\n""}, {""input"": ""16 12 2\n"", ""output"": ""2\n\n""}, {""input"": ""12 12 2\n"", ""output"": ""6\n\n""}, {""input"": ""100 45 2\n"", ""output"": ""1\n\n""}, {""input"": ""27 12 1\n"", ""output"": ""3\n\n""}, {""input"": ""16 24 1\n"", ""output"": ""8\n\n""}, {""input"": ""110 50 2\n"", ""output"": ""5\n\n""}, {""input"": ""12 12 3\n"", ""output"": ""4\n\n""}, {""input"": ""27 18 1\n"", ""output"": ""9\n\n""}, {""input"": ""100 50 3\n"", ""output"": ""10\n\n""}]","Given the following C code and assembly code, your task is to generate highly optimized x86-64 assembly code.
C Code:

```c
#include <stdio.h>
#include <string.h>
#include <stdlib.h>
#include <math.h>
#include <stdbool.h>
#define LL long long
#define INF 1<<31-1
#define MIN(x,y) ((x)<(y)?(x):(y))
#define MAX(x,y) ((x)<(y)?(y):(x))
#define FOR(i,a,n) for(i=a;i<n;i++)
#define MOD 1000000007
#define NUM 100001

void swap(int* a,int* b){int tmp=*a;*a=*b;*b=tmp;}
int GCD(int a,int b){int c=1,tmp=MAX(a,b);b=MIN(a,b);a=tmp;while(c!=0){c=a%b;a=b;b=c;}return a;}
int LCM(int a,int b){return a*b/GCD(a,b);}
int POW(LL a,LL n){LL ans=1;while(n>0){if(n&1)ans=ans*a%MOD;a=a*a%MOD;n>>=1;}return (int)ans;}
int icmp(const void* a,const void* b){return *(int*)a-*(int*)b;}
int ccmp(const void* a,const void* b){return *(char*)a-*(char*)b;}
int scmp(const void* a,const void* b){return strcmp(*(char**)a,*(char**)b);}
LL fac[NUM],finv[NUM],inv[NUM];
void comi(){int i;fac[0]=fac[1]=1;finv[0]=finv[1]=1;inv[1]=1;FOR(i,2,NUM){fac[i]=fac[i-1]*i%MOD;inv[i]=MOD-inv[MOD%i]*(MOD/i)%MOD;finv[i]=finv[i-1]*inv[i]%MOD;}}
int com(int n,int k){if(n<k||n<0||k<0)return 0;return fac[n]*(finv[k]*finv[n-k]%MOD)%MOD;}

typedef struct{int s,e,c;}Edge;
int par[NUM];
int UF(){for(int i=0;i<NUM;i++)par[i]=-1;}
int Root(int x){if(par[x]<0)return x;else return par[x]=Root(par[x]);}
int Size(int x){return -par[Root(x)];}
bool Same(int x,int y){return Root(x)==Root(y);}
void Unite(int x,int y){x=Root(x);y=Root(y);if(x!=y){if(Size(x)<Size(y))swap(&x,&y);par[x]+=par[y];par[y]=x;}}
int cmpc(const void* a,const void* b){return ((Edge*)a)->c-((Edge*)b)->c;}
int Kruscal(Edge* edge,int n){int i,ans=0;Edge e;qsort(edge,n,sizeof(Edge),cmpc);UF();FOR(i,0,n){e=edge[i];if(!Same(e.s,e.e)){Unite(e.s,e.e);ans+=e.c;}}return ans;}


int main(){
  int A,B,K,i,j,a=0,g,ans=0;
  scanf(""%d%d%d"",&A,&B,&K);
	g=GCD(A,B);
	FOR(i,1,g+1){
		if(g%i==0)a++;
		if(a==K){
			ans=g/i;
			break;
		}
	}

  printf(""%d\n"",ans);
	return 0;
}
```

Assembly Code:

```assembly

```

Only output the optimized assembly code. Do not include any other text. Do not write any comments in the assembly code. Wrap the assembly code in ```assembly``` tags.
Optimized Assembly Code:
","Given the following C code, your task is to generate highly optimized x86-64 assembly code.
C Code:

```c
#include <stdio.h>
#include <string.h>
#include <stdlib.h>
#include <math.h>
#include <stdbool.h>
#define LL long long
#define INF 1<<31-1
#define MIN(x,y) ((x)<(y)?(x):(y))
#define MAX(x,y) ((x)<(y)?(y):(x))
#define FOR(i,a,n) for(i=a;i<n;i++)
#define MOD 1000000007
#define NUM 100001

void swap(int* a,int* b){int tmp=*a;*a=*b;*b=tmp;}
int GCD(int a,int b){int c=1,tmp=MAX(a,b);b=MIN(a,b);a=tmp;while(c!=0){c=a%b;a=b;b=c;}return a;}
int LCM(int a,int b){return a*b/GCD(a,b);}
int POW(LL a,LL n){LL ans=1;while(n>0){if(n&1)ans=ans*a%MOD;a=a*a%MOD;n>>=1;}return (int)ans;}
int icmp(const void* a,const void* b){return *(int*)a-*(int*)b;}
int ccmp(const void* a,const void* b){return *(char*)a-*(char*)b;}
int scmp(const void* a,const void* b){return strcmp(*(char**)a,*(char**)b);}
LL fac[NUM],finv[NUM],inv[NUM];
void comi(){int i;fac[0]=fac[1]=1;finv[0]=finv[1]=1;inv[1]=1;FOR(i,2,NUM){fac[i]=fac[i-1]*i%MOD;inv[i]=MOD-inv[MOD%i]*(MOD/i)%MOD;finv[i]=finv[i-1]*inv[i]%MOD;}}
int com(int n,int k){if(n<k||n<0||k<0)return 0;return fac[n]*(finv[k]*finv[n-k]%MOD)%MOD;}

typedef struct{int s,e,c;}Edge;
int par[NUM];
int UF(){for(int i=0;i<NUM;i++)par[i]=-1;}
int Root(int x){if(par[x]<0)return x;else return par[x]=Root(par[x]);}
int Size(int x){return -par[Root(x)];}
bool Same(int x,int y){return Root(x)==Root(y);}
void Unite(int x,int y){x=Root(x);y=Root(y);if(x!=y){if(Size(x)<Size(y))swap(&x,&y);par[x]+=par[y];par[y]=x;}}
int cmpc(const void* a,const void* b){return ((Edge*)a)->c-((Edge*)b)->c;}
int Kruscal(Edge* edge,int n){int i,ans=0;Edge e;qsort(edge,n,sizeof(Edge),cmpc);UF();FOR(i,0,n){e=edge[i];if(!Same(e.s,e.e)){Unite(e.s,e.e);ans+=e.c;}}return ans;}


int main(){
  int A,B,K,i,j,a=0,g,ans=0;
  scanf(""%d%d%d"",&A,&B,&K);
	g=GCD(A,B);
	FOR(i,1,g+1){
		if(g%i==0)a++;
		if(a==K){
			ans=g/i;
			break;
		}
	}

  printf(""%d\n"",ans);
	return 0;
}
```

Only output the optimized assembly code. Do not include any other text. Do not write any comments in the assembly code. Wrap the assembly code in ```assembly``` tags.
Optimized Assembly Code:
"
7,"#include<stdio.h>
int n;
int G[101][101];
int A[101];
int flag[101];
void mst(int s){
  int i;
  int nx=-1,ct=10000000;
  int a = 0;
  for(i=0;i<n;i++){
    if(G[s][i]==-1) continue;
    else if(G[s][i] < A[i] && flag[i]==0) A[i] = G[s][i];
  }
  
  for(i=1;i<n;i++){
    if(flag[i]==1) continue;
    else{
      if(ct > A[i]){
	a = 1;
	ct = A[i];
	nx = i;
      }
    }
  }
  
  if(a){
    flag[nx] = 1;
    mst(nx);
  }
  
}
int main(){
  
  int i,j;
  
  scanf(""%d"",&n);
  for(i=1;i<n;i++) A[i] = 100000000;
  for(i=0;i<n;i++)
    for(j=0;j<n;j++) scanf(""%d"",&G[i][j]);
  flag[0]=1;
  mst(0);
  int ans=0;
  for(i=0;i<n;i++){
    //printf(""%d\n"",A[i]);
    ans+=A[i];
  }
  printf(""%d\n"",ans);
  /*
  for(i=0;i<n;i++){
    for(j=0;j<n;j++){
      if(G[i][j]==-1) printf("" 0"");
      else printf(""%2d"",G[i][j]);
    }
    printf(""\n"");
  }
  */
  return 0;
}

","[{""input"": ""5\n -1 2 3 1 -1\n 2 -1 -1 4 -1\n 3 -1 -1 1 1\n 1 4 1 -1 3\n -1 -1 1 3 -1\n"", ""output"": ""5\n""}]","Given the following C code and assembly code, your task is to generate highly optimized x86-64 assembly code.
C Code:

```c
#include<stdio.h>
int n;
int G[101][101];
int A[101];
int flag[101];
void mst(int s){
  int i;
  int nx=-1,ct=10000000;
  int a = 0;
  for(i=0;i<n;i++){
    if(G[s][i]==-1) continue;
    else if(G[s][i] < A[i] && flag[i]==0) A[i] = G[s][i];
  }
  
  for(i=1;i<n;i++){
    if(flag[i]==1) continue;
    else{
      if(ct > A[i]){
	a = 1;
	ct = A[i];
	nx = i;
      }
    }
  }
  
  if(a){
    flag[nx] = 1;
    mst(nx);
  }
  
}
int main(){
  
  int i,j;
  
  scanf(""%d"",&n);
  for(i=1;i<n;i++) A[i] = 100000000;
  for(i=0;i<n;i++)
    for(j=0;j<n;j++) scanf(""%d"",&G[i][j]);
  flag[0]=1;
  mst(0);
  int ans=0;
  for(i=0;i<n;i++){
    //printf(""%d\n"",A[i]);
    ans+=A[i];
  }
  printf(""%d\n"",ans);
  /*
  for(i=0;i<n;i++){
    for(j=0;j<n;j++){
      if(G[i][j]==-1) printf("" 0"");
      else printf(""%2d"",G[i][j]);
    }
    printf(""\n"");
  }
  */
  return 0;
}
```

Assembly Code:

```assembly

```

Only output the optimized assembly code. Do not include any other text. Do not write any comments in the assembly code. Wrap the assembly code in ```assembly``` tags.
Optimized Assembly Code:
","Given the following C code, your task is to generate highly optimized x86-64 assembly code.
C Code:

```c
#include<stdio.h>
int n;
int G[101][101];
int A[101];
int flag[101];
void mst(int s){
  int i;
  int nx=-1,ct=10000000;
  int a = 0;
  for(i=0;i<n;i++){
    if(G[s][i]==-1) continue;
    else if(G[s][i] < A[i] && flag[i]==0) A[i] = G[s][i];
  }
  
  for(i=1;i<n;i++){
    if(flag[i]==1) continue;
    else{
      if(ct > A[i]){
	a = 1;
	ct = A[i];
	nx = i;
      }
    }
  }
  
  if(a){
    flag[nx] = 1;
    mst(nx);
  }
  
}
int main(){
  
  int i,j;
  
  scanf(""%d"",&n);
  for(i=1;i<n;i++) A[i] = 100000000;
  for(i=0;i<n;i++)
    for(j=0;j<n;j++) scanf(""%d"",&G[i][j]);
  flag[0]=1;
  mst(0);
  int ans=0;
  for(i=0;i<n;i++){
    //printf(""%d\n"",A[i]);
    ans+=A[i];
  }
  printf(""%d\n"",ans);
  /*
  for(i=0;i<n;i++){
    for(j=0;j<n;j++){
      if(G[i][j]==-1) printf("" 0"");
      else printf(""%2d"",G[i][j]);
    }
    printf(""\n"");
  }
  */
  return 0;
}
```

Only output the optimized assembly code. Do not include any other text. Do not write any comments in the assembly code. Wrap the assembly code in ```assembly``` tags.
Optimized Assembly Code:
"
8,"#include <stdio.h>
#include <stdlib.h>

struct node
{
  struct node *rt;
  struct node *lt;
  struct node *pt;
  int key;
};
typedef struct node *Node;

Node root;

void insert(int k)
{
  Node y = NULL;
  Node x = root;
  Node z;

  z = malloc(sizeof(struct node));
  z->key = k;
  z->lt = NULL;
  z->rt = NULL;

  while (x != NULL)
  {
    y = x;
    if (z->key < x->key) x = x->lt;
    else x = x->rt;
  }
  z->pt = y;

  if (y == NULL) root = z;
  else if (z->key < y->key) y->lt = z;
  else y->rt = z;
}

void inorder(Node u)
{

  if (u == NULL)
    return;
  inorder(u->lt);
  printf("" %d"", u->key);
  inorder(u->rt);
}
void preorder(Node u)
{

  if (u == NULL)
    return;
  printf("" %d"", u->key);
  preorder(u->lt);
  preorder(u->rt);
}
Node find(int key)
{
  Node X = root;

  while (1)
  {
    if (X == NULL) return NULL;
    if (X->key == key) return X;
    if (X->key < key)  X = X->rt;
    else X = X->lt;
  }
  }


Node treeSuccessor(Node A)
{
  Node X;
  Node B;
  A = A->rt;
  while (A->lt != NULL)A = A->lt;
  
  return A;
}

void treeDelete (Node X)
{
  Node B;
  Node child;

  if (X->rt == NULL && X->lt == NULL)
  {
    if (X->pt->rt == X)X->pt->rt = NULL;
    else X->pt->lt = NULL;
    free(X);
  }

  else if (X->rt != NULL && X->lt != NULL)
  {
    B = treeSuccessor(X);
    X->key = B->key;
    treeDelete(B);
  }

  else
  {
    if (X->rt==NULL)child=X->lt;
    else child=X->rt;

    if (X->pt==NULL)
    {
      child->pt=NULL;
      return;
    }
    if (X->pt->key < X->key) X->pt->rt=child;
    else X->pt->lt=child;
    child->pt=X->pt;
    free(X);
  }
}

int main()
{
  int n, i, x,count = 0;;
  char com[10];
  scanf(""%d"", &n);
  
  for (i = 0; i < n; i++)
  {
    scanf(""%s"", com);
    if (com[0] == 'i')
    {
      scanf(""%d"", &x);
      insert(x);
    }
    else if (com[0] == 'f')
    {
      scanf(""%d"", &x);
      
      if (count) printf(""\n"");
      if (find(x) != NULL)printf(""yes\n"");
      else printf(""no\n"");
    }
    else if (com[0] == 'd')
    {
      scanf(""%d"", &x);
      treeDelete (find(x));
    }
    else if (com[0] == 'p')
    {
      inorder(root);
      printf(""\n"");
      preorder(root);
      printf(""\n"");
    }
  }
  return 0;
}

","[{""input"": ""18\ninsert 8\ninsert 2\ninsert 3\ninsert 7\ninsert 22\ninsert 1\nfind 1\nfind 2\nfind 1\nfind 4\nfind 5\nfind 6\nfind 7\nfind 8\nprint\ndelete 3\ndelete 7\nprint\n"", ""output"": ""yes\nyes\nyes\nno\nno\nno\nyes\nyes\n 1 2 3 7 8 22\n 8 2 1 3 7 22\n 1 2 8 22\n 8 2 1 22\n\n""}, {""input"": ""18\ninsert 8\ninsert 2\ninsert 3\ninsert 7\ninsert 22\ninsert 1\nfind 1\nfind 2\nfind 3\nfind 4\nfind 5\nfind 6\nfind 4\nfind 7\nprint\ndelete 3\ndelete 7\nprint\n"", ""output"": ""yes\nyes\nyes\nno\nno\nno\nno\nyes\n 1 2 3 7 8 22\n 8 2 1 3 7 22\n 1 2 8 22\n 8 2 1 22\n\n""}, {""input"": ""18\ninsert 8\ninsert 2\ninsert 3\ninsert 7\ninsert 22\ninsert 1\nfind 1\nfind 2\nfind 3\nfind 7\nfind 5\nfind 6\nfind 4\nfind 7\nprint\ndelete 3\ndelete 7\nprint\n"", ""output"": ""yes\nyes\nyes\nyes\nno\nno\nno\nyes\n 1 2 3 7 8 22\n 8 2 1 3 7 22\n 1 2 8 22\n 8 2 1 22\n\n""}, {""input"": ""18\ninsert 8\ninsert 2\ninsert 3\ninsert 7\ninsert 22\ninsert 1\nfind 1\nfind 2\nfind 3\nfind 4\nfind 5\nfind 7\nfind 4\nfind 7\nprint\ndelete 3\ndelete 7\nprint\n"", ""output"": ""yes\nyes\nyes\nno\nno\nyes\nno\nyes\n 1 2 3 7 8 22\n 8 2 1 3 7 22\n 1 2 8 22\n 8 2 1 22\n\n""}, {""input"": ""18\ninsert 8\ninsert 2\ninsert 3\ninsert 7\ninsert 22\ninsert 1\nfind 1\nfind 2\nfind 3\nfind 4\nfind 5\nfind 6\nfind 7\nfind 5\nprint\ndelete 3\ndelete 7\nprint\n"", ""output"": ""yes\nyes\nyes\nno\nno\nno\nyes\nno\n 1 2 3 7 8 22\n 8 2 1 3 7 22\n 1 2 8 22\n 8 2 1 22\n\n""}, {""input"": ""18\ninsert 8\ninsert 2\ninsert 3\ninsert 7\ninsert 22\ninsert 1\nfind 1\nfind 1\nfind 3\nfind 4\nfind 2\nfind 6\nfind 7\nfind 7\nprint\ndelete 3\ndelete 7\nprint\n"", ""output"": ""yes\nyes\nyes\nno\nyes\nno\nyes\nyes\n 1 2 3 7 8 22\n 8 2 1 3 7 22\n 1 2 8 22\n 8 2 1 22\n\n""}, {""input"": ""18\ninsert 8\ninsert 2\ninsert 3\ninsert 7\ninsert 22\ninsert 1\nfind 0\nfind 2\nfind 3\nfind 4\nfind 5\nfind 6\nfind 7\nfind 5\nprint\ndelete 3\ndelete 7\nprint\n"", ""output"": ""no\nyes\nyes\nno\nno\nno\nyes\nno\n 1 2 3 7 8 22\n 8 2 1 3 7 22\n 1 2 8 22\n 8 2 1 22\n\n""}, {""input"": ""18\ninsert 9\ninsert 2\ninsert 3\ninsert 7\ninsert 22\ninsert 1\nfind 1\nfind 1\nfind 3\nfind 4\nfind 2\nfind 6\nfind 7\nfind 7\nprint\ndelete 3\ndelete 7\nprint\n"", ""output"": ""yes\nyes\nyes\nno\nyes\nno\nyes\nyes\n 1 2 3 7 9 22\n 9 2 1 3 7 22\n 1 2 9 22\n 9 2 1 22\n\n""}, {""input"": ""18\ninsert 8\ninsert 4\ninsert 3\ninsert 7\ninsert 22\ninsert 1\nfind 1\nfind 2\nfind 1\nfind 4\nfind 5\nfind 6\nfind 7\nfind 8\nprint\ndelete 3\ndelete 7\nprint\n"", ""output"": ""yes\nno\nyes\nyes\nno\nno\nyes\nyes\n 1 3 4 7 8 22\n 8 4 3 1 7 22\n 1 4 8 22\n 8 4 1 22\n\n""}, {""input"": ""18\ninsert 8\ninsert 2\ninsert 3\ninsert 7\ninsert 22\ninsert 1\nfind 1\nfind 1\nfind 0\nfind 4\nfind 5\nfind 6\nfind 4\nfind 7\nprint\ndelete 3\ndelete 7\nprint\n"", ""output"": ""yes\nyes\nno\nno\nno\nno\nno\nyes\n 1 2 3 7 8 22\n 8 2 1 3 7 22\n 1 2 8 22\n 8 2 1 22\n\n""}]","Given the following C code and assembly code, your task is to generate highly optimized x86-64 assembly code.
C Code:

```c
#include <stdio.h>
#include <stdlib.h>

struct node
{
  struct node *rt;
  struct node *lt;
  struct node *pt;
  int key;
};
typedef struct node *Node;

Node root;

void insert(int k)
{
  Node y = NULL;
  Node x = root;
  Node z;

  z = malloc(sizeof(struct node));
  z->key = k;
  z->lt = NULL;
  z->rt = NULL;

  while (x != NULL)
  {
    y = x;
    if (z->key < x->key) x = x->lt;
    else x = x->rt;
  }
  z->pt = y;

  if (y == NULL) root = z;
  else if (z->key < y->key) y->lt = z;
  else y->rt = z;
}

void inorder(Node u)
{

  if (u == NULL)
    return;
  inorder(u->lt);
  printf("" %d"", u->key);
  inorder(u->rt);
}
void preorder(Node u)
{

  if (u == NULL)
    return;
  printf("" %d"", u->key);
  preorder(u->lt);
  preorder(u->rt);
}
Node find(int key)
{
  Node X = root;

  while (1)
  {
    if (X == NULL) return NULL;
    if (X->key == key) return X;
    if (X->key < key)  X = X->rt;
    else X = X->lt;
  }
  }


Node treeSuccessor(Node A)
{
  Node X;
  Node B;
  A = A->rt;
  while (A->lt != NULL)A = A->lt;
  
  return A;
}

void treeDelete (Node X)
{
  Node B;
  Node child;

  if (X->rt == NULL && X->lt == NULL)
  {
    if (X->pt->rt == X)X->pt->rt = NULL;
    else X->pt->lt = NULL;
    free(X);
  }

  else if (X->rt != NULL && X->lt != NULL)
  {
    B = treeSuccessor(X);
    X->key = B->key;
    treeDelete(B);
  }

  else
  {
    if (X->rt==NULL)child=X->lt;
    else child=X->rt;

    if (X->pt==NULL)
    {
      child->pt=NULL;
      return;
    }
    if (X->pt->key < X->key) X->pt->rt=child;
    else X->pt->lt=child;
    child->pt=X->pt;
    free(X);
  }
}

int main()
{
  int n, i, x,count = 0;;
  char com[10];
  scanf(""%d"", &n);
  
  for (i = 0; i < n; i++)
  {
    scanf(""%s"", com);
    if (com[0] == 'i')
    {
      scanf(""%d"", &x);
      insert(x);
    }
    else if (com[0] == 'f')
    {
      scanf(""%d"", &x);
      
      if (count) printf(""\n"");
      if (find(x) != NULL)printf(""yes\n"");
      else printf(""no\n"");
    }
    else if (com[0] == 'd')
    {
      scanf(""%d"", &x);
      treeDelete (find(x));
    }
    else if (com[0] == 'p')
    {
      inorder(root);
      printf(""\n"");
      preorder(root);
      printf(""\n"");
    }
  }
  return 0;
}
```

Assembly Code:

```assembly

```

Only output the optimized assembly code. Do not include any other text. Do not write any comments in the assembly code. Wrap the assembly code in ```assembly``` tags.
Optimized Assembly Code:
","Given the following C code, your task is to generate highly optimized x86-64 assembly code.
C Code:

```c
#include <stdio.h>
#include <stdlib.h>

struct node
{
  struct node *rt;
  struct node *lt;
  struct node *pt;
  int key;
};
typedef struct node *Node;

Node root;

void insert(int k)
{
  Node y = NULL;
  Node x = root;
  Node z;

  z = malloc(sizeof(struct node));
  z->key = k;
  z->lt = NULL;
  z->rt = NULL;

  while (x != NULL)
  {
    y = x;
    if (z->key < x->key) x = x->lt;
    else x = x->rt;
  }
  z->pt = y;

  if (y == NULL) root = z;
  else if (z->key < y->key) y->lt = z;
  else y->rt = z;
}

void inorder(Node u)
{

  if (u == NULL)
    return;
  inorder(u->lt);
  printf("" %d"", u->key);
  inorder(u->rt);
}
void preorder(Node u)
{

  if (u == NULL)
    return;
  printf("" %d"", u->key);
  preorder(u->lt);
  preorder(u->rt);
}
Node find(int key)
{
  Node X = root;

  while (1)
  {
    if (X == NULL) return NULL;
    if (X->key == key) return X;
    if (X->key < key)  X = X->rt;
    else X = X->lt;
  }
  }


Node treeSuccessor(Node A)
{
  Node X;
  Node B;
  A = A->rt;
  while (A->lt != NULL)A = A->lt;
  
  return A;
}

void treeDelete (Node X)
{
  Node B;
  Node child;

  if (X->rt == NULL && X->lt == NULL)
  {
    if (X->pt->rt == X)X->pt->rt = NULL;
    else X->pt->lt = NULL;
    free(X);
  }

  else if (X->rt != NULL && X->lt != NULL)
  {
    B = treeSuccessor(X);
    X->key = B->key;
    treeDelete(B);
  }

  else
  {
    if (X->rt==NULL)child=X->lt;
    else child=X->rt;

    if (X->pt==NULL)
    {
      child->pt=NULL;
      return;
    }
    if (X->pt->key < X->key) X->pt->rt=child;
    else X->pt->lt=child;
    child->pt=X->pt;
    free(X);
  }
}

int main()
{
  int n, i, x,count = 0;;
  char com[10];
  scanf(""%d"", &n);
  
  for (i = 0; i < n; i++)
  {
    scanf(""%s"", com);
    if (com[0] == 'i')
    {
      scanf(""%d"", &x);
      insert(x);
    }
    else if (com[0] == 'f')
    {
      scanf(""%d"", &x);
      
      if (count) printf(""\n"");
      if (find(x) != NULL)printf(""yes\n"");
      else printf(""no\n"");
    }
    else if (com[0] == 'd')
    {
      scanf(""%d"", &x);
      treeDelete (find(x));
    }
    else if (com[0] == 'p')
    {
      inorder(root);
      printf(""\n"");
      preorder(root);
      printf(""\n"");
    }
  }
  return 0;
}
```

Only output the optimized assembly code. Do not include any other text. Do not write any comments in the assembly code. Wrap the assembly code in ```assembly``` tags.
Optimized Assembly Code:
"
9,"#include <stdio.h>

typedef unsigned int	U32;
typedef unsigned char	U08;

#define INPUT_NUM_MIN	1							/* 入力値の範囲下限 */
#define INPUT_NUM_MAX	1000000000					/* 入力値の範囲上限 */

void SwapNum_Void(U32 *u32_x, U32 *u32_y);
U32 CalcGcd_U32(U32 u32_x, U32 u32_y);


/***********************************************************************************
 ++module <main>
 ++outline
	メイン関数
 ++arguments
	<>	<u32_return_val>	[戻り値]
 ++supp
	<戻り値>
		0：正常終了
		1：異常終了
	<引数>
		なし
	<補足説明>
		なし
 ++end_module
************************************************************************************/
int main(void)
{
													/* 入力値1 */
	U32 u32_x   = 0;								/* 変数定義 */
	U32 u32_y   = 0;								/* 入力値2 */
	U32 u32_gcd = 0;								/* 最大公約数(Greatest Common Divisor) */
	U08 u08_return_val = 0;							/* 戻り値 */
	
	do
	{
		scanf(""%d %d"", &u32_x, &u32_y);				/* 数値入力 */
		
		if( (u32_x < INPUT_NUM_MIN) || (INPUT_NUM_MAX < u32_x)
			|| (u32_y < INPUT_NUM_MIN) || (INPUT_NUM_MAX < u32_y) )		/* 入力値が範囲外だった場合 */
		{
			u08_return_val = 1;						/* 戻り値に1を設定 */
			break;
		}
		
		if(u32_x < u32_y)							/* 1つ目の入力値の方が小さかった場合 */
		{
			SwapNum_Void(&u32_x, &u32_y);				/* 数値入れ替え */
		}
		
		u32_gcd = CalcGcd_U32(u32_x, u32_y);		/* 最大公約数の計算 */
		
		printf(""%d\n"", u32_gcd);					/* 最大公約数の表示 */
	}while(0);										/* 一度だけ実行 */
	
	return u08_return_val;
}



/***********************************************************************************
 ++module <SwapNum_Void>
 ++outline
	2つの変数の値を入れ替える関数
 ++arguments
	<>	<>		[]
	<>	<u32_x>	[入れ替え対象変数1]
	<>	<u32_y>	[入れ替え対象変数2]
 ++supp
	<戻り値>
		なし
	<引数>
		u32_x：入れ替え対象変数1
		u32_y：入れ替え対象変数2
	<補足説明>
		なし
 ++end_module
************************************************************************************/
void SwapNum_Void(U32 *u32_x, U32 *u32_y)
{
									/* 一時保持変数 */
	U32 u32_tmp = 0;				/* 変数定義 */
	
	u32_tmp = *u32_x;				/* u32_xの値を保持 */
	*u32_x  = *u32_y;				/* u32_yの値をu32_xに格納 */
	*u32_y  = u32_tmp;				/* 保持していたu32_xの値をu32_yに格納 */
}



/***********************************************************************************
 ++module <CalcGcd_U32>
 ++outline
	2つの自然数の最大公約数を計算する関数
 ++arguments
	<>	<>		[最大公約数]
	<>	<u32_x>	[自然数1]
	<>	<u32_y>	[自然数2]
 ++supp
	<戻り値>
		最大公約数
	<引数>
		u32_x：自然数1
		u32_y：自然数2
	<補足説明>
		なし
 ++end_module
************************************************************************************/
U32 CalcGcd_U32(U32 u32_x, U32 u32_y)
{
									/* x%yの結果を保持する変数 */
	U32 u32_rem = 0;				/* 変数定義 */
	
	/* ヒントによると、「xとyの最大公約数は、yとx%yの最大公約数と一致する」らしい */
	/* → x%yの結果がゼロになるまでxにyの値を、yにx%yの結果を格納し続け、 */
	/*    x%yの結果がゼロになった時のyが最大公約数 */
	while(1)						/* x%yの結果がゼロではない間ループ */
	{
		u32_rem = u32_x % u32_y;	/* x%yを計算 */
		
		if(0 == u32_rem)			/* x%yの結果がゼロの場合 */
		{
			break;
		}
		
		u32_x = u32_y;				/* u32_xを更新 */
		u32_y = u32_rem;			/* u32_yを更新 */
	}
	
	return u32_y;
}

","[{""input"": ""86 20\n"", ""output"": ""2\n\n""}, {""input"": ""147 6\n"", ""output"": ""3\n\n""}, {""input"": ""9 20\n"", ""output"": ""1\n\n""}, {""input"": ""9 9\n"", ""output"": ""9\n\n""}, {""input"": ""268 8\n"", ""output"": ""4\n\n""}, {""input"": ""14 7\n"", ""output"": ""7\n\n""}, {""input"": ""8 24\n"", ""output"": ""8\n\n""}, {""input"": ""12 12\n"", ""output"": ""12\n\n""}, {""input"": ""624 18\n"", ""output"": ""6\n\n""}, {""input"": ""48 64\n"", ""output"": ""16\n\n""}]","Given the following C code and assembly code, your task is to generate highly optimized x86-64 assembly code.
C Code:

```c
#include <stdio.h>

typedef unsigned int	U32;
typedef unsigned char	U08;

#define INPUT_NUM_MIN	1							/* 入力値の範囲下限 */
#define INPUT_NUM_MAX	1000000000					/* 入力値の範囲上限 */

void SwapNum_Void(U32 *u32_x, U32 *u32_y);
U32 CalcGcd_U32(U32 u32_x, U32 u32_y);


/***********************************************************************************
 ++module <main>
 ++outline
	メイン関数
 ++arguments
	<>	<u32_return_val>	[戻り値]
 ++supp
	<戻り値>
		0：正常終了
		1：異常終了
	<引数>
		なし
	<補足説明>
		なし
 ++end_module
************************************************************************************/
int main(void)
{
													/* 入力値1 */
	U32 u32_x   = 0;								/* 変数定義 */
	U32 u32_y   = 0;								/* 入力値2 */
	U32 u32_gcd = 0;								/* 最大公約数(Greatest Common Divisor) */
	U08 u08_return_val = 0;							/* 戻り値 */
	
	do
	{
		scanf(""%d %d"", &u32_x, &u32_y);				/* 数値入力 */
		
		if( (u32_x < INPUT_NUM_MIN) || (INPUT_NUM_MAX < u32_x)
			|| (u32_y < INPUT_NUM_MIN) || (INPUT_NUM_MAX < u32_y) )		/* 入力値が範囲外だった場合 */
		{
			u08_return_val = 1;						/* 戻り値に1を設定 */
			break;
		}
		
		if(u32_x < u32_y)							/* 1つ目の入力値の方が小さかった場合 */
		{
			SwapNum_Void(&u32_x, &u32_y);				/* 数値入れ替え */
		}
		
		u32_gcd = CalcGcd_U32(u32_x, u32_y);		/* 最大公約数の計算 */
		
		printf(""%d\n"", u32_gcd);					/* 最大公約数の表示 */
	}while(0);										/* 一度だけ実行 */
	
	return u08_return_val;
}



/***********************************************************************************
 ++module <SwapNum_Void>
 ++outline
	2つの変数の値を入れ替える関数
 ++arguments
	<>	<>		[]
	<>	<u32_x>	[入れ替え対象変数1]
	<>	<u32_y>	[入れ替え対象変数2]
 ++supp
	<戻り値>
		なし
	<引数>
		u32_x：入れ替え対象変数1
		u32_y：入れ替え対象変数2
	<補足説明>
		なし
 ++end_module
************************************************************************************/
void SwapNum_Void(U32 *u32_x, U32 *u32_y)
{
									/* 一時保持変数 */
	U32 u32_tmp = 0;				/* 変数定義 */
	
	u32_tmp = *u32_x;				/* u32_xの値を保持 */
	*u32_x  = *u32_y;				/* u32_yの値をu32_xに格納 */
	*u32_y  = u32_tmp;				/* 保持していたu32_xの値をu32_yに格納 */
}



/***********************************************************************************
 ++module <CalcGcd_U32>
 ++outline
	2つの自然数の最大公約数を計算する関数
 ++arguments
	<>	<>		[最大公約数]
	<>	<u32_x>	[自然数1]
	<>	<u32_y>	[自然数2]
 ++supp
	<戻り値>
		最大公約数
	<引数>
		u32_x：自然数1
		u32_y：自然数2
	<補足説明>
		なし
 ++end_module
************************************************************************************/
U32 CalcGcd_U32(U32 u32_x, U32 u32_y)
{
									/* x%yの結果を保持する変数 */
	U32 u32_rem = 0;				/* 変数定義 */
	
	/* ヒントによると、「xとyの最大公約数は、yとx%yの最大公約数と一致する」らしい */
	/* → x%yの結果がゼロになるまでxにyの値を、yにx%yの結果を格納し続け、 */
	/*    x%yの結果がゼロになった時のyが最大公約数 */
	while(1)						/* x%yの結果がゼロではない間ループ */
	{
		u32_rem = u32_x % u32_y;	/* x%yを計算 */
		
		if(0 == u32_rem)			/* x%yの結果がゼロの場合 */
		{
			break;
		}
		
		u32_x = u32_y;				/* u32_xを更新 */
		u32_y = u32_rem;			/* u32_yを更新 */
	}
	
	return u32_y;
}
```

Assembly Code:

```assembly

```

Only output the optimized assembly code. Do not include any other text. Do not write any comments in the assembly code. Wrap the assembly code in ```assembly``` tags.
Optimized Assembly Code:
","Given the following C code, your task is to generate highly optimized x86-64 assembly code.
C Code:

```c
#include <stdio.h>

typedef unsigned int	U32;
typedef unsigned char	U08;

#define INPUT_NUM_MIN	1							/* 入力値の範囲下限 */
#define INPUT_NUM_MAX	1000000000					/* 入力値の範囲上限 */

void SwapNum_Void(U32 *u32_x, U32 *u32_y);
U32 CalcGcd_U32(U32 u32_x, U32 u32_y);


/***********************************************************************************
 ++module <main>
 ++outline
	メイン関数
 ++arguments
	<>	<u32_return_val>	[戻り値]
 ++supp
	<戻り値>
		0：正常終了
		1：異常終了
	<引数>
		なし
	<補足説明>
		なし
 ++end_module
************************************************************************************/
int main(void)
{
													/* 入力値1 */
	U32 u32_x   = 0;								/* 変数定義 */
	U32 u32_y   = 0;								/* 入力値2 */
	U32 u32_gcd = 0;								/* 最大公約数(Greatest Common Divisor) */
	U08 u08_return_val = 0;							/* 戻り値 */
	
	do
	{
		scanf(""%d %d"", &u32_x, &u32_y);				/* 数値入力 */
		
		if( (u32_x < INPUT_NUM_MIN) || (INPUT_NUM_MAX < u32_x)
			|| (u32_y < INPUT_NUM_MIN) || (INPUT_NUM_MAX < u32_y) )		/* 入力値が範囲外だった場合 */
		{
			u08_return_val = 1;						/* 戻り値に1を設定 */
			break;
		}
		
		if(u32_x < u32_y)							/* 1つ目の入力値の方が小さかった場合 */
		{
			SwapNum_Void(&u32_x, &u32_y);				/* 数値入れ替え */
		}
		
		u32_gcd = CalcGcd_U32(u32_x, u32_y);		/* 最大公約数の計算 */
		
		printf(""%d\n"", u32_gcd);					/* 最大公約数の表示 */
	}while(0);										/* 一度だけ実行 */
	
	return u08_return_val;
}



/***********************************************************************************
 ++module <SwapNum_Void>
 ++outline
	2つの変数の値を入れ替える関数
 ++arguments
	<>	<>		[]
	<>	<u32_x>	[入れ替え対象変数1]
	<>	<u32_y>	[入れ替え対象変数2]
 ++supp
	<戻り値>
		なし
	<引数>
		u32_x：入れ替え対象変数1
		u32_y：入れ替え対象変数2
	<補足説明>
		なし
 ++end_module
************************************************************************************/
void SwapNum_Void(U32 *u32_x, U32 *u32_y)
{
									/* 一時保持変数 */
	U32 u32_tmp = 0;				/* 変数定義 */
	
	u32_tmp = *u32_x;				/* u32_xの値を保持 */
	*u32_x  = *u32_y;				/* u32_yの値をu32_xに格納 */
	*u32_y  = u32_tmp;				/* 保持していたu32_xの値をu32_yに格納 */
}



/***********************************************************************************
 ++module <CalcGcd_U32>
 ++outline
	2つの自然数の最大公約数を計算する関数
 ++arguments
	<>	<>		[最大公約数]
	<>	<u32_x>	[自然数1]
	<>	<u32_y>	[自然数2]
 ++supp
	<戻り値>
		最大公約数
	<引数>
		u32_x：自然数1
		u32_y：自然数2
	<補足説明>
		なし
 ++end_module
************************************************************************************/
U32 CalcGcd_U32(U32 u32_x, U32 u32_y)
{
									/* x%yの結果を保持する変数 */
	U32 u32_rem = 0;				/* 変数定義 */
	
	/* ヒントによると、「xとyの最大公約数は、yとx%yの最大公約数と一致する」らしい */
	/* → x%yの結果がゼロになるまでxにyの値を、yにx%yの結果を格納し続け、 */
	/*    x%yの結果がゼロになった時のyが最大公約数 */
	while(1)						/* x%yの結果がゼロではない間ループ */
	{
		u32_rem = u32_x % u32_y;	/* x%yを計算 */
		
		if(0 == u32_rem)			/* x%yの結果がゼロの場合 */
		{
			break;
		}
		
		u32_x = u32_y;				/* u32_xを更新 */
		u32_y = u32_rem;			/* u32_yを更新 */
	}
	
	return u32_y;
}
```

Only output the optimized assembly code. Do not include any other text. Do not write any comments in the assembly code. Wrap the assembly code in ```assembly``` tags.
Optimized Assembly Code:
"
10,"#include <stdio.h>
#include <string.h>

int get_id(char enzansi) {
	static int id[128]={1};
	if(id[0]==1) {
		id[0]=0;
		id['+']=1;id['-']=2;
		id['*']=3;id['/']=4;
		id['<']=5;id['>']=6;
		id['=']=7;id['&']=8;
		id['|']=9;id['^']=10;
		id['(']=11;id[')']=12;
	}
	return id[enzansi];
}

int enzansi_yuusen[20];
int enzansi_right_ketugo[20];

int enzansi_isdopop(char onstack,char now) {
	int id1=get_id(onstack);
	int id2=get_id(now);
	if(onstack=='(')return 0;
	return enzansi_yuusen[id1]>enzansi_yuusen[id2] ||
		(enzansi_yuusen[id1]==enzansi_yuusen[id2] &&
		!enzansi_right_ketugo[id1]);
}

int main_stack_num;
char main_stack[100][500];
int enzansi_stack_num;
char enzansi_stack[100];
int calc_stack_num;
char calc_stack[100];

int main(void) {
	int data_num,cur_data;
	int teigi_num,nowteigi_num;
	char teigi_rule[4];
	char now_teigi[4];
	char now_siki[200];
	char enzansi_buf[4]={0};
	int siki_num;
	int i,j;
	scanf(""%d"",&data_num);
	for(cur_data=0;cur_data<data_num;cur_data++) {
		if(cur_data>0)putchar('\n');
		scanf(""%d"",&teigi_num);
		for(i=0;i<teigi_num;i++) {
			scanf(""%s%d"",teigi_rule,&nowteigi_num);
			for(j=0;j<nowteigi_num;j++) {
				scanf(""%s"",now_teigi);
				enzansi_yuusen[get_id(now_teigi[0])]=i;
				enzansi_right_ketugo[get_id(now_teigi[0])]=(teigi_rule[0]=='R');
			}
		}
		scanf(""%d"",&siki_num);
		for(i=0;i<siki_num;i++) {
			scanf(""%s"",now_siki);
			main_stack_num=enzansi_stack_num=calc_stack_num=0;
			for(j=0;now_siki[j];j++) {
				if(get_id(now_siki[j])) {
					if(enzansi_stack_num>0) {
						if(now_siki[j]=='(') {
							enzansi_stack[enzansi_stack_num++]=now_siki[j];
						} else if(now_siki[j]==')') {
							while(enzansi_stack_num>0 &&
									enzansi_stack[enzansi_stack_num-1]!='(') {
								calc_stack[calc_stack_num++]=
									enzansi_stack[--enzansi_stack_num];
							}
							if(enzansi_stack_num>0)enzansi_stack_num--;
						} else {
							while(enzansi_stack_num>0 &&
									enzansi_isdopop(
										enzansi_stack[enzansi_stack_num-1],
										now_siki[j])) {
								calc_stack[calc_stack_num++]=
									enzansi_stack[--enzansi_stack_num];
							}
							enzansi_stack[enzansi_stack_num++]=now_siki[j];
						}
					} else {
						enzansi_stack[enzansi_stack_num++]=now_siki[j];
					}
				} else {
					calc_stack[calc_stack_num++]=now_siki[j];
				}
			}
			while(enzansi_stack_num>0) {
				calc_stack[calc_stack_num++]=
					enzansi_stack[--enzansi_stack_num];
			}
			for(j=0;j<calc_stack_num;j++) {
				enzansi_buf[0]=calc_stack[j];
				if(get_id(calc_stack[j])) {
					if(main_stack_num<2)return 1;
					strcat(main_stack[main_stack_num-2],enzansi_buf);
					strcat(main_stack[main_stack_num-2],main_stack[main_stack_num-1]);
					strcat(main_stack[main_stack_num-2],"")"");
					memmove(&main_stack[main_stack_num-2][1],
						&main_stack[main_stack_num-2][0],
						strlen(main_stack[main_stack_num-2])+1);
					main_stack[main_stack_num-2][0]='(';
					main_stack_num--;
				} else {
					strcpy(main_stack[main_stack_num++],enzansi_buf);
				}
			}
			puts(main_stack[0]);
		}
	}
	return 0;
}","[{""input"": ""2\n3\nR 1 =\nL 2 + -\nL 2 * /\n6\na+b*c-c\n(p-q)/q/d\na+b*c=d-e\nt+t+t+t+t\ns=s=s=s=s\n(((((z)))))\n3\nR 3 = < >\nL 3 & | ^\nL 4 + - * /\n1\na>b*c=d<e|f+g^h&i<j>k\n"", ""output"": ""((a+(b*c))-c)\n(((p-q)/q)/d)\n((a+(b*c))=(d-e))\n((((t+t)+t)+t)+t)\n(s=(s=(s=(s=s))))\nz\n\n(a>((b*c)=(d<((((e|(f+g))^h)&i)<(j>k)))))\n\n""}, {""input"": ""2\n3\nR 1 =\nL 2 + -\nL 2 * /\n6\na+b*c-d\n(p-q)/q/d\na+b*c=d-e\nt+t+t+t+t\ns=s=s=s=s\n(((((z)))))\n3\nR 3 = < >\nL 3 & | ^\nL 4 + . * /\n1\na>b*c=d<e|f+g^h&i<j>k\n"", ""output"": ""((a+(b*c))-d)\n(((p-q)/q)/d)\n((a+(b*c))=(d-e))\n((((t+t)+t)+t)+t)\n(s=(s=(s=(s=s))))\nz\n\n(a>((b*c)=(d<((((e|(f+g))^h)&i)<(j>k)))))\n\n""}, {""input"": ""2\n3\nR 1 =\nL 2 + -\nL 2 * /\n6\na+b*c-c\n(p-q)/q/d\na+b*c=d-e\nt+t+t+t+t\ns=s=s=s=s\n(((((z)))))\n3\nR 3 = < >\nL 3 & | ^\nL 4 + - * /\n1\na>b*c=d<e|f+g^h&i<j>j\n"", ""output"": ""((a+(b*c))-c)\n(((p-q)/q)/d)\n((a+(b*c))=(d-e))\n((((t+t)+t)+t)+t)\n(s=(s=(s=(s=s))))\nz\n\n(a>((b*c)=(d<((((e|(f+g))^h)&i)<(j>j)))))\n\n""}, {""input"": ""2\n3\nR 1 =\nL 2 + -\nL 2 * /\n6\na+b*c-c\n(p-q)/q/d\na+b*c=d-e\nt+t+t*t+t\ns=s=s=s=s\n(((((z)))))\n3\nR 3 = < >\nL 3 & | ^\nL 4 + - * /\n1\na>b*c=d<e|f+g^h&i<j>j\n"", ""output"": ""((a+(b*c))-c)\n(((p-q)/q)/d)\n((a+(b*c))=(d-e))\n(((t+t)+(t*t))+t)\n(s=(s=(s=(s=s))))\nz\n\n(a>((b*c)=(d<((((e|(f+g))^h)&i)<(j>j)))))\n\n""}, {""input"": ""2\n3\nR 1 =\nL 2 + -\nL 2 * /\n6\na+b*c-c\n(p-q)/q/d\na+b*c=d-e\nt+t+t+t+t\ns=s=r=s=s\n(((((z)))))\n3\nR 3 = < >\nL 3 & | ^\nL 4 + - * /\n1\na>b*c=d<e|f+g^h&i<j>k\n"", ""output"": ""((a+(b*c))-c)\n(((p-q)/q)/d)\n((a+(b*c))=(d-e))\n((((t+t)+t)+t)+t)\n(s=(s=(r=(s=s))))\nz\n\n(a>((b*c)=(d<((((e|(f+g))^h)&i)<(j>k)))))\n\n""}, {""input"": ""2\n3\nR 1 =\nL 2 + -\nL 2 * /\n6\na+b*c-c\n(o-q)/q/d\na+b*c=d-e\nt+t+t+t+t\ns=s=r=s=s\n(((((z)))))\n3\nR 3 = < >\nL 3 & | ^\nL 4 + - * /\n1\na>b*c=d<e|f+g^h&i<j>k\n"", ""output"": ""((a+(b*c))-c)\n(((o-q)/q)/d)\n((a+(b*c))=(d-e))\n((((t+t)+t)+t)+t)\n(s=(s=(r=(s=s))))\nz\n\n(a>((b*c)=(d<((((e|(f+g))^h)&i)<(j>k)))))\n\n""}, {""input"": ""2\n3\nR 1 =\nL 2 + -\nL 2 * /\n6\na+b*c-d\n(p-q)/q/d\na+b*c=d-e\nt+t+t+t+t\ns=s=s=s=s\n(((((z)))))\n3\nR 3 = < >\nL 3 & | ^\nL 4 + - * /\n1\na>b*c=d<e|g+g^h&i<j>k\n"", ""output"": ""((a+(b*c))-d)\n(((p-q)/q)/d)\n((a+(b*c))=(d-e))\n((((t+t)+t)+t)+t)\n(s=(s=(s=(s=s))))\nz\n\n(a>((b*c)=(d<((((e|(g+g))^h)&i)<(j>k)))))\n\n""}, {""input"": ""2\n3\nR 1 =\nL 2 + -\nL 2 * /\n6\na+b*c-c\n(p-q)/q/d\na+b*b=d-e\nt+t+t*t+t\ns=s=s=s=s\n(((((z)))))\n3\nR 3 = < >\nL 3 & | ^\nL 4 + - * /\n1\na>b*c=d<e|f+g^h&i<j>j\n"", ""output"": ""((a+(b*c))-c)\n(((p-q)/q)/d)\n((a+(b*b))=(d-e))\n(((t+t)+(t*t))+t)\n(s=(s=(s=(s=s))))\nz\n\n(a>((b*c)=(d<((((e|(f+g))^h)&i)<(j>j)))))\n\n""}, {""input"": ""2\n3\nR 1 =\nL 2 + -\nL 2 * /\n6\na+b*c-c\n(o-q)/q/d\na+c*b=d-e\nt+t+t+t+t\ns=s=r=s=s\n(((((z)))))\n3\nR 3 = < >\nL 3 & | ^\nL 4 + - * .\n1\na>b*c=d<e|f+g^h&i<j>k\n"", ""output"": ""((a+(b*c))-c)\n(((o-q)/q)/d)\n((a+(c*b))=(d-e))\n((((t+t)+t)+t)+t)\n(s=(s=(r=(s=s))))\nz\n\n(a>((b*c)=(d<((((e|(f+g))^h)&i)<(j>k)))))\n\n""}, {""input"": ""2\n3\nR 1 =\nL 2 + -\nL 2 * /\n6\na+b*c-c\n(p-q)/q/d\na+b*c=d-e\nt+t+t+t+t\ns=s=s=s=r\n(((((z)))))\n3\nR 3 = < >\nL 3 & | ^\nL 4 + - * /\n1\na>b*c=d<e|f+g^h&i<j>k\n"", ""output"": ""((a+(b*c))-c)\n(((p-q)/q)/d)\n((a+(b*c))=(d-e))\n((((t+t)+t)+t)+t)\n(s=(s=(s=(s=r))))\nz\n\n(a>((b*c)=(d<((((e|(f+g))^h)&i)<(j>k)))))\n\n""}]","Given the following C code and assembly code, your task is to generate highly optimized x86-64 assembly code.
C Code:

```c
#include <stdio.h>
#include <string.h>

int get_id(char enzansi) {
	static int id[128]={1};
	if(id[0]==1) {
		id[0]=0;
		id['+']=1;id['-']=2;
		id['*']=3;id['/']=4;
		id['<']=5;id['>']=6;
		id['=']=7;id['&']=8;
		id['|']=9;id['^']=10;
		id['(']=11;id[')']=12;
	}
	return id[enzansi];
}

int enzansi_yuusen[20];
int enzansi_right_ketugo[20];

int enzansi_isdopop(char onstack,char now) {
	int id1=get_id(onstack);
	int id2=get_id(now);
	if(onstack=='(')return 0;
	return enzansi_yuusen[id1]>enzansi_yuusen[id2] ||
		(enzansi_yuusen[id1]==enzansi_yuusen[id2] &&
		!enzansi_right_ketugo[id1]);
}

int main_stack_num;
char main_stack[100][500];
int enzansi_stack_num;
char enzansi_stack[100];
int calc_stack_num;
char calc_stack[100];

int main(void) {
	int data_num,cur_data;
	int teigi_num,nowteigi_num;
	char teigi_rule[4];
	char now_teigi[4];
	char now_siki[200];
	char enzansi_buf[4]={0};
	int siki_num;
	int i,j;
	scanf(""%d"",&data_num);
	for(cur_data=0;cur_data<data_num;cur_data++) {
		if(cur_data>0)putchar('\n');
		scanf(""%d"",&teigi_num);
		for(i=0;i<teigi_num;i++) {
			scanf(""%s%d"",teigi_rule,&nowteigi_num);
			for(j=0;j<nowteigi_num;j++) {
				scanf(""%s"",now_teigi);
				enzansi_yuusen[get_id(now_teigi[0])]=i;
				enzansi_right_ketugo[get_id(now_teigi[0])]=(teigi_rule[0]=='R');
			}
		}
		scanf(""%d"",&siki_num);
		for(i=0;i<siki_num;i++) {
			scanf(""%s"",now_siki);
			main_stack_num=enzansi_stack_num=calc_stack_num=0;
			for(j=0;now_siki[j];j++) {
				if(get_id(now_siki[j])) {
					if(enzansi_stack_num>0) {
						if(now_siki[j]=='(') {
							enzansi_stack[enzansi_stack_num++]=now_siki[j];
						} else if(now_siki[j]==')') {
							while(enzansi_stack_num>0 &&
									enzansi_stack[enzansi_stack_num-1]!='(') {
								calc_stack[calc_stack_num++]=
									enzansi_stack[--enzansi_stack_num];
							}
							if(enzansi_stack_num>0)enzansi_stack_num--;
						} else {
							while(enzansi_stack_num>0 &&
									enzansi_isdopop(
										enzansi_stack[enzansi_stack_num-1],
										now_siki[j])) {
								calc_stack[calc_stack_num++]=
									enzansi_stack[--enzansi_stack_num];
							}
							enzansi_stack[enzansi_stack_num++]=now_siki[j];
						}
					} else {
						enzansi_stack[enzansi_stack_num++]=now_siki[j];
					}
				} else {
					calc_stack[calc_stack_num++]=now_siki[j];
				}
			}
			while(enzansi_stack_num>0) {
				calc_stack[calc_stack_num++]=
					enzansi_stack[--enzansi_stack_num];
			}
			for(j=0;j<calc_stack_num;j++) {
				enzansi_buf[0]=calc_stack[j];
				if(get_id(calc_stack[j])) {
					if(main_stack_num<2)return 1;
					strcat(main_stack[main_stack_num-2],enzansi_buf);
					strcat(main_stack[main_stack_num-2],main_stack[main_stack_num-1]);
					strcat(main_stack[main_stack_num-2],"")"");
					memmove(&main_stack[main_stack_num-2][1],
						&main_stack[main_stack_num-2][0],
						strlen(main_stack[main_stack_num-2])+1);
					main_stack[main_stack_num-2][0]='(';
					main_stack_num--;
				} else {
					strcpy(main_stack[main_stack_num++],enzansi_buf);
				}
			}
			puts(main_stack[0]);
		}
	}
	return 0;
}
```

Assembly Code:

```assembly

```

Only output the optimized assembly code. Do not include any other text. Do not write any comments in the assembly code. Wrap the assembly code in ```assembly``` tags.
Optimized Assembly Code:
","Given the following C code, your task is to generate highly optimized x86-64 assembly code.
C Code:

```c
#include <stdio.h>
#include <string.h>

int get_id(char enzansi) {
	static int id[128]={1};
	if(id[0]==1) {
		id[0]=0;
		id['+']=1;id['-']=2;
		id['*']=3;id['/']=4;
		id['<']=5;id['>']=6;
		id['=']=7;id['&']=8;
		id['|']=9;id['^']=10;
		id['(']=11;id[')']=12;
	}
	return id[enzansi];
}

int enzansi_yuusen[20];
int enzansi_right_ketugo[20];

int enzansi_isdopop(char onstack,char now) {
	int id1=get_id(onstack);
	int id2=get_id(now);
	if(onstack=='(')return 0;
	return enzansi_yuusen[id1]>enzansi_yuusen[id2] ||
		(enzansi_yuusen[id1]==enzansi_yuusen[id2] &&
		!enzansi_right_ketugo[id1]);
}

int main_stack_num;
char main_stack[100][500];
int enzansi_stack_num;
char enzansi_stack[100];
int calc_stack_num;
char calc_stack[100];

int main(void) {
	int data_num,cur_data;
	int teigi_num,nowteigi_num;
	char teigi_rule[4];
	char now_teigi[4];
	char now_siki[200];
	char enzansi_buf[4]={0};
	int siki_num;
	int i,j;
	scanf(""%d"",&data_num);
	for(cur_data=0;cur_data<data_num;cur_data++) {
		if(cur_data>0)putchar('\n');
		scanf(""%d"",&teigi_num);
		for(i=0;i<teigi_num;i++) {
			scanf(""%s%d"",teigi_rule,&nowteigi_num);
			for(j=0;j<nowteigi_num;j++) {
				scanf(""%s"",now_teigi);
				enzansi_yuusen[get_id(now_teigi[0])]=i;
				enzansi_right_ketugo[get_id(now_teigi[0])]=(teigi_rule[0]=='R');
			}
		}
		scanf(""%d"",&siki_num);
		for(i=0;i<siki_num;i++) {
			scanf(""%s"",now_siki);
			main_stack_num=enzansi_stack_num=calc_stack_num=0;
			for(j=0;now_siki[j];j++) {
				if(get_id(now_siki[j])) {
					if(enzansi_stack_num>0) {
						if(now_siki[j]=='(') {
							enzansi_stack[enzansi_stack_num++]=now_siki[j];
						} else if(now_siki[j]==')') {
							while(enzansi_stack_num>0 &&
									enzansi_stack[enzansi_stack_num-1]!='(') {
								calc_stack[calc_stack_num++]=
									enzansi_stack[--enzansi_stack_num];
							}
							if(enzansi_stack_num>0)enzansi_stack_num--;
						} else {
							while(enzansi_stack_num>0 &&
									enzansi_isdopop(
										enzansi_stack[enzansi_stack_num-1],
										now_siki[j])) {
								calc_stack[calc_stack_num++]=
									enzansi_stack[--enzansi_stack_num];
							}
							enzansi_stack[enzansi_stack_num++]=now_siki[j];
						}
					} else {
						enzansi_stack[enzansi_stack_num++]=now_siki[j];
					}
				} else {
					calc_stack[calc_stack_num++]=now_siki[j];
				}
			}
			while(enzansi_stack_num>0) {
				calc_stack[calc_stack_num++]=
					enzansi_stack[--enzansi_stack_num];
			}
			for(j=0;j<calc_stack_num;j++) {
				enzansi_buf[0]=calc_stack[j];
				if(get_id(calc_stack[j])) {
					if(main_stack_num<2)return 1;
					strcat(main_stack[main_stack_num-2],enzansi_buf);
					strcat(main_stack[main_stack_num-2],main_stack[main_stack_num-1]);
					strcat(main_stack[main_stack_num-2],"")"");
					memmove(&main_stack[main_stack_num-2][1],
						&main_stack[main_stack_num-2][0],
						strlen(main_stack[main_stack_num-2])+1);
					main_stack[main_stack_num-2][0]='(';
					main_stack_num--;
				} else {
					strcpy(main_stack[main_stack_num++],enzansi_buf);
				}
			}
			puts(main_stack[0]);
		}
	}
	return 0;
}
```

Only output the optimized assembly code. Do not include any other text. Do not write any comments in the assembly code. Wrap the assembly code in ```assembly``` tags.
Optimized Assembly Code:
"
11,"/*
cat <<EOF >mistaken-paste
*/

#pragma GCC diagnostic ignored ""-Wincompatible-pointer-types""
#define _USE_MATH_DEFINES

#include <stdio.h>
#include <stdint.h>
#include <stdlib.h>
#include <string.h>
#include <stdbool.h>
#include <math.h>
#include <time.h>

#define BIG 2000000007
#define VERYBIG 2000000000000007LL

#define MOD 1000000007
#define FOD  998244353
typedef uint64_t ull;
typedef  int64_t sll;

#define N_MAX 1000000
#define M_MAX 200000

#ifdef __cplusplus
#include <queue>
#include <stack>
#include <tuple>
#include <set>
#include <map>
#include <string>

using std::queue;
using std::priority_queue;
using std::stack;
using std::tuple;
using std::set;
using std::map;
using std::vector;
using std::greater;
using std::pair;
using std::string;

#endif

typedef struct {
	int32_t a;
	int32_t b;
} hw;

typedef struct {
	sll a;
	sll b;
} hwll;

typedef struct {
	sll a;
	sll b;
	sll c;
} hwllc;

typedef struct {
	hwll a;
	hwll b;
} linell;

ull n, m;
ull h, w;
ull k;
ull q;
sll va, vb, vc, vd, ve, vf;
ull ua, ub, uc, ud, ue, uf;
long double vra, vrb, vrc;
double vda, vdb, vdc;
char ch, dh;

ull umin (ull x, ull y) {
	return (x < y) ? x : y;
}

ull umax (ull x, ull y) {
	return (x > y) ? x : y;
}

sll smin (sll x, sll y) {
	return (x < y) ? x : y;
}

sll smax (sll x, sll y) {
	return (x > y) ? x : y;
}

ull gcd (ull x, ull y) {
	if (x < y) {
		return gcd(y, x);
	} else if (y == 0) {
		return x;
	} else {
		return gcd(y, x % y);
	}
}

ull bitpow (ull a, ull x, ull modulo) {
	ull result = 1;
	while (x) {
		if (x & 1) {
			result *= a;
			result %= modulo;
		}
		x /= 2;
		a = (a * a) % modulo;
	}
	return result;
}

ull divide (ull a, ull b, ull modulo) {
	return (a * bitpow(b, modulo - 2, modulo)) % modulo;
}

ull udiff (ull a, ull b) {
	if (a >= b) {
		return a - b;
	} else {
		return b - a;
	}
}

sll sdiff (sll a, sll b) {
	if (a >= b) {
		return a - b;
	} else {
		return b - a;
	}
}

int bitcount (ull n) {
	int result = 0;
	while (n) {
		if (n & 1) result++;
		n /= 2;
	}
	return result;
}

// double distance (sll x1, sll y1, sll x2, sll y2) {
// 	double xdist2, ydist2, origindist, dist;

// 	xdist2 = (x1 - x2) * (x1 - x2);
// 	ydist2 = (y1 - y2) * (y1 - y2);
// 	return sqrt(xdist2 + ydist2);
// }

int32_t pullcomp (const void *left, const void *right) {
	ull l = *(ull*)left;
	ull r = *(ull*)right;
	if (l < r) {
		return -1;
	}
	if (l > r) {
		return +1;
	}
	return 0;
}

int32_t psllcomp (const void *left, const void *right) {
	sll l = *(sll*)left;
	sll r = *(sll*)right;
	if (l < r) {
		return -1;
	}
	if (l > r) {
		return +1;
	}
	return 0;
}

int32_t pcharcomp (const void *left, const void *right) {
	char l = *(char*)left;
	char r = *(char*)right;
	if (l < r) {
		return -1;
	}
	if (l > r) {
		return +1;
	}
	return 0;
}

int32_t pdoublecomp (const void *left, const void *right) {
	double l = *(double*)left;
	double r = *(double*)right;
	if (l < r) {
		return -1;
	}
	if (l > r) {
		return +1;
	}
	return 0;
}

int32_t pstrcomp (const void *left, const void *right) {
	char* l = *(char**)left;
	char* r = *(char**)right;

	return strcmp(l, r);
}

int32_t phwllABcomp (const void *left, const void *right) {
	hwll l = *(hwll*)left;
	hwll r = *(hwll*)right;
	if (l.a < r.a) {
		return -1;
	}
	if (l.a > r.a) {
		return +1;
	}
	if (l.b < r.b) {
		return -1;
	}
	if (l.b > r.b) {
		return +1;
	}
	return 0;
}

int32_t phwllREVcomp (const void *left, const void *right) {
	hwll l = *(hwll*)left;
	hwll r = *(hwll*)right;
	if (l.b < r.b) {
		return -1;
	}
	if (l.b > r.b) {
		return +1;
	}
	if (l.a < r.a) {
		return -1;
	}
	if (l.a > r.a) {
		return +1;
	}
	return 0;
}

int32_t ptriplecomp (const void *left, const void *right) {
	hwllc l = *(hwllc*)left;
	hwllc r = *(hwllc*)right;

	if (l.a < r.a) {
		return -1;
	}
	if (l.a > r.a) {
		return +1;
	}
	if (l.b < r.b) {
		return -1;
	}
	if (l.b > r.b) {
		return +1;
	}
	if (l.c < r.c) {
		return -1;
	}
	if (l.c > r.c) {
		return +1;
	}
	return 0;
}

bool isinrange (sll left, sll x, sll right) {
	return (left <= x && x <= right);
}

bool isinrange_soft (sll left, sll x, sll right) {
	return (left <= x && x <= right) || (left >= x && x >= right);
}

sll a[N_MAX];
// sll a[3001][3001];
sll b[N_MAX];
// sll b[3001][3001];
sll c[N_MAX];
// sll d[N_MAX];
// sll e[N_MAX];
char s[N_MAX + 1];
// char s[3010][3010];
char t[N_MAX + 1];
// char t[3010][3010];
// hwll xy[N_MAX];
// sll table[1000][1000];

bool ok[N_MAX];

ull solve () {
	sll i, j, ki, li;
	ull result = 0;
	// sll result = 0;
	double dresult = 0;
	// ull maybe = 0;
	sll maybe = 0;
	// ull sum = 0;
	sll sum = 0;
	sll item;
	ull *dpcell;

	for (i = 0; i <= va; i++) {
		ok[i] = false;
		if (i == 0) ok[i] = true;
		if (i >= 4 && ok[i - 4]) ok[i] = true;
		if (i >= 7 && ok[i - 7]) ok[i] = true;
	}
	if (ok[va]) {
		goto success;
	} else {
		goto fail;
	}

	// printf(""%lld\n"", result);
	// printf(""%.15lf\n"", dresult);
	// puts(s);

	return 0;

	success:
	// puts(""YES"");
	puts(""Yes"");
	// printf(""%llu\n"", result);
	// puts(""0"");
	// puts(""AC"");
	return 0;

	fail:
	// puts(""NO"");
	puts(""No"");
	// puts(""0"");
	// puts(""-1"");
	// puts(""-1 -1 -1"");
	// puts(""WA"");
	return 1;
}

int32_t main (void) {
	int32_t i, j;
	int32_t x, y;

	// scanf(""%llu"", &n, &m);
	// scanf(""%llu"", &k, &n, &m);
	// scanf(""%llu%llu"", &h, &w);
	scanf(""%lld"", &va, &vb, &vc, &vd);
	// scanf(""%llu%llu"", &ua, &ub, &uc, &ud);
	// scanf(""%llu"", &q);
	// scanf(""%s"", s);
	// scanf(""%s"", t);
	// for (i = 0; i < n; i++) {
	// 	// scanf(""%lld%lld"", &xy[i].a, &xy[i].b);
	// 	scanf(""%lld"", &a[i]);
	// 	scanf(""%lld"", &b[i]);
	// 	// scanf(""%lld"", &c[i]);
	// 	// scanf(""%lld"", &d[i]);
	// 	// a[i]--;
	// 	// b[i]--;
	// 	// c[i]--;
	// }
	// scanf(""%llu"", &m, &k);
	// scanf(""%llu"", &q);
	// for (i = 0; i < k; i++) {
	// 	scanf(""%lld"", &e[i]);
	// 	e[i]--;
	// 	scanf(""%lld"", &d[i]);
	// }

	// for (i = 0; i < n; i++) {
	// 	for (j = 0; j < n; j++) {
	// 		scanf(""%llu"", &table[i][j]);
	// 	}
	// }
	// for (i = 0; i < h; i++) {
	// 	scanf(""%s"", &s[i]);
	// }

	solve();

	return 0;
}
","[{""input"": ""17\n"", ""output"": ""No\n\n""}, {""input"": ""22\n"", ""output"": ""Yes\n\n""}, {""input"": ""1\n"", ""output"": ""No\n\n""}, {""input"": ""19\n"", ""output"": ""Yes\n\n""}, {""input"": ""2\n"", ""output"": ""No\n\n""}, {""input"": ""9\n"", ""output"": ""No\n\n""}, {""input"": ""18\n"", ""output"": ""Yes\n\n""}, {""input"": ""4\n"", ""output"": ""Yes\n\n""}, {""input"": ""6\n"", ""output"": ""No\n\n""}, {""input"": ""15\n"", ""output"": ""Yes\n\n""}]","Given the following C code and assembly code, your task is to generate highly optimized x86-64 assembly code.
C Code:

```c
/*
cat <<EOF >mistaken-paste
*/

#pragma GCC diagnostic ignored ""-Wincompatible-pointer-types""
#define _USE_MATH_DEFINES

#include <stdio.h>
#include <stdint.h>
#include <stdlib.h>
#include <string.h>
#include <stdbool.h>
#include <math.h>
#include <time.h>

#define BIG 2000000007
#define VERYBIG 2000000000000007LL

#define MOD 1000000007
#define FOD  998244353
typedef uint64_t ull;
typedef  int64_t sll;

#define N_MAX 1000000
#define M_MAX 200000

#ifdef __cplusplus
#include <queue>
#include <stack>
#include <tuple>
#include <set>
#include <map>
#include <string>

using std::queue;
using std::priority_queue;
using std::stack;
using std::tuple;
using std::set;
using std::map;
using std::vector;
using std::greater;
using std::pair;
using std::string;

#endif

typedef struct {
	int32_t a;
	int32_t b;
} hw;

typedef struct {
	sll a;
	sll b;
} hwll;

typedef struct {
	sll a;
	sll b;
	sll c;
} hwllc;

typedef struct {
	hwll a;
	hwll b;
} linell;

ull n, m;
ull h, w;
ull k;
ull q;
sll va, vb, vc, vd, ve, vf;
ull ua, ub, uc, ud, ue, uf;
long double vra, vrb, vrc;
double vda, vdb, vdc;
char ch, dh;

ull umin (ull x, ull y) {
	return (x < y) ? x : y;
}

ull umax (ull x, ull y) {
	return (x > y) ? x : y;
}

sll smin (sll x, sll y) {
	return (x < y) ? x : y;
}

sll smax (sll x, sll y) {
	return (x > y) ? x : y;
}

ull gcd (ull x, ull y) {
	if (x < y) {
		return gcd(y, x);
	} else if (y == 0) {
		return x;
	} else {
		return gcd(y, x % y);
	}
}

ull bitpow (ull a, ull x, ull modulo) {
	ull result = 1;
	while (x) {
		if (x & 1) {
			result *= a;
			result %= modulo;
		}
		x /= 2;
		a = (a * a) % modulo;
	}
	return result;
}

ull divide (ull a, ull b, ull modulo) {
	return (a * bitpow(b, modulo - 2, modulo)) % modulo;
}

ull udiff (ull a, ull b) {
	if (a >= b) {
		return a - b;
	} else {
		return b - a;
	}
}

sll sdiff (sll a, sll b) {
	if (a >= b) {
		return a - b;
	} else {
		return b - a;
	}
}

int bitcount (ull n) {
	int result = 0;
	while (n) {
		if (n & 1) result++;
		n /= 2;
	}
	return result;
}

// double distance (sll x1, sll y1, sll x2, sll y2) {
// 	double xdist2, ydist2, origindist, dist;

// 	xdist2 = (x1 - x2) * (x1 - x2);
// 	ydist2 = (y1 - y2) * (y1 - y2);
// 	return sqrt(xdist2 + ydist2);
// }

int32_t pullcomp (const void *left, const void *right) {
	ull l = *(ull*)left;
	ull r = *(ull*)right;
	if (l < r) {
		return -1;
	}
	if (l > r) {
		return +1;
	}
	return 0;
}

int32_t psllcomp (const void *left, const void *right) {
	sll l = *(sll*)left;
	sll r = *(sll*)right;
	if (l < r) {
		return -1;
	}
	if (l > r) {
		return +1;
	}
	return 0;
}

int32_t pcharcomp (const void *left, const void *right) {
	char l = *(char*)left;
	char r = *(char*)right;
	if (l < r) {
		return -1;
	}
	if (l > r) {
		return +1;
	}
	return 0;
}

int32_t pdoublecomp (const void *left, const void *right) {
	double l = *(double*)left;
	double r = *(double*)right;
	if (l < r) {
		return -1;
	}
	if (l > r) {
		return +1;
	}
	return 0;
}

int32_t pstrcomp (const void *left, const void *right) {
	char* l = *(char**)left;
	char* r = *(char**)right;

	return strcmp(l, r);
}

int32_t phwllABcomp (const void *left, const void *right) {
	hwll l = *(hwll*)left;
	hwll r = *(hwll*)right;
	if (l.a < r.a) {
		return -1;
	}
	if (l.a > r.a) {
		return +1;
	}
	if (l.b < r.b) {
		return -1;
	}
	if (l.b > r.b) {
		return +1;
	}
	return 0;
}

int32_t phwllREVcomp (const void *left, const void *right) {
	hwll l = *(hwll*)left;
	hwll r = *(hwll*)right;
	if (l.b < r.b) {
		return -1;
	}
	if (l.b > r.b) {
		return +1;
	}
	if (l.a < r.a) {
		return -1;
	}
	if (l.a > r.a) {
		return +1;
	}
	return 0;
}

int32_t ptriplecomp (const void *left, const void *right) {
	hwllc l = *(hwllc*)left;
	hwllc r = *(hwllc*)right;

	if (l.a < r.a) {
		return -1;
	}
	if (l.a > r.a) {
		return +1;
	}
	if (l.b < r.b) {
		return -1;
	}
	if (l.b > r.b) {
		return +1;
	}
	if (l.c < r.c) {
		return -1;
	}
	if (l.c > r.c) {
		return +1;
	}
	return 0;
}

bool isinrange (sll left, sll x, sll right) {
	return (left <= x && x <= right);
}

bool isinrange_soft (sll left, sll x, sll right) {
	return (left <= x && x <= right) || (left >= x && x >= right);
}

sll a[N_MAX];
// sll a[3001][3001];
sll b[N_MAX];
// sll b[3001][3001];
sll c[N_MAX];
// sll d[N_MAX];
// sll e[N_MAX];
char s[N_MAX + 1];
// char s[3010][3010];
char t[N_MAX + 1];
// char t[3010][3010];
// hwll xy[N_MAX];
// sll table[1000][1000];

bool ok[N_MAX];

ull solve () {
	sll i, j, ki, li;
	ull result = 0;
	// sll result = 0;
	double dresult = 0;
	// ull maybe = 0;
	sll maybe = 0;
	// ull sum = 0;
	sll sum = 0;
	sll item;
	ull *dpcell;

	for (i = 0; i <= va; i++) {
		ok[i] = false;
		if (i == 0) ok[i] = true;
		if (i >= 4 && ok[i - 4]) ok[i] = true;
		if (i >= 7 && ok[i - 7]) ok[i] = true;
	}
	if (ok[va]) {
		goto success;
	} else {
		goto fail;
	}

	// printf(""%lld\n"", result);
	// printf(""%.15lf\n"", dresult);
	// puts(s);

	return 0;

	success:
	// puts(""YES"");
	puts(""Yes"");
	// printf(""%llu\n"", result);
	// puts(""0"");
	// puts(""AC"");
	return 0;

	fail:
	// puts(""NO"");
	puts(""No"");
	// puts(""0"");
	// puts(""-1"");
	// puts(""-1 -1 -1"");
	// puts(""WA"");
	return 1;
}

int32_t main (void) {
	int32_t i, j;
	int32_t x, y;

	// scanf(""%llu"", &n, &m);
	// scanf(""%llu"", &k, &n, &m);
	// scanf(""%llu%llu"", &h, &w);
	scanf(""%lld"", &va, &vb, &vc, &vd);
	// scanf(""%llu%llu"", &ua, &ub, &uc, &ud);
	// scanf(""%llu"", &q);
	// scanf(""%s"", s);
	// scanf(""%s"", t);
	// for (i = 0; i < n; i++) {
	// 	// scanf(""%lld%lld"", &xy[i].a, &xy[i].b);
	// 	scanf(""%lld"", &a[i]);
	// 	scanf(""%lld"", &b[i]);
	// 	// scanf(""%lld"", &c[i]);
	// 	// scanf(""%lld"", &d[i]);
	// 	// a[i]--;
	// 	// b[i]--;
	// 	// c[i]--;
	// }
	// scanf(""%llu"", &m, &k);
	// scanf(""%llu"", &q);
	// for (i = 0; i < k; i++) {
	// 	scanf(""%lld"", &e[i]);
	// 	e[i]--;
	// 	scanf(""%lld"", &d[i]);
	// }

	// for (i = 0; i < n; i++) {
	// 	for (j = 0; j < n; j++) {
	// 		scanf(""%llu"", &table[i][j]);
	// 	}
	// }
	// for (i = 0; i < h; i++) {
	// 	scanf(""%s"", &s[i]);
	// }

	solve();

	return 0;
}
```

Assembly Code:

```assembly

```

Only output the optimized assembly code. Do not include any other text. Do not write any comments in the assembly code. Wrap the assembly code in ```assembly``` tags.
Optimized Assembly Code:
","Given the following C code, your task is to generate highly optimized x86-64 assembly code.
C Code:

```c
/*
cat <<EOF >mistaken-paste
*/

#pragma GCC diagnostic ignored ""-Wincompatible-pointer-types""
#define _USE_MATH_DEFINES

#include <stdio.h>
#include <stdint.h>
#include <stdlib.h>
#include <string.h>
#include <stdbool.h>
#include <math.h>
#include <time.h>

#define BIG 2000000007
#define VERYBIG 2000000000000007LL

#define MOD 1000000007
#define FOD  998244353
typedef uint64_t ull;
typedef  int64_t sll;

#define N_MAX 1000000
#define M_MAX 200000

#ifdef __cplusplus
#include <queue>
#include <stack>
#include <tuple>
#include <set>
#include <map>
#include <string>

using std::queue;
using std::priority_queue;
using std::stack;
using std::tuple;
using std::set;
using std::map;
using std::vector;
using std::greater;
using std::pair;
using std::string;

#endif

typedef struct {
	int32_t a;
	int32_t b;
} hw;

typedef struct {
	sll a;
	sll b;
} hwll;

typedef struct {
	sll a;
	sll b;
	sll c;
} hwllc;

typedef struct {
	hwll a;
	hwll b;
} linell;

ull n, m;
ull h, w;
ull k;
ull q;
sll va, vb, vc, vd, ve, vf;
ull ua, ub, uc, ud, ue, uf;
long double vra, vrb, vrc;
double vda, vdb, vdc;
char ch, dh;

ull umin (ull x, ull y) {
	return (x < y) ? x : y;
}

ull umax (ull x, ull y) {
	return (x > y) ? x : y;
}

sll smin (sll x, sll y) {
	return (x < y) ? x : y;
}

sll smax (sll x, sll y) {
	return (x > y) ? x : y;
}

ull gcd (ull x, ull y) {
	if (x < y) {
		return gcd(y, x);
	} else if (y == 0) {
		return x;
	} else {
		return gcd(y, x % y);
	}
}

ull bitpow (ull a, ull x, ull modulo) {
	ull result = 1;
	while (x) {
		if (x & 1) {
			result *= a;
			result %= modulo;
		}
		x /= 2;
		a = (a * a) % modulo;
	}
	return result;
}

ull divide (ull a, ull b, ull modulo) {
	return (a * bitpow(b, modulo - 2, modulo)) % modulo;
}

ull udiff (ull a, ull b) {
	if (a >= b) {
		return a - b;
	} else {
		return b - a;
	}
}

sll sdiff (sll a, sll b) {
	if (a >= b) {
		return a - b;
	} else {
		return b - a;
	}
}

int bitcount (ull n) {
	int result = 0;
	while (n) {
		if (n & 1) result++;
		n /= 2;
	}
	return result;
}

// double distance (sll x1, sll y1, sll x2, sll y2) {
// 	double xdist2, ydist2, origindist, dist;

// 	xdist2 = (x1 - x2) * (x1 - x2);
// 	ydist2 = (y1 - y2) * (y1 - y2);
// 	return sqrt(xdist2 + ydist2);
// }

int32_t pullcomp (const void *left, const void *right) {
	ull l = *(ull*)left;
	ull r = *(ull*)right;
	if (l < r) {
		return -1;
	}
	if (l > r) {
		return +1;
	}
	return 0;
}

int32_t psllcomp (const void *left, const void *right) {
	sll l = *(sll*)left;
	sll r = *(sll*)right;
	if (l < r) {
		return -1;
	}
	if (l > r) {
		return +1;
	}
	return 0;
}

int32_t pcharcomp (const void *left, const void *right) {
	char l = *(char*)left;
	char r = *(char*)right;
	if (l < r) {
		return -1;
	}
	if (l > r) {
		return +1;
	}
	return 0;
}

int32_t pdoublecomp (const void *left, const void *right) {
	double l = *(double*)left;
	double r = *(double*)right;
	if (l < r) {
		return -1;
	}
	if (l > r) {
		return +1;
	}
	return 0;
}

int32_t pstrcomp (const void *left, const void *right) {
	char* l = *(char**)left;
	char* r = *(char**)right;

	return strcmp(l, r);
}

int32_t phwllABcomp (const void *left, const void *right) {
	hwll l = *(hwll*)left;
	hwll r = *(hwll*)right;
	if (l.a < r.a) {
		return -1;
	}
	if (l.a > r.a) {
		return +1;
	}
	if (l.b < r.b) {
		return -1;
	}
	if (l.b > r.b) {
		return +1;
	}
	return 0;
}

int32_t phwllREVcomp (const void *left, const void *right) {
	hwll l = *(hwll*)left;
	hwll r = *(hwll*)right;
	if (l.b < r.b) {
		return -1;
	}
	if (l.b > r.b) {
		return +1;
	}
	if (l.a < r.a) {
		return -1;
	}
	if (l.a > r.a) {
		return +1;
	}
	return 0;
}

int32_t ptriplecomp (const void *left, const void *right) {
	hwllc l = *(hwllc*)left;
	hwllc r = *(hwllc*)right;

	if (l.a < r.a) {
		return -1;
	}
	if (l.a > r.a) {
		return +1;
	}
	if (l.b < r.b) {
		return -1;
	}
	if (l.b > r.b) {
		return +1;
	}
	if (l.c < r.c) {
		return -1;
	}
	if (l.c > r.c) {
		return +1;
	}
	return 0;
}

bool isinrange (sll left, sll x, sll right) {
	return (left <= x && x <= right);
}

bool isinrange_soft (sll left, sll x, sll right) {
	return (left <= x && x <= right) || (left >= x && x >= right);
}

sll a[N_MAX];
// sll a[3001][3001];
sll b[N_MAX];
// sll b[3001][3001];
sll c[N_MAX];
// sll d[N_MAX];
// sll e[N_MAX];
char s[N_MAX + 1];
// char s[3010][3010];
char t[N_MAX + 1];
// char t[3010][3010];
// hwll xy[N_MAX];
// sll table[1000][1000];

bool ok[N_MAX];

ull solve () {
	sll i, j, ki, li;
	ull result = 0;
	// sll result = 0;
	double dresult = 0;
	// ull maybe = 0;
	sll maybe = 0;
	// ull sum = 0;
	sll sum = 0;
	sll item;
	ull *dpcell;

	for (i = 0; i <= va; i++) {
		ok[i] = false;
		if (i == 0) ok[i] = true;
		if (i >= 4 && ok[i - 4]) ok[i] = true;
		if (i >= 7 && ok[i - 7]) ok[i] = true;
	}
	if (ok[va]) {
		goto success;
	} else {
		goto fail;
	}

	// printf(""%lld\n"", result);
	// printf(""%.15lf\n"", dresult);
	// puts(s);

	return 0;

	success:
	// puts(""YES"");
	puts(""Yes"");
	// printf(""%llu\n"", result);
	// puts(""0"");
	// puts(""AC"");
	return 0;

	fail:
	// puts(""NO"");
	puts(""No"");
	// puts(""0"");
	// puts(""-1"");
	// puts(""-1 -1 -1"");
	// puts(""WA"");
	return 1;
}

int32_t main (void) {
	int32_t i, j;
	int32_t x, y;

	// scanf(""%llu"", &n, &m);
	// scanf(""%llu"", &k, &n, &m);
	// scanf(""%llu%llu"", &h, &w);
	scanf(""%lld"", &va, &vb, &vc, &vd);
	// scanf(""%llu%llu"", &ua, &ub, &uc, &ud);
	// scanf(""%llu"", &q);
	// scanf(""%s"", s);
	// scanf(""%s"", t);
	// for (i = 0; i < n; i++) {
	// 	// scanf(""%lld%lld"", &xy[i].a, &xy[i].b);
	// 	scanf(""%lld"", &a[i]);
	// 	scanf(""%lld"", &b[i]);
	// 	// scanf(""%lld"", &c[i]);
	// 	// scanf(""%lld"", &d[i]);
	// 	// a[i]--;
	// 	// b[i]--;
	// 	// c[i]--;
	// }
	// scanf(""%llu"", &m, &k);
	// scanf(""%llu"", &q);
	// for (i = 0; i < k; i++) {
	// 	scanf(""%lld"", &e[i]);
	// 	e[i]--;
	// 	scanf(""%lld"", &d[i]);
	// }

	// for (i = 0; i < n; i++) {
	// 	for (j = 0; j < n; j++) {
	// 		scanf(""%llu"", &table[i][j]);
	// 	}
	// }
	// for (i = 0; i < h; i++) {
	// 	scanf(""%s"", &s[i]);
	// }

	solve();

	return 0;
}
```

Only output the optimized assembly code. Do not include any other text. Do not write any comments in the assembly code. Wrap the assembly code in ```assembly``` tags.
Optimized Assembly Code:
"
12,"//set many funcs template
//Ver.20181228
#include<stdio.h>
#include<string.h>
#include<stdlib.h>
#include<stdbool.h>
#include<time.h>
#define inf 1072114514
#define llinf 4154118101919364364
#define mod 1000000007
#define pi 3.1415926535897932384
#define vsize 524288
#define size 11111111

int max(int a,int b){if(a>b){return a;}return b;}
int min(int a,int b){if(a<b){return a;}return b;}
int zt(int a,int b){return max(a,b)-min(a,b);}
int round(int a,int b){if((a%b)*2 >= b){return (a/b)+1;}return a/b;}
int ceil(int a,int b){if(a%b==0){return a/b;}return (a/b)+1;}
int gcd(int a,int b){int c;while(b!=0){c=a%b;a=b;b=c;}return a;}
int lcm(int a,int b){int c=gcd(a,b);a/=c;return a*b;}
int nCr(int a,int b){int i,r=1;for(i=1;i<=b;i++){r*=(a+1-i);r/=i;}return r;}
int nHr(int a,int b){return nCr(a+b-1,b);}
int fact(int a){int i,r=1;for(i=1;i<=a;i++){r*=i;}return r;}
int pow(int a,int b){int i,r=1;for(i=1;i<=b;i++){r*=a;}return r;}
int dsum(int x){int r=0;while(x){r+=(x%10);x/=10;}return r;}
int dsumb(int x,int b){int r=0;while(x){r+=(x%b);x/=b;}return r;}
int sankaku(int x){return ((1+x)*x)/2;}
long long llmax(long long a,long long b){if(a>b){return a;}return b;}
long long llmin(long long a,long long b){if(a<b){return a;}return b;}
long long llzt(long long a,long long b){return llmax(a,b)-llmin(a,b);}
long long llround(long long a,long long b){if((a%b)*2 >= b){return (a/b)+1;}return a/b;}
long long llceil(long long a,long long b){if(a%b==0){return a/b;}return (a/b)+1;}
long long llgcd(long long a,long long b){long long c;while(b!=0){c=a%b;a=b;b=c;}return a;}
long long lllcm(long long a,long long b){long long c=llgcd(a,b);a/=c;return a*b;}
long long llnCr(long long a,long long b){long long i,r=1;for(i=1;i<=b;i++){r*=(a+1-i);r/=i;}return r;}
long long llnHr(long long a,long long b){return llnCr(a+b-1,b);}
long long llfact(long long a){long long i,r=1;for(i=1;i<=a;i++){r*=i;}return r;}
long long llpow(long long a,long long b){long long i,r=1;for(i=1;i<=b;i++){r*=a;}return r;}
long long lldsum(long long x){long long r=0;while(x){r+=(x%10);x/=10;}return r;}
long long lldsumb(long long x,long long b){long long r=0;while(x){r+=(x%b);x/=b;}return r;}
long long llsankaku(long long x){return ((1+x)*x)/2;}
double dbmax(double a,double b){if(a>b){return a;}return b;}
double dbmin(double a,double b){if(a<b){return a;}return b;}
double dbzt(double a,double b){return dbmax(a,b)-dbmin(a,b);}
int sortfncsj(const void *a,const void *b){if(*(int *)a>*(int *)b){return 1;}if(*(int *)a==*(int *)b){return 0;}return -1;}
int sortfnckj(const void *a,const void *b){if(*(int *)a<*(int *)b){return 1;}if(*(int *)a==*(int *)b){return 0;}return -1;}
int llsortfncsj(const void *a,const void *b){if(*(long long *)a>*(long long *)b){return 1;}if(*(long long *)a==*(long long *)b){return 0;}return -1;}
int llsortfnckj(const void *a,const void *b){if(*(long long *)a<*(long long *)b){return 1;}if(*(long long *)a==*(long long *)b){return 0;}return -1;}
int dbsortfncsj(const void *a,const void *b){if(*(double *)a>*(double *)b){return 1;}if(*(double *)a==*(double *)b){return 0;}return -1;}
int dbsortfnckj(const void *a,const void *b){if(*(double *)a<*(double *)b){return 1;}if(*(double *)a==*(double *)b){return 0;}return -1;}
int strsortfncsj(const void *a,const void *b){return strcmp((char *)a,(char *)b);}
int strsortfnckj(const void *a,const void *b){return strcmp((char *)b,(char *)a);}
int chsortfncsj(const void *a,const void *b){if(*(char *)a>*(char *)b){return 1;}if(*(char *)a==*(char *)b){return 0;}return -1;}
int chsortfnckj(const void *a,const void *b){if(*(char *)a<*(char *)b){return 1;}if(*(char *)a==*(char *)b){return 0;}return -1;}

void shuffledget(int x[],int n){
    srand(time(0));
    int i,b[524288],p,c;
    for(i=0;i<n;i++){
        b[i]=i;
    }
    for(i=n;i>=1;i--){
        p=rand()%i;
        c=b[i-1];b[i-1]=b[p];b[p]=c;
    }
    for(i=0;i<n;i++){
        scanf(""%d"",&x[b[i]]);
    }
}

int dx4[4]={1,-1,0,0};
int dy4[4]={0,0,1,-1};
int dx8[8]={-1,-1,-1,0,0,1,1,1};
int dy8[8]={-1,0,1,-1,1,-1,0,1};

int search(int x,int a[],int n){
    int st=0,fi=n-1,te;
    while(st<=fi){
        te=(st+fi)/2;
        if(a[te]<x){st=te+1;}else{fi=te-1;}
    }
    return st;
}

void prarr(int arr[],int n){
  int i;
  for(i=0;i<n;i++){
    if(i){printf("" "");}
    printf(""%d"",arr[i]);
  }
  printf(""\n"");
  return;
}

typedef struct{
int val;
int node;
}sd;

int sdsortfnc(const void *a,const void *b){
if(((sd*)a)->val < ((sd*)b)->val){return -1;}
if(((sd*)a)->val > ((sd*)b)->val){return 1;}
return 0;
}


typedef struct{
    int st;
    int fi;
}rs;

typedef struct{
    int st;
    int kz;
}mkj;

int sortfnc(const void *a,const void *b){
if(((rs*)a)->st == ((rs*)b)->st){return 0;}
if(((rs*)a)->st < ((rs*)b)->st){return -1;}
return 1;
}

void makemkj(rs g[],mkj x[],int n){
    int i,ms=0,nst=g[0].st;
    for(i=1;i<n;i++){
        if(g[i].st!=g[i-1].st){
            x[nst].kz=i-ms;
            x[nst].st=ms;
            nst=g[i].st;ms=i;
        }
    }
    x[nst].kz=n-ms;
    x[nst].st=ms;
}

int mlis(int d,int sl[],int tl[]){
  int c=0,i,j,st,fi,te;
  for(i=0;i<=600;i++){
    if(i*i>d){break;}
    if(i*i+600*600<d){continue;}
    st=0;fi=600;
    while(st<=fi){
      te=(st+fi)/2;
      if(i*i+te*te==d){
        sl[c]=i;
        tl[c]=te;
        c++;
        break;
      }
      else if(i*i+te*te>d){fi=te-1;}
      else{st=te+1;}
    }
  }
  return c;
}

int n;
int vid(int a,int b){
  return 2*n*a+b;
}

//coloring bipartite graph
//color:1 or 2,nocolor = 0
void clbig(int ver,int pc,int col[],rs g[],mkj x[]){
  int i;
  if(col[ver]!=0){return;}
  col[ver]=3-pc;
  for(i=x[ver].st;i<x[ver].st+x[ver].kz;i++){
    clbig(g[i].fi,col[ver],col,g,x);
  }
}

int main(void){
    int i,j,m,k,a,b,c,h,w,r,l,t,ni,nj;
    int mem[4][4]={0};
    int as[1024],at[1024],ac;
    int bs[1024],bt[1024],bc;
    int acol[vsize]={0},bcol[vsize]={0};
    int ae=0,be=0;
    int agrt=0,bgrt=0;
    rs ga[size],gb[size];
    mkj ma[vsize],mb[vsize];
    scanf(""%d%d%d"",&n,&a,&b);
    ac=mlis(a,as,at);
    bc=mlis(b,bs,bt);
    for(i=0;i<2*n;i++){
      for(j=0;j<2*n;j++){
        for(k=0;k<ac;k++){
          ni=i+as[k];
          nj=j+at[k];
          if(!(ni>=2*n || nj>=2*n)){
            ga[ae].st=vid(i,j);
            ga[ae].fi=vid(ni,nj);
            ae++;
            ga[ae].fi=vid(i,j);
            ga[ae].st=vid(ni,nj);
            ae++;
          }

          if(as[k]==0 || at[k]==0){continue;}
          ni=i+as[k];
          nj=j-at[k];
          if(!(ni>=2*n || nj<0)){
            ga[ae].st=vid(i,j);
            ga[ae].fi=vid(ni,nj);
            ae++;
            ga[ae].fi=vid(i,j);
            ga[ae].st=vid(ni,nj);
            ae++;
          }
        }

        for(k=0;k<bc;k++){
          ni=i+bs[k];
          nj=j+bt[k];
          if(!(ni>=2*n || nj>=2*n)){
            gb[be].st=vid(i,j);
            gb[be].fi=vid(ni,nj);
            be++;
            gb[be].fi=vid(i,j);
            gb[be].st=vid(ni,nj);
            be++;
          }

          if(bs[k]==0 || bt[k]==0){continue;}
          ni=i+bs[k];
          nj=j-bt[k];
          if(!(ni>=2*n || nj<0)){
            gb[be].st=vid(i,j);
            gb[be].fi=vid(ni,nj);
            be++;
            gb[be].fi=vid(i,j);
            gb[be].st=vid(ni,nj);
            be++;
          }
        }
      }
    }
    for(i=0;i<vsize;i++){
      ma[i].st=0;
      ma[i].kz=0;
      mb[i].st=0;
      mb[i].kz=0;
    }
    qsort(ga,ae,sizeof(ga[0]),sortfnc);
    qsort(gb,be,sizeof(gb[0]),sortfnc);
    makemkj(ga,ma,ae);
    makemkj(gb,mb,be);
    for(i=0;i<4*n*n;i++){
      clbig(i,2,acol,ga,ma);
      clbig(i,2,bcol,gb,mb);
      mem[acol[i]][bcol[i]]++;
    }
    for(i=1;i<=2;i++){
      for(j=1;j<=2;j++){
        if(mem[i][j]>=n*n){
          agrt=i;
          bgrt=j;
        }
      }
    }
    r=0;
    for(i=0;i<2*n;i++){
      for(j=0;j<2*n;j++){
        if(acol[vid(i,j)]==agrt && bcol[vid(i,j)]==bgrt){
          if(r<n*n){
            printf(""%d %d\n"",i,j);
          }
          r++;
        }
      }
    }
    //printf(""%d\n"",r);
    return 0;
}
","[{""input"": ""2 2 2\n"", ""output"": ""0 0\n0 1\n0 2\n0 3\n\n""}, {""input"": ""2 2 4\n"", ""output"": ""0 0\n0 1\n2 2\n2 3\n\n""}, {""input"": ""2 2 1\n"", ""output"": ""0 0\n0 2\n2 0\n2 2\n\n""}, {""input"": ""2 1 5\n"", ""output"": ""0 0\n0 2\n1 1\n1 3\n\n""}, {""input"": ""5 1 5\n"", ""output"": ""0 0\n0 2\n0 4\n0 6\n0 8\n1 1\n1 3\n1 5\n1 7\n1 9\n2 0\n2 2\n2 4\n2 6\n2 8\n3 1\n3 3\n3 5\n3 7\n3 9\n4 0\n4 2\n4 4\n4 6\n4 8\n\n""}, {""input"": ""3 2 4\n"", ""output"": ""0 0\n0 1\n0 4\n0 5\n2 2\n2 3\n4 0\n4 1\n4 4\n\n""}, {""input"": ""1 2 1\n"", ""output"": ""0 0\n\n""}, {""input"": ""3 1 6\n"", ""output"": ""0 0\n0 2\n0 4\n2 0\n2 2\n2 4\n4 0\n4 2\n4 4\n\n""}, {""input"": ""3 4 4\n"", ""output"": ""0 0\n0 1\n0 4\n0 5\n1 0\n1 1\n1 4\n1 5\n2 2\n\n""}, {""input"": ""4 4 6\n"", ""output"": ""0 0\n0 1\n0 4\n0 5\n2 2\n2 3\n2 6\n2 7\n4 0\n4 1\n4 4\n4 5\n6 2\n6 3\n6 6\n6 7\n\n""}]","Given the following C code and assembly code, your task is to generate highly optimized x86-64 assembly code.
C Code:

```c
//set many funcs template
//Ver.20181228
#include<stdio.h>
#include<string.h>
#include<stdlib.h>
#include<stdbool.h>
#include<time.h>
#define inf 1072114514
#define llinf 4154118101919364364
#define mod 1000000007
#define pi 3.1415926535897932384
#define vsize 524288
#define size 11111111

int max(int a,int b){if(a>b){return a;}return b;}
int min(int a,int b){if(a<b){return a;}return b;}
int zt(int a,int b){return max(a,b)-min(a,b);}
int round(int a,int b){if((a%b)*2 >= b){return (a/b)+1;}return a/b;}
int ceil(int a,int b){if(a%b==0){return a/b;}return (a/b)+1;}
int gcd(int a,int b){int c;while(b!=0){c=a%b;a=b;b=c;}return a;}
int lcm(int a,int b){int c=gcd(a,b);a/=c;return a*b;}
int nCr(int a,int b){int i,r=1;for(i=1;i<=b;i++){r*=(a+1-i);r/=i;}return r;}
int nHr(int a,int b){return nCr(a+b-1,b);}
int fact(int a){int i,r=1;for(i=1;i<=a;i++){r*=i;}return r;}
int pow(int a,int b){int i,r=1;for(i=1;i<=b;i++){r*=a;}return r;}
int dsum(int x){int r=0;while(x){r+=(x%10);x/=10;}return r;}
int dsumb(int x,int b){int r=0;while(x){r+=(x%b);x/=b;}return r;}
int sankaku(int x){return ((1+x)*x)/2;}
long long llmax(long long a,long long b){if(a>b){return a;}return b;}
long long llmin(long long a,long long b){if(a<b){return a;}return b;}
long long llzt(long long a,long long b){return llmax(a,b)-llmin(a,b);}
long long llround(long long a,long long b){if((a%b)*2 >= b){return (a/b)+1;}return a/b;}
long long llceil(long long a,long long b){if(a%b==0){return a/b;}return (a/b)+1;}
long long llgcd(long long a,long long b){long long c;while(b!=0){c=a%b;a=b;b=c;}return a;}
long long lllcm(long long a,long long b){long long c=llgcd(a,b);a/=c;return a*b;}
long long llnCr(long long a,long long b){long long i,r=1;for(i=1;i<=b;i++){r*=(a+1-i);r/=i;}return r;}
long long llnHr(long long a,long long b){return llnCr(a+b-1,b);}
long long llfact(long long a){long long i,r=1;for(i=1;i<=a;i++){r*=i;}return r;}
long long llpow(long long a,long long b){long long i,r=1;for(i=1;i<=b;i++){r*=a;}return r;}
long long lldsum(long long x){long long r=0;while(x){r+=(x%10);x/=10;}return r;}
long long lldsumb(long long x,long long b){long long r=0;while(x){r+=(x%b);x/=b;}return r;}
long long llsankaku(long long x){return ((1+x)*x)/2;}
double dbmax(double a,double b){if(a>b){return a;}return b;}
double dbmin(double a,double b){if(a<b){return a;}return b;}
double dbzt(double a,double b){return dbmax(a,b)-dbmin(a,b);}
int sortfncsj(const void *a,const void *b){if(*(int *)a>*(int *)b){return 1;}if(*(int *)a==*(int *)b){return 0;}return -1;}
int sortfnckj(const void *a,const void *b){if(*(int *)a<*(int *)b){return 1;}if(*(int *)a==*(int *)b){return 0;}return -1;}
int llsortfncsj(const void *a,const void *b){if(*(long long *)a>*(long long *)b){return 1;}if(*(long long *)a==*(long long *)b){return 0;}return -1;}
int llsortfnckj(const void *a,const void *b){if(*(long long *)a<*(long long *)b){return 1;}if(*(long long *)a==*(long long *)b){return 0;}return -1;}
int dbsortfncsj(const void *a,const void *b){if(*(double *)a>*(double *)b){return 1;}if(*(double *)a==*(double *)b){return 0;}return -1;}
int dbsortfnckj(const void *a,const void *b){if(*(double *)a<*(double *)b){return 1;}if(*(double *)a==*(double *)b){return 0;}return -1;}
int strsortfncsj(const void *a,const void *b){return strcmp((char *)a,(char *)b);}
int strsortfnckj(const void *a,const void *b){return strcmp((char *)b,(char *)a);}
int chsortfncsj(const void *a,const void *b){if(*(char *)a>*(char *)b){return 1;}if(*(char *)a==*(char *)b){return 0;}return -1;}
int chsortfnckj(const void *a,const void *b){if(*(char *)a<*(char *)b){return 1;}if(*(char *)a==*(char *)b){return 0;}return -1;}

void shuffledget(int x[],int n){
    srand(time(0));
    int i,b[524288],p,c;
    for(i=0;i<n;i++){
        b[i]=i;
    }
    for(i=n;i>=1;i--){
        p=rand()%i;
        c=b[i-1];b[i-1]=b[p];b[p]=c;
    }
    for(i=0;i<n;i++){
        scanf(""%d"",&x[b[i]]);
    }
}

int dx4[4]={1,-1,0,0};
int dy4[4]={0,0,1,-1};
int dx8[8]={-1,-1,-1,0,0,1,1,1};
int dy8[8]={-1,0,1,-1,1,-1,0,1};

int search(int x,int a[],int n){
    int st=0,fi=n-1,te;
    while(st<=fi){
        te=(st+fi)/2;
        if(a[te]<x){st=te+1;}else{fi=te-1;}
    }
    return st;
}

void prarr(int arr[],int n){
  int i;
  for(i=0;i<n;i++){
    if(i){printf("" "");}
    printf(""%d"",arr[i]);
  }
  printf(""\n"");
  return;
}

typedef struct{
int val;
int node;
}sd;

int sdsortfnc(const void *a,const void *b){
if(((sd*)a)->val < ((sd*)b)->val){return -1;}
if(((sd*)a)->val > ((sd*)b)->val){return 1;}
return 0;
}


typedef struct{
    int st;
    int fi;
}rs;

typedef struct{
    int st;
    int kz;
}mkj;

int sortfnc(const void *a,const void *b){
if(((rs*)a)->st == ((rs*)b)->st){return 0;}
if(((rs*)a)->st < ((rs*)b)->st){return -1;}
return 1;
}

void makemkj(rs g[],mkj x[],int n){
    int i,ms=0,nst=g[0].st;
    for(i=1;i<n;i++){
        if(g[i].st!=g[i-1].st){
            x[nst].kz=i-ms;
            x[nst].st=ms;
            nst=g[i].st;ms=i;
        }
    }
    x[nst].kz=n-ms;
    x[nst].st=ms;
}

int mlis(int d,int sl[],int tl[]){
  int c=0,i,j,st,fi,te;
  for(i=0;i<=600;i++){
    if(i*i>d){break;}
    if(i*i+600*600<d){continue;}
    st=0;fi=600;
    while(st<=fi){
      te=(st+fi)/2;
      if(i*i+te*te==d){
        sl[c]=i;
        tl[c]=te;
        c++;
        break;
      }
      else if(i*i+te*te>d){fi=te-1;}
      else{st=te+1;}
    }
  }
  return c;
}

int n;
int vid(int a,int b){
  return 2*n*a+b;
}

//coloring bipartite graph
//color:1 or 2,nocolor = 0
void clbig(int ver,int pc,int col[],rs g[],mkj x[]){
  int i;
  if(col[ver]!=0){return;}
  col[ver]=3-pc;
  for(i=x[ver].st;i<x[ver].st+x[ver].kz;i++){
    clbig(g[i].fi,col[ver],col,g,x);
  }
}

int main(void){
    int i,j,m,k,a,b,c,h,w,r,l,t,ni,nj;
    int mem[4][4]={0};
    int as[1024],at[1024],ac;
    int bs[1024],bt[1024],bc;
    int acol[vsize]={0},bcol[vsize]={0};
    int ae=0,be=0;
    int agrt=0,bgrt=0;
    rs ga[size],gb[size];
    mkj ma[vsize],mb[vsize];
    scanf(""%d%d%d"",&n,&a,&b);
    ac=mlis(a,as,at);
    bc=mlis(b,bs,bt);
    for(i=0;i<2*n;i++){
      for(j=0;j<2*n;j++){
        for(k=0;k<ac;k++){
          ni=i+as[k];
          nj=j+at[k];
          if(!(ni>=2*n || nj>=2*n)){
            ga[ae].st=vid(i,j);
            ga[ae].fi=vid(ni,nj);
            ae++;
            ga[ae].fi=vid(i,j);
            ga[ae].st=vid(ni,nj);
            ae++;
          }

          if(as[k]==0 || at[k]==0){continue;}
          ni=i+as[k];
          nj=j-at[k];
          if(!(ni>=2*n || nj<0)){
            ga[ae].st=vid(i,j);
            ga[ae].fi=vid(ni,nj);
            ae++;
            ga[ae].fi=vid(i,j);
            ga[ae].st=vid(ni,nj);
            ae++;
          }
        }

        for(k=0;k<bc;k++){
          ni=i+bs[k];
          nj=j+bt[k];
          if(!(ni>=2*n || nj>=2*n)){
            gb[be].st=vid(i,j);
            gb[be].fi=vid(ni,nj);
            be++;
            gb[be].fi=vid(i,j);
            gb[be].st=vid(ni,nj);
            be++;
          }

          if(bs[k]==0 || bt[k]==0){continue;}
          ni=i+bs[k];
          nj=j-bt[k];
          if(!(ni>=2*n || nj<0)){
            gb[be].st=vid(i,j);
            gb[be].fi=vid(ni,nj);
            be++;
            gb[be].fi=vid(i,j);
            gb[be].st=vid(ni,nj);
            be++;
          }
        }
      }
    }
    for(i=0;i<vsize;i++){
      ma[i].st=0;
      ma[i].kz=0;
      mb[i].st=0;
      mb[i].kz=0;
    }
    qsort(ga,ae,sizeof(ga[0]),sortfnc);
    qsort(gb,be,sizeof(gb[0]),sortfnc);
    makemkj(ga,ma,ae);
    makemkj(gb,mb,be);
    for(i=0;i<4*n*n;i++){
      clbig(i,2,acol,ga,ma);
      clbig(i,2,bcol,gb,mb);
      mem[acol[i]][bcol[i]]++;
    }
    for(i=1;i<=2;i++){
      for(j=1;j<=2;j++){
        if(mem[i][j]>=n*n){
          agrt=i;
          bgrt=j;
        }
      }
    }
    r=0;
    for(i=0;i<2*n;i++){
      for(j=0;j<2*n;j++){
        if(acol[vid(i,j)]==agrt && bcol[vid(i,j)]==bgrt){
          if(r<n*n){
            printf(""%d %d\n"",i,j);
          }
          r++;
        }
      }
    }
    //printf(""%d\n"",r);
    return 0;
}
```

Assembly Code:

```assembly

```

Only output the optimized assembly code. Do not include any other text. Do not write any comments in the assembly code. Wrap the assembly code in ```assembly``` tags.
Optimized Assembly Code:
","Given the following C code, your task is to generate highly optimized x86-64 assembly code.
C Code:

```c
//set many funcs template
//Ver.20181228
#include<stdio.h>
#include<string.h>
#include<stdlib.h>
#include<stdbool.h>
#include<time.h>
#define inf 1072114514
#define llinf 4154118101919364364
#define mod 1000000007
#define pi 3.1415926535897932384
#define vsize 524288
#define size 11111111

int max(int a,int b){if(a>b){return a;}return b;}
int min(int a,int b){if(a<b){return a;}return b;}
int zt(int a,int b){return max(a,b)-min(a,b);}
int round(int a,int b){if((a%b)*2 >= b){return (a/b)+1;}return a/b;}
int ceil(int a,int b){if(a%b==0){return a/b;}return (a/b)+1;}
int gcd(int a,int b){int c;while(b!=0){c=a%b;a=b;b=c;}return a;}
int lcm(int a,int b){int c=gcd(a,b);a/=c;return a*b;}
int nCr(int a,int b){int i,r=1;for(i=1;i<=b;i++){r*=(a+1-i);r/=i;}return r;}
int nHr(int a,int b){return nCr(a+b-1,b);}
int fact(int a){int i,r=1;for(i=1;i<=a;i++){r*=i;}return r;}
int pow(int a,int b){int i,r=1;for(i=1;i<=b;i++){r*=a;}return r;}
int dsum(int x){int r=0;while(x){r+=(x%10);x/=10;}return r;}
int dsumb(int x,int b){int r=0;while(x){r+=(x%b);x/=b;}return r;}
int sankaku(int x){return ((1+x)*x)/2;}
long long llmax(long long a,long long b){if(a>b){return a;}return b;}
long long llmin(long long a,long long b){if(a<b){return a;}return b;}
long long llzt(long long a,long long b){return llmax(a,b)-llmin(a,b);}
long long llround(long long a,long long b){if((a%b)*2 >= b){return (a/b)+1;}return a/b;}
long long llceil(long long a,long long b){if(a%b==0){return a/b;}return (a/b)+1;}
long long llgcd(long long a,long long b){long long c;while(b!=0){c=a%b;a=b;b=c;}return a;}
long long lllcm(long long a,long long b){long long c=llgcd(a,b);a/=c;return a*b;}
long long llnCr(long long a,long long b){long long i,r=1;for(i=1;i<=b;i++){r*=(a+1-i);r/=i;}return r;}
long long llnHr(long long a,long long b){return llnCr(a+b-1,b);}
long long llfact(long long a){long long i,r=1;for(i=1;i<=a;i++){r*=i;}return r;}
long long llpow(long long a,long long b){long long i,r=1;for(i=1;i<=b;i++){r*=a;}return r;}
long long lldsum(long long x){long long r=0;while(x){r+=(x%10);x/=10;}return r;}
long long lldsumb(long long x,long long b){long long r=0;while(x){r+=(x%b);x/=b;}return r;}
long long llsankaku(long long x){return ((1+x)*x)/2;}
double dbmax(double a,double b){if(a>b){return a;}return b;}
double dbmin(double a,double b){if(a<b){return a;}return b;}
double dbzt(double a,double b){return dbmax(a,b)-dbmin(a,b);}
int sortfncsj(const void *a,const void *b){if(*(int *)a>*(int *)b){return 1;}if(*(int *)a==*(int *)b){return 0;}return -1;}
int sortfnckj(const void *a,const void *b){if(*(int *)a<*(int *)b){return 1;}if(*(int *)a==*(int *)b){return 0;}return -1;}
int llsortfncsj(const void *a,const void *b){if(*(long long *)a>*(long long *)b){return 1;}if(*(long long *)a==*(long long *)b){return 0;}return -1;}
int llsortfnckj(const void *a,const void *b){if(*(long long *)a<*(long long *)b){return 1;}if(*(long long *)a==*(long long *)b){return 0;}return -1;}
int dbsortfncsj(const void *a,const void *b){if(*(double *)a>*(double *)b){return 1;}if(*(double *)a==*(double *)b){return 0;}return -1;}
int dbsortfnckj(const void *a,const void *b){if(*(double *)a<*(double *)b){return 1;}if(*(double *)a==*(double *)b){return 0;}return -1;}
int strsortfncsj(const void *a,const void *b){return strcmp((char *)a,(char *)b);}
int strsortfnckj(const void *a,const void *b){return strcmp((char *)b,(char *)a);}
int chsortfncsj(const void *a,const void *b){if(*(char *)a>*(char *)b){return 1;}if(*(char *)a==*(char *)b){return 0;}return -1;}
int chsortfnckj(const void *a,const void *b){if(*(char *)a<*(char *)b){return 1;}if(*(char *)a==*(char *)b){return 0;}return -1;}

void shuffledget(int x[],int n){
    srand(time(0));
    int i,b[524288],p,c;
    for(i=0;i<n;i++){
        b[i]=i;
    }
    for(i=n;i>=1;i--){
        p=rand()%i;
        c=b[i-1];b[i-1]=b[p];b[p]=c;
    }
    for(i=0;i<n;i++){
        scanf(""%d"",&x[b[i]]);
    }
}

int dx4[4]={1,-1,0,0};
int dy4[4]={0,0,1,-1};
int dx8[8]={-1,-1,-1,0,0,1,1,1};
int dy8[8]={-1,0,1,-1,1,-1,0,1};

int search(int x,int a[],int n){
    int st=0,fi=n-1,te;
    while(st<=fi){
        te=(st+fi)/2;
        if(a[te]<x){st=te+1;}else{fi=te-1;}
    }
    return st;
}

void prarr(int arr[],int n){
  int i;
  for(i=0;i<n;i++){
    if(i){printf("" "");}
    printf(""%d"",arr[i]);
  }
  printf(""\n"");
  return;
}

typedef struct{
int val;
int node;
}sd;

int sdsortfnc(const void *a,const void *b){
if(((sd*)a)->val < ((sd*)b)->val){return -1;}
if(((sd*)a)->val > ((sd*)b)->val){return 1;}
return 0;
}


typedef struct{
    int st;
    int fi;
}rs;

typedef struct{
    int st;
    int kz;
}mkj;

int sortfnc(const void *a,const void *b){
if(((rs*)a)->st == ((rs*)b)->st){return 0;}
if(((rs*)a)->st < ((rs*)b)->st){return -1;}
return 1;
}

void makemkj(rs g[],mkj x[],int n){
    int i,ms=0,nst=g[0].st;
    for(i=1;i<n;i++){
        if(g[i].st!=g[i-1].st){
            x[nst].kz=i-ms;
            x[nst].st=ms;
            nst=g[i].st;ms=i;
        }
    }
    x[nst].kz=n-ms;
    x[nst].st=ms;
}

int mlis(int d,int sl[],int tl[]){
  int c=0,i,j,st,fi,te;
  for(i=0;i<=600;i++){
    if(i*i>d){break;}
    if(i*i+600*600<d){continue;}
    st=0;fi=600;
    while(st<=fi){
      te=(st+fi)/2;
      if(i*i+te*te==d){
        sl[c]=i;
        tl[c]=te;
        c++;
        break;
      }
      else if(i*i+te*te>d){fi=te-1;}
      else{st=te+1;}
    }
  }
  return c;
}

int n;
int vid(int a,int b){
  return 2*n*a+b;
}

//coloring bipartite graph
//color:1 or 2,nocolor = 0
void clbig(int ver,int pc,int col[],rs g[],mkj x[]){
  int i;
  if(col[ver]!=0){return;}
  col[ver]=3-pc;
  for(i=x[ver].st;i<x[ver].st+x[ver].kz;i++){
    clbig(g[i].fi,col[ver],col,g,x);
  }
}

int main(void){
    int i,j,m,k,a,b,c,h,w,r,l,t,ni,nj;
    int mem[4][4]={0};
    int as[1024],at[1024],ac;
    int bs[1024],bt[1024],bc;
    int acol[vsize]={0},bcol[vsize]={0};
    int ae=0,be=0;
    int agrt=0,bgrt=0;
    rs ga[size],gb[size];
    mkj ma[vsize],mb[vsize];
    scanf(""%d%d%d"",&n,&a,&b);
    ac=mlis(a,as,at);
    bc=mlis(b,bs,bt);
    for(i=0;i<2*n;i++){
      for(j=0;j<2*n;j++){
        for(k=0;k<ac;k++){
          ni=i+as[k];
          nj=j+at[k];
          if(!(ni>=2*n || nj>=2*n)){
            ga[ae].st=vid(i,j);
            ga[ae].fi=vid(ni,nj);
            ae++;
            ga[ae].fi=vid(i,j);
            ga[ae].st=vid(ni,nj);
            ae++;
          }

          if(as[k]==0 || at[k]==0){continue;}
          ni=i+as[k];
          nj=j-at[k];
          if(!(ni>=2*n || nj<0)){
            ga[ae].st=vid(i,j);
            ga[ae].fi=vid(ni,nj);
            ae++;
            ga[ae].fi=vid(i,j);
            ga[ae].st=vid(ni,nj);
            ae++;
          }
        }

        for(k=0;k<bc;k++){
          ni=i+bs[k];
          nj=j+bt[k];
          if(!(ni>=2*n || nj>=2*n)){
            gb[be].st=vid(i,j);
            gb[be].fi=vid(ni,nj);
            be++;
            gb[be].fi=vid(i,j);
            gb[be].st=vid(ni,nj);
            be++;
          }

          if(bs[k]==0 || bt[k]==0){continue;}
          ni=i+bs[k];
          nj=j-bt[k];
          if(!(ni>=2*n || nj<0)){
            gb[be].st=vid(i,j);
            gb[be].fi=vid(ni,nj);
            be++;
            gb[be].fi=vid(i,j);
            gb[be].st=vid(ni,nj);
            be++;
          }
        }
      }
    }
    for(i=0;i<vsize;i++){
      ma[i].st=0;
      ma[i].kz=0;
      mb[i].st=0;
      mb[i].kz=0;
    }
    qsort(ga,ae,sizeof(ga[0]),sortfnc);
    qsort(gb,be,sizeof(gb[0]),sortfnc);
    makemkj(ga,ma,ae);
    makemkj(gb,mb,be);
    for(i=0;i<4*n*n;i++){
      clbig(i,2,acol,ga,ma);
      clbig(i,2,bcol,gb,mb);
      mem[acol[i]][bcol[i]]++;
    }
    for(i=1;i<=2;i++){
      for(j=1;j<=2;j++){
        if(mem[i][j]>=n*n){
          agrt=i;
          bgrt=j;
        }
      }
    }
    r=0;
    for(i=0;i<2*n;i++){
      for(j=0;j<2*n;j++){
        if(acol[vid(i,j)]==agrt && bcol[vid(i,j)]==bgrt){
          if(r<n*n){
            printf(""%d %d\n"",i,j);
          }
          r++;
        }
      }
    }
    //printf(""%d\n"",r);
    return 0;
}
```

Only output the optimized assembly code. Do not include any other text. Do not write any comments in the assembly code. Wrap the assembly code in ```assembly``` tags.
Optimized Assembly Code:
"
13,"/*
cat <<EOF >mistaken-paste
*/

#pragma GCC diagnostic ignored ""-Wincompatible-pointer-types""

#include <stdio.h>
#include <stdlib.h>
#include <string.h>
#include <stdbool.h>
#include <math.h>

#define BIG 2000000007

#define MOD 1000000007
typedef unsigned long long ull;
typedef   signed long long sll;

#define N_MAX 200000
#define M_MAX 200

typedef struct {
	int a;
	int b;
} hw;

typedef struct {
	sll a;
	sll b;
} hwll;


typedef struct {
	ull s;
	ull t;
	int c;
} struct_a;



const hw vector8[8] = {
	{-1, -1},
	{-1,  0},
	{-1, +1},
	{ 0, -1},
	{ 0, +1},
	{+1, -1},
	{+1,  0},
	{+1, +1}
};

ull n, m;
ull h, w;
ull k;
ull vua, vub, vuc, vud, vue, vuf;
sll vsa, vsb, vsc, vsd, vse, vsf;
long double vra, vrb, vrc;
ull a[N_MAX];
// sll a[N_MAX];
// ull a[N_MAX][N_MAX];
// ull wall[N_MAX][M_MAX];
// ull b[N_MAX];
// sll b[N_MAX];
// ull b[N_MAX][N_MAX];
// sll b[N_MAX][N_MAX];
char s[N_MAX + 1];
// char t[N_MAX + 1];
size_t slen;
// size_t tlen;
// char s[N_MAX][M_MAX + 1];

// ull dp[N_MAX];
// sll dp[N_MAX];
// bool dp[N_MAX];
// ull dq[N_MAX];
// ull dp[N_MAX + 1][N_MAX + 1];
// ull dp[N_MAX][M_MAX + 1];

// hw arr[N_MAX];
// hwll arr[N_MAX];
// hw brr[M_MAX];

// ull bitdp[1 << N_MAX];

// ull digitdp[102][   2][    2];
//          pos  less  carry


// struct_a arr[N_MAX * 2];
// struct_b brr[N_MAX * 2];

void swap_adj (ull *a, ull *b) {
	ull tmp = *b;
	*b = *a;
	*a = tmp;
	return;
}

ull divide (ull a, ull b) {
	ull x = MOD - 2;
	ull ans = 1;
	while (x) {
		if (x & 1) ans = (ans * b) % MOD;
		b = (b * b) % MOD;
		x /= 2;
	}
	return (a * ans) % MOD;
}

int digits (ull x) {
	int i = 1;
	while (x >= 10) {
		x /= 10;
		i++;
	}
	return i;
}

ull umin (ull x, ull y) {
	return (x < y) ? x : y;
}

ull umax (ull x, ull y) {
	return (x > y) ? x : y;
}

sll smin (sll x, sll y) {
	return (x < y) ? x : y;
}

sll smax (sll x, sll y) {
	return (x > y) ? x : y;
}

ull gcd (ull x, ull y) {
	if (x < y) {
		return gcd(y, x);
	} else if (y == 0) {
		return x;
	} else {
		return gcd(y, x % y);
	}
}

ull bitpow (ull a, ull x, ull modulo) {
	ull result = 1;
	while (x) {
		if (x & 1) {
			result *= a;
			result %= modulo;
		}
		x /= 2;
		a = (a * a) % modulo;
	}
	return result;
}

// int nextroute (int arr[]) {
// 	int i = n - 1;
// 	int j, x;
// 	while (arr[i - 1] > arr[i]) i--;

// 	x = n;
// 	for (j = i; j < n; j++) {
// 		if (arr[j] < arr[i - 1]) continue;
// 		if (x == n || arr[x] > arr[j]) x = j;
// 	}
// 	arr[i - 1] ^= arr[x];
// 	arr[x] ^= arr[i - 1];
// 	arr[i - 1] ^= arr[x];

// 	qsort(&arr[i], n - i, sizeof(int), comp);
// 	return 0;
// }

int targetdig (ull x, int index /* 1-indexed */) {
	// static...?
	int posmax = digits(x);
	if (posmax < index) return -1;
	while (posmax > index) {
		posmax--;
		x /= 10;
	}
	return x % 10;
}

int charcomp (const char left, const char right) {
	if (left < right) {
		return -1;
	} else if (left > right) {
		return +1;
	} else {
		return 0;
	}
}

int pcharcomp (const char *left, const char *right) {
	return charcomp(*left, *right);
}

int intcomp (const int left, const int right) {
	if (left < right) {
		return -1;
	} else if (left > right) {
		return +1;
	} else {
		return 0;
	}
}

int pintcomp (const int *left, const int *right) {
	return intcomp(*left, *right);
}

int ullcomp (const ull left, const ull right) {
	if (left < right) {
		return -1;
	} else if (left > right) {
		return +1;
	} else {
		return 0;
	}
}

int pullcomp (const ull *left, const ull *right) {
	return ullcomp(*left, *right);
}

int sllcomp (const sll left, const sll right) {
	if (left < right) {
		return -1;
	} else if (left > right) {
		return +1;
	} else {
		return 0;
	}
}

int psllcomp (const sll *left, const sll *right) {
	return sllcomp(*left, *right);
}

int phwAcomp (const hw *left, const hw *right) {
	return intcomp(left->a, right->a);
}

int phwBcomp (const hw *left, const hw *right) {
	return intcomp(left->b, right->b);
}

int phwABcomp (const hw *left, const hw *right) {
	int x = phwAcomp(left, right);
	if (x) return x;
	return phwBcomp(left, right);
}

int phwllAcomp (const hwll *left, const hwll *right) {
	return sllcomp(left->a, right->a);
}

int phwllBcomp (const hwll *left, const hwll *right) {
	return sllcomp(left->b, right->b);
}

int phwllABcomp (const hwll *left, const hwll *right) {
	int x = phwllAcomp(left, right);
	if (x) return x;
	return phwllBcomp(left, right);
}

int pstrAcomp (const struct_a *left, const struct_a *right) {
	int x;
	if (x = ullcomp(left->t, right->t)) return x;
	if (x = ullcomp(left->s, right->s)) return x;
	if (x = intcomp(left->c, right->c)) return x;
	return 0;
}

int bitlet (char c) {
	return (1 << (c - 'a'));
}

ull ullabs (ull a, ull b) {
	if (a >= b) {
		return a - b;
	} else {
		return b - a;
	}
}

sll sllabs (sll a, sll b) {
	if (a >= b) {
		return a - b;
	} else {
		return b - a;
	}
}

sll nibutanlobo (bool (*func)(sll arg), sll ok, sll ng) {
	while (sllabs(ok, ng) > 1) {
		sll med = (ok + ng) / 2;
		if (func(med)) {
			ok = med;
		} else {
			ng = med;
		}

		// printf(""debug: [%lld %lld)\n"", ok, ng);
	}

	if (!func(ok)) return ok * 2 - ng;
	return ok;
}


ull solve () {
	sll i, j, ki;
	ull result = 0;
	// sll result;
	ull sum = 0;
	// qsortの際には""p""ullcompを使う

	for (i = 0; i < n; i++) {
		if (a[i] != 0 && a[a[i] - 1] - 1 == i) {
			a[i] = a[a[i] - 1] = 0;
			result++;
		}
	}

	printf(""%llu\n"", result);
	// puts(s);

	return 0;

	success:
	puts(""Yes"");
	// printf(""%llu\n"", result);
	return 0;

	fail:
	puts(""No"");
	return 1;
}

int main (void) {
	int i, j;
	int x, y;

	// scanf(""%llu%llu"", &h, &w);
	scanf(""%llu"", &n, &k);
	// scanf(""%llu%llu%llu"", &vua, &vub, &vuc);
	// scanf(""%s"", s);
	// slen = strlen(s);
	// scanf(""%s"", t);
	// tlen = strlen(t);
	// scanf(""%llu"", &k);
	for (i = 0; i <= n; i++) {
		scanf(""%llu"", &a[i]);
	}
	// for (i = 0; i < m; i++) {
	// 	scanf(""%lld"", &b[i]);
	// }
	// for (i = 0; i < n; i++) {
	// 	scanf(""%llu%llu%d"", &arr[i].s, &arr[i].t, &arr[i].c);
	// 	arr[i].c--;
	// }

	solve();

	// for (i = 0; i < n; i++) {
	// 	// scanf(""%llu%llu"", &vua, &vub);
	// 	scanf(""%s"", s);
	// 	solve();
	// }

	return 0;
}
","[{""input"": ""3\n3 3 1\n"", ""output"": ""1\n\n""}, {""input"": ""5\n3 5 5 5 1\n"", ""output"": ""0\n\n""}, {""input"": ""5\n5 4 5 2 1\n"", ""output"": ""2\n\n""}, {""input"": ""5\n5 5 5 5 2\n"", ""output"": ""1\n\n""}, {""input"": ""5\n5 5 5 1 1\n"", ""output"": ""1\n\n""}, {""input"": ""4\n3 1 4 3\n"", ""output"": ""1\n\n""}, {""input"": ""5\n5 3 5 1 1\n"", ""output"": ""1\n\n""}, {""input"": ""4\n4 1 4 3\n"", ""output"": ""1\n\n""}, {""input"": ""5\n5 3 5 2 1\n"", ""output"": ""1\n\n""}, {""input"": ""5\n5 5 5 2 1\n"", ""output"": ""1\n\n""}]","Given the following C code and assembly code, your task is to generate highly optimized x86-64 assembly code.
C Code:

```c
/*
cat <<EOF >mistaken-paste
*/

#pragma GCC diagnostic ignored ""-Wincompatible-pointer-types""

#include <stdio.h>
#include <stdlib.h>
#include <string.h>
#include <stdbool.h>
#include <math.h>

#define BIG 2000000007

#define MOD 1000000007
typedef unsigned long long ull;
typedef   signed long long sll;

#define N_MAX 200000
#define M_MAX 200

typedef struct {
	int a;
	int b;
} hw;

typedef struct {
	sll a;
	sll b;
} hwll;


typedef struct {
	ull s;
	ull t;
	int c;
} struct_a;



const hw vector8[8] = {
	{-1, -1},
	{-1,  0},
	{-1, +1},
	{ 0, -1},
	{ 0, +1},
	{+1, -1},
	{+1,  0},
	{+1, +1}
};

ull n, m;
ull h, w;
ull k;
ull vua, vub, vuc, vud, vue, vuf;
sll vsa, vsb, vsc, vsd, vse, vsf;
long double vra, vrb, vrc;
ull a[N_MAX];
// sll a[N_MAX];
// ull a[N_MAX][N_MAX];
// ull wall[N_MAX][M_MAX];
// ull b[N_MAX];
// sll b[N_MAX];
// ull b[N_MAX][N_MAX];
// sll b[N_MAX][N_MAX];
char s[N_MAX + 1];
// char t[N_MAX + 1];
size_t slen;
// size_t tlen;
// char s[N_MAX][M_MAX + 1];

// ull dp[N_MAX];
// sll dp[N_MAX];
// bool dp[N_MAX];
// ull dq[N_MAX];
// ull dp[N_MAX + 1][N_MAX + 1];
// ull dp[N_MAX][M_MAX + 1];

// hw arr[N_MAX];
// hwll arr[N_MAX];
// hw brr[M_MAX];

// ull bitdp[1 << N_MAX];

// ull digitdp[102][   2][    2];
//          pos  less  carry


// struct_a arr[N_MAX * 2];
// struct_b brr[N_MAX * 2];

void swap_adj (ull *a, ull *b) {
	ull tmp = *b;
	*b = *a;
	*a = tmp;
	return;
}

ull divide (ull a, ull b) {
	ull x = MOD - 2;
	ull ans = 1;
	while (x) {
		if (x & 1) ans = (ans * b) % MOD;
		b = (b * b) % MOD;
		x /= 2;
	}
	return (a * ans) % MOD;
}

int digits (ull x) {
	int i = 1;
	while (x >= 10) {
		x /= 10;
		i++;
	}
	return i;
}

ull umin (ull x, ull y) {
	return (x < y) ? x : y;
}

ull umax (ull x, ull y) {
	return (x > y) ? x : y;
}

sll smin (sll x, sll y) {
	return (x < y) ? x : y;
}

sll smax (sll x, sll y) {
	return (x > y) ? x : y;
}

ull gcd (ull x, ull y) {
	if (x < y) {
		return gcd(y, x);
	} else if (y == 0) {
		return x;
	} else {
		return gcd(y, x % y);
	}
}

ull bitpow (ull a, ull x, ull modulo) {
	ull result = 1;
	while (x) {
		if (x & 1) {
			result *= a;
			result %= modulo;
		}
		x /= 2;
		a = (a * a) % modulo;
	}
	return result;
}

// int nextroute (int arr[]) {
// 	int i = n - 1;
// 	int j, x;
// 	while (arr[i - 1] > arr[i]) i--;

// 	x = n;
// 	for (j = i; j < n; j++) {
// 		if (arr[j] < arr[i - 1]) continue;
// 		if (x == n || arr[x] > arr[j]) x = j;
// 	}
// 	arr[i - 1] ^= arr[x];
// 	arr[x] ^= arr[i - 1];
// 	arr[i - 1] ^= arr[x];

// 	qsort(&arr[i], n - i, sizeof(int), comp);
// 	return 0;
// }

int targetdig (ull x, int index /* 1-indexed */) {
	// static...?
	int posmax = digits(x);
	if (posmax < index) return -1;
	while (posmax > index) {
		posmax--;
		x /= 10;
	}
	return x % 10;
}

int charcomp (const char left, const char right) {
	if (left < right) {
		return -1;
	} else if (left > right) {
		return +1;
	} else {
		return 0;
	}
}

int pcharcomp (const char *left, const char *right) {
	return charcomp(*left, *right);
}

int intcomp (const int left, const int right) {
	if (left < right) {
		return -1;
	} else if (left > right) {
		return +1;
	} else {
		return 0;
	}
}

int pintcomp (const int *left, const int *right) {
	return intcomp(*left, *right);
}

int ullcomp (const ull left, const ull right) {
	if (left < right) {
		return -1;
	} else if (left > right) {
		return +1;
	} else {
		return 0;
	}
}

int pullcomp (const ull *left, const ull *right) {
	return ullcomp(*left, *right);
}

int sllcomp (const sll left, const sll right) {
	if (left < right) {
		return -1;
	} else if (left > right) {
		return +1;
	} else {
		return 0;
	}
}

int psllcomp (const sll *left, const sll *right) {
	return sllcomp(*left, *right);
}

int phwAcomp (const hw *left, const hw *right) {
	return intcomp(left->a, right->a);
}

int phwBcomp (const hw *left, const hw *right) {
	return intcomp(left->b, right->b);
}

int phwABcomp (const hw *left, const hw *right) {
	int x = phwAcomp(left, right);
	if (x) return x;
	return phwBcomp(left, right);
}

int phwllAcomp (const hwll *left, const hwll *right) {
	return sllcomp(left->a, right->a);
}

int phwllBcomp (const hwll *left, const hwll *right) {
	return sllcomp(left->b, right->b);
}

int phwllABcomp (const hwll *left, const hwll *right) {
	int x = phwllAcomp(left, right);
	if (x) return x;
	return phwllBcomp(left, right);
}

int pstrAcomp (const struct_a *left, const struct_a *right) {
	int x;
	if (x = ullcomp(left->t, right->t)) return x;
	if (x = ullcomp(left->s, right->s)) return x;
	if (x = intcomp(left->c, right->c)) return x;
	return 0;
}

int bitlet (char c) {
	return (1 << (c - 'a'));
}

ull ullabs (ull a, ull b) {
	if (a >= b) {
		return a - b;
	} else {
		return b - a;
	}
}

sll sllabs (sll a, sll b) {
	if (a >= b) {
		return a - b;
	} else {
		return b - a;
	}
}

sll nibutanlobo (bool (*func)(sll arg), sll ok, sll ng) {
	while (sllabs(ok, ng) > 1) {
		sll med = (ok + ng) / 2;
		if (func(med)) {
			ok = med;
		} else {
			ng = med;
		}

		// printf(""debug: [%lld %lld)\n"", ok, ng);
	}

	if (!func(ok)) return ok * 2 - ng;
	return ok;
}


ull solve () {
	sll i, j, ki;
	ull result = 0;
	// sll result;
	ull sum = 0;
	// qsortの際には""p""ullcompを使う

	for (i = 0; i < n; i++) {
		if (a[i] != 0 && a[a[i] - 1] - 1 == i) {
			a[i] = a[a[i] - 1] = 0;
			result++;
		}
	}

	printf(""%llu\n"", result);
	// puts(s);

	return 0;

	success:
	puts(""Yes"");
	// printf(""%llu\n"", result);
	return 0;

	fail:
	puts(""No"");
	return 1;
}

int main (void) {
	int i, j;
	int x, y;

	// scanf(""%llu%llu"", &h, &w);
	scanf(""%llu"", &n, &k);
	// scanf(""%llu%llu%llu"", &vua, &vub, &vuc);
	// scanf(""%s"", s);
	// slen = strlen(s);
	// scanf(""%s"", t);
	// tlen = strlen(t);
	// scanf(""%llu"", &k);
	for (i = 0; i <= n; i++) {
		scanf(""%llu"", &a[i]);
	}
	// for (i = 0; i < m; i++) {
	// 	scanf(""%lld"", &b[i]);
	// }
	// for (i = 0; i < n; i++) {
	// 	scanf(""%llu%llu%d"", &arr[i].s, &arr[i].t, &arr[i].c);
	// 	arr[i].c--;
	// }

	solve();

	// for (i = 0; i < n; i++) {
	// 	// scanf(""%llu%llu"", &vua, &vub);
	// 	scanf(""%s"", s);
	// 	solve();
	// }

	return 0;
}
```

Assembly Code:

```assembly

```

Only output the optimized assembly code. Do not include any other text. Do not write any comments in the assembly code. Wrap the assembly code in ```assembly``` tags.
Optimized Assembly Code:
","Given the following C code, your task is to generate highly optimized x86-64 assembly code.
C Code:

```c
/*
cat <<EOF >mistaken-paste
*/

#pragma GCC diagnostic ignored ""-Wincompatible-pointer-types""

#include <stdio.h>
#include <stdlib.h>
#include <string.h>
#include <stdbool.h>
#include <math.h>

#define BIG 2000000007

#define MOD 1000000007
typedef unsigned long long ull;
typedef   signed long long sll;

#define N_MAX 200000
#define M_MAX 200

typedef struct {
	int a;
	int b;
} hw;

typedef struct {
	sll a;
	sll b;
} hwll;


typedef struct {
	ull s;
	ull t;
	int c;
} struct_a;



const hw vector8[8] = {
	{-1, -1},
	{-1,  0},
	{-1, +1},
	{ 0, -1},
	{ 0, +1},
	{+1, -1},
	{+1,  0},
	{+1, +1}
};

ull n, m;
ull h, w;
ull k;
ull vua, vub, vuc, vud, vue, vuf;
sll vsa, vsb, vsc, vsd, vse, vsf;
long double vra, vrb, vrc;
ull a[N_MAX];
// sll a[N_MAX];
// ull a[N_MAX][N_MAX];
// ull wall[N_MAX][M_MAX];
// ull b[N_MAX];
// sll b[N_MAX];
// ull b[N_MAX][N_MAX];
// sll b[N_MAX][N_MAX];
char s[N_MAX + 1];
// char t[N_MAX + 1];
size_t slen;
// size_t tlen;
// char s[N_MAX][M_MAX + 1];

// ull dp[N_MAX];
// sll dp[N_MAX];
// bool dp[N_MAX];
// ull dq[N_MAX];
// ull dp[N_MAX + 1][N_MAX + 1];
// ull dp[N_MAX][M_MAX + 1];

// hw arr[N_MAX];
// hwll arr[N_MAX];
// hw brr[M_MAX];

// ull bitdp[1 << N_MAX];

// ull digitdp[102][   2][    2];
//          pos  less  carry


// struct_a arr[N_MAX * 2];
// struct_b brr[N_MAX * 2];

void swap_adj (ull *a, ull *b) {
	ull tmp = *b;
	*b = *a;
	*a = tmp;
	return;
}

ull divide (ull a, ull b) {
	ull x = MOD - 2;
	ull ans = 1;
	while (x) {
		if (x & 1) ans = (ans * b) % MOD;
		b = (b * b) % MOD;
		x /= 2;
	}
	return (a * ans) % MOD;
}

int digits (ull x) {
	int i = 1;
	while (x >= 10) {
		x /= 10;
		i++;
	}
	return i;
}

ull umin (ull x, ull y) {
	return (x < y) ? x : y;
}

ull umax (ull x, ull y) {
	return (x > y) ? x : y;
}

sll smin (sll x, sll y) {
	return (x < y) ? x : y;
}

sll smax (sll x, sll y) {
	return (x > y) ? x : y;
}

ull gcd (ull x, ull y) {
	if (x < y) {
		return gcd(y, x);
	} else if (y == 0) {
		return x;
	} else {
		return gcd(y, x % y);
	}
}

ull bitpow (ull a, ull x, ull modulo) {
	ull result = 1;
	while (x) {
		if (x & 1) {
			result *= a;
			result %= modulo;
		}
		x /= 2;
		a = (a * a) % modulo;
	}
	return result;
}

// int nextroute (int arr[]) {
// 	int i = n - 1;
// 	int j, x;
// 	while (arr[i - 1] > arr[i]) i--;

// 	x = n;
// 	for (j = i; j < n; j++) {
// 		if (arr[j] < arr[i - 1]) continue;
// 		if (x == n || arr[x] > arr[j]) x = j;
// 	}
// 	arr[i - 1] ^= arr[x];
// 	arr[x] ^= arr[i - 1];
// 	arr[i - 1] ^= arr[x];

// 	qsort(&arr[i], n - i, sizeof(int), comp);
// 	return 0;
// }

int targetdig (ull x, int index /* 1-indexed */) {
	// static...?
	int posmax = digits(x);
	if (posmax < index) return -1;
	while (posmax > index) {
		posmax--;
		x /= 10;
	}
	return x % 10;
}

int charcomp (const char left, const char right) {
	if (left < right) {
		return -1;
	} else if (left > right) {
		return +1;
	} else {
		return 0;
	}
}

int pcharcomp (const char *left, const char *right) {
	return charcomp(*left, *right);
}

int intcomp (const int left, const int right) {
	if (left < right) {
		return -1;
	} else if (left > right) {
		return +1;
	} else {
		return 0;
	}
}

int pintcomp (const int *left, const int *right) {
	return intcomp(*left, *right);
}

int ullcomp (const ull left, const ull right) {
	if (left < right) {
		return -1;
	} else if (left > right) {
		return +1;
	} else {
		return 0;
	}
}

int pullcomp (const ull *left, const ull *right) {
	return ullcomp(*left, *right);
}

int sllcomp (const sll left, const sll right) {
	if (left < right) {
		return -1;
	} else if (left > right) {
		return +1;
	} else {
		return 0;
	}
}

int psllcomp (const sll *left, const sll *right) {
	return sllcomp(*left, *right);
}

int phwAcomp (const hw *left, const hw *right) {
	return intcomp(left->a, right->a);
}

int phwBcomp (const hw *left, const hw *right) {
	return intcomp(left->b, right->b);
}

int phwABcomp (const hw *left, const hw *right) {
	int x = phwAcomp(left, right);
	if (x) return x;
	return phwBcomp(left, right);
}

int phwllAcomp (const hwll *left, const hwll *right) {
	return sllcomp(left->a, right->a);
}

int phwllBcomp (const hwll *left, const hwll *right) {
	return sllcomp(left->b, right->b);
}

int phwllABcomp (const hwll *left, const hwll *right) {
	int x = phwllAcomp(left, right);
	if (x) return x;
	return phwllBcomp(left, right);
}

int pstrAcomp (const struct_a *left, const struct_a *right) {
	int x;
	if (x = ullcomp(left->t, right->t)) return x;
	if (x = ullcomp(left->s, right->s)) return x;
	if (x = intcomp(left->c, right->c)) return x;
	return 0;
}

int bitlet (char c) {
	return (1 << (c - 'a'));
}

ull ullabs (ull a, ull b) {
	if (a >= b) {
		return a - b;
	} else {
		return b - a;
	}
}

sll sllabs (sll a, sll b) {
	if (a >= b) {
		return a - b;
	} else {
		return b - a;
	}
}

sll nibutanlobo (bool (*func)(sll arg), sll ok, sll ng) {
	while (sllabs(ok, ng) > 1) {
		sll med = (ok + ng) / 2;
		if (func(med)) {
			ok = med;
		} else {
			ng = med;
		}

		// printf(""debug: [%lld %lld)\n"", ok, ng);
	}

	if (!func(ok)) return ok * 2 - ng;
	return ok;
}


ull solve () {
	sll i, j, ki;
	ull result = 0;
	// sll result;
	ull sum = 0;
	// qsortの際には""p""ullcompを使う

	for (i = 0; i < n; i++) {
		if (a[i] != 0 && a[a[i] - 1] - 1 == i) {
			a[i] = a[a[i] - 1] = 0;
			result++;
		}
	}

	printf(""%llu\n"", result);
	// puts(s);

	return 0;

	success:
	puts(""Yes"");
	// printf(""%llu\n"", result);
	return 0;

	fail:
	puts(""No"");
	return 1;
}

int main (void) {
	int i, j;
	int x, y;

	// scanf(""%llu%llu"", &h, &w);
	scanf(""%llu"", &n, &k);
	// scanf(""%llu%llu%llu"", &vua, &vub, &vuc);
	// scanf(""%s"", s);
	// slen = strlen(s);
	// scanf(""%s"", t);
	// tlen = strlen(t);
	// scanf(""%llu"", &k);
	for (i = 0; i <= n; i++) {
		scanf(""%llu"", &a[i]);
	}
	// for (i = 0; i < m; i++) {
	// 	scanf(""%lld"", &b[i]);
	// }
	// for (i = 0; i < n; i++) {
	// 	scanf(""%llu%llu%d"", &arr[i].s, &arr[i].t, &arr[i].c);
	// 	arr[i].c--;
	// }

	solve();

	// for (i = 0; i < n; i++) {
	// 	// scanf(""%llu%llu"", &vua, &vub);
	// 	scanf(""%s"", s);
	// 	solve();
	// }

	return 0;
}
```

Only output the optimized assembly code. Do not include any other text. Do not write any comments in the assembly code. Wrap the assembly code in ```assembly``` tags.
Optimized Assembly Code:
"
14,"#include <stdio.h>
#include <string.h>
#include <stdlib.h>
#include <math.h>
#include <stdlib.h>
#include <stdbool.h>
#define MOD 1000000007
#define INFTY 2147400000
#define END printf(""\n"");return 0;
#define QS09(how_data,data) qsort(data,how_data,sizeof(long),(int (*)(const void *,const void *))qsort_09);
#define QS90(how_data,data) qsort(data,how_data,sizeof(long),(int (*)(const void *,const void *))qsort_90);
#define In(a) long a;scanf(""%ld"",&a);
#define Out(a) printf(""%ld\n"",a);
#define MAKE_ARRAY_DATA In(how_data);long data[how_data];input_array(how_data,data);
void input_array(long how_data,long *data);
void output_array(long how_data,long *data);
void input_array2(long first , long second , long data[][2]);
void format_array(long how_data ,long *data,long what);
long get_random(long min, long max);
long factorial(long n);
long fibonacci(long n);
int qsort_09(const int *sys1 , const int *sys2);
int qsort_90(const int *sys1 , const int *sys2);
long sel_max(long a , long b);
long sel_min(long a , long b);
long array_max(long how_data,long *data);
long array_min(long how_data,long *data);
long array_search(long how_data,long *data,long what);
long can_DP(long how_data,long *data,long how_can,bool *can);
long array_sum(long how_data,long *data);
long Leven_dist(char *now , char *target);
long get_digit(long target);
long rounding(double target);
long roundingdown(double target);
long roundingup(double target);
long ncr(long n , long r);
long npr(long n , long r);
long nhr(long n , long r);
int fifw(long add,long *data);
long fifr(long *data);
void GRAPH_input(void);
void GRAPH_dfs(long now);
bool check_prime(long target);

//グローバル変数一覧
long fifo[1000]={0};//fifo[0]はデータ件数
long loop1,loop2,loop3,loop4,loop5,i_temp;
long g_ans=0; //answerグローバル変数用

typedef struct{
    long how_vertex;
    long how_edge;
    long edge_data[1000][2];
    bool aleady_searched_vertex[500];
    bool all_searched;
} _GD;//GraphData

_GD GRAPH={0,0,{{0}},{0},0};

char c_temp;
//loop5 loop4 loop3 loop2 loop1
//--------------ここから


int main(void){
    In(x);In(a);In(b);
    if(abs(x-a)>abs(x-b)){
        printf(""B"");
    }else{
        printf(""A"");
    }
END;}

//--------------ここまで
 
void input_array(long how_data,long *data){
    long loop;
    for(loop=0;loop<how_data;loop++){
        scanf(""%ld"",&data[loop]);
    }
    return ;
}
void output_array(long how_data,long *data){
    long loop;
    for(loop=0;loop<how_data-1;loop++){
        printf(""%ld "",data[loop]);
    }
    return ;
}
void input_array2(long first,long second,long data[][2]){
    long loopA,loopB;
    for(loopA=0;loopA<first;loopA++){
        for(loopB=0;loopB<second;loopB++){
            scanf(""%ld"",&data[loopA][loopB]);
        }
    }
    return ;
}
void format_array(long how_data ,long *data,long what){
    long loopA;
    for(loopA=0;loopA<how_data;loopA++){
        data[loopA]=what;
    }
    return ;
}
long get_random(long min, long max){   //指定の範囲から乱数を1つ返すやつ
    //srand((unsigned int)time(0));   //現在時刻で疑似乱数初期化
    rand();rand();rand();rand();    //乱数を空打ち
    return (rand()%(max+1-min))+min;
}
long factorial(long n){//n!のMOD10^9+7を返すやつ
    unsigned long long int ret=1;
    for(long i=1;i<=n;i++)ret=(ret*i)%1000000007;
    return (long)ret;
}
int qsort_09(const int *sys1 , const int *sys2){ //小さいのが上にくるやつ
    //qsort(data,how_data,sizeof(long),(int (*)(const void *,const void *))qsort_09);
    if(*sys1<*sys2){
        return -1;
    }else if(*sys1==*sys2){
        return 0;
    }else{
        return 1;
    }
}
int qsort_90(const int *sys1 , const int *sys2){ //大きいのが上にくるやつ
    //qsort(data,how_data,sizeof(long),(int (*)(const void *,const void *))qsort_90);
    if(*sys1<*sys2){
        return 1;
    }else if(*sys1==*sys2){
        return 0;
    }else{
        return -1;
    }
}
long fibonacci(long n){
    switch(n){
        case 0:return 0;
        case 1:return 1;
        default :return fibonacci(n-1)+fibonacci(n-2);
    }
}
long sel_max(long a,long b){
    if(a>b)return a;
    return b;
}
long sel_min(long a,long b){
    if(a>b)return b;
    return a;
}
long can_DP(long how_data,long *data,long how_can,bool *can){//Typical DP Contest A
    //data内で組み合わせられる和をcanに0 or 1で入れる
    //返り値はパターン数
    long loopA,loopB;
    long ret=0;
    for(loopA=0;loopA<how_can;loopA++){//初期化
        can[loopA]=0;
    }
    can[0]=1;//絶対にありえる
    for(loopA=0;loopA<how_data;loopA++){
        for(loopB=how_can-1;loopB>=0;loopB--){
            if(can[loopB]==1 && loopB+data[loopA]<how_can){
                can[loopB+data[loopA]]=1;
            }
        }
    }
    for(loopA=0;loopA<how_can;loopA++){
        if(can[loopA]==1){
            ret++;
        }
    }
    return ret;
}
long array_max(long how_data,long *data){
    long loop;
    long ret=data[0];
    for(loop=0;loop<how_data;loop++){
        if(ret<data[loop])ret=data[loop];
    }
    return ret;
}
long array_min(long how_data,long *data){
    long loop;
    long ret=data[0];
    for(loop=0;loop<how_data;loop++){
        if(ret>data[loop])ret=data[loop];
    }
    return ret;
}
long array_sum(long how_data,long *data){
    long ret=0;
    long loop;
    for(loop=0;loop<how_data;loop++){
        ret+=data[loop];
    }
    return ret;
}
long array_search(long how_data,long *data,long what){
    long loop;
    for(loop=0;loop<how_data;loop++){
        if(data[loop]==what){
            return loop;
        }
    }
    return -1;
}
long Leven_dist(char *now , char *target){
    long loopA,loopB;
    //レーベンシュタイン距離を求める
    // 参考文献
    // http://nw.tsuda.ac.jp/class/algoB/c13.html  (アルゴリズム理解)
    // http://d.hatena.ne.jp/ohnishiakira/20090809/1249845529  (実装)
    long len_now=strlen(now)+1;
    long len_target=strlen(target)+1;
    long d[len_now][len_target]; //計算用
    for(loopA=0;loopA<len_now;loopA++) d[loopA][0]=loopA;
    for(loopA=0;loopA<len_target;loopA++) d[0][loopA]=loopA;
    for(loopA=1;loopA<len_now;loopA++){
        for(loopB=1;loopB<len_target;loopB++){
            long cost=(now[loopA-1]==target[loopB-1] ? 0:1);
            d[loopA][loopB]=sel_min(sel_min(d[loopA-1][loopB]+1,d[loopA][loopB-1]+1),d[loopA-1][loopB-1]+cost);
        }
    }
    return d[len_now-1][len_target-1];
}
long get_digit(long target){
    return (long)(log10(target)+1);
}
long ncr(long n , long r){
    //パスカルの三角形
    long loopA,loopB;
    long pascal[100][102]={{0}};
    pascal[1][0]=1;
    pascal[1][1]=1;
    for(loopA=2;loopA<100;loopA++){
        pascal[loopA][0]=1;
        for(loopB=1;loopB<loopA;loopB++){
            pascal[loopA][loopB]=pascal[loopA-1][loopB-1]+pascal[loopA-1][loopB];
        }
        pascal[loopA][loopA]=1;
    }
    return pascal[n][r];
}
long npr(long n, long r){
    return ncr(n,r)*factorial(r);
}
long nhr(long n , long r){
    return ncr(n+r-1,r);
}
long rounding(double target){
    return (long)target+0.50;
}
long roundingup(double target){
    return (long)ceil(target);
}
long roundingdown(double target){
    return (long)floor(target);
}
int fifw(long add,long *data){
    data[data[0]+1]=add;
    data[0]++;
    return data[0]; //現在のデータ件数を返す
}
long fifr(long *data){
    long ret=data[1];
    data[0]--;
    for(int i=1;i<999;i++){
        data[i]=data[i+1];
    }
    return ret;
}
void GRAPH_input(void){
    scanf(""%ld %ld\n"",&GRAPH.how_vertex,&GRAPH.how_edge);
    for(long loopA=0;loopA<GRAPH.how_edge;loopA++){
        scanf(""%ld %ld\n"",&GRAPH.edge_data[loopA][0],&GRAPH.edge_data[loopA][1]);
    }
    return;
}

void GRAPH_dfs(long now){
    GRAPH.aleady_searched_vertex[now]=1;
    for(int loopA=0;loopA<GRAPH.how_edge;loopA++){
        if(GRAPH.edge_data[loopA][0]==now && GRAPH.aleady_searched_vertex[GRAPH.edge_data[loopA][1]]==0){
            GRAPH_dfs(GRAPH.edge_data[loopA][1]);
        }
        if(GRAPH.edge_data[loopA][1]==now && GRAPH.aleady_searched_vertex[GRAPH.edge_data[loopA][0]]==0){
            GRAPH_dfs(GRAPH.edge_data[loopA][0]);
        }
    }
    return ;
}

bool check_prime(long target){//素数判定、素数なら1
    if(target==2)return 1;
    if(target<=1 || target%2==0)return 0;
    for(int loopA=3;loopA<=sqrt(target)+1;loopA+=2)if(target%loopA==0)return 0;
    return 1;
}


","[{""input"": ""1 999 0000\n"", ""output"": ""B\n\n""}, {""input"": ""1 381 1110\n"", ""output"": ""A\n\n""}, {""input"": ""5 1 7\n"", ""output"": ""B\n\n""}, {""input"": ""1 999 0100\n"", ""output"": ""B\n\n""}, {""input"": ""10 1 7\n"", ""output"": ""B\n\n""}, {""input"": ""1 999 0101\n"", ""output"": ""B\n\n""}, {""input"": ""10 2 7\n"", ""output"": ""B\n\n""}, {""input"": ""1 999 0001\n"", ""output"": ""B\n\n""}, {""input"": ""10 1 9\n"", ""output"": ""B\n\n""}, {""input"": ""1 381 0001\n"", ""output"": ""B\n\n""}]","Given the following C code and assembly code, your task is to generate highly optimized x86-64 assembly code.
C Code:

```c
#include <stdio.h>
#include <string.h>
#include <stdlib.h>
#include <math.h>
#include <stdlib.h>
#include <stdbool.h>
#define MOD 1000000007
#define INFTY 2147400000
#define END printf(""\n"");return 0;
#define QS09(how_data,data) qsort(data,how_data,sizeof(long),(int (*)(const void *,const void *))qsort_09);
#define QS90(how_data,data) qsort(data,how_data,sizeof(long),(int (*)(const void *,const void *))qsort_90);
#define In(a) long a;scanf(""%ld"",&a);
#define Out(a) printf(""%ld\n"",a);
#define MAKE_ARRAY_DATA In(how_data);long data[how_data];input_array(how_data,data);
void input_array(long how_data,long *data);
void output_array(long how_data,long *data);
void input_array2(long first , long second , long data[][2]);
void format_array(long how_data ,long *data,long what);
long get_random(long min, long max);
long factorial(long n);
long fibonacci(long n);
int qsort_09(const int *sys1 , const int *sys2);
int qsort_90(const int *sys1 , const int *sys2);
long sel_max(long a , long b);
long sel_min(long a , long b);
long array_max(long how_data,long *data);
long array_min(long how_data,long *data);
long array_search(long how_data,long *data,long what);
long can_DP(long how_data,long *data,long how_can,bool *can);
long array_sum(long how_data,long *data);
long Leven_dist(char *now , char *target);
long get_digit(long target);
long rounding(double target);
long roundingdown(double target);
long roundingup(double target);
long ncr(long n , long r);
long npr(long n , long r);
long nhr(long n , long r);
int fifw(long add,long *data);
long fifr(long *data);
void GRAPH_input(void);
void GRAPH_dfs(long now);
bool check_prime(long target);

//グローバル変数一覧
long fifo[1000]={0};//fifo[0]はデータ件数
long loop1,loop2,loop3,loop4,loop5,i_temp;
long g_ans=0; //answerグローバル変数用

typedef struct{
    long how_vertex;
    long how_edge;
    long edge_data[1000][2];
    bool aleady_searched_vertex[500];
    bool all_searched;
} _GD;//GraphData

_GD GRAPH={0,0,{{0}},{0},0};

char c_temp;
//loop5 loop4 loop3 loop2 loop1
//--------------ここから


int main(void){
    In(x);In(a);In(b);
    if(abs(x-a)>abs(x-b)){
        printf(""B"");
    }else{
        printf(""A"");
    }
END;}

//--------------ここまで
 
void input_array(long how_data,long *data){
    long loop;
    for(loop=0;loop<how_data;loop++){
        scanf(""%ld"",&data[loop]);
    }
    return ;
}
void output_array(long how_data,long *data){
    long loop;
    for(loop=0;loop<how_data-1;loop++){
        printf(""%ld "",data[loop]);
    }
    return ;
}
void input_array2(long first,long second,long data[][2]){
    long loopA,loopB;
    for(loopA=0;loopA<first;loopA++){
        for(loopB=0;loopB<second;loopB++){
            scanf(""%ld"",&data[loopA][loopB]);
        }
    }
    return ;
}
void format_array(long how_data ,long *data,long what){
    long loopA;
    for(loopA=0;loopA<how_data;loopA++){
        data[loopA]=what;
    }
    return ;
}
long get_random(long min, long max){   //指定の範囲から乱数を1つ返すやつ
    //srand((unsigned int)time(0));   //現在時刻で疑似乱数初期化
    rand();rand();rand();rand();    //乱数を空打ち
    return (rand()%(max+1-min))+min;
}
long factorial(long n){//n!のMOD10^9+7を返すやつ
    unsigned long long int ret=1;
    for(long i=1;i<=n;i++)ret=(ret*i)%1000000007;
    return (long)ret;
}
int qsort_09(const int *sys1 , const int *sys2){ //小さいのが上にくるやつ
    //qsort(data,how_data,sizeof(long),(int (*)(const void *,const void *))qsort_09);
    if(*sys1<*sys2){
        return -1;
    }else if(*sys1==*sys2){
        return 0;
    }else{
        return 1;
    }
}
int qsort_90(const int *sys1 , const int *sys2){ //大きいのが上にくるやつ
    //qsort(data,how_data,sizeof(long),(int (*)(const void *,const void *))qsort_90);
    if(*sys1<*sys2){
        return 1;
    }else if(*sys1==*sys2){
        return 0;
    }else{
        return -1;
    }
}
long fibonacci(long n){
    switch(n){
        case 0:return 0;
        case 1:return 1;
        default :return fibonacci(n-1)+fibonacci(n-2);
    }
}
long sel_max(long a,long b){
    if(a>b)return a;
    return b;
}
long sel_min(long a,long b){
    if(a>b)return b;
    return a;
}
long can_DP(long how_data,long *data,long how_can,bool *can){//Typical DP Contest A
    //data内で組み合わせられる和をcanに0 or 1で入れる
    //返り値はパターン数
    long loopA,loopB;
    long ret=0;
    for(loopA=0;loopA<how_can;loopA++){//初期化
        can[loopA]=0;
    }
    can[0]=1;//絶対にありえる
    for(loopA=0;loopA<how_data;loopA++){
        for(loopB=how_can-1;loopB>=0;loopB--){
            if(can[loopB]==1 && loopB+data[loopA]<how_can){
                can[loopB+data[loopA]]=1;
            }
        }
    }
    for(loopA=0;loopA<how_can;loopA++){
        if(can[loopA]==1){
            ret++;
        }
    }
    return ret;
}
long array_max(long how_data,long *data){
    long loop;
    long ret=data[0];
    for(loop=0;loop<how_data;loop++){
        if(ret<data[loop])ret=data[loop];
    }
    return ret;
}
long array_min(long how_data,long *data){
    long loop;
    long ret=data[0];
    for(loop=0;loop<how_data;loop++){
        if(ret>data[loop])ret=data[loop];
    }
    return ret;
}
long array_sum(long how_data,long *data){
    long ret=0;
    long loop;
    for(loop=0;loop<how_data;loop++){
        ret+=data[loop];
    }
    return ret;
}
long array_search(long how_data,long *data,long what){
    long loop;
    for(loop=0;loop<how_data;loop++){
        if(data[loop]==what){
            return loop;
        }
    }
    return -1;
}
long Leven_dist(char *now , char *target){
    long loopA,loopB;
    //レーベンシュタイン距離を求める
    // 参考文献
    // http://nw.tsuda.ac.jp/class/algoB/c13.html  (アルゴリズム理解)
    // http://d.hatena.ne.jp/ohnishiakira/20090809/1249845529  (実装)
    long len_now=strlen(now)+1;
    long len_target=strlen(target)+1;
    long d[len_now][len_target]; //計算用
    for(loopA=0;loopA<len_now;loopA++) d[loopA][0]=loopA;
    for(loopA=0;loopA<len_target;loopA++) d[0][loopA]=loopA;
    for(loopA=1;loopA<len_now;loopA++){
        for(loopB=1;loopB<len_target;loopB++){
            long cost=(now[loopA-1]==target[loopB-1] ? 0:1);
            d[loopA][loopB]=sel_min(sel_min(d[loopA-1][loopB]+1,d[loopA][loopB-1]+1),d[loopA-1][loopB-1]+cost);
        }
    }
    return d[len_now-1][len_target-1];
}
long get_digit(long target){
    return (long)(log10(target)+1);
}
long ncr(long n , long r){
    //パスカルの三角形
    long loopA,loopB;
    long pascal[100][102]={{0}};
    pascal[1][0]=1;
    pascal[1][1]=1;
    for(loopA=2;loopA<100;loopA++){
        pascal[loopA][0]=1;
        for(loopB=1;loopB<loopA;loopB++){
            pascal[loopA][loopB]=pascal[loopA-1][loopB-1]+pascal[loopA-1][loopB];
        }
        pascal[loopA][loopA]=1;
    }
    return pascal[n][r];
}
long npr(long n, long r){
    return ncr(n,r)*factorial(r);
}
long nhr(long n , long r){
    return ncr(n+r-1,r);
}
long rounding(double target){
    return (long)target+0.50;
}
long roundingup(double target){
    return (long)ceil(target);
}
long roundingdown(double target){
    return (long)floor(target);
}
int fifw(long add,long *data){
    data[data[0]+1]=add;
    data[0]++;
    return data[0]; //現在のデータ件数を返す
}
long fifr(long *data){
    long ret=data[1];
    data[0]--;
    for(int i=1;i<999;i++){
        data[i]=data[i+1];
    }
    return ret;
}
void GRAPH_input(void){
    scanf(""%ld %ld\n"",&GRAPH.how_vertex,&GRAPH.how_edge);
    for(long loopA=0;loopA<GRAPH.how_edge;loopA++){
        scanf(""%ld %ld\n"",&GRAPH.edge_data[loopA][0],&GRAPH.edge_data[loopA][1]);
    }
    return;
}

void GRAPH_dfs(long now){
    GRAPH.aleady_searched_vertex[now]=1;
    for(int loopA=0;loopA<GRAPH.how_edge;loopA++){
        if(GRAPH.edge_data[loopA][0]==now && GRAPH.aleady_searched_vertex[GRAPH.edge_data[loopA][1]]==0){
            GRAPH_dfs(GRAPH.edge_data[loopA][1]);
        }
        if(GRAPH.edge_data[loopA][1]==now && GRAPH.aleady_searched_vertex[GRAPH.edge_data[loopA][0]]==0){
            GRAPH_dfs(GRAPH.edge_data[loopA][0]);
        }
    }
    return ;
}

bool check_prime(long target){//素数判定、素数なら1
    if(target==2)return 1;
    if(target<=1 || target%2==0)return 0;
    for(int loopA=3;loopA<=sqrt(target)+1;loopA+=2)if(target%loopA==0)return 0;
    return 1;
}
```

Assembly Code:

```assembly

```

Only output the optimized assembly code. Do not include any other text. Do not write any comments in the assembly code. Wrap the assembly code in ```assembly``` tags.
Optimized Assembly Code:
","Given the following C code, your task is to generate highly optimized x86-64 assembly code.
C Code:

```c
#include <stdio.h>
#include <string.h>
#include <stdlib.h>
#include <math.h>
#include <stdlib.h>
#include <stdbool.h>
#define MOD 1000000007
#define INFTY 2147400000
#define END printf(""\n"");return 0;
#define QS09(how_data,data) qsort(data,how_data,sizeof(long),(int (*)(const void *,const void *))qsort_09);
#define QS90(how_data,data) qsort(data,how_data,sizeof(long),(int (*)(const void *,const void *))qsort_90);
#define In(a) long a;scanf(""%ld"",&a);
#define Out(a) printf(""%ld\n"",a);
#define MAKE_ARRAY_DATA In(how_data);long data[how_data];input_array(how_data,data);
void input_array(long how_data,long *data);
void output_array(long how_data,long *data);
void input_array2(long first , long second , long data[][2]);
void format_array(long how_data ,long *data,long what);
long get_random(long min, long max);
long factorial(long n);
long fibonacci(long n);
int qsort_09(const int *sys1 , const int *sys2);
int qsort_90(const int *sys1 , const int *sys2);
long sel_max(long a , long b);
long sel_min(long a , long b);
long array_max(long how_data,long *data);
long array_min(long how_data,long *data);
long array_search(long how_data,long *data,long what);
long can_DP(long how_data,long *data,long how_can,bool *can);
long array_sum(long how_data,long *data);
long Leven_dist(char *now , char *target);
long get_digit(long target);
long rounding(double target);
long roundingdown(double target);
long roundingup(double target);
long ncr(long n , long r);
long npr(long n , long r);
long nhr(long n , long r);
int fifw(long add,long *data);
long fifr(long *data);
void GRAPH_input(void);
void GRAPH_dfs(long now);
bool check_prime(long target);

//グローバル変数一覧
long fifo[1000]={0};//fifo[0]はデータ件数
long loop1,loop2,loop3,loop4,loop5,i_temp;
long g_ans=0; //answerグローバル変数用

typedef struct{
    long how_vertex;
    long how_edge;
    long edge_data[1000][2];
    bool aleady_searched_vertex[500];
    bool all_searched;
} _GD;//GraphData

_GD GRAPH={0,0,{{0}},{0},0};

char c_temp;
//loop5 loop4 loop3 loop2 loop1
//--------------ここから


int main(void){
    In(x);In(a);In(b);
    if(abs(x-a)>abs(x-b)){
        printf(""B"");
    }else{
        printf(""A"");
    }
END;}

//--------------ここまで
 
void input_array(long how_data,long *data){
    long loop;
    for(loop=0;loop<how_data;loop++){
        scanf(""%ld"",&data[loop]);
    }
    return ;
}
void output_array(long how_data,long *data){
    long loop;
    for(loop=0;loop<how_data-1;loop++){
        printf(""%ld "",data[loop]);
    }
    return ;
}
void input_array2(long first,long second,long data[][2]){
    long loopA,loopB;
    for(loopA=0;loopA<first;loopA++){
        for(loopB=0;loopB<second;loopB++){
            scanf(""%ld"",&data[loopA][loopB]);
        }
    }
    return ;
}
void format_array(long how_data ,long *data,long what){
    long loopA;
    for(loopA=0;loopA<how_data;loopA++){
        data[loopA]=what;
    }
    return ;
}
long get_random(long min, long max){   //指定の範囲から乱数を1つ返すやつ
    //srand((unsigned int)time(0));   //現在時刻で疑似乱数初期化
    rand();rand();rand();rand();    //乱数を空打ち
    return (rand()%(max+1-min))+min;
}
long factorial(long n){//n!のMOD10^9+7を返すやつ
    unsigned long long int ret=1;
    for(long i=1;i<=n;i++)ret=(ret*i)%1000000007;
    return (long)ret;
}
int qsort_09(const int *sys1 , const int *sys2){ //小さいのが上にくるやつ
    //qsort(data,how_data,sizeof(long),(int (*)(const void *,const void *))qsort_09);
    if(*sys1<*sys2){
        return -1;
    }else if(*sys1==*sys2){
        return 0;
    }else{
        return 1;
    }
}
int qsort_90(const int *sys1 , const int *sys2){ //大きいのが上にくるやつ
    //qsort(data,how_data,sizeof(long),(int (*)(const void *,const void *))qsort_90);
    if(*sys1<*sys2){
        return 1;
    }else if(*sys1==*sys2){
        return 0;
    }else{
        return -1;
    }
}
long fibonacci(long n){
    switch(n){
        case 0:return 0;
        case 1:return 1;
        default :return fibonacci(n-1)+fibonacci(n-2);
    }
}
long sel_max(long a,long b){
    if(a>b)return a;
    return b;
}
long sel_min(long a,long b){
    if(a>b)return b;
    return a;
}
long can_DP(long how_data,long *data,long how_can,bool *can){//Typical DP Contest A
    //data内で組み合わせられる和をcanに0 or 1で入れる
    //返り値はパターン数
    long loopA,loopB;
    long ret=0;
    for(loopA=0;loopA<how_can;loopA++){//初期化
        can[loopA]=0;
    }
    can[0]=1;//絶対にありえる
    for(loopA=0;loopA<how_data;loopA++){
        for(loopB=how_can-1;loopB>=0;loopB--){
            if(can[loopB]==1 && loopB+data[loopA]<how_can){
                can[loopB+data[loopA]]=1;
            }
        }
    }
    for(loopA=0;loopA<how_can;loopA++){
        if(can[loopA]==1){
            ret++;
        }
    }
    return ret;
}
long array_max(long how_data,long *data){
    long loop;
    long ret=data[0];
    for(loop=0;loop<how_data;loop++){
        if(ret<data[loop])ret=data[loop];
    }
    return ret;
}
long array_min(long how_data,long *data){
    long loop;
    long ret=data[0];
    for(loop=0;loop<how_data;loop++){
        if(ret>data[loop])ret=data[loop];
    }
    return ret;
}
long array_sum(long how_data,long *data){
    long ret=0;
    long loop;
    for(loop=0;loop<how_data;loop++){
        ret+=data[loop];
    }
    return ret;
}
long array_search(long how_data,long *data,long what){
    long loop;
    for(loop=0;loop<how_data;loop++){
        if(data[loop]==what){
            return loop;
        }
    }
    return -1;
}
long Leven_dist(char *now , char *target){
    long loopA,loopB;
    //レーベンシュタイン距離を求める
    // 参考文献
    // http://nw.tsuda.ac.jp/class/algoB/c13.html  (アルゴリズム理解)
    // http://d.hatena.ne.jp/ohnishiakira/20090809/1249845529  (実装)
    long len_now=strlen(now)+1;
    long len_target=strlen(target)+1;
    long d[len_now][len_target]; //計算用
    for(loopA=0;loopA<len_now;loopA++) d[loopA][0]=loopA;
    for(loopA=0;loopA<len_target;loopA++) d[0][loopA]=loopA;
    for(loopA=1;loopA<len_now;loopA++){
        for(loopB=1;loopB<len_target;loopB++){
            long cost=(now[loopA-1]==target[loopB-1] ? 0:1);
            d[loopA][loopB]=sel_min(sel_min(d[loopA-1][loopB]+1,d[loopA][loopB-1]+1),d[loopA-1][loopB-1]+cost);
        }
    }
    return d[len_now-1][len_target-1];
}
long get_digit(long target){
    return (long)(log10(target)+1);
}
long ncr(long n , long r){
    //パスカルの三角形
    long loopA,loopB;
    long pascal[100][102]={{0}};
    pascal[1][0]=1;
    pascal[1][1]=1;
    for(loopA=2;loopA<100;loopA++){
        pascal[loopA][0]=1;
        for(loopB=1;loopB<loopA;loopB++){
            pascal[loopA][loopB]=pascal[loopA-1][loopB-1]+pascal[loopA-1][loopB];
        }
        pascal[loopA][loopA]=1;
    }
    return pascal[n][r];
}
long npr(long n, long r){
    return ncr(n,r)*factorial(r);
}
long nhr(long n , long r){
    return ncr(n+r-1,r);
}
long rounding(double target){
    return (long)target+0.50;
}
long roundingup(double target){
    return (long)ceil(target);
}
long roundingdown(double target){
    return (long)floor(target);
}
int fifw(long add,long *data){
    data[data[0]+1]=add;
    data[0]++;
    return data[0]; //現在のデータ件数を返す
}
long fifr(long *data){
    long ret=data[1];
    data[0]--;
    for(int i=1;i<999;i++){
        data[i]=data[i+1];
    }
    return ret;
}
void GRAPH_input(void){
    scanf(""%ld %ld\n"",&GRAPH.how_vertex,&GRAPH.how_edge);
    for(long loopA=0;loopA<GRAPH.how_edge;loopA++){
        scanf(""%ld %ld\n"",&GRAPH.edge_data[loopA][0],&GRAPH.edge_data[loopA][1]);
    }
    return;
}

void GRAPH_dfs(long now){
    GRAPH.aleady_searched_vertex[now]=1;
    for(int loopA=0;loopA<GRAPH.how_edge;loopA++){
        if(GRAPH.edge_data[loopA][0]==now && GRAPH.aleady_searched_vertex[GRAPH.edge_data[loopA][1]]==0){
            GRAPH_dfs(GRAPH.edge_data[loopA][1]);
        }
        if(GRAPH.edge_data[loopA][1]==now && GRAPH.aleady_searched_vertex[GRAPH.edge_data[loopA][0]]==0){
            GRAPH_dfs(GRAPH.edge_data[loopA][0]);
        }
    }
    return ;
}

bool check_prime(long target){//素数判定、素数なら1
    if(target==2)return 1;
    if(target<=1 || target%2==0)return 0;
    for(int loopA=3;loopA<=sqrt(target)+1;loopA+=2)if(target%loopA==0)return 0;
    return 1;
}
```

Only output the optimized assembly code. Do not include any other text. Do not write any comments in the assembly code. Wrap the assembly code in ```assembly``` tags.
Optimized Assembly Code:
"
15,"/*
cat <<EOF >mistaken-paste
*/

#pragma GCC diagnostic ignored ""-Wincompatible-pointer-types""

#include <stdio.h>
#include <stdint.h>
#include <stdlib.h>
#include <string.h>
#include <stdbool.h>
#include <math.h>

#define BIG 2000000007
#define VERYBIG 200000000000007LL

#define MOD 1000000007
typedef uint64_t ull;
typedef  int64_t sll;

#define N_MAX 300000
#define M_MAX 40000

typedef struct {
	int32_t a;
	int32_t b;
} hw;

typedef struct {
	sll a;
	sll b;
} hwll;

typedef struct {
	hwll a;
	hwll b;
} linell;


typedef struct {
	ull s;
	ull t;
	int32_t c;
} struct_a;

typedef struct {
	int32_t from;
	int32_t to;
	sll cost;
} struct_b;



const hw vector8[8] = {
	{-1, -1},
	{-1,  0},
	{-1, +1},
	{ 0, -1},
	{ 0, +1},
	{+1, -1},
	{+1,  0},
	{+1, +1}
};

ull n, m;
ull h, w;
ull k;
ull vua, vub, vuc, vud, vue, vuf;
sll vsa, vsb, vsc, vsd, vse, vsf;
long double vra, vrb, vrc;
double vda, vdb, vdc;
size_t slen;
size_t tlen;
ull a[N_MAX];
// ull a[M_MAX];
// sll a[N_MAX];
// ull a[N_MAX][N_MAX];
// ull wall[N_MAX][N_MAX];
// ull b[N_MAX];
// ull b[M_MAX];
// sll b[N_MAX];
// ull b[N_MAX][N_MAX];
// sll b[N_MAX][N_MAX];
// ull c[N_MAX];
// ull c[M_MAX];
// sll c[M_MAX];
// char s[N_MAX + 1];
// char t[N_MAX + 1];
// char s[N_MAX][M_MAX + 1];
ull alphabets[26];

// ull dp[N_MAX];
sll dp[N_MAX];
// bool dp[N_MAX];
// ull dq[N_MAX];
// ull dp[N_MAX + 1][M_MAX + 1];
// ull dq[M_MAX][N_MAX];
// bool dq[N_MAX];
// hwll dp[N_MAX + 1][N_MAX + 1];
// struct_a dp[N_MAX + 1][N_MAX + 1];

sll imos[N_MAX + 5];

// int32_t dp[N_MAX];

// hw arr[N_MAX];
// hwll arr[N_MAX * 2];
// hw brr[M_MAX];
// linell arr[N_MAX][N_MAX];

// ull bitdp[1 << 8];

// ull digitdp[1001][   3][    2];
//           pos  less  carry
// ull digitdp[1001][    2];
//           pos  carry


// struct_a arr[N_MAX * 2];
// struct_b brr[N_MAX * 2];

void swap_adj (ull *a, ull *b) {
	if (*a != *b) {
		ull tmp = *b;
		*b = *a;
		*a = tmp;
	}
	return;
}

ull divide (ull a, ull b) {
	ull x = MOD - 2;
	ull ans = 1;
	while (x) {
		if (x & 1) ans = (ans * b) % MOD;
		b = (b * b) % MOD;
		x /= 2;
	}
	return (a * ans) % MOD;
}

int32_t digits (ull x) {
	int32_t i = 1;
	while (x >= 10) {
		x /= 10;
		i++;
	}
	return i;
}

ull umin (ull x, ull y) {
	return (x < y) ? x : y;
}

ull umax (ull x, ull y) {
	return (x > y) ? x : y;
}

sll smin (sll x, sll y) {
	return (x < y) ? x : y;
}

sll smax (sll x, sll y) {
	return (x > y) ? x : y;
}

ull gcd (ull x, ull y) {
	if (x < y) {
		return gcd(y, x);
	} else if (y == 0) {
		return x;
	} else {
		return gcd(y, x % y);
	}
}

ull bitpow (ull a, ull x, ull modulo) {
	ull result = 1;
	while (x) {
		if (x & 1) {
			result *= a;
			result %= modulo;
		}
		x /= 2;
		a = (a * a) % modulo;
	}
	return result;
}

int32_t targetdig (ull x, int32_t index /* 1-indexed */) {
	// static...?
	int32_t posmax = digits(x);
	if (posmax < index) return -1;
	while (posmax > index) {
		posmax--;
		x /= 10;
	}
	return x % 10;
}

int32_t charcomp (const char left, const char right) {
	if (left < right) {
		return -1;
	} else if (left > right) {
		return +1;
	} else {
		return 0;
	}
}

int32_t pcharcomp (const char *left, const char *right) {
	return charcomp(*left, *right);
}

int32_t pcharrevcomp (const char *left, const char *right) {
	return charcomp(*right, *left);
}

int32_t intcomp (const int32_t left, const int32_t right) {
	if (left < right) {
		return -1;
	} else if (left > right) {
		return +1;
	} else {
		return 0;
	}
}

int32_t pintcomp (const int32_t *left, const int32_t *right) {
	return intcomp(*left, *right);
}

int32_t ullcomp (const ull left, const ull right) {
	if (left < right) {
		return -1;
	} else if (left > right) {
		return +1;
	} else {
		return 0;
	}
}

int32_t pullcomp (const ull *left, const ull *right) {
	return ullcomp(*left, *right);
}

int32_t sllcomp (const sll left, const sll right) {
	if (left < right) {
		return -1;
	} else if (left > right) {
		return +1;
	} else {
		return 0;
	}
}

int32_t hwllfraccomp (const hwll left, const hwll right) {
	return ullcomp(left.a * right.b, left.b * right.a);
}

int32_t psllcomp (const sll *left, const sll *right) {
	return sllcomp(*left, *right);
}

int32_t phwAcomp (const hw *left, const hw *right) {
	return intcomp(left->a, right->a);
}

int32_t phwBcomp (const hw *left, const hw *right) {
	return intcomp(left->b, right->b);
}

int32_t phwABcomp (const hw *left, const hw *right) {
	int32_t x = phwAcomp(left, right);
	if (x) return x;
	return phwBcomp(left, right);
}

int32_t phwllAcomp (const hwll *left, const hwll *right) {
	return sllcomp(left->a, right->a);
}

int32_t phwllBcomp (const hwll *left, const hwll *right) {
	return sllcomp(left->b, right->b);
}

int32_t phwllABcomp (const hwll *left, const hwll *right) {
	int32_t x = phwllAcomp(left, right);
	if (x) return x;
	return phwllBcomp(left, right);
}

int32_t pstrAcomp (const struct_a *left, const struct_a *right) {
	int32_t x;
	if (x = ullcomp(left->t, right->t)) return x;
	if (x = ullcomp(left->s, right->s)) return x;
	if (x = intcomp(left->c, right->c)) return x;
	return 0;
}

int32_t bitlet (char c) {
	return (1 << (c - 'a'));
}

ull ullabs (ull a, ull b) {
	if (a >= b) {
		return a - b;
	} else {
		return b - a;
	}
}

sll sllabs (sll a, sll b) {
	if (a >= b) {
		return a - b;
	} else {
		return b - a;
	}
}

sll nibutanlobo (bool (*func)(sll arg), sll ok, sll ng) {
	while (sllabs(ok, ng) > 1) {
		sll med = (ok + ng) / 2;
		if (func(med)) {
			ok = med;
		} else {
			ng = med;
		}

		// printf(""debug: [%lld %lld)\n"", ok, ng);
	}

	if (!func(ok)) return ok * 2 - ng;
	return ok;
}

bool nextroute (int32_t arr[], int32_t n) {
	int32_t i = n - 1;
	int32_t j, x;

	while (i > 0 && arr[i - 1] > arr[i]) i--;
	if (i == 0) return false;

	x = n;
	for (j = i; j < n; j++) {
		if (arr[j] < arr[i - 1]) continue;
		if (x == n || arr[x] > arr[j]) x = j;
	}
	arr[i - 1] ^= arr[x];
	arr[x] ^= arr[i - 1];
	arr[i - 1] ^= arr[x];

	qsort(&arr[i], n - i, sizeof(int32_t), pintcomp);
	return true;
}

void printUquotient (ull left, ull right) {
	const int32_t digits = 20;

	printf(""%llu."", left / right);
	left %= right;
	for (int32_t i = 0; i < digits; i++) {
		left *= 10;
		printf(""%1d"", left / right);
		left %= right;
	}
	puts("""");

	return;
}

void printSquotient (sll left, sll right) {
	if (left * right < 0) putchar('-');
	printUquotient(sllabs(left, 0), sllabs(right, 0));

	return;
}

int bitcount (ull n) {
	int result = 0;
	while (n) {
		if (n & 1) result++;
		n /= 2;
	}
	return result;
}


bool isprime (ull n) {
	ull i;
	if (n < 2) return false;
	for (i = 2; i * i <= n; i++) {
		if (n % i == 0) return false;
	}
	return true;
}

ull solve () {
	sll i, j, ki, l;
	ull result = 0;
	// sll result = 0;
	ull sum = 0;
	// sll sum = 0;
	ull item;
	ull *dpcell;
	// qsortの際には""p""ullcompを使う

	// ull p2, p3, p5;
	// p2 = p3 = p5 = 0;
	// while (n % 2) {
	// 	n /= 2;
	// 	p2++;
	// }
	// while (n % 3) {
	// 	n /= 3;
	// 	p3++;
	// }
	// while (n % 5) {
	// 	n /= 5;
	// 	p5++;
	// }
	// if (n > 1) goto fail;

	// for (i = 0; i < n; i++) {
	// 	a[i]--;
	// }

	// for (i = 0; i < n - 1; i++) {
	// 	if (a[i] < a[i + 1]) {
	// 		sum += item = a[i + 1] - a[i];

	// 		if (item > 1) {
	// 			imos[a[i] + 2] -= 1;
	// 			imos[a[i + 1] + 1] += item;
	// 			imos[a[i + 1] + 2] -= (item - 1);

	// 			imos[m + a[i] + 2] -= 1;
	// 			imos[m + a[i + 1] + 1] += item;
	// 			imos[m + a[i + 1] + 2] -= (item - 1);
	// 		}
	// 	} else {
	// 		sum += item = (m - (a[i] - a[i + 1]));

	// 		if (item > 1) {
	// 			imos[a[i] + 2] -= 1;
	// 			imos[m + a[i + 1] + 1] += item;
	// 			imos[m + a[i + 1] + 2] -= (item - 1);
	// 		}
	// 	}

	// 	// printf(""%3lld: "", item);

	// 	// for (j = 0; j < m * 2; j++) {
	// 	// 	printf(""%3lld "", imos[j]);
	// 	// }
	// 	// puts("""");
	// }

	// sll delta = 0;
	// sll deltadelta = 0;
	// for (i = 0; i < m * 2; i++) {
	// 	deltadelta += imos[i];
	// 	delta += deltadelta;
	// 	if (result > delta) {
	// 		result = delta;
	// 		vua = i;
	// 	}
	// 	// printf(""imos[%2lld]: %3lld, delta: %3lld, result: %3lld\n"", i, imos[i], delta, result);
	// }
	// printf(""idnvf %llu\n"", vua);

	// result += sum;


	for (i = 0; i < n; i++) {
		result += a[i] / 2;
		a[i] %= 2;

		if (i < n - 1 && a[i] && a[i + 1]) {
			result++;
			a[i + 1]--;
		}
	}

	printf(""%llu\n"", result);
	// puts(s);

	return 0;

	success:
	// puts(""YES"");
	puts(""Yes"");
	// printf(""%llu\n"", result);
	return 0;

	fail:
	// puts(""NO"");
	puts(""No"");
	// puts(""0"");
	// puts(""-1"");
	// puts(""inf"");
	return 1;
}

int32_t main (void) {
	int32_t i, j;
	int32_t x, y;

	// scanf(""%llu%llu"", &h, &w);
	scanf(""%llu"", &n, &m);
	// scanf(""%llu%llu"", &k, &n);
	// scanf(""%llu%llu%llu"", &vua, &vub, &vuc, &vud);
	// scanf(""%llu%llu%llu"", &vsa, &vsb, &vsc);
	// scanf(""%s"", s);
	// scanf(""%s"", t);
	// scanf(""%lld%lld"", &vsa, &vsb);
	for (i = 0; i < n; i++) {
		scanf(""%llu"", &a[i]);
	}

	// for (i = 0; i < k; i++) {
	// 	scanf(""%d"", &dp[i]);
	// 	dp[i]--;
	// }
	// for (i = 0; i < h; i++) {
	// 	scanf(""%llu"", &a[i]);
	// }
	// for (i = 0; i < w; i++) {
	// 	scanf(""%llu"", &b[i]);
	// }
	// for (i = 0; i < n - 1; i++) {
	// 	scanf(""%llu%llu%lld"", &a[i], &b[i], &c[i]);
	// }
	// for (i = 0; i < h; i++) {
	// 	for (j = 0; j < w; j++) {
	// 		scanf(""%llu"", &a[i][j]);
	// 	}
	// }

	solve();

	// for (i = 0; i < n; i++) {
	// 	// scanf(""%llu%llu"", &vua, &vub);
	// 	scanf(""%f%f%f"", &vda, &vdb, &vdc);
	// 	// scanf(""%s"", s);
	// 	solve();
	// }

	// while (scanf(""%llu%llu"", &n, &k), n + k) {
	// 	for (i = 0; i < n; i++) {
	// 		scanf(""%llu"", &a[i]);
	// 	}
	// 	solve();
	// }

	return 0;
}
","[{""input"": ""8\n2\n0\n1\n6\n1\n8\n2\n1\n"", ""output"": ""10\n\n""}, {""input"": ""4\n4\n0\n3\n1\n"", ""output"": ""4\n\n""}, {""input"": ""8\n2\n0\n1\n9\n1\n8\n2\n1\n"", ""output"": ""12\n\n""}, {""input"": ""4\n3\n0\n3\n1\n"", ""output"": ""3\n\n""}, {""input"": ""4\n0\n0\n3\n1\n"", ""output"": ""2\n\n""}, {""input"": ""8\n1\n0\n1\n9\n1\n5\n2\n1\n"", ""output"": ""9\n\n""}, {""input"": ""8\n1\n0\n1\n1\n1\n5\n1\n1\n"", ""output"": ""5\n\n""}, {""input"": ""8\n0\n0\n1\n4\n1\n5\n1\n1\n"", ""output"": ""6\n\n""}, {""input"": ""8\n0\n0\n1\n4\n1\n5\n2\n1\n"", ""output"": ""7\n\n""}, {""input"": ""8\n1\n1\n2\n0\n1\n5\n4\n2\n"", ""output"": ""8\n\n""}]","Given the following C code and assembly code, your task is to generate highly optimized x86-64 assembly code.
C Code:

```c
/*
cat <<EOF >mistaken-paste
*/

#pragma GCC diagnostic ignored ""-Wincompatible-pointer-types""

#include <stdio.h>
#include <stdint.h>
#include <stdlib.h>
#include <string.h>
#include <stdbool.h>
#include <math.h>

#define BIG 2000000007
#define VERYBIG 200000000000007LL

#define MOD 1000000007
typedef uint64_t ull;
typedef  int64_t sll;

#define N_MAX 300000
#define M_MAX 40000

typedef struct {
	int32_t a;
	int32_t b;
} hw;

typedef struct {
	sll a;
	sll b;
} hwll;

typedef struct {
	hwll a;
	hwll b;
} linell;


typedef struct {
	ull s;
	ull t;
	int32_t c;
} struct_a;

typedef struct {
	int32_t from;
	int32_t to;
	sll cost;
} struct_b;



const hw vector8[8] = {
	{-1, -1},
	{-1,  0},
	{-1, +1},
	{ 0, -1},
	{ 0, +1},
	{+1, -1},
	{+1,  0},
	{+1, +1}
};

ull n, m;
ull h, w;
ull k;
ull vua, vub, vuc, vud, vue, vuf;
sll vsa, vsb, vsc, vsd, vse, vsf;
long double vra, vrb, vrc;
double vda, vdb, vdc;
size_t slen;
size_t tlen;
ull a[N_MAX];
// ull a[M_MAX];
// sll a[N_MAX];
// ull a[N_MAX][N_MAX];
// ull wall[N_MAX][N_MAX];
// ull b[N_MAX];
// ull b[M_MAX];
// sll b[N_MAX];
// ull b[N_MAX][N_MAX];
// sll b[N_MAX][N_MAX];
// ull c[N_MAX];
// ull c[M_MAX];
// sll c[M_MAX];
// char s[N_MAX + 1];
// char t[N_MAX + 1];
// char s[N_MAX][M_MAX + 1];
ull alphabets[26];

// ull dp[N_MAX];
sll dp[N_MAX];
// bool dp[N_MAX];
// ull dq[N_MAX];
// ull dp[N_MAX + 1][M_MAX + 1];
// ull dq[M_MAX][N_MAX];
// bool dq[N_MAX];
// hwll dp[N_MAX + 1][N_MAX + 1];
// struct_a dp[N_MAX + 1][N_MAX + 1];

sll imos[N_MAX + 5];

// int32_t dp[N_MAX];

// hw arr[N_MAX];
// hwll arr[N_MAX * 2];
// hw brr[M_MAX];
// linell arr[N_MAX][N_MAX];

// ull bitdp[1 << 8];

// ull digitdp[1001][   3][    2];
//           pos  less  carry
// ull digitdp[1001][    2];
//           pos  carry


// struct_a arr[N_MAX * 2];
// struct_b brr[N_MAX * 2];

void swap_adj (ull *a, ull *b) {
	if (*a != *b) {
		ull tmp = *b;
		*b = *a;
		*a = tmp;
	}
	return;
}

ull divide (ull a, ull b) {
	ull x = MOD - 2;
	ull ans = 1;
	while (x) {
		if (x & 1) ans = (ans * b) % MOD;
		b = (b * b) % MOD;
		x /= 2;
	}
	return (a * ans) % MOD;
}

int32_t digits (ull x) {
	int32_t i = 1;
	while (x >= 10) {
		x /= 10;
		i++;
	}
	return i;
}

ull umin (ull x, ull y) {
	return (x < y) ? x : y;
}

ull umax (ull x, ull y) {
	return (x > y) ? x : y;
}

sll smin (sll x, sll y) {
	return (x < y) ? x : y;
}

sll smax (sll x, sll y) {
	return (x > y) ? x : y;
}

ull gcd (ull x, ull y) {
	if (x < y) {
		return gcd(y, x);
	} else if (y == 0) {
		return x;
	} else {
		return gcd(y, x % y);
	}
}

ull bitpow (ull a, ull x, ull modulo) {
	ull result = 1;
	while (x) {
		if (x & 1) {
			result *= a;
			result %= modulo;
		}
		x /= 2;
		a = (a * a) % modulo;
	}
	return result;
}

int32_t targetdig (ull x, int32_t index /* 1-indexed */) {
	// static...?
	int32_t posmax = digits(x);
	if (posmax < index) return -1;
	while (posmax > index) {
		posmax--;
		x /= 10;
	}
	return x % 10;
}

int32_t charcomp (const char left, const char right) {
	if (left < right) {
		return -1;
	} else if (left > right) {
		return +1;
	} else {
		return 0;
	}
}

int32_t pcharcomp (const char *left, const char *right) {
	return charcomp(*left, *right);
}

int32_t pcharrevcomp (const char *left, const char *right) {
	return charcomp(*right, *left);
}

int32_t intcomp (const int32_t left, const int32_t right) {
	if (left < right) {
		return -1;
	} else if (left > right) {
		return +1;
	} else {
		return 0;
	}
}

int32_t pintcomp (const int32_t *left, const int32_t *right) {
	return intcomp(*left, *right);
}

int32_t ullcomp (const ull left, const ull right) {
	if (left < right) {
		return -1;
	} else if (left > right) {
		return +1;
	} else {
		return 0;
	}
}

int32_t pullcomp (const ull *left, const ull *right) {
	return ullcomp(*left, *right);
}

int32_t sllcomp (const sll left, const sll right) {
	if (left < right) {
		return -1;
	} else if (left > right) {
		return +1;
	} else {
		return 0;
	}
}

int32_t hwllfraccomp (const hwll left, const hwll right) {
	return ullcomp(left.a * right.b, left.b * right.a);
}

int32_t psllcomp (const sll *left, const sll *right) {
	return sllcomp(*left, *right);
}

int32_t phwAcomp (const hw *left, const hw *right) {
	return intcomp(left->a, right->a);
}

int32_t phwBcomp (const hw *left, const hw *right) {
	return intcomp(left->b, right->b);
}

int32_t phwABcomp (const hw *left, const hw *right) {
	int32_t x = phwAcomp(left, right);
	if (x) return x;
	return phwBcomp(left, right);
}

int32_t phwllAcomp (const hwll *left, const hwll *right) {
	return sllcomp(left->a, right->a);
}

int32_t phwllBcomp (const hwll *left, const hwll *right) {
	return sllcomp(left->b, right->b);
}

int32_t phwllABcomp (const hwll *left, const hwll *right) {
	int32_t x = phwllAcomp(left, right);
	if (x) return x;
	return phwllBcomp(left, right);
}

int32_t pstrAcomp (const struct_a *left, const struct_a *right) {
	int32_t x;
	if (x = ullcomp(left->t, right->t)) return x;
	if (x = ullcomp(left->s, right->s)) return x;
	if (x = intcomp(left->c, right->c)) return x;
	return 0;
}

int32_t bitlet (char c) {
	return (1 << (c - 'a'));
}

ull ullabs (ull a, ull b) {
	if (a >= b) {
		return a - b;
	} else {
		return b - a;
	}
}

sll sllabs (sll a, sll b) {
	if (a >= b) {
		return a - b;
	} else {
		return b - a;
	}
}

sll nibutanlobo (bool (*func)(sll arg), sll ok, sll ng) {
	while (sllabs(ok, ng) > 1) {
		sll med = (ok + ng) / 2;
		if (func(med)) {
			ok = med;
		} else {
			ng = med;
		}

		// printf(""debug: [%lld %lld)\n"", ok, ng);
	}

	if (!func(ok)) return ok * 2 - ng;
	return ok;
}

bool nextroute (int32_t arr[], int32_t n) {
	int32_t i = n - 1;
	int32_t j, x;

	while (i > 0 && arr[i - 1] > arr[i]) i--;
	if (i == 0) return false;

	x = n;
	for (j = i; j < n; j++) {
		if (arr[j] < arr[i - 1]) continue;
		if (x == n || arr[x] > arr[j]) x = j;
	}
	arr[i - 1] ^= arr[x];
	arr[x] ^= arr[i - 1];
	arr[i - 1] ^= arr[x];

	qsort(&arr[i], n - i, sizeof(int32_t), pintcomp);
	return true;
}

void printUquotient (ull left, ull right) {
	const int32_t digits = 20;

	printf(""%llu."", left / right);
	left %= right;
	for (int32_t i = 0; i < digits; i++) {
		left *= 10;
		printf(""%1d"", left / right);
		left %= right;
	}
	puts("""");

	return;
}

void printSquotient (sll left, sll right) {
	if (left * right < 0) putchar('-');
	printUquotient(sllabs(left, 0), sllabs(right, 0));

	return;
}

int bitcount (ull n) {
	int result = 0;
	while (n) {
		if (n & 1) result++;
		n /= 2;
	}
	return result;
}


bool isprime (ull n) {
	ull i;
	if (n < 2) return false;
	for (i = 2; i * i <= n; i++) {
		if (n % i == 0) return false;
	}
	return true;
}

ull solve () {
	sll i, j, ki, l;
	ull result = 0;
	// sll result = 0;
	ull sum = 0;
	// sll sum = 0;
	ull item;
	ull *dpcell;
	// qsortの際には""p""ullcompを使う

	// ull p2, p3, p5;
	// p2 = p3 = p5 = 0;
	// while (n % 2) {
	// 	n /= 2;
	// 	p2++;
	// }
	// while (n % 3) {
	// 	n /= 3;
	// 	p3++;
	// }
	// while (n % 5) {
	// 	n /= 5;
	// 	p5++;
	// }
	// if (n > 1) goto fail;

	// for (i = 0; i < n; i++) {
	// 	a[i]--;
	// }

	// for (i = 0; i < n - 1; i++) {
	// 	if (a[i] < a[i + 1]) {
	// 		sum += item = a[i + 1] - a[i];

	// 		if (item > 1) {
	// 			imos[a[i] + 2] -= 1;
	// 			imos[a[i + 1] + 1] += item;
	// 			imos[a[i + 1] + 2] -= (item - 1);

	// 			imos[m + a[i] + 2] -= 1;
	// 			imos[m + a[i + 1] + 1] += item;
	// 			imos[m + a[i + 1] + 2] -= (item - 1);
	// 		}
	// 	} else {
	// 		sum += item = (m - (a[i] - a[i + 1]));

	// 		if (item > 1) {
	// 			imos[a[i] + 2] -= 1;
	// 			imos[m + a[i + 1] + 1] += item;
	// 			imos[m + a[i + 1] + 2] -= (item - 1);
	// 		}
	// 	}

	// 	// printf(""%3lld: "", item);

	// 	// for (j = 0; j < m * 2; j++) {
	// 	// 	printf(""%3lld "", imos[j]);
	// 	// }
	// 	// puts("""");
	// }

	// sll delta = 0;
	// sll deltadelta = 0;
	// for (i = 0; i < m * 2; i++) {
	// 	deltadelta += imos[i];
	// 	delta += deltadelta;
	// 	if (result > delta) {
	// 		result = delta;
	// 		vua = i;
	// 	}
	// 	// printf(""imos[%2lld]: %3lld, delta: %3lld, result: %3lld\n"", i, imos[i], delta, result);
	// }
	// printf(""idnvf %llu\n"", vua);

	// result += sum;


	for (i = 0; i < n; i++) {
		result += a[i] / 2;
		a[i] %= 2;

		if (i < n - 1 && a[i] && a[i + 1]) {
			result++;
			a[i + 1]--;
		}
	}

	printf(""%llu\n"", result);
	// puts(s);

	return 0;

	success:
	// puts(""YES"");
	puts(""Yes"");
	// printf(""%llu\n"", result);
	return 0;

	fail:
	// puts(""NO"");
	puts(""No"");
	// puts(""0"");
	// puts(""-1"");
	// puts(""inf"");
	return 1;
}

int32_t main (void) {
	int32_t i, j;
	int32_t x, y;

	// scanf(""%llu%llu"", &h, &w);
	scanf(""%llu"", &n, &m);
	// scanf(""%llu%llu"", &k, &n);
	// scanf(""%llu%llu%llu"", &vua, &vub, &vuc, &vud);
	// scanf(""%llu%llu%llu"", &vsa, &vsb, &vsc);
	// scanf(""%s"", s);
	// scanf(""%s"", t);
	// scanf(""%lld%lld"", &vsa, &vsb);
	for (i = 0; i < n; i++) {
		scanf(""%llu"", &a[i]);
	}

	// for (i = 0; i < k; i++) {
	// 	scanf(""%d"", &dp[i]);
	// 	dp[i]--;
	// }
	// for (i = 0; i < h; i++) {
	// 	scanf(""%llu"", &a[i]);
	// }
	// for (i = 0; i < w; i++) {
	// 	scanf(""%llu"", &b[i]);
	// }
	// for (i = 0; i < n - 1; i++) {
	// 	scanf(""%llu%llu%lld"", &a[i], &b[i], &c[i]);
	// }
	// for (i = 0; i < h; i++) {
	// 	for (j = 0; j < w; j++) {
	// 		scanf(""%llu"", &a[i][j]);
	// 	}
	// }

	solve();

	// for (i = 0; i < n; i++) {
	// 	// scanf(""%llu%llu"", &vua, &vub);
	// 	scanf(""%f%f%f"", &vda, &vdb, &vdc);
	// 	// scanf(""%s"", s);
	// 	solve();
	// }

	// while (scanf(""%llu%llu"", &n, &k), n + k) {
	// 	for (i = 0; i < n; i++) {
	// 		scanf(""%llu"", &a[i]);
	// 	}
	// 	solve();
	// }

	return 0;
}
```

Assembly Code:

```assembly

```

Only output the optimized assembly code. Do not include any other text. Do not write any comments in the assembly code. Wrap the assembly code in ```assembly``` tags.
Optimized Assembly Code:
","Given the following C code, your task is to generate highly optimized x86-64 assembly code.
C Code:

```c
/*
cat <<EOF >mistaken-paste
*/

#pragma GCC diagnostic ignored ""-Wincompatible-pointer-types""

#include <stdio.h>
#include <stdint.h>
#include <stdlib.h>
#include <string.h>
#include <stdbool.h>
#include <math.h>

#define BIG 2000000007
#define VERYBIG 200000000000007LL

#define MOD 1000000007
typedef uint64_t ull;
typedef  int64_t sll;

#define N_MAX 300000
#define M_MAX 40000

typedef struct {
	int32_t a;
	int32_t b;
} hw;

typedef struct {
	sll a;
	sll b;
} hwll;

typedef struct {
	hwll a;
	hwll b;
} linell;


typedef struct {
	ull s;
	ull t;
	int32_t c;
} struct_a;

typedef struct {
	int32_t from;
	int32_t to;
	sll cost;
} struct_b;



const hw vector8[8] = {
	{-1, -1},
	{-1,  0},
	{-1, +1},
	{ 0, -1},
	{ 0, +1},
	{+1, -1},
	{+1,  0},
	{+1, +1}
};

ull n, m;
ull h, w;
ull k;
ull vua, vub, vuc, vud, vue, vuf;
sll vsa, vsb, vsc, vsd, vse, vsf;
long double vra, vrb, vrc;
double vda, vdb, vdc;
size_t slen;
size_t tlen;
ull a[N_MAX];
// ull a[M_MAX];
// sll a[N_MAX];
// ull a[N_MAX][N_MAX];
// ull wall[N_MAX][N_MAX];
// ull b[N_MAX];
// ull b[M_MAX];
// sll b[N_MAX];
// ull b[N_MAX][N_MAX];
// sll b[N_MAX][N_MAX];
// ull c[N_MAX];
// ull c[M_MAX];
// sll c[M_MAX];
// char s[N_MAX + 1];
// char t[N_MAX + 1];
// char s[N_MAX][M_MAX + 1];
ull alphabets[26];

// ull dp[N_MAX];
sll dp[N_MAX];
// bool dp[N_MAX];
// ull dq[N_MAX];
// ull dp[N_MAX + 1][M_MAX + 1];
// ull dq[M_MAX][N_MAX];
// bool dq[N_MAX];
// hwll dp[N_MAX + 1][N_MAX + 1];
// struct_a dp[N_MAX + 1][N_MAX + 1];

sll imos[N_MAX + 5];

// int32_t dp[N_MAX];

// hw arr[N_MAX];
// hwll arr[N_MAX * 2];
// hw brr[M_MAX];
// linell arr[N_MAX][N_MAX];

// ull bitdp[1 << 8];

// ull digitdp[1001][   3][    2];
//           pos  less  carry
// ull digitdp[1001][    2];
//           pos  carry


// struct_a arr[N_MAX * 2];
// struct_b brr[N_MAX * 2];

void swap_adj (ull *a, ull *b) {
	if (*a != *b) {
		ull tmp = *b;
		*b = *a;
		*a = tmp;
	}
	return;
}

ull divide (ull a, ull b) {
	ull x = MOD - 2;
	ull ans = 1;
	while (x) {
		if (x & 1) ans = (ans * b) % MOD;
		b = (b * b) % MOD;
		x /= 2;
	}
	return (a * ans) % MOD;
}

int32_t digits (ull x) {
	int32_t i = 1;
	while (x >= 10) {
		x /= 10;
		i++;
	}
	return i;
}

ull umin (ull x, ull y) {
	return (x < y) ? x : y;
}

ull umax (ull x, ull y) {
	return (x > y) ? x : y;
}

sll smin (sll x, sll y) {
	return (x < y) ? x : y;
}

sll smax (sll x, sll y) {
	return (x > y) ? x : y;
}

ull gcd (ull x, ull y) {
	if (x < y) {
		return gcd(y, x);
	} else if (y == 0) {
		return x;
	} else {
		return gcd(y, x % y);
	}
}

ull bitpow (ull a, ull x, ull modulo) {
	ull result = 1;
	while (x) {
		if (x & 1) {
			result *= a;
			result %= modulo;
		}
		x /= 2;
		a = (a * a) % modulo;
	}
	return result;
}

int32_t targetdig (ull x, int32_t index /* 1-indexed */) {
	// static...?
	int32_t posmax = digits(x);
	if (posmax < index) return -1;
	while (posmax > index) {
		posmax--;
		x /= 10;
	}
	return x % 10;
}

int32_t charcomp (const char left, const char right) {
	if (left < right) {
		return -1;
	} else if (left > right) {
		return +1;
	} else {
		return 0;
	}
}

int32_t pcharcomp (const char *left, const char *right) {
	return charcomp(*left, *right);
}

int32_t pcharrevcomp (const char *left, const char *right) {
	return charcomp(*right, *left);
}

int32_t intcomp (const int32_t left, const int32_t right) {
	if (left < right) {
		return -1;
	} else if (left > right) {
		return +1;
	} else {
		return 0;
	}
}

int32_t pintcomp (const int32_t *left, const int32_t *right) {
	return intcomp(*left, *right);
}

int32_t ullcomp (const ull left, const ull right) {
	if (left < right) {
		return -1;
	} else if (left > right) {
		return +1;
	} else {
		return 0;
	}
}

int32_t pullcomp (const ull *left, const ull *right) {
	return ullcomp(*left, *right);
}

int32_t sllcomp (const sll left, const sll right) {
	if (left < right) {
		return -1;
	} else if (left > right) {
		return +1;
	} else {
		return 0;
	}
}

int32_t hwllfraccomp (const hwll left, const hwll right) {
	return ullcomp(left.a * right.b, left.b * right.a);
}

int32_t psllcomp (const sll *left, const sll *right) {
	return sllcomp(*left, *right);
}

int32_t phwAcomp (const hw *left, const hw *right) {
	return intcomp(left->a, right->a);
}

int32_t phwBcomp (const hw *left, const hw *right) {
	return intcomp(left->b, right->b);
}

int32_t phwABcomp (const hw *left, const hw *right) {
	int32_t x = phwAcomp(left, right);
	if (x) return x;
	return phwBcomp(left, right);
}

int32_t phwllAcomp (const hwll *left, const hwll *right) {
	return sllcomp(left->a, right->a);
}

int32_t phwllBcomp (const hwll *left, const hwll *right) {
	return sllcomp(left->b, right->b);
}

int32_t phwllABcomp (const hwll *left, const hwll *right) {
	int32_t x = phwllAcomp(left, right);
	if (x) return x;
	return phwllBcomp(left, right);
}

int32_t pstrAcomp (const struct_a *left, const struct_a *right) {
	int32_t x;
	if (x = ullcomp(left->t, right->t)) return x;
	if (x = ullcomp(left->s, right->s)) return x;
	if (x = intcomp(left->c, right->c)) return x;
	return 0;
}

int32_t bitlet (char c) {
	return (1 << (c - 'a'));
}

ull ullabs (ull a, ull b) {
	if (a >= b) {
		return a - b;
	} else {
		return b - a;
	}
}

sll sllabs (sll a, sll b) {
	if (a >= b) {
		return a - b;
	} else {
		return b - a;
	}
}

sll nibutanlobo (bool (*func)(sll arg), sll ok, sll ng) {
	while (sllabs(ok, ng) > 1) {
		sll med = (ok + ng) / 2;
		if (func(med)) {
			ok = med;
		} else {
			ng = med;
		}

		// printf(""debug: [%lld %lld)\n"", ok, ng);
	}

	if (!func(ok)) return ok * 2 - ng;
	return ok;
}

bool nextroute (int32_t arr[], int32_t n) {
	int32_t i = n - 1;
	int32_t j, x;

	while (i > 0 && arr[i - 1] > arr[i]) i--;
	if (i == 0) return false;

	x = n;
	for (j = i; j < n; j++) {
		if (arr[j] < arr[i - 1]) continue;
		if (x == n || arr[x] > arr[j]) x = j;
	}
	arr[i - 1] ^= arr[x];
	arr[x] ^= arr[i - 1];
	arr[i - 1] ^= arr[x];

	qsort(&arr[i], n - i, sizeof(int32_t), pintcomp);
	return true;
}

void printUquotient (ull left, ull right) {
	const int32_t digits = 20;

	printf(""%llu."", left / right);
	left %= right;
	for (int32_t i = 0; i < digits; i++) {
		left *= 10;
		printf(""%1d"", left / right);
		left %= right;
	}
	puts("""");

	return;
}

void printSquotient (sll left, sll right) {
	if (left * right < 0) putchar('-');
	printUquotient(sllabs(left, 0), sllabs(right, 0));

	return;
}

int bitcount (ull n) {
	int result = 0;
	while (n) {
		if (n & 1) result++;
		n /= 2;
	}
	return result;
}


bool isprime (ull n) {
	ull i;
	if (n < 2) return false;
	for (i = 2; i * i <= n; i++) {
		if (n % i == 0) return false;
	}
	return true;
}

ull solve () {
	sll i, j, ki, l;
	ull result = 0;
	// sll result = 0;
	ull sum = 0;
	// sll sum = 0;
	ull item;
	ull *dpcell;
	// qsortの際には""p""ullcompを使う

	// ull p2, p3, p5;
	// p2 = p3 = p5 = 0;
	// while (n % 2) {
	// 	n /= 2;
	// 	p2++;
	// }
	// while (n % 3) {
	// 	n /= 3;
	// 	p3++;
	// }
	// while (n % 5) {
	// 	n /= 5;
	// 	p5++;
	// }
	// if (n > 1) goto fail;

	// for (i = 0; i < n; i++) {
	// 	a[i]--;
	// }

	// for (i = 0; i < n - 1; i++) {
	// 	if (a[i] < a[i + 1]) {
	// 		sum += item = a[i + 1] - a[i];

	// 		if (item > 1) {
	// 			imos[a[i] + 2] -= 1;
	// 			imos[a[i + 1] + 1] += item;
	// 			imos[a[i + 1] + 2] -= (item - 1);

	// 			imos[m + a[i] + 2] -= 1;
	// 			imos[m + a[i + 1] + 1] += item;
	// 			imos[m + a[i + 1] + 2] -= (item - 1);
	// 		}
	// 	} else {
	// 		sum += item = (m - (a[i] - a[i + 1]));

	// 		if (item > 1) {
	// 			imos[a[i] + 2] -= 1;
	// 			imos[m + a[i + 1] + 1] += item;
	// 			imos[m + a[i + 1] + 2] -= (item - 1);
	// 		}
	// 	}

	// 	// printf(""%3lld: "", item);

	// 	// for (j = 0; j < m * 2; j++) {
	// 	// 	printf(""%3lld "", imos[j]);
	// 	// }
	// 	// puts("""");
	// }

	// sll delta = 0;
	// sll deltadelta = 0;
	// for (i = 0; i < m * 2; i++) {
	// 	deltadelta += imos[i];
	// 	delta += deltadelta;
	// 	if (result > delta) {
	// 		result = delta;
	// 		vua = i;
	// 	}
	// 	// printf(""imos[%2lld]: %3lld, delta: %3lld, result: %3lld\n"", i, imos[i], delta, result);
	// }
	// printf(""idnvf %llu\n"", vua);

	// result += sum;


	for (i = 0; i < n; i++) {
		result += a[i] / 2;
		a[i] %= 2;

		if (i < n - 1 && a[i] && a[i + 1]) {
			result++;
			a[i + 1]--;
		}
	}

	printf(""%llu\n"", result);
	// puts(s);

	return 0;

	success:
	// puts(""YES"");
	puts(""Yes"");
	// printf(""%llu\n"", result);
	return 0;

	fail:
	// puts(""NO"");
	puts(""No"");
	// puts(""0"");
	// puts(""-1"");
	// puts(""inf"");
	return 1;
}

int32_t main (void) {
	int32_t i, j;
	int32_t x, y;

	// scanf(""%llu%llu"", &h, &w);
	scanf(""%llu"", &n, &m);
	// scanf(""%llu%llu"", &k, &n);
	// scanf(""%llu%llu%llu"", &vua, &vub, &vuc, &vud);
	// scanf(""%llu%llu%llu"", &vsa, &vsb, &vsc);
	// scanf(""%s"", s);
	// scanf(""%s"", t);
	// scanf(""%lld%lld"", &vsa, &vsb);
	for (i = 0; i < n; i++) {
		scanf(""%llu"", &a[i]);
	}

	// for (i = 0; i < k; i++) {
	// 	scanf(""%d"", &dp[i]);
	// 	dp[i]--;
	// }
	// for (i = 0; i < h; i++) {
	// 	scanf(""%llu"", &a[i]);
	// }
	// for (i = 0; i < w; i++) {
	// 	scanf(""%llu"", &b[i]);
	// }
	// for (i = 0; i < n - 1; i++) {
	// 	scanf(""%llu%llu%lld"", &a[i], &b[i], &c[i]);
	// }
	// for (i = 0; i < h; i++) {
	// 	for (j = 0; j < w; j++) {
	// 		scanf(""%llu"", &a[i][j]);
	// 	}
	// }

	solve();

	// for (i = 0; i < n; i++) {
	// 	// scanf(""%llu%llu"", &vua, &vub);
	// 	scanf(""%f%f%f"", &vda, &vdb, &vdc);
	// 	// scanf(""%s"", s);
	// 	solve();
	// }

	// while (scanf(""%llu%llu"", &n, &k), n + k) {
	// 	for (i = 0; i < n; i++) {
	// 		scanf(""%llu"", &a[i]);
	// 	}
	// 	solve();
	// }

	return 0;
}
```

Only output the optimized assembly code. Do not include any other text. Do not write any comments in the assembly code. Wrap the assembly code in ```assembly``` tags.
Optimized Assembly Code:
"
