idx,answer,test_cases,question,c_only_question
0,"```c
#include <stdio.h>

int main()
{
    long long n, k, i; 
    long long min, max;
    long long num = 0;
    scanf(""%lld%lld"", &n, &k);

    for (i = k; i <= n + 1; i++) {
        min = (long long)(i * (i-1) / 2);
        max = (long long)((2*n-i+1) * i / 2);
        num += max - min + 1;
    }

    printf(""%lld\n"", num % 1000000007);

    return 0;
}```","[{""input"": ""141421 60408\n"", ""output"": ""832536804\n""}, {""input"": ""206306 200001\n"", ""output"": ""7746530\n""}, {""input"": ""3 1\n"", ""output"": ""14\n""}, {""input"": ""10931 60408\n"", ""output"": ""0\n""}, {""input"": ""107814 81103\n"", ""output"": ""472847449\n""}, {""input"": ""3981 3277\n"", ""output"": ""873931631\n""}, {""input"": ""6048 4398\n"", ""output"": ""747717858\n""}, {""input"": ""10232 4398\n"", ""output"": ""993609367\n""}, {""input"": ""1001 598\n"", ""output"": ""59912595\n""}, {""input"": ""1001 546\n"", ""output"": ""72694533\n""}, {""input"": ""1001 945\n"", ""output"": ""1592999\n""}, {""input"": ""1000 945\n"", ""output"": ""1537537\n""}, {""input"": ""1 1\n"", ""output"": ""3\n""}, {""input"": ""1100 770\n"", ""output"": ""48352812\n""}, {""input"": ""1101 770\n"", ""output"": ""48663399\n""}, {""input"": ""1100 130\n"", ""output"": ""213931692\n""}, {""input"": ""1000 130\n"", ""output"": ""159498392\n""}, {""input"": ""1000 230\n"", ""output"": ""144835692\n""}, {""input"": ""1010 230\n"", ""output"": ""149632572\n""}, {""input"": ""1010 199\n"", ""output"": ""154917421\n""}, {""input"": ""1010 53\n"", ""output"": ""170883251\n""}, {""input"": ""1010 24\n"", ""output"": ""171953496\n""}, {""input"": ""1010 31\n"", ""output"": ""171767541\n""}, {""input"": ""1010 47\n"", ""output"": ""171168805\n""}, {""input"": ""1010 23\n"", ""output"": ""171976221\n""}, {""input"": ""1011 23\n"", ""output"": ""172487535\n""}, {""input"": ""1011 1\n"", ""output"": ""172739798\n""}, {""input"": ""1011 2\n"", ""output"": ""172738786\n""}, {""input"": ""1001 2\n"", ""output"": ""167668501\n""}, {""input"": ""1101 2\n"", ""output"": ""223045351\n""}, {""input"": ""1101 1\n"", ""output"": ""223046453\n""}, {""input"": ""0101 1\n"", ""output"": ""176953\n""}, {""input"": ""141421 61260\n"", ""output"": ""970705737\n""}, {""input"": ""200000 24052\n"", ""output"": ""297875149\n""}, {""input"": ""3 4\n"", ""output"": ""1\n""}, {""input"": ""141421 118259\n"", ""output"": ""52000643\n""}, {""input"": ""223214 200001\n"", ""output"": ""534704743\n""}, {""input"": ""6 1\n"", ""output"": ""63\n""}, {""input"": ""4096 2759\n"", ""output"": ""870712883\n""}, {""input"": ""3981 976\n"", ""output"": ""938108982\n""}, {""input"": ""7044 4640\n"", ""output"": ""742949521\n""}, {""input"": ""10163 4398\n"", ""output"": ""72432465\n""}, {""input"": ""10232 8019\n"", ""output"": ""471392518\n""}, {""input"": ""1101 598\n"", ""output"": ""97439245\n""}, {""input"": ""1001 462\n"", ""output"": ""93728791\n""}, {""input"": ""1001 295\n"", ""output"": ""132731474\n""}, {""input"": ""1000 947\n"", ""output"": ""1432585\n""}, {""input"": ""1000 262\n"", ""output"": ""138903180\n""}, {""input"": ""2 1\n"", ""output"": ""7\n""}, {""input"": ""1100 410\n"", ""output"": ""153015732\n""}, {""input"": ""1100 692\n"", ""output"": ""69424070\n""}, {""input"": ""1110 770\n"", ""output"": ""51508392\n""}, {""input"": ""1010 770\n"", ""output"": ""24787092\n""}, {""input"": ""1100 227\n"", ""output"": ""198071125\n""}, {""input"": ""1000 142\n"", ""output"": ""158091220\n""}, {""input"": ""1000 260\n"", ""output"": ""139288982\n""}, {""input"": ""1010 3\n"", ""output"": ""172225201\n""}, {""input"": ""1110 199\n"", ""output"": ""209275121\n""}, {""input"": ""1010 94\n"", ""output"": ""168081516\n""}, {""input"": ""1110 31\n"", ""output"": ""228048841\n""}, {""input"": ""1110 47\n"", ""output"": ""227388505\n""}, {""input"": ""1011 5\n"", ""output"": ""172729704\n""}, {""input"": ""1011 19\n"", ""output"": ""172568837\n""}, {""input"": ""1011 4\n"", ""output"": ""172733737\n""}, {""input"": ""1001 1\n"", ""output"": ""167669503\n""}, {""input"": ""1101 4\n"", ""output"": ""223039852\n""}, {""input"": ""1000 1\n"", ""output"": ""167168001\n""}, {""input"": ""0101 2\n"", ""output"": ""176851\n""}, {""input"": ""141421 92523\n"", ""output"": ""864277115\n""}, {""input"": ""200000 46420\n"", ""output"": ""365138950\n""}, {""input"": ""141421 79028\n"", ""output"": ""333950782\n""}, {""input"": ""402106 200001\n"", ""output"": ""533363909\n""}, {""input"": ""6 2\n"", ""output"": ""56\n""}, {""input"": ""4850 976\n"", ""output"": ""27110257\n""}, {""input"": ""3981 131\n"", ""output"": ""490150888\n""}, {""input"": ""10163 1605\n"", ""output"": ""295570739\n""}, {""input"": ""10232 9261\n"", ""output"": ""532378949\n""}, {""input"": ""0101 53\n"", ""output"": ""84575\n""}, {""input"": ""1001 707\n"", ""output"": ""35146596\n""}, {""input"": ""4 3\n"", ""output"": ""13\n""}, {""input"": ""1001 79\n"", ""output"": ""164743502\n""}, {""input"": ""1000 215\n"", ""output"": ""147429497\n""}, {""input"": ""4 1\n"", ""output"": ""25\n""}, {""input"": ""1000 410\n"", ""output"": ""106128432\n""}, {""input"": ""1000 692\n"", ""output"": ""38060870\n""}, {""input"": ""1100 573\n"", ""output"": ""104556321\n""}, {""input"": ""1100 338\n"", ""output"": ""172548636\n""}, {""input"": ""1001 142\n"", ""output"": ""158582711\n""}, {""input"": ""1011 230\n"", ""output"": ""150117804\n""}, {""input"": ""1110 310\n"", ""output"": ""185226712\n""}, {""input"": ""1010 88\n"", ""output"": ""168581336\n""}, {""input"": ""0010 9\n"", ""output"": ""31\n""}, {""input"": ""1100 31\n"", ""output"": ""221937261\n""}, {""input"": ""0110 47\n"", ""output"": ""141505\n""}, {""input"": ""1111 5\n"", ""output"": ""229162654\n""}, {""input"": ""1011 11\n"", ""output"": ""172684513\n""}, {""input"": ""1011 7\n"", ""output"": ""172718631\n""}, {""input"": ""1101 7\n"", ""output"": ""223023396\n""}, {""input"": ""1000 2\n"", ""output"": ""167167000\n""}, {""input"": ""1100 1\n"", ""output"": ""222439801\n""}, {""input"": ""141421 35623\n"", ""output"": ""220280457\n""}, {""input"": ""3 2\n"", ""output"": ""10\n""}, {""input"": ""3 2\n"", ""output"": ""10\n""}, {""input"": ""200000 200001\n"", ""output"": ""1\n""}]","Given the following C code and assembly code, your task is to generate highly optimized x86-64 assembly code.
C Code:

```c
#include <stdio.h>

int main()
{
    long long n, k, i; 
    long long min, max;
    long long num = 0;
    scanf(""%lld%lld"", &n, &k);

    for (i = k; i <= n + 1; i++) {
        min = (long long)(i * (i-1) / 2);
        max = (long long)((2*n-i+1) * i / 2);
        num += max - min + 1;
    }

    printf(""%lld\n"", num % 1000000007);

    return 0;
}```

Assembly Code:

```assembly
	.file	""temp.c""
	.text
	.section	.rodata.str1.1,""aMS"",@progbits,1
.LC0:
	.string	""%lld%lld""
.LC1:
	.string	""%lld\n""
	.section	.text.startup,""ax"",@progbits
	.p2align 4
	.globl	main
	.type	main, @function
main:
.LFB23:
	.cfi_startproc
	endbr64
	subq	$40, %rsp
	.cfi_def_cfa_offset 48
	leaq	.LC0(%rip), %rdi
	movq	%fs:40, %rax
	movq	%rax, 24(%rsp)
	xorl	%eax, %eax
	leaq	16(%rsp), %rdx
	leaq	8(%rsp), %rsi
	call	__isoc99_scanf@PLT
	movq	8(%rsp), %rax
	movq	16(%rsp), %rdx
	leaq	1(%rax), %rcx
	cmpq	%rcx, %rdx
	jg	.L5
	leaq	2(%rax), %r9
	xorl	%edi, %edi
	leaq	1(%rax,%rax), %r8
	.p2align 4,,10
	.p2align 3
.L3:
	movq	%r8, %rcx
	leaq	-1(%rdx), %rsi
	subq	%rdx, %rcx
	imulq	%rdx, %rsi
	imulq	%rdx, %rcx
	addq	$1, %rdx
	movq	%rcx, %rax
	shrq	$63, %rax
	addq	%rcx, %rax
	movq	%rsi, %rcx
	shrq	$63, %rcx
	sarq	%rax
	addq	%rsi, %rcx
	sarq	%rcx
	subq	%rcx, %rax
	leaq	1(%rdi,%rax), %rdi
	cmpq	%r9, %rdx
	jne	.L3
.L2:
	movq	%rdi, %rax
	leaq	.LC1(%rip), %rsi
	movabsq	$-8543223828751151131, %rdx
	imulq	%rdx
	leaq	(%rdx,%rdi), %rax
	movq	%rdi, %rdx
	sarq	$63, %rdx
	sarq	$29, %rax
	subq	%rdx, %rax
	imulq	$1000000007, %rax, %rax
	subq	%rax, %rdi
	xorl	%eax, %eax
	movq	%rdi, %rdx
	movl	$1, %edi
	call	__printf_chk@PLT
	movq	24(%rsp), %rax
	subq	%fs:40, %rax
	jne	.L9
	xorl	%eax, %eax
	addq	$40, %rsp
	.cfi_remember_state
	.cfi_def_cfa_offset 8
	ret
.L5:
	.cfi_restore_state
	xorl	%edi, %edi
	jmp	.L2
.L9:
	call	__stack_chk_fail@PLT
	.cfi_endproc
.LFE23:
	.size	main, .-main
	.ident	""GCC: (Ubuntu 11.4.0-1ubuntu1~22.04) 11.4.0""
	.section	.note.GNU-stack,"""",@progbits
	.section	.note.gnu.property,""a""
	.align 8
	.long	1f - 0f
	.long	4f - 1f
	.long	5
0:
	.string	""GNU""
1:
	.align 8
	.long	0xc0000002
	.long	3f - 2f
2:
	.long	0x3
3:
	.align 8
4:
```

Only output the optimized assembly code. Do not include any other text. Do not write any comments in the assembly code. Wrap the assembly code in ```assembly``` tags.
Optimized Assembly Code:
","Given the following C code, your task is to generate highly optimized x86-64 assembly code.
C Code:

```c
#include <stdio.h>

int main()
{
    long long n, k, i; 
    long long min, max;
    long long num = 0;
    scanf(""%lld%lld"", &n, &k);

    for (i = k; i <= n + 1; i++) {
        min = (long long)(i * (i-1) / 2);
        max = (long long)((2*n-i+1) * i / 2);
        num += max - min + 1;
    }

    printf(""%lld\n"", num % 1000000007);

    return 0;
}```

Only output the optimized assembly code. Do not include any other text. Do not write any comments in the assembly code. Wrap the assembly code in ```assembly``` tags.
Optimized Assembly Code:
"
1,"```c
#include <stdlib.h>
#include <string.h>
int size(const void *x,const void *y);
int main(){
  int N;
  int L[100];// 0 to 99
  int i = 0;
  char tmp[1024];
  char *tp;
  int sum = 0;
  
  if(scanf(""%d"",&N)<0){
    return 1;
  }
  
  // printf(""%d\n"",N);
  
  if (scanf(""%[0-9 ^\n]"",tmp)<0){
    return 1;
  }
  //fgets(tmp,512,stdin);
  // printf(""%s\n"",tmp);
  tp = strtok(tmp, "" "");
	
  L[i] = atoi(tp);
  i=1;
  while(tp = strtok(NULL, "" "")){
    L[i] = atoi(tp);
    i++;
  }
  //ソート
  qsort(L,i,sizeof(int),size);
  i--; 
  //
  
  for(int j = i ; 0<j && N > 0 ;j-=2){
    // printf(""%d[%d],%d[%d]\n"",j,L[j],j-1,L[j-1]);
    if(L[j]<L[j - 1]){
      sum += L[j];
    }else{
      sum += L[j - 1];
    }
    N--;
  }
  printf(""%d"",sum);
  return 0;
}
 
int size(const void *x,const void *y){
  if(*(int *)x > *(int *)y){
    return 1;
  }else if(*(int *)x < *(int *)y){
    return -1;
  }else{
    return 0;
  }
}
```","[{""input"": ""5\n100 1 2 3 14 15 58 58 9 29\n"", ""output"": ""105""}, {""input"": ""2\n1 3 1 1\n"", ""output"": ""2""}, {""input"": ""5\n100 1 2 3 1 15 58 58 9 29\n"", ""output"": ""99""}, {""input"": ""2\n1 2 1 2\n"", ""output"": ""3""}, {""input"": ""5\n100 1 2 3 1 19 40 14 9 29\n"", ""output"": ""71""}, {""input"": ""2\n1 2 0 1\n"", ""output"": ""1""}, {""input"": ""5\n110 1 2 3 1 19 40 14 1 29\n"", ""output"": ""64""}, {""input"": ""5\n110 1 0 3 1 19 40 14 1 29\n"", ""output"": ""63""}, {""input"": ""2\n2 0 0 0\n"", ""output"": ""0""}, {""input"": ""2\n2 -1 0 0\n"", ""output"": ""0""}, {""input"": ""5\n110 0 0 3 1 19 2 13 1 29\n"", ""output"": ""45""}, {""input"": ""5\n110 0 0 3 1 19 1 13 1 29\n"", ""output"": ""44""}, {""input"": ""5\n110 0 0 3 1 11 1 13 1 29\n"", ""output"": ""42""}, {""input"": ""5\n110 0 0 3 1 11 1 13 1 53\n"", ""output"": ""66""}, {""input"": ""2\n2 -2 0 0\n"", ""output"": ""0""}, {""input"": ""5\n110 0 0 0 1 11 1 13 1 53\n"", ""output"": ""65""}, {""input"": ""5\n110 0 0 0 0 11 1 13 2 68\n"", ""output"": ""80""}, {""input"": ""2\n1 -2 -1 -1\n"", ""output"": ""0""}, {""input"": ""5\n110 0 0 0 0 11 1 13 2 117\n"", ""output"": ""122""}, {""input"": ""5\n110 0 0 0 -1 11 1 13 2 117\n"", ""output"": ""0""}, {""input"": ""5\n110 0 1 0 -1 13 1 13 2 117\n"", ""output"": ""1""}, {""input"": ""5\n010 0 1 0 -1 13 1 13 2 117\n"", ""output"": ""1""}, {""input"": ""5\n000 0 1 -1 -1 13 1 13 2 117\n"", ""output"": ""0""}, {""input"": ""5\n000 0 1 -1 -1 13 0 13 2 229\n"", ""output"": ""0""}, {""input"": ""5\n000 0 1 -1 -2 13 0 13 2 229\n"", ""output"": ""0""}, {""input"": ""5\n000 0 1 -1 -2 13 -1 13 2 229\n"", ""output"": ""0""}, {""input"": ""5\n100 1 1 0 -2 4 -1 13 2 88\n"", ""output"": ""1""}, {""input"": ""5\n100 0 1 0 0 4 -1 13 2 88\n"", ""output"": ""4""}, {""input"": ""5\n000 1 1 0 0 4 -4 13 1 88\n"", ""output"": ""1""}, {""input"": ""5\n101 2 2 0 0 4 -4 13 1 57\n"", ""output"": ""6""}, {""input"": ""5\n101 2 2 0 0 4 -4 13 1 47\n"", ""output"": ""6""}, {""input"": ""5\n101 2 2 0 0 4 -3 13 1 47\n"", ""output"": ""6""}, {""input"": ""5\n101 2 2 0 1 4 -3 13 1 47\n"", ""output"": ""6""}, {""input"": ""5\n101 1 2 0 -1 3 -3 8 1 47\n"", ""output"": ""2""}, {""input"": ""5\n101 2 2 -1 -1 5 -6 15 1 46\n"", ""output"": ""2""}, {""input"": ""5\n101 2 0 -1 -1 0 -6 13 1 46\n"", ""output"": ""2""}, {""input"": ""5\n111 2 0 -1 -1 0 -6 13 1 27\n"", ""output"": ""2""}, {""input"": ""5\n101 2 0 -1 -1 0 -12 13 1 27\n"", ""output"": ""2""}, {""input"": ""5\n101 2 -1 -1 -1 1 -12 13 1 27\n"", ""output"": ""2""}, {""input"": ""5\n101 3 -1 -1 -1 1 -12 13 1 27\n"", ""output"": ""3""}, {""input"": ""5\n101 3 -1 -1 -1 1 -11 13 1 27\n"", ""output"": ""3""}, {""input"": ""5\n101 5 -1 0 -1 1 -11 13 0 27\n"", ""output"": ""5""}, {""input"": ""5\n100 5 -1 0 -1 1 -11 20 0 33\n"", ""output"": ""5""}, {""input"": ""5\n100 7 -1 0 -1 1 -11 20 0 33\n"", ""output"": ""7""}, {""input"": ""5\n110 14 -1 -1 -1 1 -11 20 0 33\n"", ""output"": ""14""}, {""input"": ""5\n110 14 -1 -1 -1 1 -11 20 0 56\n"", ""output"": ""14""}, {""input"": ""5\n010 14 -1 -1 0 1 -2 20 0 56\n"", ""output"": ""10""}, {""input"": ""5\n010 14 -1 -1 0 1 -2 24 0 56\n"", ""output"": ""10""}, {""input"": ""5\n010 14 -1 -1 0 0 -2 12 0 56\n"", ""output"": ""10""}, {""input"": ""5\n010 14 -1 -1 0 0 -2 17 0 56\n"", ""output"": ""10""}, {""input"": ""5\n011 14 -1 0 0 0 -2 20 1 56\n"", ""output"": ""11""}, {""input"": ""2\n-1 -4 0 0\n"", ""output"": ""0""}, {""input"": ""5\n011 14 -1 1 0 0 -2 20 1 56\n"", ""output"": ""11""}, {""input"": ""5\n011 14 -1 1 0 0 -2 28 1 98\n"", ""output"": ""11""}, {""input"": ""2\n-1 -5 1 0\n"", ""output"": ""0""}, {""input"": ""2\n-1 -8 1 0\n"", ""output"": ""0""}, {""input"": ""5\n011 14 -1 1 1 1 -2 28 1 98\n"", ""output"": ""11""}, {""input"": ""2\n-1 -8 1 1\n"", ""output"": ""0""}, {""input"": ""5\n011 14 -1 1 1 1 -1 28 1 98\n"", ""output"": ""11""}, {""input"": ""2\n-6 -1 1 0\n"", ""output"": ""0""}, {""input"": ""5\n101 14 0 0 0 3 -1 28 1 162\n"", ""output"": ""14""}, {""input"": ""5\n101 14 0 0 1 3 -2 28 1 163\n"", ""output"": ""15""}, {""input"": ""5\n101 28 0 0 1 5 -2 28 2 163\n"", ""output"": ""29""}, {""input"": ""5\n101 28 0 0 1 5 0 28 2 163\n"", ""output"": ""131""}, {""input"": ""5\n101 28 0 0 1 5 0 28 4 163\n"", ""output"": ""133""}, {""input"": ""5\n101 28 0 0 1 10 0 28 3 163\n"", ""output"": ""132""}, {""input"": ""5\n101 40 0 0 0 10 0 28 1 302\n"", ""output"": ""130""}, {""input"": ""5\n101 40 0 0 0 10 0 46 1 302\n"", ""output"": ""142""}, {""input"": ""2\n-1 -1 -1 -8\n"", ""output"": ""0""}, {""input"": ""5\n001 40 0 0 1 19 0 16 1 302\n"", ""output"": ""57""}, {""input"": ""5\n101 40 0 0 1 17 0 16 1 302\n"", ""output"": ""119""}, {""input"": ""5\n101 40 0 0 1 1 0 16 1 302\n"", ""output"": ""118""}, {""input"": ""5\n001 40 0 1 1 1 0 16 1 302\n"", ""output"": ""43""}, {""input"": ""5\n001 48 0 1 1 2 0 16 1 302\n"", ""output"": ""52""}, {""input"": ""5\n100 48 0 1 1 2 0 16 0 302\n"", ""output"": ""117""}, {""input"": ""5\n100 48 0 1 0 2 0 7 1 302\n"", ""output"": ""108""}, {""input"": ""5\n101 10 0 1 0 2 0 7 1 302\n"", ""output"": ""109""}, {""input"": ""5\n001 7 1 1 1 0 0 7 0 3\n"", ""output"": ""9""}, {""input"": ""5\n001 7 1 1 1 0 0 5 0 3\n"", ""output"": ""7""}, {""input"": ""5\n001 0 1 1 1 0 0 5 0 3\n"", ""output"": ""5""}, {""input"": ""5\n001 0 1 1 1 0 1 9 -1 3\n"", ""output"": ""3""}, {""input"": ""5\n001 1 1 0 1 1 2 15 -1 4\n"", ""output"": ""4""}, {""input"": ""5\n000 7 1 -1 4 2 6 16 -3 2\n"", ""output"": ""1""}, {""input"": ""2\n-12 1 2 -4\n"", ""output"": ""0""}, {""input"": ""2\n-9 -1 2 -1\n"", ""output"": ""0""}, {""input"": ""5\n101 12 4 0 2 1 9 9 0 3\n"", ""output"": ""25""}, {""input"": ""2\n1 -13 1 -2\n"", ""output"": ""0""}, {""input"": ""2\n0 -13 2 0\n"", ""output"": ""0""}, {""input"": ""5\n001 -1 14 -2 2 -2 3 0 8 2\n"", ""output"": ""0""}, {""input"": ""2\n-1 -1 -21 -1\n"", ""output"": ""0""}, {""input"": ""2\n-1 -1 -22 -1\n"", ""output"": ""0""}, {""input"": ""2\n-2 -1 -13 0\n"", ""output"": ""0""}, {""input"": ""2\n-4 -1 -25 0\n"", ""output"": ""0""}, {""input"": ""2\n-4 -1 -36 0\n"", ""output"": ""0""}, {""input"": ""2\n-4 0 -36 1\n"", ""output"": ""0""}, {""input"": ""2\n-2 -2 -66 2\n"", ""output"": ""0""}, {""input"": ""2\n-2 -2 -62 2\n"", ""output"": ""0""}, {""input"": ""2\n0 -2 -17 4\n"", ""output"": ""0""}, {""input"": ""2\n-1 -2 -14 4\n"", ""output"": ""0""}, {""input"": ""2\n-15 -1 -1 21\n"", ""output"": ""0""}, {""input"": ""5\n100 1 2 3 14 15 58 58 58 29\n"", ""output"": ""135""}, {""input"": ""2\n1 3 1 2\n"", ""output"": ""3""}, {""input"": ""2\n1 3 1 2\n"", ""output"": ""3""}]","Given the following C code and assembly code, your task is to generate highly optimized x86-64 assembly code.
C Code:

```c
#include <stdlib.h>
#include <string.h>
int size(const void *x,const void *y);
int main(){
  int N;
  int L[100];// 0 to 99
  int i = 0;
  char tmp[1024];
  char *tp;
  int sum = 0;
  
  if(scanf(""%d"",&N)<0){
    return 1;
  }
  
  // printf(""%d\n"",N);
  
  if (scanf(""%[0-9 ^\n]"",tmp)<0){
    return 1;
  }
  //fgets(tmp,512,stdin);
  // printf(""%s\n"",tmp);
  tp = strtok(tmp, "" "");
	
  L[i] = atoi(tp);
  i=1;
  while(tp = strtok(NULL, "" "")){
    L[i] = atoi(tp);
    i++;
  }
  //ソート
  qsort(L,i,sizeof(int),size);
  i--; 
  //
  
  for(int j = i ; 0<j && N > 0 ;j-=2){
    // printf(""%d[%d],%d[%d]\n"",j,L[j],j-1,L[j-1]);
    if(L[j]<L[j - 1]){
      sum += L[j];
    }else{
      sum += L[j - 1];
    }
    N--;
  }
  printf(""%d"",sum);
  return 0;
}
 
int size(const void *x,const void *y){
  if(*(int *)x > *(int *)y){
    return 1;
  }else if(*(int *)x < *(int *)y){
    return -1;
  }else{
    return 0;
  }
}
```

Assembly Code:

```assembly
	.file	""temp.c""
	.text
	.p2align 4
	.globl	size
	.type	size, @function
size:
.LFB29:
	.cfi_startproc
	endbr64
	movl	(%rsi), %edx
	movl	$1, %eax
	cmpl	%edx, (%rdi)
	jg	.L1
	setl	%al
	movzbl	%al, %eax
	negl	%eax
.L1:
	ret
	.cfi_endproc
.LFE29:
	.size	size, .-size
	.section	.rodata.str1.1,""aMS"",@progbits,1
.LC0:
	.string	""%d""
.LC1:
	.string	""%[0-9 ^\n]""
.LC2:
	.string	"" ""
	.section	.text.startup,""ax"",@progbits
	.p2align 4
	.globl	main
	.type	main, @function
main:
.LFB28:
	.cfi_startproc
	endbr64
	pushq	%r14
	.cfi_def_cfa_offset 16
	.cfi_offset 14, -16
	leaq	.LC0(%rip), %r14
	pushq	%r13
	.cfi_def_cfa_offset 24
	.cfi_offset 13, -24
	movq	%r14, %rdi
	pushq	%r12
	.cfi_def_cfa_offset 32
	.cfi_offset 12, -32
	pushq	%rbp
	.cfi_def_cfa_offset 40
	.cfi_offset 6, -40
	pushq	%rbx
	.cfi_def_cfa_offset 48
	.cfi_offset 3, -48
	subq	$1456, %rsp
	.cfi_def_cfa_offset 1504
	movq	%fs:40, %rax
	movq	%rax, 1448(%rsp)
	xorl	%eax, %eax
	leaq	12(%rsp), %rsi
	call	scanf@PLT
	testl	%eax, %eax
	js	.L8
	leaq	416(%rsp), %rbp
	xorl	%eax, %eax
	leaq	.LC1(%rip), %rdi
	movq	%rbp, %rsi
	call	scanf@PLT
	testl	%eax, %eax
	js	.L8
	leaq	.LC2(%rip), %r12
	movq	%rbp, %rdi
	movl	$1, %ebx
	movq	%r12, %rsi
	leaq	16(%rsp), %r13
	call	strtok@PLT
	movl	$10, %edx
	xorl	%esi, %esi
	movq	%rax, %rdi
	call	strtol@PLT
	movl	%eax, 16(%rsp)
	jmp	.L9
	.p2align 4,,10
	.p2align 3
.L10:
	movl	$10, %edx
	xorl	%esi, %esi
	call	strtol@PLT
	movl	%eax, 0(%r13,%rbx,4)
	addq	$1, %rbx
.L9:
	xorl	%edi, %edi
	movq	%r12, %rsi
	movl	%ebx, %ebp
	call	strtok@PLT
	movq	%rax, %rdi
	testq	%rax, %rax
	jne	.L10
	movslq	%ebx, %rbx
	leaq	size(%rip), %rcx
	movl	$4, %edx
	movq	%r13, %rdi
	movq	%rbx, %rsi
	call	qsort@PLT
	cmpl	$1, %ebp
	je	.L18
	movl	12(%rsp), %eax
	subl	$2, %ebp
	leaq	0(%r13,%rbx,4), %rdx
	xorl	%ecx, %ecx
	shrl	%ebp
	xorl	%esi, %esi
	leal	-1(%rax), %r9d
	subl	%ebp, %r9d
	jmp	.L12
	.p2align 4,,10
	.p2align 3
.L15:
	movl	-8(%rdx), %ecx
	movl	-4(%rdx), %edi
	leal	(%rsi,%rdi), %r8d
	addl	%ecx, %esi
	cmpl	%ecx, %edi
	movl	$1, %ecx
	cmovl	%r8d, %esi
	subl	$1, %eax
	subq	$8, %rdx
	cmpl	%r9d, %eax
	je	.L24
.L12:
	testl	%eax, %eax
	jg	.L15
	testb	%cl, %cl
	je	.L11
.L24:
	movl	%eax, 12(%rsp)
.L11:
	movq	%r14, %rdi
	xorl	%eax, %eax
	call	printf@PLT
	xorl	%eax, %eax
	jmp	.L5
.L8:
	movl	$1, %eax
.L5:
	movq	1448(%rsp), %rdx
	subq	%fs:40, %rdx
	jne	.L25
	addq	$1456, %rsp
	.cfi_remember_state
	.cfi_def_cfa_offset 48
	popq	%rbx
	.cfi_def_cfa_offset 40
	popq	%rbp
	.cfi_def_cfa_offset 32
	popq	%r12
	.cfi_def_cfa_offset 24
	popq	%r13
	.cfi_def_cfa_offset 16
	popq	%r14
	.cfi_def_cfa_offset 8
	ret
.L18:
	.cfi_restore_state
	xorl	%esi, %esi
	jmp	.L11
.L25:
	call	__stack_chk_fail@PLT
	.cfi_endproc
.LFE28:
	.size	main, .-main
	.ident	""GCC: (Ubuntu 11.4.0-1ubuntu1~22.04) 11.4.0""
	.section	.note.GNU-stack,"""",@progbits
	.section	.note.gnu.property,""a""
	.align 8
	.long	1f - 0f
	.long	4f - 1f
	.long	5
0:
	.string	""GNU""
1:
	.align 8
	.long	0xc0000002
	.long	3f - 2f
2:
	.long	0x3
3:
	.align 8
4:
```

Only output the optimized assembly code. Do not include any other text. Do not write any comments in the assembly code. Wrap the assembly code in ```assembly``` tags.
Optimized Assembly Code:
","Given the following C code, your task is to generate highly optimized x86-64 assembly code.
C Code:

```c
#include <stdlib.h>
#include <string.h>
int size(const void *x,const void *y);
int main(){
  int N;
  int L[100];// 0 to 99
  int i = 0;
  char tmp[1024];
  char *tp;
  int sum = 0;
  
  if(scanf(""%d"",&N)<0){
    return 1;
  }
  
  // printf(""%d\n"",N);
  
  if (scanf(""%[0-9 ^\n]"",tmp)<0){
    return 1;
  }
  //fgets(tmp,512,stdin);
  // printf(""%s\n"",tmp);
  tp = strtok(tmp, "" "");
	
  L[i] = atoi(tp);
  i=1;
  while(tp = strtok(NULL, "" "")){
    L[i] = atoi(tp);
    i++;
  }
  //ソート
  qsort(L,i,sizeof(int),size);
  i--; 
  //
  
  for(int j = i ; 0<j && N > 0 ;j-=2){
    // printf(""%d[%d],%d[%d]\n"",j,L[j],j-1,L[j-1]);
    if(L[j]<L[j - 1]){
      sum += L[j];
    }else{
      sum += L[j - 1];
    }
    N--;
  }
  printf(""%d"",sum);
  return 0;
}
 
int size(const void *x,const void *y){
  if(*(int *)x > *(int *)y){
    return 1;
  }else if(*(int *)x < *(int *)y){
    return -1;
  }else{
    return 0;
  }
}
```

Only output the optimized assembly code. Do not include any other text. Do not write any comments in the assembly code. Wrap the assembly code in ```assembly``` tags.
Optimized Assembly Code:
"
2,"```c
#include<stdio.h>
int main()
{
    int a,b,x,y;
    scanf(""%d%d"",&a,&b);
    if(a>=b)
    {
        x=a;
        a=a-1;
        if(a>=b)
        {
            y=a;
        }
        else
        {
            y=b;
        }
    }
    else
    {
        x=b;
        b=b-1;
        if(b>=a)
        {
            y=b;
        }
        else
        {
            y=a;
        }
    }

    printf(""%d"",x+y);
    return 0;
}

```","[{""input"": ""6 4\n"", ""output"": ""11""}, {""input"": ""10 3\n"", ""output"": ""19""}, {""input"": ""4 3\n"", ""output"": ""7""}, {""input"": ""12 3\n"", ""output"": ""23""}, {""input"": ""9 2\n"", ""output"": ""17""}, {""input"": ""2 3\n"", ""output"": ""5""}, {""input"": ""15 3\n"", ""output"": ""29""}, {""input"": ""2 1\n"", ""output"": ""3""}, {""input"": ""18 3\n"", ""output"": ""35""}, {""input"": ""14 2\n"", ""output"": ""27""}, {""input"": ""2 2\n"", ""output"": ""4""}, {""input"": ""1 1\n"", ""output"": ""2""}, {""input"": ""1 0\n"", ""output"": ""1""}, {""input"": ""5 5\n"", ""output"": ""10""}, {""input"": ""5 2\n"", ""output"": ""9""}, {""input"": ""8 2\n"", ""output"": ""15""}, {""input"": ""0 -1\n"", ""output"": ""-1""}, {""input"": ""-1 11\n"", ""output"": ""21""}, {""input"": ""0 0\n"", ""output"": ""0""}, {""input"": ""-1 -1\n"", ""output"": ""-2""}, {""input"": ""-1 -2\n"", ""output"": ""-3""}, {""input"": ""-1 16\n"", ""output"": ""31""}, {""input"": ""-2 -22\n"", ""output"": ""-5""}, {""input"": ""-3 -22\n"", ""output"": ""-7""}, {""input"": ""-4 -16\n"", ""output"": ""-9""}, {""input"": ""-2 19\n"", ""output"": ""37""}, {""input"": ""3 3\n"", ""output"": ""6""}, {""input"": ""25 1\n"", ""output"": ""49""}, {""input"": ""23 -1\n"", ""output"": ""45""}, {""input"": ""45 -1\n"", ""output"": ""89""}, {""input"": ""-6 -5\n"", ""output"": ""-11""}, {""input"": ""17 0\n"", ""output"": ""33""}, {""input"": ""0 7\n"", ""output"": ""13""}, {""input"": ""21 0\n"", ""output"": ""41""}, {""input"": ""-6 13\n"", ""output"": ""25""}, {""input"": ""4 4\n"", ""output"": ""8""}, {""input"": ""0 20\n"", ""output"": ""39""}, {""input"": ""0 39\n"", ""output"": ""77""}, {""input"": ""1 52\n"", ""output"": ""103""}, {""input"": ""1 24\n"", ""output"": ""47""}, {""input"": ""1 40\n"", ""output"": ""79""}, {""input"": ""1 62\n"", ""output"": ""123""}, {""input"": ""1 101\n"", ""output"": ""201""}, {""input"": ""1 100\n"", ""output"": ""199""}, {""input"": ""-134 -8\n"", ""output"": ""-17""}, {""input"": ""-134 -12\n"", ""output"": ""-25""}, {""input"": ""2 110\n"", ""output"": ""219""}, {""input"": ""16 111\n"", ""output"": ""221""}, {""input"": ""11 011\n"", ""output"": ""22""}, {""input"": ""-2 -2\n"", ""output"": ""-4""}, {""input"": ""-4 -4\n"", ""output"": ""-8""}, {""input"": ""-1 38\n"", ""output"": ""75""}, {""input"": ""-1 65\n"", ""output"": ""129""}, {""input"": ""-1 53\n"", ""output"": ""105""}, {""input"": ""-38 -6\n"", ""output"": ""-13""}, {""input"": ""-7 -7\n"", ""output"": ""-14""}, {""input"": ""-7 -10\n"", ""output"": ""-15""}, {""input"": ""-13 -10\n"", ""output"": ""-21""}, {""input"": ""28 001\n"", ""output"": ""55""}, {""input"": ""35 001\n"", ""output"": ""69""}, {""input"": ""56 001\n"", ""output"": ""111""}, {""input"": ""100 100\n"", ""output"": ""200""}, {""input"": ""111 111\n"", ""output"": ""222""}, {""input"": ""101 101\n"", ""output"": ""202""}, {""input"": ""-10 -10\n"", ""output"": ""-20""}, {""input"": ""-47 -9\n"", ""output"": ""-19""}, {""input"": ""010 010\n"", ""output"": ""20""}, {""input"": ""110 110\n"", ""output"": ""220""}, {""input"": ""1 32\n"", ""output"": ""63""}, {""input"": ""1 43\n"", ""output"": ""85""}, {""input"": ""0 22\n"", ""output"": ""43""}, {""input"": ""0 26\n"", ""output"": ""51""}, {""input"": ""-1 37\n"", ""output"": ""73""}, {""input"": ""1 31\n"", ""output"": ""61""}, {""input"": ""-1 46\n"", ""output"": ""91""}, {""input"": ""-1 78\n"", ""output"": ""155""}, {""input"": ""-3 47\n"", ""output"": ""93""}, {""input"": ""-6 69\n"", ""output"": ""137""}, {""input"": ""0 29\n"", ""output"": ""57""}, {""input"": ""-11 -11\n"", ""output"": ""-22""}, {""input"": ""-11 -13\n"", ""output"": ""-23""}, {""input"": ""-3 -3\n"", ""output"": ""-6""}, {""input"": ""-5 -5\n"", ""output"": ""-10""}, {""input"": ""-6 -6\n"", ""output"": ""-12""}, {""input"": ""6 3\n"", ""output"": ""11""}, {""input"": ""6 2\n"", ""output"": ""11""}, {""input"": ""9 1\n"", ""output"": ""17""}, {""input"": ""18 5\n"", ""output"": ""35""}, {""input"": ""0 2\n"", ""output"": ""3""}, {""input"": ""9 5\n"", ""output"": ""17""}, {""input"": ""-1 2\n"", ""output"": ""3""}, {""input"": ""-2 2\n"", ""output"": ""3""}, {""input"": ""2 0\n"", ""output"": ""3""}, {""input"": ""-3 2\n"", ""output"": ""3""}, {""input"": ""3 0\n"", ""output"": ""5""}, {""input"": ""-5 2\n"", ""output"": ""3""}, {""input"": ""6 0\n"", ""output"": ""11""}, {""input"": ""0 4\n"", ""output"": ""7""}, {""input"": ""-5 1\n"", ""output"": ""1""}, {""input"": ""9 0\n"", ""output"": ""17""}, {""input"": ""3 4\n"", ""output"": ""7""}, {""input"": ""5 3\n"", ""output"": ""9""}, {""input"": ""6 6\n"", ""output"": ""12""}, {""input"": ""5 3\n"", ""output"": ""9""}]","Given the following C code and assembly code, your task is to generate highly optimized x86-64 assembly code.
C Code:

```c
#include<stdio.h>
int main()
{
    int a,b,x,y;
    scanf(""%d%d"",&a,&b);
    if(a>=b)
    {
        x=a;
        a=a-1;
        if(a>=b)
        {
            y=a;
        }
        else
        {
            y=b;
        }
    }
    else
    {
        x=b;
        b=b-1;
        if(b>=a)
        {
            y=b;
        }
        else
        {
            y=a;
        }
    }

    printf(""%d"",x+y);
    return 0;
}

```

Assembly Code:

```assembly
	.file	""temp.c""
	.text
	.section	.rodata.str1.1,""aMS"",@progbits,1
.LC0:
	.string	""%d%d""
.LC1:
	.string	""%d""
	.section	.text.startup,""ax"",@progbits
	.p2align 4
	.globl	main
	.type	main, @function
main:
.LFB23:
	.cfi_startproc
	endbr64
	subq	$24, %rsp
	.cfi_def_cfa_offset 32
	leaq	.LC0(%rip), %rdi
	movq	%fs:40, %rax
	movq	%rax, 8(%rsp)
	xorl	%eax, %eax
	leaq	4(%rsp), %rdx
	movq	%rsp, %rsi
	call	__isoc99_scanf@PLT
	movl	(%rsp), %edx
	movl	4(%rsp), %ecx
	cmpl	%ecx, %edx
	jl	.L2
	leal	-1(%rdx), %eax
	cmpl	%eax, %ecx
	movl	%eax, (%rsp)
	cmovge	%ecx, %eax
.L3:
	addl	%eax, %edx
	leaq	.LC1(%rip), %rsi
	xorl	%eax, %eax
	movl	$1, %edi
	call	__printf_chk@PLT
	movq	8(%rsp), %rax
	subq	%fs:40, %rax
	jne	.L7
	xorl	%eax, %eax
	addq	$24, %rsp
	.cfi_remember_state
	.cfi_def_cfa_offset 8
	ret
.L2:
	.cfi_restore_state
	leal	-1(%rcx), %eax
	cmpl	%eax, %edx
	movl	%eax, 4(%rsp)
	cmovge	%edx, %eax
	movl	%ecx, %edx
	jmp	.L3
.L7:
	call	__stack_chk_fail@PLT
	.cfi_endproc
.LFE23:
	.size	main, .-main
	.ident	""GCC: (Ubuntu 11.4.0-1ubuntu1~22.04) 11.4.0""
	.section	.note.GNU-stack,"""",@progbits
	.section	.note.gnu.property,""a""
	.align 8
	.long	1f - 0f
	.long	4f - 1f
	.long	5
0:
	.string	""GNU""
1:
	.align 8
	.long	0xc0000002
	.long	3f - 2f
2:
	.long	0x3
3:
	.align 8
4:
```

Only output the optimized assembly code. Do not include any other text. Do not write any comments in the assembly code. Wrap the assembly code in ```assembly``` tags.
Optimized Assembly Code:
","Given the following C code, your task is to generate highly optimized x86-64 assembly code.
C Code:

```c
#include<stdio.h>
int main()
{
    int a,b,x,y;
    scanf(""%d%d"",&a,&b);
    if(a>=b)
    {
        x=a;
        a=a-1;
        if(a>=b)
        {
            y=a;
        }
        else
        {
            y=b;
        }
    }
    else
    {
        x=b;
        b=b-1;
        if(b>=a)
        {
            y=b;
        }
        else
        {
            y=a;
        }
    }

    printf(""%d"",x+y);
    return 0;
}

```

Only output the optimized assembly code. Do not include any other text. Do not write any comments in the assembly code. Wrap the assembly code in ```assembly``` tags.
Optimized Assembly Code:
"
3,"```c
#include <stdio.h>
#include <stdlib.h>
#include <string.h>
#include <math.h>




int main(void){
int x;
scanf(""%d"",&x);
//分類
if(x>=2000){printf(""1"");return 0;}

//総当たり
int a=0,b=0,c=0,d=0,e=0,f=0;
const int TIME=20;
    for(a=0;a<TIME;a++){
        for(b=0;b<TIME;b++){
            for(c=0;c<TIME;c++){
                for(d=0;d<TIME;d++){
                    for(e=0;e<TIME;e++){
                        for(f=0;f<TIME;f++){
                            if(a*100+b*101+c*102+d*103+e*104+f*105==x){printf(""1"");return 0;}
                        }
                    }
                }
            }
        }
    }

printf(""0"");
}
```","[{""input"": ""386\n"", ""output"": ""0""}, {""input"": ""0\n"", ""output"": ""1""}, {""input"": ""59\n"", ""output"": ""0""}, {""input"": ""115\n"", ""output"": ""0""}, {""input"": ""10\n"", ""output"": ""0""}, {""input"": ""53\n"", ""output"": ""0""}, {""input"": ""3\n"", ""output"": ""0""}, {""input"": ""84\n"", ""output"": ""0""}, {""input"": ""4\n"", ""output"": ""0""}, {""input"": ""97\n"", ""output"": ""0""}, {""input"": ""8\n"", ""output"": ""0""}, {""input"": ""173\n"", ""output"": ""0""}, {""input"": ""7\n"", ""output"": ""0""}, {""input"": ""89\n"", ""output"": ""0""}, {""input"": ""5\n"", ""output"": ""0""}, {""input"": ""145\n"", ""output"": ""0""}, {""input"": ""2\n"", ""output"": ""0""}, {""input"": ""192\n"", ""output"": ""0""}, {""input"": ""1\n"", ""output"": ""0""}, {""input"": ""160\n"", ""output"": ""0""}, {""input"": ""73\n"", ""output"": ""0""}, {""input"": ""11\n"", ""output"": ""0""}, {""input"": ""12\n"", ""output"": ""0""}, {""input"": ""18\n"", ""output"": ""0""}, {""input"": ""9\n"", ""output"": ""0""}, {""input"": ""13\n"", ""output"": ""0""}, {""input"": ""14\n"", ""output"": ""0""}, {""input"": ""16\n"", ""output"": ""0""}, {""input"": ""604\n"", ""output"": ""1""}, {""input"": ""248\n"", ""output"": ""0""}, {""input"": ""368\n"", ""output"": ""0""}, {""input"": ""43\n"", ""output"": ""0""}, {""input"": ""136\n"", ""output"": ""0""}, {""input"": ""21\n"", ""output"": ""0""}, {""input"": ""100\n"", ""output"": ""1""}, {""input"": ""6\n"", ""output"": ""0""}, {""input"": ""166\n"", ""output"": ""0""}, {""input"": ""38\n"", ""output"": ""0""}, {""input"": ""162\n"", ""output"": ""0""}, {""input"": ""28\n"", ""output"": ""0""}, {""input"": ""189\n"", ""output"": ""0""}, {""input"": ""256\n"", ""output"": ""0""}, {""input"": ""45\n"", ""output"": ""0""}, {""input"": ""184\n"", ""output"": ""0""}, {""input"": ""57\n"", ""output"": ""0""}, {""input"": ""19\n"", ""output"": ""0""}, {""input"": ""24\n"", ""output"": ""0""}, {""input"": ""23\n"", ""output"": ""0""}, {""input"": ""40\n"", ""output"": ""0""}, {""input"": ""420\n"", ""output"": ""1""}, {""input"": ""108\n"", ""output"": ""0""}, {""input"": ""17\n"", ""output"": ""0""}, {""input"": ""101\n"", ""output"": ""1""}, {""input"": ""55\n"", ""output"": ""0""}, {""input"": ""152\n"", ""output"": ""0""}, {""input"": ""32\n"", ""output"": ""0""}, {""input"": ""205\n"", ""output"": ""1""}, {""input"": ""27\n"", ""output"": ""0""}, {""input"": ""317\n"", ""output"": ""0""}, {""input"": ""274\n"", ""output"": ""0""}, {""input"": ""78\n"", ""output"": ""0""}, {""input"": ""269\n"", ""output"": ""0""}, {""input"": ""79\n"", ""output"": ""0""}, {""input"": ""26\n"", ""output"": ""0""}, {""input"": ""299\n"", ""output"": ""0""}, {""input"": ""159\n"", ""output"": ""0""}, {""input"": ""29\n"", ""output"": ""0""}, {""input"": ""111\n"", ""output"": ""0""}, {""input"": ""33\n"", ""output"": ""0""}, {""input"": ""266\n"", ""output"": ""0""}, {""input"": ""30\n"", ""output"": ""0""}, {""input"": ""133\n"", ""output"": ""0""}, {""input"": ""474\n"", ""output"": ""0""}, {""input"": ""531\n"", ""output"": ""0""}, {""input"": ""85\n"", ""output"": ""0""}, {""input"": ""69\n"", ""output"": ""0""}, {""input"": ""113\n"", ""output"": ""0""}, {""input"": ""54\n"", ""output"": ""0""}, {""input"": ""50\n"", ""output"": ""0""}, {""input"": ""15\n"", ""output"": ""0""}, {""input"": ""110\n"", ""output"": ""0""}, {""input"": ""46\n"", ""output"": ""0""}, {""input"": ""228\n"", ""output"": ""0""}, {""input"": ""63\n"", ""output"": ""0""}, {""input"": ""196\n"", ""output"": ""0""}, {""input"": ""876\n"", ""output"": ""0""}, {""input"": ""622\n"", ""output"": ""1""}, {""input"": ""143\n"", ""output"": ""0""}, {""input"": ""52\n"", ""output"": ""0""}, {""input"": ""146\n"", ""output"": ""0""}, {""input"": ""83\n"", ""output"": ""0""}, {""input"": ""60\n"", ""output"": ""0""}, {""input"": ""001\n"", ""output"": ""0""}, {""input"": ""20\n"", ""output"": ""0""}, {""input"": ""310\n"", ""output"": ""1""}, {""input"": ""81\n"", ""output"": ""0""}, {""input"": ""292\n"", ""output"": ""0""}, {""input"": ""568\n"", ""output"": ""0""}, {""input"": ""157\n"", ""output"": ""0""}, {""input"": ""227\n"", ""output"": ""0""}, {""input"": ""615\n"", ""output"": ""1""}, {""input"": ""615\n"", ""output"": ""1""}, {""input"": ""217\n"", ""output"": ""0""}]","Given the following C code and assembly code, your task is to generate highly optimized x86-64 assembly code.
C Code:

```c
#include <stdio.h>
#include <stdlib.h>
#include <string.h>
#include <math.h>




int main(void){
int x;
scanf(""%d"",&x);
//分類
if(x>=2000){printf(""1"");return 0;}

//総当たり
int a=0,b=0,c=0,d=0,e=0,f=0;
const int TIME=20;
    for(a=0;a<TIME;a++){
        for(b=0;b<TIME;b++){
            for(c=0;c<TIME;c++){
                for(d=0;d<TIME;d++){
                    for(e=0;e<TIME;e++){
                        for(f=0;f<TIME;f++){
                            if(a*100+b*101+c*102+d*103+e*104+f*105==x){printf(""1"");return 0;}
                        }
                    }
                }
            }
        }
    }

printf(""0"");
}
```

Assembly Code:

```assembly
	.file	""temp.c""
	.text
	.section	.rodata.str1.1,""aMS"",@progbits,1
.LC0:
	.string	""%d""
	.section	.text.startup,""ax"",@progbits
	.p2align 4
	.globl	main
	.type	main, @function
main:
.LFB51:
	.cfi_startproc
	endbr64
	pushq	%rbp
	.cfi_def_cfa_offset 16
	.cfi_offset 6, -16
	leaq	.LC0(%rip), %rdi
	pushq	%rbx
	.cfi_def_cfa_offset 24
	.cfi_offset 3, -24
	subq	$24, %rsp
	.cfi_def_cfa_offset 48
	movq	%fs:40, %rax
	movq	%rax, 8(%rsp)
	xorl	%eax, %eax
	leaq	4(%rsp), %rsi
	call	__isoc99_scanf@PLT
	movl	4(%rsp), %eax
	cmpl	$1999, %eax
	jg	.L2
	imull	$654471207, %eax, %ecx
	movl	$8200, %r11d
.L3:
	leal	-2020(%r11), %r10d
	movl	%ecx, %ebx
.L14:
	leal	-2040(%r10), %r9d
	movl	%ebx, %ebp
.L12:
	leal	-2060(%r9), %edi
	movl	%ebp, %r8d
.L10:
	leal	-2080(%rdi), %esi
	movl	%r8d, %edx
.L8:
	xorl	%eax, %eax
	jmp	.L5
	.p2align 4,,10
	.p2align 3
.L20:
	subl	$1, %eax
	cmpl	$-20, %eax
	je	.L19
.L5:
	cmpl	%edx, %eax
	jne	.L20
.L2:
	movl	$49, %edi
	call	putchar@PLT
.L4:
	movq	8(%rsp), %rax
	subq	%fs:40, %rax
	jne	.L21
	addq	$24, %rsp
	.cfi_remember_state
	.cfi_def_cfa_offset 24
	xorl	%eax, %eax
	popq	%rbx
	.cfi_def_cfa_offset 16
	popq	%rbp
	.cfi_def_cfa_offset 8
	ret
	.p2align 4,,10
	.p2align 3
.L19:
	.cfi_restore_state
	addl	$104, %esi
	addl	$654471208, %edx
	cmpl	%edi, %esi
	jne	.L8
	leal	103(%rsi), %edi
	addl	$1308942415, %r8d
	cmpl	%r9d, %edi
	jne	.L10
	leal	205(%rsi), %r9d
	addl	$1963413622, %ebp
	cmpl	%r10d, %r9d
	jne	.L12
	leal	306(%rsi), %r10d
	subl	$1677082467, %ebx
	cmpl	%r11d, %r10d
	jne	.L14
	leal	406(%rsi), %r11d
	subl	$1022611260, %ecx
	cmpl	$9794, %esi
	jne	.L3
	movl	$48, %edi
	call	putchar@PLT
	jmp	.L4
.L21:
	call	__stack_chk_fail@PLT
	.cfi_endproc
.LFE51:
	.size	main, .-main
	.ident	""GCC: (Ubuntu 11.4.0-1ubuntu1~22.04) 11.4.0""
	.section	.note.GNU-stack,"""",@progbits
	.section	.note.gnu.property,""a""
	.align 8
	.long	1f - 0f
	.long	4f - 1f
	.long	5
0:
	.string	""GNU""
1:
	.align 8
	.long	0xc0000002
	.long	3f - 2f
2:
	.long	0x3
3:
	.align 8
4:
```

Only output the optimized assembly code. Do not include any other text. Do not write any comments in the assembly code. Wrap the assembly code in ```assembly``` tags.
Optimized Assembly Code:
","Given the following C code, your task is to generate highly optimized x86-64 assembly code.
C Code:

```c
#include <stdio.h>
#include <stdlib.h>
#include <string.h>
#include <math.h>




int main(void){
int x;
scanf(""%d"",&x);
//分類
if(x>=2000){printf(""1"");return 0;}

//総当たり
int a=0,b=0,c=0,d=0,e=0,f=0;
const int TIME=20;
    for(a=0;a<TIME;a++){
        for(b=0;b<TIME;b++){
            for(c=0;c<TIME;c++){
                for(d=0;d<TIME;d++){
                    for(e=0;e<TIME;e++){
                        for(f=0;f<TIME;f++){
                            if(a*100+b*101+c*102+d*103+e*104+f*105==x){printf(""1"");return 0;}
                        }
                    }
                }
            }
        }
    }

printf(""0"");
}
```

Only output the optimized assembly code. Do not include any other text. Do not write any comments in the assembly code. Wrap the assembly code in ```assembly``` tags.
Optimized Assembly Code:
"
4,"```c
#include <stdio.h>
#include <stdlib.h>
#include <math.h>
#include <string.h>

int main()
{
	int N=0,K=0,count=0;

	scanf(""%d %d"",&N,&K);

	

	if((N-1)%(K-1)==0){
		count = (N-1)/(K-1);
	}
	
	else{
		count = (N-1)/(K-1)+1;
	}


	
		printf(""%d"",count);

	return 0;
}
```","[{""input"": ""4 3\n2 3 1 4\n"", ""output"": ""2""}]","Given the following C code and assembly code, your task is to generate highly optimized x86-64 assembly code.
C Code:

```c
#include <stdio.h>
#include <stdlib.h>
#include <math.h>
#include <string.h>

int main()
{
	int N=0,K=0,count=0;

	scanf(""%d %d"",&N,&K);

	

	if((N-1)%(K-1)==0){
		count = (N-1)/(K-1);
	}
	
	else{
		count = (N-1)/(K-1)+1;
	}


	
		printf(""%d"",count);

	return 0;
}
```

Assembly Code:

```assembly
	.file	""temp.c""
	.text
	.section	.rodata.str1.1,""aMS"",@progbits,1
.LC0:
	.string	""%d %d""
.LC1:
	.string	""%d""
	.section	.text.startup,""ax"",@progbits
	.p2align 4
	.globl	main
	.type	main, @function
main:
.LFB51:
	.cfi_startproc
	endbr64
	subq	$24, %rsp
	.cfi_def_cfa_offset 32
	leaq	.LC0(%rip), %rdi
	movq	%fs:40, %rax
	movq	%rax, 8(%rsp)
	xorl	%eax, %eax
	leaq	4(%rsp), %rdx
	movq	%rsp, %rsi
	movl	$0, (%rsp)
	movl	$0, 4(%rsp)
	call	__isoc99_scanf@PLT
	movl	(%rsp), %eax
	movl	4(%rsp), %ecx
	leaq	.LC1(%rip), %rsi
	movl	$1, %edi
	subl	$1, %eax
	subl	$1, %ecx
	cltd
	idivl	%ecx
	cmpl	$1, %edx
	sbbl	$-1, %eax
	movl	%eax, %edx
	xorl	%eax, %eax
	call	__printf_chk@PLT
	movq	8(%rsp), %rax
	subq	%fs:40, %rax
	jne	.L7
	xorl	%eax, %eax
	addq	$24, %rsp
	.cfi_remember_state
	.cfi_def_cfa_offset 8
	ret
.L7:
	.cfi_restore_state
	call	__stack_chk_fail@PLT
	.cfi_endproc
.LFE51:
	.size	main, .-main
	.ident	""GCC: (Ubuntu 11.4.0-1ubuntu1~22.04) 11.4.0""
	.section	.note.GNU-stack,"""",@progbits
	.section	.note.gnu.property,""a""
	.align 8
	.long	1f - 0f
	.long	4f - 1f
	.long	5
0:
	.string	""GNU""
1:
	.align 8
	.long	0xc0000002
	.long	3f - 2f
2:
	.long	0x3
3:
	.align 8
4:
```

Only output the optimized assembly code. Do not include any other text. Do not write any comments in the assembly code. Wrap the assembly code in ```assembly``` tags.
Optimized Assembly Code:
","Given the following C code, your task is to generate highly optimized x86-64 assembly code.
C Code:

```c
#include <stdio.h>
#include <stdlib.h>
#include <math.h>
#include <string.h>

int main()
{
	int N=0,K=0,count=0;

	scanf(""%d %d"",&N,&K);

	

	if((N-1)%(K-1)==0){
		count = (N-1)/(K-1);
	}
	
	else{
		count = (N-1)/(K-1)+1;
	}


	
		printf(""%d"",count);

	return 0;
}
```

Only output the optimized assembly code. Do not include any other text. Do not write any comments in the assembly code. Wrap the assembly code in ```assembly``` tags.
Optimized Assembly Code:
"
5,"```c
#include <stdio.h>
#include <strings.h>
int main() {
    int a,b;
    char s[15],t[15],u[15];
    scanf(""%s %s"", &s, &t);
    scanf(""%d %d"", &a, &b);
    scanf(""%s"", &u);
    if(strcmp(s,u) == 0) {
        --a;
    } else if(strcmp(t,u) == 0) {
        --b;
    }
    printf(""%d %d\n"", a, b);
    return 0;
}```","[{""input"": ""red blue\n3 2\nred\n"", ""output"": ""2 2\n""}, {""input"": ""red blte\n3 0\nred\n"", ""output"": ""2 0\n""}, {""input"": ""red blue\n5 0\nred\n"", ""output"": ""4 0\n""}, {""input"": ""red blue\n7 0\nred\n"", ""output"": ""6 0\n""}, {""input"": ""red blue\n5 1\nred\n"", ""output"": ""4 1\n""}, {""input"": ""red blue\n0 0\nred\n"", ""output"": ""-1 0\n""}, {""input"": ""red blte\n3 4\nred\n"", ""output"": ""2 4\n""}, {""input"": ""red blue\n1 0\nred\n"", ""output"": ""0 0\n""}, {""input"": ""red blue\n11 0\nred\n"", ""output"": ""10 0\n""}, {""input"": ""red blue\n-1 0\nred\n"", ""output"": ""-2 0\n""}, {""input"": ""red blue\n11 -1\nred\n"", ""output"": ""10 -1\n""}, {""input"": ""red bkfu\n8 0\nred\n"", ""output"": ""7 0\n""}, {""input"": ""red blue\n11 -2\nred\n"", ""output"": ""10 -2\n""}, {""input"": ""red bkfu\n16 0\nred\n"", ""output"": ""15 0\n""}, {""input"": ""red ufkb\n22 0\nred\n"", ""output"": ""21 0\n""}, {""input"": ""red blue\n3 3\nred\n"", ""output"": ""2 3\n""}, {""input"": ""red blue\n2 0\nred\n"", ""output"": ""1 0\n""}, {""input"": ""red bule\n7 -1\nred\n"", ""output"": ""6 -1\n""}, {""input"": ""red blte\n9 0\nred\n"", ""output"": ""8 0\n""}, {""input"": ""red blue\n7 1\nred\n"", ""output"": ""6 1\n""}, {""input"": ""red bleu\n12 0\nred\n"", ""output"": ""11 0\n""}, {""input"": ""red blue\n0 1\nred\n"", ""output"": ""-1 1\n""}, {""input"": ""red bmte\n6 0\nred\n"", ""output"": ""5 0\n""}, {""input"": ""red blue\n-1 1\nred\n"", ""output"": ""-2 1\n""}, {""input"": ""red bkfu\n26 0\nred\n"", ""output"": ""25 0\n""}, {""input"": ""red bule\n7 -2\nred\n"", ""output"": ""6 -2\n""}, {""input"": ""red bkfu\n4 0\nred\n"", ""output"": ""3 0\n""}, {""input"": ""red blve\n3 6\nred\n"", ""output"": ""2 6\n""}, {""input"": ""red blte\n3 -1\nred\n"", ""output"": ""2 -1\n""}, {""input"": ""red bule\n7 -3\nred\n"", ""output"": ""6 -3\n""}, {""input"": ""red beul\n4 1\nred\n"", ""output"": ""3 1\n""}, {""input"": ""red bleu\n17 0\nred\n"", ""output"": ""16 0\n""}, {""input"": ""red ctle\n1 1\nred\n"", ""output"": ""0 1\n""}, {""input"": ""red blve\n3 1\nred\n"", ""output"": ""2 1\n""}, {""input"": ""red elbt\n-2 0\nred\n"", ""output"": ""-3 0\n""}, {""input"": ""red elbt\n0 -1\nred\n"", ""output"": ""-1 -1\n""}, {""input"": ""red elbt\n0 -2\nred\n"", ""output"": ""-1 -2\n""}, {""input"": ""red blue\n5 2\nred\n"", ""output"": ""4 2\n""}, {""input"": ""red blue\n2 -1\nred\n"", ""output"": ""1 -1\n""}, {""input"": ""red bkfu\n14 0\nred\n"", ""output"": ""13 0\n""}, {""input"": ""red blue\n3 5\nred\n"", ""output"": ""2 5\n""}, {""input"": ""red blve\n2 2\nred\n"", ""output"": ""1 2\n""}, {""input"": ""red blue\n2 1\nred\n"", ""output"": ""1 1\n""}, {""input"": ""red bule\n1 -1\nred\n"", ""output"": ""0 -1\n""}, {""input"": ""red bleu\n12 -1\nred\n"", ""output"": ""11 -1\n""}, {""input"": ""red blue\n0 2\nred\n"", ""output"": ""-1 2\n""}, {""input"": ""red blve\n0 4\nred\n"", ""output"": ""-1 4\n""}, {""input"": ""red bule\n1 -2\nred\n"", ""output"": ""0 -2\n""}, {""input"": ""red lueb\n9 1\nred\n"", ""output"": ""8 1\n""}, {""input"": ""red bulf\n-2 -1\nred\n"", ""output"": ""-3 -1\n""}, {""input"": ""red lbue\n-1 2\nred\n"", ""output"": ""-2 2\n""}, {""input"": ""red clue\n-1 4\nred\n"", ""output"": ""-2 4\n""}, {""input"": ""red laeu\n9 2\nred\n"", ""output"": ""8 2\n""}, {""input"": ""red blue\n11 1\nred\n"", ""output"": ""10 1\n""}, {""input"": ""red blue\n-1 -1\nred\n"", ""output"": ""-2 -1\n""}, {""input"": ""red bkfu\n8 -1\nred\n"", ""output"": ""7 -1\n""}, {""input"": ""red blue\n12 -2\nred\n"", ""output"": ""11 -2\n""}, {""input"": ""red beul\n4 2\nred\n"", ""output"": ""3 2\n""}, {""input"": ""red bleu\n10 0\nred\n"", ""output"": ""9 0\n""}, {""input"": ""red blue\n3 8\nred\n"", ""output"": ""2 8\n""}, {""input"": ""red blve\n1 4\nred\n"", ""output"": ""0 4\n""}, {""input"": ""red beul\n6 1\nred\n"", ""output"": ""5 1\n""}, {""input"": ""red blve\n3 9\nred\n"", ""output"": ""2 9\n""}, {""input"": ""red vkeb\n9 -1\nred\n"", ""output"": ""8 -1\n""}, {""input"": ""red blue\n14 1\nred\n"", ""output"": ""13 1\n""}, {""input"": ""red bulf\n-3 0\nred\n"", ""output"": ""-4 0\n""}, {""input"": ""red bule\n-1 -2\nred\n"", ""output"": ""-2 -2\n""}, {""input"": ""red lbue\n-1 3\nred\n"", ""output"": ""-2 3\n""}, {""input"": ""red laeu\n18 1\nred\n"", ""output"": ""17 1\n""}, {""input"": ""red luec\n-2 4\nred\n"", ""output"": ""-3 4\n""}, {""input"": ""red etlb\n4 4\nred\n"", ""output"": ""3 4\n""}, {""input"": ""red bldu\n18 0\nred\n"", ""output"": ""17 0\n""}, {""input"": ""red blue\n10 1\nred\n"", ""output"": ""9 1\n""}, {""input"": ""red tmbe\n3 -2\nred\n"", ""output"": ""2 -2\n""}, {""input"": ""red blue\n3 15\nred\n"", ""output"": ""2 15\n""}, {""input"": ""red beul\n6 2\nred\n"", ""output"": ""5 2\n""}, {""input"": ""red bule\n-2 -2\nred\n"", ""output"": ""-3 -2\n""}, {""input"": ""red lbeu\n7 2\nred\n"", ""output"": ""6 2\n""}, {""input"": ""red alue\n12 -3\nred\n"", ""output"": ""11 -3\n""}, {""input"": ""red alve\n6 9\nred\n"", ""output"": ""5 9\n""}, {""input"": ""red blue\n-4 -1\nred\n"", ""output"": ""-5 -1\n""}, {""input"": ""red alve\n7 9\nred\n"", ""output"": ""6 9\n""}, {""input"": ""red akve\n7 12\nred\n"", ""output"": ""6 12\n""}, {""input"": ""red bltf\n5 -1\nred\n"", ""output"": ""4 -1\n""}, {""input"": ""red bkfu\n8 1\nred\n"", ""output"": ""7 1\n""}, {""input"": ""red blue\n11 -3\nred\n"", ""output"": ""10 -3\n""}, {""input"": ""red ufkb\n22 1\nred\n"", ""output"": ""21 1\n""}, {""input"": ""red blve\n1 2\nred\n"", ""output"": ""0 2\n""}, {""input"": ""red blue\n13 1\nred\n"", ""output"": ""12 1\n""}, {""input"": ""red bleu\n12 1\nred\n"", ""output"": ""11 1\n""}, {""input"": ""red blue\n-2 1\nred\n"", ""output"": ""-3 1\n""}, {""input"": ""red blve\n0 6\nred\n"", ""output"": ""-1 6\n""}, {""input"": ""red blue\n3 7\nred\n"", ""output"": ""2 7\n""}, {""input"": ""red buel\n2 -2\nred\n"", ""output"": ""1 -2\n""}, {""input"": ""red uelb\n10 -1\nred\n"", ""output"": ""9 -1\n""}, {""input"": ""red eulb\n0 8\nred\n"", ""output"": ""-1 8\n""}, {""input"": ""red vkeb\n9 -2\nred\n"", ""output"": ""8 -2\n""}, {""input"": ""red lbte\n0 3\nred\n"", ""output"": ""-1 3\n""}, {""input"": ""red bule\n-3 -2\nred\n"", ""output"": ""-4 -2\n""}, {""input"": ""red lbeu\n7 3\nred\n"", ""output"": ""6 3\n""}, {""input"": ""red blue\n3 4\nred\n"", ""output"": ""2 4\n""}, {""input"": ""red blue\n3 4\nred\n"", ""output"": ""2 4\n""}, {""input"": ""red blue\n5 5\nblue\n"", ""output"": ""5 4\n""}]","Given the following C code and assembly code, your task is to generate highly optimized x86-64 assembly code.
C Code:

```c
#include <stdio.h>
#include <strings.h>
int main() {
    int a,b;
    char s[15],t[15],u[15];
    scanf(""%s %s"", &s, &t);
    scanf(""%d %d"", &a, &b);
    scanf(""%s"", &u);
    if(strcmp(s,u) == 0) {
        --a;
    } else if(strcmp(t,u) == 0) {
        --b;
    }
    printf(""%d %d\n"", a, b);
    return 0;
}```

Assembly Code:

```assembly
	.file	""temp.c""
	.text
	.section	.rodata.str1.1,""aMS"",@progbits,1
.LC0:
	.string	""%s %s""
.LC1:
	.string	""%d %d""
.LC2:
	.string	""%s""
.LC3:
	.string	""%d %d\n""
	.section	.text.startup,""ax"",@progbits
	.p2align 4
	.globl	main
	.type	main, @function
main:
.LFB25:
	.cfi_startproc
	endbr64
	pushq	%r13
	.cfi_def_cfa_offset 16
	.cfi_offset 13, -16
	leaq	.LC0(%rip), %rdi
	pushq	%r12
	.cfi_def_cfa_offset 24
	.cfi_offset 12, -24
	pushq	%rbp
	.cfi_def_cfa_offset 32
	.cfi_offset 6, -32
	subq	$64, %rsp
	.cfi_def_cfa_offset 96
	movq	%fs:40, %rax
	movq	%rax, 56(%rsp)
	xorl	%eax, %eax
	leaq	11(%rsp), %r12
	leaq	26(%rsp), %r13
	movq	%r13, %rdx
	movq	%r12, %rsi
	leaq	41(%rsp), %rbp
	call	__isoc99_scanf@PLT
	leaq	4(%rsp), %rdx
	movq	%rsp, %rsi
	xorl	%eax, %eax
	leaq	.LC1(%rip), %rdi
	call	__isoc99_scanf@PLT
	movq	%rbp, %rsi
	leaq	.LC2(%rip), %rdi
	xorl	%eax, %eax
	call	__isoc99_scanf@PLT
	movq	%rbp, %rsi
	movq	%r12, %rdi
	call	strcmp@PLT
	testl	%eax, %eax
	jne	.L2
	subl	$1, (%rsp)
.L3:
	movl	4(%rsp), %ecx
	movl	(%rsp), %edx
	xorl	%eax, %eax
	leaq	.LC3(%rip), %rsi
	movl	$1, %edi
	call	__printf_chk@PLT
	movq	56(%rsp), %rax
	subq	%fs:40, %rax
	jne	.L7
	addq	$64, %rsp
	.cfi_remember_state
	.cfi_def_cfa_offset 32
	xorl	%eax, %eax
	popq	%rbp
	.cfi_def_cfa_offset 24
	popq	%r12
	.cfi_def_cfa_offset 16
	popq	%r13
	.cfi_def_cfa_offset 8
	ret
.L2:
	.cfi_restore_state
	movq	%rbp, %rsi
	movq	%r13, %rdi
	call	strcmp@PLT
	testl	%eax, %eax
	jne	.L3
	subl	$1, 4(%rsp)
	jmp	.L3
.L7:
	call	__stack_chk_fail@PLT
	.cfi_endproc
.LFE25:
	.size	main, .-main
	.ident	""GCC: (Ubuntu 11.4.0-1ubuntu1~22.04) 11.4.0""
	.section	.note.GNU-stack,"""",@progbits
	.section	.note.gnu.property,""a""
	.align 8
	.long	1f - 0f
	.long	4f - 1f
	.long	5
0:
	.string	""GNU""
1:
	.align 8
	.long	0xc0000002
	.long	3f - 2f
2:
	.long	0x3
3:
	.align 8
4:
```

Only output the optimized assembly code. Do not include any other text. Do not write any comments in the assembly code. Wrap the assembly code in ```assembly``` tags.
Optimized Assembly Code:
","Given the following C code, your task is to generate highly optimized x86-64 assembly code.
C Code:

```c
#include <stdio.h>
#include <strings.h>
int main() {
    int a,b;
    char s[15],t[15],u[15];
    scanf(""%s %s"", &s, &t);
    scanf(""%d %d"", &a, &b);
    scanf(""%s"", &u);
    if(strcmp(s,u) == 0) {
        --a;
    } else if(strcmp(t,u) == 0) {
        --b;
    }
    printf(""%d %d\n"", a, b);
    return 0;
}```

Only output the optimized assembly code. Do not include any other text. Do not write any comments in the assembly code. Wrap the assembly code in ```assembly``` tags.
Optimized Assembly Code:
"
6,"```c
#include <stdio.h>
#include <stdlib.h>
#include <math.h>
#include <string.h>
#define Rep(i,a,n)for(int i=(int)(a);i<(int)(n);i++)
#define rep(i,n)Rep(i,0,n)
typedef long long ll;
typedef long double ld;
#define M(x,y) ((x)>(y)?(x):(y))
#define m(x,y) ((x)<(y)?(x):(y))

int main() {
	int n, a[200001]; ll S=0, s=0, min=9999999999999999;
	scanf(""%d"", &n);
	rep(i, n) { scanf(""%d"", &a[i]); S += a[i]; }
	rep(i,n-1) {
		s += a[i];
		min = m(min, M(S - 2 * s, 2 * s - S));
	}
	printf(""%lld"", min);
}```","[{""input"": ""6\n0 2 3 4 5 6\n"", ""output"": ""2""}, {""input"": ""2\n0 -10\n"", ""output"": ""10""}, {""input"": ""6\n0 2 3 7 5 6\n"", ""output"": ""1""}, {""input"": ""2\n0 -19\n"", ""output"": ""19""}, {""input"": ""6\n-1 2 3 7 5 6\n"", ""output"": ""0""}, {""input"": ""2\n1 -19\n"", ""output"": ""20""}, {""input"": ""2\n1 -33\n"", ""output"": ""34""}, {""input"": ""2\n0 -33\n"", ""output"": ""33""}, {""input"": ""6\n1 2 3 7 8 8\n"", ""output"": ""3""}, {""input"": ""2\n-1 -33\n"", ""output"": ""32""}, {""input"": ""6\n1 2 3 7 8 13\n"", ""output"": ""8""}, {""input"": ""2\n-1 -47\n"", ""output"": ""46""}, {""input"": ""6\n1 3 3 7 8 13\n"", ""output"": ""7""}, {""input"": ""2\n-1 -75\n"", ""output"": ""74""}, {""input"": ""2\n-1 -32\n"", ""output"": ""31""}, {""input"": ""6\n0 3 3 7 5 13\n"", ""output"": ""5""}, {""input"": ""2\n-1 -38\n"", ""output"": ""37""}, {""input"": ""2\n-2 -38\n"", ""output"": ""36""}, {""input"": ""2\n-2 -65\n"", ""output"": ""63""}, {""input"": ""6\n0 3 3 7 1 8\n"", ""output"": ""4""}, {""input"": ""2\n-2 -126\n"", ""output"": ""124""}, {""input"": ""2\n-4 -126\n"", ""output"": ""122""}, {""input"": ""2\n-5 -126\n"", ""output"": ""121""}, {""input"": ""2\n-5 -89\n"", ""output"": ""84""}, {""input"": ""2\n-1 -89\n"", ""output"": ""88""}, {""input"": ""2\n0 -89\n"", ""output"": ""89""}, {""input"": ""2\n-2 -20\n"", ""output"": ""18""}, {""input"": ""2\n-6 0\n"", ""output"": ""6""}, {""input"": ""2\n-11 0\n"", ""output"": ""11""}, {""input"": ""2\n-62 -1\n"", ""output"": ""61""}, {""input"": ""2\n-58 -1\n"", ""output"": ""57""}, {""input"": ""2\n-74 -1\n"", ""output"": ""73""}, {""input"": ""2\n-36 -1\n"", ""output"": ""35""}, {""input"": ""2\n-68 -1\n"", ""output"": ""67""}, {""input"": ""2\n-68 0\n"", ""output"": ""68""}, {""input"": ""2\n-68 -2\n"", ""output"": ""66""}, {""input"": ""6\n1 30 1 10 -1 6\n"", ""output"": ""15""}, {""input"": ""2\n-68 -4\n"", ""output"": ""64""}, {""input"": ""6\n1 36 1 10 -1 6\n"", ""output"": ""21""}, {""input"": ""2\n-136 0\n"", ""output"": ""136""}, {""input"": ""6\n1 36 1 10 -1 1\n"", ""output"": ""26""}, {""input"": ""2\n-42 0\n"", ""output"": ""42""}, {""input"": ""2\n-42 1\n"", ""output"": ""43""}, {""input"": ""2\n-40 1\n"", ""output"": ""41""}, {""input"": ""2\n-25 2\n"", ""output"": ""27""}, {""input"": ""2\n-50 2\n"", ""output"": ""52""}, {""input"": ""2\n-39 1\n"", ""output"": ""40""}, {""input"": ""2\n-47 2\n"", ""output"": ""49""}, {""input"": ""2\n-47 1\n"", ""output"": ""48""}, {""input"": ""2\n-85 1\n"", ""output"": ""86""}, {""input"": ""2\n-142 1\n"", ""output"": ""143""}, {""input"": ""2\n-64 1\n"", ""output"": ""65""}, {""input"": ""2\n-119 1\n"", ""output"": ""120""}, {""input"": ""2\n-163 1\n"", ""output"": ""164""}, {""input"": ""2\n-259 1\n"", ""output"": ""260""}, {""input"": ""2\n-75 1\n"", ""output"": ""76""}, {""input"": ""2\n-77 1\n"", ""output"": ""78""}, {""input"": ""2\n-77 2\n"", ""output"": ""79""}, {""input"": ""2\n-108 2\n"", ""output"": ""110""}, {""input"": ""2\n-42 2\n"", ""output"": ""44""}, {""input"": ""2\n-47 7\n"", ""output"": ""54""}, {""input"": ""2\n-66 3\n"", ""output"": ""69""}, {""input"": ""2\n-14 3\n"", ""output"": ""17""}, {""input"": ""2\n-21 3\n"", ""output"": ""24""}, {""input"": ""2\n-25 3\n"", ""output"": ""28""}, {""input"": ""2\n-25 5\n"", ""output"": ""30""}, {""input"": ""2\n-34 5\n"", ""output"": ""39""}, {""input"": ""2\n-34 4\n"", ""output"": ""38""}, {""input"": ""2\n-10 2\n"", ""output"": ""12""}, {""input"": ""2\n-13 3\n"", ""output"": ""16""}, {""input"": ""2\n-22 3\n"", ""output"": ""25""}, {""input"": ""2\n-43 2\n"", ""output"": ""45""}, {""input"": ""2\n-69 3\n"", ""output"": ""72""}, {""input"": ""2\n-1 8\n"", ""output"": ""9""}, {""input"": ""2\n0 13\n"", ""output"": ""13""}, {""input"": ""2\n15 1\n"", ""output"": ""14""}, {""input"": ""2\n23 0\n"", ""output"": ""23""}, {""input"": ""2\n51 0\n"", ""output"": ""51""}, {""input"": ""2\n86 -1\n"", ""output"": ""87""}, {""input"": ""2\n78 -3\n"", ""output"": ""81""}, {""input"": ""2\n44 -3\n"", ""output"": ""47""}, {""input"": ""2\n-1 -30\n"", ""output"": ""29""}, {""input"": ""2\n-17 5\n"", ""output"": ""22""}, {""input"": ""6\n0 2 3 7 8 6\n"", ""output"": ""2""}, {""input"": ""6\n1 2 3 7 8 6\n"", ""output"": ""1""}, {""input"": ""6\n0 3 3 7 8 13\n"", ""output"": ""8""}, {""input"": ""6\n0 3 3 7 1 13\n"", ""output"": ""1""}, {""input"": ""6\n0 3 3 7 1 24\n"", ""output"": ""10""}, {""input"": ""6\n0 3 3 5 1 8\n"", ""output"": ""2""}, {""input"": ""6\n0 3 3 4 1 8\n"", ""output"": ""1""}, {""input"": ""6\n0 6 3 4 1 8\n"", ""output"": ""4""}, {""input"": ""6\n0 10 3 4 1 8\n"", ""output"": ""0""}, {""input"": ""6\n0 10 3 3 1 8\n"", ""output"": ""1""}, {""input"": ""6\n-1 10 3 3 1 8\n"", ""output"": ""0""}, {""input"": ""2\n0 -20\n"", ""output"": ""20""}, {""input"": ""6\n-1 10 3 3 1 4\n"", ""output"": ""2""}, {""input"": ""2\n-1 -20\n"", ""output"": ""19""}, {""input"": ""6\n-1 15 3 3 1 4\n"", ""output"": ""3""}, {""input"": ""6\n-1 15 3 5 1 4\n"", ""output"": ""1""}, {""input"": ""2\n-1 -2\n"", ""output"": ""1""}, {""input"": ""6\n1 2 3 4 5 6\n"", ""output"": ""1""}, {""input"": ""6\n1 2 3 4 5 6\n"", ""output"": ""1""}, {""input"": ""2\n10 -10\n"", ""output"": ""20""}]","Given the following C code and assembly code, your task is to generate highly optimized x86-64 assembly code.
C Code:

```c
#include <stdio.h>
#include <stdlib.h>
#include <math.h>
#include <string.h>
#define Rep(i,a,n)for(int i=(int)(a);i<(int)(n);i++)
#define rep(i,n)Rep(i,0,n)
typedef long long ll;
typedef long double ld;
#define M(x,y) ((x)>(y)?(x):(y))
#define m(x,y) ((x)<(y)?(x):(y))

int main() {
	int n, a[200001]; ll S=0, s=0, min=9999999999999999;
	scanf(""%d"", &n);
	rep(i, n) { scanf(""%d"", &a[i]); S += a[i]; }
	rep(i,n-1) {
		s += a[i];
		min = m(min, M(S - 2 * s, 2 * s - S));
	}
	printf(""%lld"", min);
}```

Assembly Code:

```assembly
	.file	""temp.c""
	.text
	.section	.rodata.str1.1,""aMS"",@progbits,1
.LC0:
	.string	""%d""
.LC1:
	.string	""%lld""
	.section	.text.startup,""ax"",@progbits
	.p2align 4
	.globl	main
	.type	main, @function
main:
.LFB51:
	.cfi_startproc
	endbr64
	pushq	%r13
	.cfi_def_cfa_offset 16
	.cfi_offset 13, -16
	pushq	%r12
	.cfi_def_cfa_offset 24
	.cfi_offset 12, -24
	pushq	%rbp
	.cfi_def_cfa_offset 32
	.cfi_offset 6, -32
	pushq	%rbx
	.cfi_def_cfa_offset 40
	.cfi_offset 3, -40
	leaq	-798720(%rsp), %r11
	.cfi_def_cfa 11, 798760
.LPSRL0:
	subq	$4096, %rsp
	orq	$0, (%rsp)
	cmpq	%r11, %rsp
	jne	.LPSRL0
	.cfi_def_cfa_register 7
	subq	$1320, %rsp
	.cfi_def_cfa_offset 800080
	leaq	.LC0(%rip), %r13
	movq	%r13, %rdi
	movq	%fs:40, %rax
	movq	%rax, 800024(%rsp)
	xorl	%eax, %eax
	leaq	12(%rsp), %rsi
	call	__isoc99_scanf@PLT
	movl	12(%rsp), %eax
	movabsq	$9999999999999999, %r8
	testl	%eax, %eax
	jle	.L2
	xorl	%ebp, %ebp
	xorl	%r12d, %r12d
	leaq	16(%rsp), %rbx
	.p2align 4,,10
	.p2align 3
.L3:
	leaq	(%rbx,%rbp,4), %rsi
	movq	%r13, %rdi
	xorl	%eax, %eax
	call	__isoc99_scanf@PLT
	movslq	(%rbx,%rbp,4), %rax
	movl	12(%rsp), %edx
	addq	$1, %rbp
	addq	%rax, %r12
	cmpl	%ebp, %edx
	jg	.L3
	cmpl	$1, %edx
	jle	.L7
	subl	$2, %edx
	movq	%rbx, %rax
	xorl	%ecx, %ecx
	movabsq	$9999999999999999, %r8
	leaq	20(%rsp,%rdx,4), %r9
	.p2align 4,,10
	.p2align 3
.L4:
	movslq	(%rax), %rdx
	movq	%r12, %rsi
	addq	%rdx, %rcx
	leaq	(%rcx,%rcx), %rdi
	movq	%rdi, %rdx
	subq	%rdi, %rsi
	subq	%r12, %rdx
	cmpq	%rsi, %rdx
	cmovl	%rsi, %rdx
	cmpq	%rdx, %r8
	cmovg	%rdx, %r8
	addq	$4, %rax
	cmpq	%rax, %r9
	jne	.L4
.L2:
	xorl	%eax, %eax
	movq	%r8, %rdx
	movl	$1, %edi
	leaq	.LC1(%rip), %rsi
	call	__printf_chk@PLT
	movq	800024(%rsp), %rax
	subq	%fs:40, %rax
	jne	.L12
	addq	$800040, %rsp
	.cfi_remember_state
	.cfi_def_cfa_offset 40
	xorl	%eax, %eax
	popq	%rbx
	.cfi_def_cfa_offset 32
	popq	%rbp
	.cfi_def_cfa_offset 24
	popq	%r12
	.cfi_def_cfa_offset 16
	popq	%r13
	.cfi_def_cfa_offset 8
	ret
.L7:
	.cfi_restore_state
	movabsq	$9999999999999999, %r8
	jmp	.L2
.L12:
	call	__stack_chk_fail@PLT
	.cfi_endproc
.LFE51:
	.size	main, .-main
	.ident	""GCC: (Ubuntu 11.4.0-1ubuntu1~22.04) 11.4.0""
	.section	.note.GNU-stack,"""",@progbits
	.section	.note.gnu.property,""a""
	.align 8
	.long	1f - 0f
	.long	4f - 1f
	.long	5
0:
	.string	""GNU""
1:
	.align 8
	.long	0xc0000002
	.long	3f - 2f
2:
	.long	0x3
3:
	.align 8
4:
```

Only output the optimized assembly code. Do not include any other text. Do not write any comments in the assembly code. Wrap the assembly code in ```assembly``` tags.
Optimized Assembly Code:
","Given the following C code, your task is to generate highly optimized x86-64 assembly code.
C Code:

```c
#include <stdio.h>
#include <stdlib.h>
#include <math.h>
#include <string.h>
#define Rep(i,a,n)for(int i=(int)(a);i<(int)(n);i++)
#define rep(i,n)Rep(i,0,n)
typedef long long ll;
typedef long double ld;
#define M(x,y) ((x)>(y)?(x):(y))
#define m(x,y) ((x)<(y)?(x):(y))

int main() {
	int n, a[200001]; ll S=0, s=0, min=9999999999999999;
	scanf(""%d"", &n);
	rep(i, n) { scanf(""%d"", &a[i]); S += a[i]; }
	rep(i,n-1) {
		s += a[i];
		min = m(min, M(S - 2 * s, 2 * s - S));
	}
	printf(""%lld"", min);
}```

Only output the optimized assembly code. Do not include any other text. Do not write any comments in the assembly code. Wrap the assembly code in ```assembly``` tags.
Optimized Assembly Code:
"
7,"```c
#include<stdio.h>
int main()
{
    int n,i,in,a=0,p=0,u;
    scanf(""%d"",&n);
    for(i=1;i<=n;i++)
    {
        scanf(""%d"",&in);
        p+=in;
        if(in>a)
        a=in;
    }
    u=p-a+(a/2);
    printf(""%d\n"",u);
    return 0;
}```","[{""input"": ""4\n4320\n7204\n4320\n4320\n"", ""output"": ""16562\n""}, {""input"": ""3\n32\n7980\n6980\n"", ""output"": ""11002\n""}, {""input"": ""3\n32\n7980\n615\n"", ""output"": ""4637\n""}, {""input"": ""3\n6\n7980\n615\n"", ""output"": ""4611\n""}, {""input"": ""3\n6\n7980\n329\n"", ""output"": ""4325\n""}, {""input"": ""3\n6\n7980\n207\n"", ""output"": ""4203\n""}, {""input"": ""3\n7\n7980\n207\n"", ""output"": ""4204\n""}, {""input"": ""3\n7\n7980\n269\n"", ""output"": ""4266\n""}, {""input"": ""3\n7\n4428\n269\n"", ""output"": ""2490\n""}, {""input"": ""3\n7\n4428\n505\n"", ""output"": ""2726\n""}, {""input"": ""3\n3\n4428\n505\n"", ""output"": ""2722\n""}, {""input"": ""4\n4320\n582\n4320\n4320\n"", ""output"": ""11382\n""}, {""input"": ""3\n4980\n7980\n7691\n"", ""output"": ""16661\n""}, {""input"": ""4\n7514\n7204\n4320\n4320\n"", ""output"": ""19601\n""}, {""input"": ""3\n32\n7980\n8690\n"", ""output"": ""12357\n""}, {""input"": ""3\n12\n7980\n615\n"", ""output"": ""4617\n""}, {""input"": ""3\n7\n7980\n272\n"", ""output"": ""4269\n""}, {""input"": ""3\n7\n4428\n208\n"", ""output"": ""2429\n""}, {""input"": ""3\n7\n4428\n55\n"", ""output"": ""2276\n""}, {""input"": ""3\n2\n4428\n505\n"", ""output"": ""2721\n""}, {""input"": ""4\n4320\n402\n4320\n4320\n"", ""output"": ""11202\n""}, {""input"": ""3\n4980\n7980\n750\n"", ""output"": ""9720\n""}, {""input"": ""3\n32\n7980\n4990\n"", ""output"": ""9012\n""}, {""input"": ""3\n4\n7980\n615\n"", ""output"": ""4609\n""}, {""input"": ""3\n7\n7980\n344\n"", ""output"": ""4341\n""}, {""input"": ""3\n3\n4428\n55\n"", ""output"": ""2272\n""}, {""input"": ""3\n2\n4428\n173\n"", ""output"": ""2389\n""}, {""input"": ""3\n4980\n7980\n302\n"", ""output"": ""9272\n""}, {""input"": ""3\n62\n7980\n4990\n"", ""output"": ""9042\n""}, {""input"": ""3\n4\n12056\n615\n"", ""output"": ""6647\n""}, {""input"": ""3\n7\n8510\n344\n"", ""output"": ""4606\n""}, {""input"": ""3\n2\n4428\n55\n"", ""output"": ""2271\n""}, {""input"": ""3\n4980\n14260\n302\n"", ""output"": ""12412\n""}, {""input"": ""3\n5\n7980\n4990\n"", ""output"": ""8985\n""}, {""input"": ""3\n0\n12056\n615\n"", ""output"": ""6643\n""}, {""input"": ""3\n2\n4428\n76\n"", ""output"": ""2292\n""}, {""input"": ""3\n4980\n14260\n354\n"", ""output"": ""12464\n""}, {""input"": ""3\n2\n7980\n4990\n"", ""output"": ""8982\n""}, {""input"": ""3\n1\n4428\n76\n"", ""output"": ""2291\n""}, {""input"": ""3\n3\n7980\n4990\n"", ""output"": ""8983\n""}, {""input"": ""3\n1\n4428\n99\n"", ""output"": ""2314\n""}, {""input"": ""3\n3\n7980\n5014\n"", ""output"": ""9007\n""}, {""input"": ""3\n0\n4428\n99\n"", ""output"": ""2313\n""}, {""input"": ""3\n0\n7984\n99\n"", ""output"": ""4091\n""}, {""input"": ""3\n0\n7984\n110\n"", ""output"": ""4102\n""}, {""input"": ""3\n-1\n7984\n110\n"", ""output"": ""4101\n""}, {""input"": ""3\n-2\n7984\n110\n"", ""output"": ""4100\n""}, {""input"": ""4\n4320\n3600\n4320\n4320\n"", ""output"": ""14400\n""}, {""input"": ""3\n51\n7980\n6980\n"", ""output"": ""11021\n""}, {""input"": ""3\n6\n6498\n329\n"", ""output"": ""3584\n""}, {""input"": ""3\n8\n7980\n207\n"", ""output"": ""4205\n""}, {""input"": ""3\n7\n7980\n14\n"", ""output"": ""4011\n""}, {""input"": ""3\n7\n4428\n391\n"", ""output"": ""2612\n""}, {""input"": ""3\n12\n4428\n505\n"", ""output"": ""2731\n""}, {""input"": ""3\n3\n4428\n173\n"", ""output"": ""2390\n""}, {""input"": ""4\n4320\n582\n8452\n4320\n"", ""output"": ""13448\n""}, {""input"": ""3\n6345\n7980\n7691\n"", ""output"": ""18026\n""}, {""input"": ""4\n7514\n7204\n4821\n4320\n"", ""output"": ""20102\n""}, {""input"": ""3\n0\n7980\n8690\n"", ""output"": ""12325\n""}, {""input"": ""3\n12\n11402\n615\n"", ""output"": ""6328\n""}, {""input"": ""3\n7\n3400\n272\n"", ""output"": ""1979\n""}, {""input"": ""3\n4\n4428\n208\n"", ""output"": ""2426\n""}, {""input"": ""3\n11\n4428\n55\n"", ""output"": ""2280\n""}, {""input"": ""3\n0\n7980\n615\n"", ""output"": ""4605\n""}, {""input"": ""3\n12\n7980\n344\n"", ""output"": ""4346\n""}, {""input"": ""3\n1\n4428\n55\n"", ""output"": ""2270\n""}, {""input"": ""3\n4980\n7980\n430\n"", ""output"": ""9400\n""}, {""input"": ""3\n4\n12056\n547\n"", ""output"": ""6579\n""}, {""input"": ""3\n7\n8510\n643\n"", ""output"": ""4905\n""}, {""input"": ""3\n4\n4428\n55\n"", ""output"": ""2273\n""}, {""input"": ""3\n5\n7040\n4990\n"", ""output"": ""8515\n""}, {""input"": ""3\n0\n12056\n235\n"", ""output"": ""6263\n""}, {""input"": ""3\n2\n4428\n144\n"", ""output"": ""2360\n""}, {""input"": ""3\n4\n7980\n4990\n"", ""output"": ""8984\n""}, {""input"": ""3\n3\n7980\n9872\n"", ""output"": ""12919\n""}, {""input"": ""3\n1\n6204\n99\n"", ""output"": ""3202\n""}, {""input"": ""3\n0\n4428\n52\n"", ""output"": ""2266\n""}, {""input"": ""3\n0\n7984\n193\n"", ""output"": ""4185\n""}, {""input"": ""3\n0\n7984\n100\n"", ""output"": ""4092\n""}, {""input"": ""4\n3297\n3600\n4320\n4320\n"", ""output"": ""13377\n""}, {""input"": ""3\n14\n7980\n6980\n"", ""output"": ""10984\n""}, {""input"": ""3\n2\n6498\n329\n"", ""output"": ""3580\n""}, {""input"": ""3\n0\n7980\n207\n"", ""output"": ""4197\n""}, {""input"": ""3\n8\n7980\n14\n"", ""output"": ""4012\n""}, {""input"": ""3\n7\n4428\n520\n"", ""output"": ""2741\n""}, {""input"": ""3\n20\n4428\n505\n"", ""output"": ""2739\n""}, {""input"": ""3\n4\n4428\n173\n"", ""output"": ""2391\n""}, {""input"": ""4\n798\n582\n8452\n4320\n"", ""output"": ""9926\n""}, {""input"": ""4\n7514\n7204\n3794\n4320\n"", ""output"": ""19075\n""}, {""input"": ""3\n1\n7980\n8690\n"", ""output"": ""12326\n""}, {""input"": ""3\n12\n11402\n1144\n"", ""output"": ""6857\n""}, {""input"": ""3\n7\n3400\n121\n"", ""output"": ""1828\n""}, {""input"": ""3\n2\n4428\n208\n"", ""output"": ""2424\n""}, {""input"": ""3\n11\n2426\n55\n"", ""output"": ""1279\n""}, {""input"": ""3\n24\n7980\n344\n"", ""output"": ""4358\n""}, {""input"": ""3\n2\n8058\n55\n"", ""output"": ""4086\n""}, {""input"": ""3\n2\n4428\n100\n"", ""output"": ""2316\n""}, {""input"": ""3\n4\n12056\n28\n"", ""output"": ""6060\n""}, {""input"": ""3\n11\n8510\n643\n"", ""output"": ""4909\n""}, {""input"": ""3\n0\n4428\n55\n"", ""output"": ""2269\n""}, {""input"": ""4\n4320\n4320\n4320\n4320\n"", ""output"": ""15120\n""}, {""input"": ""3\n4980\n7980\n6980\n"", ""output"": ""15950\n""}, {""input"": ""3\n4980\n7980\n6980\n"", ""output"": ""15950\n""}]","Given the following C code and assembly code, your task is to generate highly optimized x86-64 assembly code.
C Code:

```c
#include<stdio.h>
int main()
{
    int n,i,in,a=0,p=0,u;
    scanf(""%d"",&n);
    for(i=1;i<=n;i++)
    {
        scanf(""%d"",&in);
        p+=in;
        if(in>a)
        a=in;
    }
    u=p-a+(a/2);
    printf(""%d\n"",u);
    return 0;
}```

Assembly Code:

```assembly
	.file	""temp.c""
	.text
	.section	.rodata.str1.1,""aMS"",@progbits,1
.LC0:
	.string	""%d""
.LC1:
	.string	""%d\n""
	.section	.text.startup,""ax"",@progbits
	.p2align 4
	.globl	main
	.type	main, @function
main:
.LFB23:
	.cfi_startproc
	endbr64
	pushq	%r14
	.cfi_def_cfa_offset 16
	.cfi_offset 14, -16
	pushq	%r13
	.cfi_def_cfa_offset 24
	.cfi_offset 13, -24
	leaq	.LC0(%rip), %r13
	pushq	%r12
	.cfi_def_cfa_offset 32
	.cfi_offset 12, -32
	movq	%r13, %rdi
	xorl	%r12d, %r12d
	pushq	%rbp
	.cfi_def_cfa_offset 40
	.cfi_offset 6, -40
	pushq	%rbx
	.cfi_def_cfa_offset 48
	.cfi_offset 3, -48
	xorl	%ebx, %ebx
	subq	$16, %rsp
	.cfi_def_cfa_offset 64
	movq	%fs:40, %rax
	movq	%rax, 8(%rsp)
	xorl	%eax, %eax
	movq	%rsp, %rsi
	call	__isoc99_scanf@PLT
	movl	(%rsp), %eax
	testl	%eax, %eax
	jle	.L2
	movl	$1, %ebp
	leaq	4(%rsp), %r14
	.p2align 4,,10
	.p2align 3
.L3:
	xorl	%eax, %eax
	movq	%r14, %rsi
	movq	%r13, %rdi
	call	__isoc99_scanf@PLT
	movl	4(%rsp), %eax
	addl	%eax, %r12d
	cmpl	%eax, %ebx
	cmovl	%eax, %ebx
	addl	$1, %ebp
	cmpl	%ebp, (%rsp)
	jge	.L3
.L2:
	subl	%ebx, %r12d
	sarl	%ebx
	xorl	%eax, %eax
	leal	(%r12,%rbx), %edx
	leaq	.LC1(%rip), %rsi
	movl	$1, %edi
	call	__printf_chk@PLT
	movq	8(%rsp), %rax
	subq	%fs:40, %rax
	jne	.L9
	addq	$16, %rsp
	.cfi_remember_state
	.cfi_def_cfa_offset 48
	xorl	%eax, %eax
	popq	%rbx
	.cfi_def_cfa_offset 40
	popq	%rbp
	.cfi_def_cfa_offset 32
	popq	%r12
	.cfi_def_cfa_offset 24
	popq	%r13
	.cfi_def_cfa_offset 16
	popq	%r14
	.cfi_def_cfa_offset 8
	ret
.L9:
	.cfi_restore_state
	call	__stack_chk_fail@PLT
	.cfi_endproc
.LFE23:
	.size	main, .-main
	.ident	""GCC: (Ubuntu 11.4.0-1ubuntu1~22.04) 11.4.0""
	.section	.note.GNU-stack,"""",@progbits
	.section	.note.gnu.property,""a""
	.align 8
	.long	1f - 0f
	.long	4f - 1f
	.long	5
0:
	.string	""GNU""
1:
	.align 8
	.long	0xc0000002
	.long	3f - 2f
2:
	.long	0x3
3:
	.align 8
4:
```

Only output the optimized assembly code. Do not include any other text. Do not write any comments in the assembly code. Wrap the assembly code in ```assembly``` tags.
Optimized Assembly Code:
","Given the following C code, your task is to generate highly optimized x86-64 assembly code.
C Code:

```c
#include<stdio.h>
int main()
{
    int n,i,in,a=0,p=0,u;
    scanf(""%d"",&n);
    for(i=1;i<=n;i++)
    {
        scanf(""%d"",&in);
        p+=in;
        if(in>a)
        a=in;
    }
    u=p-a+(a/2);
    printf(""%d\n"",u);
    return 0;
}```

Only output the optimized assembly code. Do not include any other text. Do not write any comments in the assembly code. Wrap the assembly code in ```assembly``` tags.
Optimized Assembly Code:
"
8,"```c
#include <stdio.h>

int		main(void)
{
	int N, Y;
	int	i, j;

	scanf(""%d%d"", &N, &Y);
	for (i = 0; i <= N; i++)
	{
		for (j = 0; j <= N - i; j++)
		{
			if (10000 * i + 5000 * j + (N - i - j) * 1000 == Y)
			{
				printf(""%d %d %d\n"", i , j , N - i - j);
				return (0);
			}
		}
	}
	printf(""%d %d %d\n"", -1, -1, -1);
	return (0);
}```","[{""input"": ""0000 1234000\n"", ""output"": ""-1 -1 -1\n""}, {""input"": ""6 45000\n"", ""output"": ""3 3 0\n""}, {""input"": ""0000 0\n"", ""output"": ""0 0 0\n""}, {""input"": ""20 318832\n"", ""output"": ""-1 -1 -1\n""}, {""input"": ""2000 25743705\n"", ""output"": ""-1 -1 -1\n""}, {""input"": ""0000 841858\n"", ""output"": ""-1 -1 -1\n""}, {""input"": ""6 3463\n"", ""output"": ""-1 -1 -1\n""}, {""input"": ""20 93731\n"", ""output"": ""-1 -1 -1\n""}, {""input"": ""2000 40151179\n"", ""output"": ""-1 -1 -1\n""}, {""input"": ""0000 383974\n"", ""output"": ""-1 -1 -1\n""}, {""input"": ""6 3596\n"", ""output"": ""-1 -1 -1\n""}, {""input"": ""20 119339\n"", ""output"": ""-1 -1 -1\n""}, {""input"": ""0100 383974\n"", ""output"": ""-1 -1 -1\n""}, {""input"": ""10 3596\n"", ""output"": ""-1 -1 -1\n""}, {""input"": ""38 119339\n"", ""output"": ""-1 -1 -1\n""}, {""input"": ""0100 76323\n"", ""output"": ""-1 -1 -1\n""}, {""input"": ""10 754\n"", ""output"": ""-1 -1 -1\n""}, {""input"": ""60 119339\n"", ""output"": ""-1 -1 -1\n""}, {""input"": ""0100 144346\n"", ""output"": ""-1 -1 -1\n""}, {""input"": ""20 754\n"", ""output"": ""-1 -1 -1\n""}, {""input"": ""60 18071\n"", ""output"": ""-1 -1 -1\n""}, {""input"": ""0101 144346\n"", ""output"": ""-1 -1 -1\n""}, {""input"": ""20 568\n"", ""output"": ""-1 -1 -1\n""}, {""input"": ""22 18071\n"", ""output"": ""-1 -1 -1\n""}, {""input"": ""0111 144346\n"", ""output"": ""-1 -1 -1\n""}, {""input"": ""20 663\n"", ""output"": ""-1 -1 -1\n""}, {""input"": ""20 18071\n"", ""output"": ""-1 -1 -1\n""}, {""input"": ""1111 144346\n"", ""output"": ""-1 -1 -1\n""}, {""input"": ""20 413\n"", ""output"": ""-1 -1 -1\n""}, {""input"": ""20 11560\n"", ""output"": ""-1 -1 -1\n""}, {""input"": ""1011 144346\n"", ""output"": ""-1 -1 -1\n""}, {""input"": ""22 413\n"", ""output"": ""-1 -1 -1\n""}, {""input"": ""6 11560\n"", ""output"": ""-1 -1 -1\n""}, {""input"": ""1001 144346\n"", ""output"": ""-1 -1 -1\n""}, {""input"": ""5 413\n"", ""output"": ""-1 -1 -1\n""}, {""input"": ""6 13219\n"", ""output"": ""-1 -1 -1\n""}, {""input"": ""1001 29004\n"", ""output"": ""-1 -1 -1\n""}, {""input"": ""7 413\n"", ""output"": ""-1 -1 -1\n""}, {""input"": ""6 20508\n"", ""output"": ""-1 -1 -1\n""}, {""input"": ""1101 29004\n"", ""output"": ""-1 -1 -1\n""}, {""input"": ""11 413\n"", ""output"": ""-1 -1 -1\n""}, {""input"": ""6 4188\n"", ""output"": ""-1 -1 -1\n""}, {""input"": ""1101 34690\n"", ""output"": ""-1 -1 -1\n""}, {""input"": ""22 52\n"", ""output"": ""-1 -1 -1\n""}, {""input"": ""6 3335\n"", ""output"": ""-1 -1 -1\n""}, {""input"": ""1100 34690\n"", ""output"": ""-1 -1 -1\n""}, {""input"": ""22 77\n"", ""output"": ""-1 -1 -1\n""}, {""input"": ""7 3335\n"", ""output"": ""-1 -1 -1\n""}, {""input"": ""1110 34690\n"", ""output"": ""-1 -1 -1\n""}, {""input"": ""22 87\n"", ""output"": ""-1 -1 -1\n""}, {""input"": ""5 3335\n"", ""output"": ""-1 -1 -1\n""}, {""input"": ""1111 34690\n"", ""output"": ""-1 -1 -1\n""}, {""input"": ""22 132\n"", ""output"": ""-1 -1 -1\n""}, {""input"": ""5 5793\n"", ""output"": ""-1 -1 -1\n""}, {""input"": ""1111 26390\n"", ""output"": ""-1 -1 -1\n""}, {""input"": ""22 2\n"", ""output"": ""-1 -1 -1\n""}, {""input"": ""5 10866\n"", ""output"": ""-1 -1 -1\n""}, {""input"": ""1111 8514\n"", ""output"": ""-1 -1 -1\n""}, {""input"": ""22 0\n"", ""output"": ""-1 -1 -1\n""}, {""input"": ""6 10866\n"", ""output"": ""-1 -1 -1\n""}, {""input"": ""1111 7918\n"", ""output"": ""-1 -1 -1\n""}, {""input"": ""22 1\n"", ""output"": ""-1 -1 -1\n""}, {""input"": ""1 10866\n"", ""output"": ""-1 -1 -1\n""}, {""input"": ""0111 7918\n"", ""output"": ""-1 -1 -1\n""}, {""input"": ""16 1\n"", ""output"": ""-1 -1 -1\n""}, {""input"": ""1 13756\n"", ""output"": ""-1 -1 -1\n""}, {""input"": ""0110 7918\n"", ""output"": ""-1 -1 -1\n""}, {""input"": ""28 1\n"", ""output"": ""-1 -1 -1\n""}, {""input"": ""1 10835\n"", ""output"": ""-1 -1 -1\n""}, {""input"": ""0010 7918\n"", ""output"": ""-1 -1 -1\n""}, {""input"": ""28 0\n"", ""output"": ""-1 -1 -1\n""}, {""input"": ""1 18638\n"", ""output"": ""-1 -1 -1\n""}, {""input"": ""0000 7918\n"", ""output"": ""-1 -1 -1\n""}, {""input"": ""14 0\n"", ""output"": ""-1 -1 -1\n""}, {""input"": ""2 18638\n"", ""output"": ""-1 -1 -1\n""}, {""input"": ""0000 14090\n"", ""output"": ""-1 -1 -1\n""}, {""input"": ""24 0\n"", ""output"": ""-1 -1 -1\n""}, {""input"": ""0 18638\n"", ""output"": ""-1 -1 -1\n""}, {""input"": ""0000 19145\n"", ""output"": ""-1 -1 -1\n""}, {""input"": ""24 1\n"", ""output"": ""-1 -1 -1\n""}, {""input"": ""1 16305\n"", ""output"": ""-1 -1 -1\n""}, {""input"": ""0010 19145\n"", ""output"": ""-1 -1 -1\n""}, {""input"": ""24 2\n"", ""output"": ""-1 -1 -1\n""}, {""input"": ""2 16305\n"", ""output"": ""-1 -1 -1\n""}, {""input"": ""0010 19654\n"", ""output"": ""-1 -1 -1\n""}, {""input"": ""45 2\n"", ""output"": ""-1 -1 -1\n""}, {""input"": ""2 31572\n"", ""output"": ""-1 -1 -1\n""}, {""input"": ""0010 10043\n"", ""output"": ""-1 -1 -1\n""}, {""input"": ""18 2\n"", ""output"": ""-1 -1 -1\n""}, {""input"": ""2 51210\n"", ""output"": ""-1 -1 -1\n""}, {""input"": ""0010 4473\n"", ""output"": ""-1 -1 -1\n""}, {""input"": ""8 2\n"", ""output"": ""-1 -1 -1\n""}, {""input"": ""0 51210\n"", ""output"": ""-1 -1 -1\n""}, {""input"": ""0010 5964\n"", ""output"": ""-1 -1 -1\n""}, {""input"": ""8 3\n"", ""output"": ""-1 -1 -1\n""}, {""input"": ""0 24282\n"", ""output"": ""-1 -1 -1\n""}, {""input"": ""0010 1275\n"", ""output"": ""-1 -1 -1\n""}, {""input"": ""8 4\n"", ""output"": ""-1 -1 -1\n""}, {""input"": ""1 24282\n"", ""output"": ""-1 -1 -1\n""}, {""input"": ""0010 1078\n"", ""output"": ""-1 -1 -1\n""}, {""input"": ""2000 20000000\n"", ""output"": ""2000 0 0\n""}, {""input"": ""1000 1234000\n"", ""output"": ""2 54 944\n""}, {""input"": ""9 45000\n"", ""output"": ""0 9 0\n""}, {""input"": ""20 196000\n"", ""output"": ""-1 -1 -1\n""}, {""input"": ""9 45000\n"", ""output"": ""0 9 0\n""}]","Given the following C code and assembly code, your task is to generate highly optimized x86-64 assembly code.
C Code:

```c
#include <stdio.h>

int		main(void)
{
	int N, Y;
	int	i, j;

	scanf(""%d%d"", &N, &Y);
	for (i = 0; i <= N; i++)
	{
		for (j = 0; j <= N - i; j++)
		{
			if (10000 * i + 5000 * j + (N - i - j) * 1000 == Y)
			{
				printf(""%d %d %d\n"", i , j , N - i - j);
				return (0);
			}
		}
	}
	printf(""%d %d %d\n"", -1, -1, -1);
	return (0);
}```

Assembly Code:

```assembly
	.file	""temp.c""
	.text
	.section	.rodata.str1.1,""aMS"",@progbits,1
.LC0:
	.string	""%d%d""
.LC1:
	.string	""%d %d %d\n""
	.section	.text.startup,""ax"",@progbits
	.p2align 4
	.globl	main
	.type	main, @function
main:
.LFB23:
	.cfi_startproc
	endbr64
	subq	$24, %rsp
	.cfi_def_cfa_offset 32
	leaq	.LC0(%rip), %rdi
	movq	%fs:40, %rax
	movq	%rax, 8(%rsp)
	xorl	%eax, %eax
	leaq	4(%rsp), %rdx
	movq	%rsp, %rsi
	call	__isoc99_scanf@PLT
	movl	(%rsp), %edi
	testl	%edi, %edi
	js	.L2
	imull	$1000, %edi, %r10d
	movl	4(%rsp), %esi
	movl	%edi, %edx
	xorl	%r9d, %r9d
.L3:
	movl	%r10d, %eax
	xorl	%ecx, %ecx
	testl	%edx, %edx
	jns	.L6
	jmp	.L7
	.p2align 4,,10
	.p2align 3
.L4:
	addl	$1, %ecx
	addl	$4000, %eax
	cmpl	%edx, %ecx
	jg	.L7
.L6:
	movl	%edx, %r8d
	subl	%ecx, %r8d
	cmpl	%eax, %esi
	jne	.L4
	movl	%r9d, %edx
	leaq	.LC1(%rip), %rsi
	movl	$1, %edi
	xorl	%eax, %eax
	call	__printf_chk@PLT
.L5:
	movq	8(%rsp), %rax
	subq	%fs:40, %rax
	jne	.L14
	xorl	%eax, %eax
	addq	$24, %rsp
	.cfi_remember_state
	.cfi_def_cfa_offset 8
	ret
	.p2align 4,,10
	.p2align 3
.L7:
	.cfi_restore_state
	addl	$1, %r9d
	subl	$1, %edx
	addl	$9000, %r10d
	cmpl	%r9d, %edi
	jge	.L3
.L2:
	orl	$-1, %r8d
	orl	$-1, %ecx
	orl	$-1, %edx
	movl	$1, %edi
	leaq	.LC1(%rip), %rsi
	xorl	%eax, %eax
	call	__printf_chk@PLT
	jmp	.L5
.L14:
	call	__stack_chk_fail@PLT
	.cfi_endproc
.LFE23:
	.size	main, .-main
	.ident	""GCC: (Ubuntu 11.4.0-1ubuntu1~22.04) 11.4.0""
	.section	.note.GNU-stack,"""",@progbits
	.section	.note.gnu.property,""a""
	.align 8
	.long	1f - 0f
	.long	4f - 1f
	.long	5
0:
	.string	""GNU""
1:
	.align 8
	.long	0xc0000002
	.long	3f - 2f
2:
	.long	0x3
3:
	.align 8
4:
```

Only output the optimized assembly code. Do not include any other text. Do not write any comments in the assembly code. Wrap the assembly code in ```assembly``` tags.
Optimized Assembly Code:
","Given the following C code, your task is to generate highly optimized x86-64 assembly code.
C Code:

```c
#include <stdio.h>

int		main(void)
{
	int N, Y;
	int	i, j;

	scanf(""%d%d"", &N, &Y);
	for (i = 0; i <= N; i++)
	{
		for (j = 0; j <= N - i; j++)
		{
			if (10000 * i + 5000 * j + (N - i - j) * 1000 == Y)
			{
				printf(""%d %d %d\n"", i , j , N - i - j);
				return (0);
			}
		}
	}
	printf(""%d %d %d\n"", -1, -1, -1);
	return (0);
}```

Only output the optimized assembly code. Do not include any other text. Do not write any comments in the assembly code. Wrap the assembly code in ```assembly``` tags.
Optimized Assembly Code:
"
9,"```c
#include <stdio.h>
#include <string.h>
#include <stdlib.h>
#include <stdbool.h>
#include <math.h>

int main(void){

    int X, t;

    scanf(""%d%d"", &X, &t);

    if(t > X){
        printf(""0\n"");
    }else{
        printf(""%d\n"", X - t);
    }

    return 0;
}```","[{""input"": ""48 39\n"", ""output"": ""9\n""}, {""input"": ""1000000010 1000000000\n"", ""output"": ""10\n""}, {""input"": ""000 17\n"", ""output"": ""0\n""}, {""input"": ""48 19\n"", ""output"": ""29\n""}, {""input"": ""1001000010 1000000000\n"", ""output"": ""1000010\n""}, {""input"": ""48 0\n"", ""output"": ""48\n""}, {""input"": ""1001000010 1000010000\n"", ""output"": ""990010\n""}, {""input"": ""101 17\n"", ""output"": ""84\n""}, {""input"": ""3 0\n"", ""output"": ""3\n""}, {""input"": ""1001000010 1000010001\n"", ""output"": ""990009\n""}, {""input"": ""1 0\n"", ""output"": ""1\n""}, {""input"": ""1001000010 1000010011\n"", ""output"": ""989999\n""}, {""input"": ""100 30\n"", ""output"": ""70\n""}, {""input"": ""1001010010 1000010011\n"", ""output"": ""999999\n""}, {""input"": ""100 24\n"", ""output"": ""76\n""}, {""input"": ""1001010110 1000010011\n"", ""output"": ""1000099\n""}, {""input"": ""100 32\n"", ""output"": ""68\n""}, {""input"": ""1001010110 1000000011\n"", ""output"": ""1010099\n""}, {""input"": ""110 32\n"", ""output"": ""78\n""}, {""input"": ""1001010110 1000001011\n"", ""output"": ""1009099\n""}, {""input"": ""101 32\n"", ""output"": ""69\n""}, {""input"": ""2 0\n"", ""output"": ""2\n""}, {""input"": ""1001010110 1000011011\n"", ""output"": ""999099\n""}, {""input"": ""4 0\n"", ""output"": ""4\n""}, {""input"": ""1001010110 1000011001\n"", ""output"": ""999109\n""}, {""input"": ""101 38\n"", ""output"": ""63\n""}, {""input"": ""101 22\n"", ""output"": ""79\n""}, {""input"": ""1101010111 1010111001\n"", ""output"": ""90899110\n""}, {""input"": ""4 -2\n"", ""output"": ""6\n""}, {""input"": ""1101010111 1011111001\n"", ""output"": ""89899110\n""}, {""input"": ""6 -2\n"", ""output"": ""8\n""}, {""input"": ""1101110111 1011111001\n"", ""output"": ""89999110\n""}, {""input"": ""1101100111 1011111001\n"", ""output"": ""89989110\n""}, {""input"": ""7 -4\n"", ""output"": ""11\n""}, {""input"": ""1111100111 1011111001\n"", ""output"": ""99989110\n""}, {""input"": ""101 13\n"", ""output"": ""88\n""}, {""input"": ""7 -6\n"", ""output"": ""13\n""}, {""input"": ""1111100101 1011111001\n"", ""output"": ""99989100\n""}, {""input"": ""111 13\n"", ""output"": ""98\n""}, {""input"": ""3 -4\n"", ""output"": ""7\n""}, {""input"": ""111 3\n"", ""output"": ""108\n""}, {""input"": ""111 0\n"", ""output"": ""111\n""}, {""input"": ""101 0\n"", ""output"": ""101\n""}, {""input"": ""5 -7\n"", ""output"": ""12\n""}, {""input"": ""101 -1\n"", ""output"": ""102\n""}, {""input"": ""0 -5\n"", ""output"": ""5\n""}, {""input"": ""111 -1\n"", ""output"": ""112\n""}, {""input"": ""111 -2\n"", ""output"": ""113\n""}, {""input"": ""1101110011 1101011000\n"", ""output"": ""99011\n""}, {""input"": ""0 -17\n"", ""output"": ""17\n""}, {""input"": ""1111110011 1101011000\n"", ""output"": ""10099011\n""}, {""input"": ""1111100011 1101011000\n"", ""output"": ""10089011\n""}, {""input"": ""1111101011 1101011000\n"", ""output"": ""10090011\n""}, {""input"": ""-1 -17\n"", ""output"": ""16\n""}, {""input"": ""1111100011 0101011000\n"", ""output"": ""1010089011\n""}, {""input"": ""-1 -16\n"", ""output"": ""15\n""}, {""input"": ""1111100111 0101011000\n"", ""output"": ""1010089111\n""}, {""input"": ""-2 -16\n"", ""output"": ""14\n""}, {""input"": ""110 0\n"", ""output"": ""110\n""}, {""input"": ""-2 -27\n"", ""output"": ""25\n""}, {""input"": ""1011100111 0101011100\n"", ""output"": ""910089011\n""}, {""input"": ""-1 -27\n"", ""output"": ""26\n""}, {""input"": ""1011100011 0101011100\n"", ""output"": ""910088911\n""}, {""input"": ""-1 -51\n"", ""output"": ""50\n""}, {""input"": ""1001100011 0101011100\n"", ""output"": ""900088911\n""}, {""input"": ""1001100011 0101010100\n"", ""output"": ""900089911\n""}, {""input"": ""1000100011 0101010100\n"", ""output"": ""899089911\n""}, {""input"": ""100 1\n"", ""output"": ""99\n""}, {""input"": ""1000100111 0101010100\n"", ""output"": ""899090011\n""}, {""input"": ""100 3\n"", ""output"": ""97\n""}, {""input"": ""100 4\n"", ""output"": ""96\n""}, {""input"": ""111 4\n"", ""output"": ""107\n""}, {""input"": ""1001011001 1001010110\n"", ""output"": ""891\n""}, {""input"": ""1001011001 1001010111\n"", ""output"": ""890\n""}, {""input"": ""1101011001 1001010111\n"", ""output"": ""100000890\n""}, {""input"": ""100 6\n"", ""output"": ""94\n""}, {""input"": ""100 10\n"", ""output"": ""90\n""}, {""input"": ""1101011001 1101010011\n"", ""output"": ""990\n""}, {""input"": ""1101111001 1101010111\n"", ""output"": ""100890\n""}, {""input"": ""111 8\n"", ""output"": ""103\n""}, {""input"": ""111 6\n"", ""output"": ""105\n""}, {""input"": ""101 6\n"", ""output"": ""95\n""}, {""input"": ""101 12\n"", ""output"": ""89\n""}, {""input"": ""1100001101 0111000100\n"", ""output"": ""989001001\n""}, {""input"": ""1100101101 0111000100\n"", ""output"": ""989101001\n""}, {""input"": ""1100101101 0110000100\n"", ""output"": ""990101001\n""}, {""input"": ""1100101101 0110010100\n"", ""output"": ""990091001\n""}, {""input"": ""1100101111 0110010100\n"", ""output"": ""990091011\n""}, {""input"": ""1100001111 0110010100\n"", ""output"": ""989991011\n""}, {""input"": ""111 2\n"", ""output"": ""109\n""}, {""input"": ""1100001111 0110011100\n"", ""output"": ""989990011\n""}, {""input"": ""1100001110 0110011100\n"", ""output"": ""989990010\n""}, {""input"": ""100 0\n"", ""output"": ""100\n""}, {""input"": ""1100001110 0010011100\n"", ""output"": ""1089990010\n""}, {""input"": ""1110001110 0010011100\n"", ""output"": ""1099990010\n""}, {""input"": ""1110001100 0010011100\n"", ""output"": ""1099990000\n""}, {""input"": ""1110001100 1010011100\n"", ""output"": ""99990000\n""}, {""input"": ""1110001100 0010111100\n"", ""output"": ""1099890000\n""}, {""input"": ""1110001100 1010111100\n"", ""output"": ""99890000\n""}, {""input"": ""1110000100 1010111100\n"", ""output"": ""99889000\n""}, {""input"": ""48 58\n"", ""output"": ""0\n""}, {""input"": ""100 17\n"", ""output"": ""83\n""}, {""input"": ""100 17\n"", ""output"": ""83\n""}, {""input"": ""1000000000 1000000000\n"", ""output"": ""0\n""}]","Given the following C code and assembly code, your task is to generate highly optimized x86-64 assembly code.
C Code:

```c
#include <stdio.h>
#include <string.h>
#include <stdlib.h>
#include <stdbool.h>
#include <math.h>

int main(void){

    int X, t;

    scanf(""%d%d"", &X, &t);

    if(t > X){
        printf(""0\n"");
    }else{
        printf(""%d\n"", X - t);
    }

    return 0;
}```

Assembly Code:

```assembly
	.file	""temp.c""
	.text
	.section	.rodata.str1.1,""aMS"",@progbits,1
.LC0:
	.string	""%d%d""
.LC1:
	.string	""0""
.LC2:
	.string	""%d\n""
	.section	.text.startup,""ax"",@progbits
	.p2align 4
	.globl	main
	.type	main, @function
main:
.LFB51:
	.cfi_startproc
	endbr64
	subq	$24, %rsp
	.cfi_def_cfa_offset 32
	leaq	.LC0(%rip), %rdi
	movq	%fs:40, %rax
	movq	%rax, 8(%rsp)
	xorl	%eax, %eax
	leaq	4(%rsp), %rdx
	movq	%rsp, %rsi
	call	__isoc99_scanf@PLT
	movl	4(%rsp), %eax
	movl	(%rsp), %edx
	cmpl	%edx, %eax
	jle	.L2
	leaq	.LC1(%rip), %rdi
	call	puts@PLT
.L3:
	movq	8(%rsp), %rax
	subq	%fs:40, %rax
	jne	.L7
	xorl	%eax, %eax
	addq	$24, %rsp
	.cfi_remember_state
	.cfi_def_cfa_offset 8
	ret
.L2:
	.cfi_restore_state
	subl	%eax, %edx
	leaq	.LC2(%rip), %rsi
	movl	$1, %edi
	xorl	%eax, %eax
	call	__printf_chk@PLT
	jmp	.L3
.L7:
	call	__stack_chk_fail@PLT
	.cfi_endproc
.LFE51:
	.size	main, .-main
	.ident	""GCC: (Ubuntu 11.4.0-1ubuntu1~22.04) 11.4.0""
	.section	.note.GNU-stack,"""",@progbits
	.section	.note.gnu.property,""a""
	.align 8
	.long	1f - 0f
	.long	4f - 1f
	.long	5
0:
	.string	""GNU""
1:
	.align 8
	.long	0xc0000002
	.long	3f - 2f
2:
	.long	0x3
3:
	.align 8
4:
```

Only output the optimized assembly code. Do not include any other text. Do not write any comments in the assembly code. Wrap the assembly code in ```assembly``` tags.
Optimized Assembly Code:
","Given the following C code, your task is to generate highly optimized x86-64 assembly code.
C Code:

```c
#include <stdio.h>
#include <string.h>
#include <stdlib.h>
#include <stdbool.h>
#include <math.h>

int main(void){

    int X, t;

    scanf(""%d%d"", &X, &t);

    if(t > X){
        printf(""0\n"");
    }else{
        printf(""%d\n"", X - t);
    }

    return 0;
}```

Only output the optimized assembly code. Do not include any other text. Do not write any comments in the assembly code. Wrap the assembly code in ```assembly``` tags.
Optimized Assembly Code:
"
10,"```c
#include<stdio.h>
int main()
{
	char n[4];
	scanf(""%s"",n);
	if(n[0]==n[1]&&n[1]==n[2]||n[1]==n[2]&&n[2]==n[3]) printf(""Yes\n"");
	else printf(""No\n"");
	return 0;
}
```","[{""input"": ""8920\n"", ""output"": ""No\n""}, {""input"": ""4000\n"", ""output"": ""Yes\n""}, {""input"": ""2051\n"", ""output"": ""No\n""}, {""input"": ""1247\n"", ""output"": ""No\n""}]","Given the following C code and assembly code, your task is to generate highly optimized x86-64 assembly code.
C Code:

```c
#include<stdio.h>
int main()
{
	char n[4];
	scanf(""%s"",n);
	if(n[0]==n[1]&&n[1]==n[2]||n[1]==n[2]&&n[2]==n[3]) printf(""Yes\n"");
	else printf(""No\n"");
	return 0;
}
```

Assembly Code:

```assembly
	.file	""temp.c""
	.text
	.section	.rodata.str1.1,""aMS"",@progbits,1
.LC0:
	.string	""%s""
.LC1:
	.string	""Yes""
.LC2:
	.string	""No""
	.section	.text.startup,""ax"",@progbits
	.p2align 4
	.globl	main
	.type	main, @function
main:
.LFB23:
	.cfi_startproc
	endbr64
	subq	$24, %rsp
	.cfi_def_cfa_offset 32
	leaq	.LC0(%rip), %rdi
	movq	%fs:40, %rax
	movq	%rax, 8(%rsp)
	xorl	%eax, %eax
	leaq	4(%rsp), %rsi
	call	__isoc99_scanf@PLT
	movzbl	5(%rsp), %eax
	cmpb	%al, 4(%rsp)
	je	.L9
	cmpb	6(%rsp), %al
	jne	.L4
	cmpb	7(%rsp), %al
	je	.L3
.L4:
	leaq	.LC2(%rip), %rdi
	call	puts@PLT
.L5:
	movq	8(%rsp), %rax
	subq	%fs:40, %rax
	jne	.L10
	xorl	%eax, %eax
	addq	$24, %rsp
	.cfi_remember_state
	.cfi_def_cfa_offset 8
	ret
.L9:
	.cfi_restore_state
	cmpb	6(%rsp), %al
	jne	.L4
.L3:
	leaq	.LC1(%rip), %rdi
	call	puts@PLT
	jmp	.L5
.L10:
	call	__stack_chk_fail@PLT
	.cfi_endproc
.LFE23:
	.size	main, .-main
	.ident	""GCC: (Ubuntu 11.4.0-1ubuntu1~22.04) 11.4.0""
	.section	.note.GNU-stack,"""",@progbits
	.section	.note.gnu.property,""a""
	.align 8
	.long	1f - 0f
	.long	4f - 1f
	.long	5
0:
	.string	""GNU""
1:
	.align 8
	.long	0xc0000002
	.long	3f - 2f
2:
	.long	0x3
3:
	.align 8
4:
```

Only output the optimized assembly code. Do not include any other text. Do not write any comments in the assembly code. Wrap the assembly code in ```assembly``` tags.
Optimized Assembly Code:
","Given the following C code, your task is to generate highly optimized x86-64 assembly code.
C Code:

```c
#include<stdio.h>
int main()
{
	char n[4];
	scanf(""%s"",n);
	if(n[0]==n[1]&&n[1]==n[2]||n[1]==n[2]&&n[2]==n[3]) printf(""Yes\n"");
	else printf(""No\n"");
	return 0;
}
```

Only output the optimized assembly code. Do not include any other text. Do not write any comments in the assembly code. Wrap the assembly code in ```assembly``` tags.
Optimized Assembly Code:
"
11,"```c
#include <stdio.h>
#include <math.h>

int main(void) {

  long n;
  scanf(""%ld"", &n);
  long max = sqrt(n*2);
  long sum = max*(max+1)/2;
  while (sum < n) {
    max++;
    sum += max;
  }
  for (long i = 1; i <= max; i++) {
    if (sum-n == i) {
      continue;
    }
    printf(""%ld\n"", i);
  }

  return 0;
}```","[{""input"": ""14\n"", ""output"": ""2\n3\n4\n5\n""}, {""input"": ""2\n"", ""output"": ""2\n""}, {""input"": ""3\n"", ""output"": ""1\n2\n""}, {""input"": ""8\n"", ""output"": ""1\n3\n4\n""}, {""input"": ""12\n"", ""output"": ""1\n2\n4\n5\n""}, {""input"": ""21\n"", ""output"": ""1\n2\n3\n4\n5\n6\n""}, {""input"": ""5\n"", ""output"": ""2\n3\n""}, {""input"": ""9\n"", ""output"": ""2\n3\n4\n""}, {""input"": ""17\n"", ""output"": ""1\n2\n3\n5\n6\n""}, {""input"": ""31\n"", ""output"": ""1\n2\n3\n4\n6\n7\n8\n""}, {""input"": ""32\n"", ""output"": ""1\n2\n3\n5\n6\n7\n8\n""}, {""input"": ""10\n"", ""output"": ""1\n2\n3\n4\n""}, {""input"": ""41\n"", ""output"": ""1\n2\n3\n5\n6\n7\n8\n9\n""}, {""input"": ""13\n"", ""output"": ""1\n3\n4\n5\n""}, {""input"": ""80\n"", ""output"": ""1\n2\n3\n4\n5\n6\n7\n8\n9\n10\n12\n13\n""}, {""input"": ""101\n"", ""output"": ""1\n2\n3\n5\n6\n7\n8\n9\n10\n11\n12\n13\n14\n""}, {""input"": ""111\n"", ""output"": ""1\n2\n3\n4\n5\n6\n7\n8\n10\n11\n12\n13\n14\n15\n""}, {""input"": ""6\n"", ""output"": ""1\n2\n3\n""}, {""input"": ""11\n"", ""output"": ""1\n2\n3\n5\n""}, {""input"": ""25\n"", ""output"": ""1\n2\n4\n5\n6\n7\n""}, {""input"": ""16\n"", ""output"": ""1\n2\n3\n4\n6\n""}, {""input"": ""30\n"", ""output"": ""1\n2\n3\n4\n5\n7\n8\n""}, {""input"": ""40\n"", ""output"": ""1\n2\n3\n4\n6\n7\n8\n9\n""}, {""input"": ""22\n"", ""output"": ""1\n2\n3\n4\n5\n7\n""}, {""input"": ""57\n"", ""output"": ""1\n2\n3\n4\n5\n6\n7\n8\n10\n11\n""}, {""input"": ""44\n"", ""output"": ""2\n3\n4\n5\n6\n7\n8\n9\n""}, {""input"": ""19\n"", ""output"": ""1\n3\n4\n5\n6\n""}, {""input"": ""33\n"", ""output"": ""1\n2\n4\n5\n6\n7\n8\n""}, {""input"": ""15\n"", ""output"": ""1\n2\n3\n4\n5\n""}, {""input"": ""001\n"", ""output"": ""1\n""}, {""input"": ""38\n"", ""output"": ""1\n2\n3\n4\n5\n6\n8\n9\n""}, {""input"": ""18\n"", ""output"": ""1\n2\n4\n5\n6\n""}, {""input"": ""27\n"", ""output"": ""2\n3\n4\n5\n6\n7\n""}, {""input"": ""26\n"", ""output"": ""1\n3\n4\n5\n6\n7\n""}, {""input"": ""24\n"", ""output"": ""1\n2\n3\n5\n6\n7\n""}, {""input"": ""114\n"", ""output"": ""1\n2\n3\n4\n5\n7\n8\n9\n10\n11\n12\n13\n14\n15\n""}, {""input"": ""45\n"", ""output"": ""1\n2\n3\n4\n5\n6\n7\n8\n9\n""}, {""input"": ""39\n"", ""output"": ""1\n2\n3\n4\n5\n7\n8\n9\n""}, {""input"": ""23\n"", ""output"": ""1\n2\n3\n4\n6\n7\n""}, {""input"": ""28\n"", ""output"": ""1\n2\n3\n4\n5\n6\n7\n""}, {""input"": ""35\n"", ""output"": ""2\n3\n4\n5\n6\n7\n8\n""}, {""input"": ""50\n"", ""output"": ""1\n2\n3\n4\n6\n7\n8\n9\n10\n""}, {""input"": ""34\n"", ""output"": ""1\n3\n4\n5\n6\n7\n8\n""}, {""input"": ""56\n"", ""output"": ""1\n2\n3\n4\n5\n6\n7\n8\n9\n11\n""}, {""input"": ""42\n"", ""output"": ""1\n2\n4\n5\n6\n7\n8\n9\n""}, {""input"": ""29\n"", ""output"": ""1\n2\n3\n4\n5\n6\n8\n""}, {""input"": ""43\n"", ""output"": ""1\n3\n4\n5\n6\n7\n8\n9\n""}, {""input"": ""76\n"", ""output"": ""1\n3\n4\n5\n6\n7\n8\n9\n10\n11\n12\n""}, {""input"": ""37\n"", ""output"": ""1\n2\n3\n4\n5\n6\n7\n9\n""}, {""input"": ""53\n"", ""output"": ""1\n3\n4\n5\n6\n7\n8\n9\n10\n""}, {""input"": ""59\n"", ""output"": ""1\n2\n3\n4\n5\n6\n8\n9\n10\n11\n""}, {""input"": ""55\n"", ""output"": ""1\n2\n3\n4\n5\n6\n7\n8\n9\n10\n""}, {""input"": ""81\n"", ""output"": ""1\n2\n3\n4\n5\n6\n7\n8\n9\n11\n12\n13\n""}, {""input"": ""36\n"", ""output"": ""1\n2\n3\n4\n5\n6\n7\n8\n""}, {""input"": ""143\n"", ""output"": ""1\n2\n3\n4\n5\n6\n7\n8\n9\n11\n12\n13\n14\n15\n16\n17\n""}, {""input"": ""64\n"", ""output"": ""1\n3\n4\n5\n6\n7\n8\n9\n10\n11\n""}, {""input"": ""20\n"", ""output"": ""2\n3\n4\n5\n6\n""}, {""input"": ""58\n"", ""output"": ""1\n2\n3\n4\n5\n6\n7\n9\n10\n11\n""}, {""input"": ""97\n"", ""output"": ""1\n2\n3\n4\n5\n6\n7\n9\n10\n11\n12\n13\n14\n""}, {""input"": ""141\n"", ""output"": ""1\n2\n3\n4\n5\n6\n7\n8\n9\n10\n11\n13\n14\n15\n16\n17\n""}, {""input"": ""63\n"", ""output"": ""1\n2\n4\n5\n6\n7\n8\n9\n10\n11\n""}, {""input"": ""89\n"", ""output"": ""1\n3\n4\n5\n6\n7\n8\n9\n10\n11\n12\n13\n""}, {""input"": ""147\n"", ""output"": ""1\n2\n3\n4\n5\n7\n8\n9\n10\n11\n12\n13\n14\n15\n16\n17\n""}, {""input"": ""191\n"", ""output"": ""1\n2\n3\n4\n5\n6\n7\n8\n9\n10\n11\n12\n13\n14\n15\n16\n17\n18\n20\n""}, {""input"": ""273\n"", ""output"": ""1\n2\n4\n5\n6\n7\n8\n9\n10\n11\n12\n13\n14\n15\n16\n17\n18\n19\n20\n21\n22\n23\n""}, {""input"": ""175\n"", ""output"": ""1\n2\n3\n4\n5\n6\n7\n8\n9\n10\n11\n12\n13\n14\n16\n17\n18\n19\n""}, {""input"": ""296\n"", ""output"": ""1\n2\n3\n5\n6\n7\n8\n9\n10\n11\n12\n13\n14\n15\n16\n17\n18\n19\n20\n21\n22\n23\n24\n""}, {""input"": ""171\n"", ""output"": ""1\n2\n3\n4\n5\n6\n7\n8\n9\n10\n11\n12\n13\n14\n15\n16\n17\n18\n""}, {""input"": ""148\n"", ""output"": ""1\n2\n3\n4\n6\n7\n8\n9\n10\n11\n12\n13\n14\n15\n16\n17\n""}, {""input"": ""195\n"", ""output"": ""1\n2\n3\n4\n5\n6\n7\n8\n9\n10\n11\n12\n13\n14\n16\n17\n18\n19\n20\n""}, {""input"": ""370\n"", ""output"": ""1\n2\n3\n4\n5\n6\n7\n9\n10\n11\n12\n13\n14\n15\n16\n17\n18\n19\n20\n21\n22\n23\n24\n25\n26\n27\n""}, {""input"": ""740\n"", ""output"": ""2\n3\n4\n5\n6\n7\n8\n9\n10\n11\n12\n13\n14\n15\n16\n17\n18\n19\n20\n21\n22\n23\n24\n25\n26\n27\n28\n29\n30\n31\n32\n33\n34\n35\n36\n37\n38\n""}, {""input"": ""208\n"", ""output"": ""1\n3\n4\n5\n6\n7\n8\n9\n10\n11\n12\n13\n14\n15\n16\n17\n18\n19\n20\n""}, {""input"": ""275\n"", ""output"": ""2\n3\n4\n5\n6\n7\n8\n9\n10\n11\n12\n13\n14\n15\n16\n17\n18\n19\n20\n21\n22\n23\n""}, {""input"": ""72\n"", ""output"": ""1\n2\n3\n4\n5\n7\n8\n9\n10\n11\n12\n""}, {""input"": ""117\n"", ""output"": ""1\n2\n4\n5\n6\n7\n8\n9\n10\n11\n12\n13\n14\n15\n""}, {""input"": ""142\n"", ""output"": ""1\n2\n3\n4\n5\n6\n7\n8\n9\n10\n12\n13\n14\n15\n16\n17\n""}, {""input"": ""94\n"", ""output"": ""1\n2\n3\n4\n5\n6\n7\n8\n9\n10\n12\n13\n14\n""}, {""input"": ""49\n"", ""output"": ""1\n2\n3\n4\n5\n7\n8\n9\n10\n""}, {""input"": ""52\n"", ""output"": ""1\n2\n4\n5\n6\n7\n8\n9\n10\n""}, {""input"": ""100\n"", ""output"": ""1\n2\n3\n4\n6\n7\n8\n9\n10\n11\n12\n13\n14\n""}, {""input"": ""110\n"", ""output"": ""1\n2\n3\n4\n5\n6\n7\n8\n9\n11\n12\n13\n14\n15\n""}, {""input"": ""69\n"", ""output"": ""1\n2\n3\n4\n5\n6\n7\n8\n10\n11\n12\n""}, {""input"": ""48\n"", ""output"": ""1\n2\n3\n4\n5\n6\n8\n9\n10\n""}, {""input"": ""68\n"", ""output"": ""1\n2\n3\n4\n5\n6\n7\n8\n9\n11\n12\n""}, {""input"": ""47\n"", ""output"": ""1\n2\n3\n4\n5\n6\n7\n9\n10\n""}, {""input"": ""60\n"", ""output"": ""1\n2\n3\n4\n5\n7\n8\n9\n10\n11\n""}, {""input"": ""84\n"", ""output"": ""1\n2\n3\n4\n5\n6\n8\n9\n10\n11\n12\n13\n""}, {""input"": ""51\n"", ""output"": ""1\n2\n3\n5\n6\n7\n8\n9\n10\n""}, {""input"": ""61\n"", ""output"": ""1\n2\n3\n4\n6\n7\n8\n9\n10\n11\n""}, {""input"": ""116\n"", ""output"": ""1\n2\n3\n5\n6\n7\n8\n9\n10\n11\n12\n13\n14\n15\n""}, {""input"": ""129\n"", ""output"": ""1\n2\n3\n4\n5\n6\n8\n9\n10\n11\n12\n13\n14\n15\n16\n""}, {""input"": ""67\n"", ""output"": ""1\n2\n3\n4\n5\n6\n7\n8\n9\n10\n12\n""}, {""input"": ""54\n"", ""output"": ""2\n3\n4\n5\n6\n7\n8\n9\n10\n""}, {""input"": ""46\n"", ""output"": ""1\n2\n3\n4\n5\n6\n7\n8\n10\n""}, {""input"": ""77\n"", ""output"": ""2\n3\n4\n5\n6\n7\n8\n9\n10\n11\n12\n""}, {""input"": ""91\n"", ""output"": ""1\n2\n3\n4\n5\n6\n7\n8\n9\n10\n11\n12\n13\n""}, {""input"": ""65\n"", ""output"": ""2\n3\n4\n5\n6\n7\n8\n9\n10\n11\n""}, {""input"": ""95\n"", ""output"": ""1\n2\n3\n4\n5\n6\n7\n8\n9\n11\n12\n13\n14\n""}, {""input"": ""75\n"", ""output"": ""1\n2\n4\n5\n6\n7\n8\n9\n10\n11\n12\n""}, {""input"": ""4\n"", ""output"": ""1\n3\n""}, {""input"": ""4\n"", ""output"": ""1\n3\n""}, {""input"": ""1\n"", ""output"": ""1\n""}, {""input"": ""7\n"", ""output"": ""1\n2\n4\n""}]","Given the following C code and assembly code, your task is to generate highly optimized x86-64 assembly code.
C Code:

```c
#include <stdio.h>
#include <math.h>

int main(void) {

  long n;
  scanf(""%ld"", &n);
  long max = sqrt(n*2);
  long sum = max*(max+1)/2;
  while (sum < n) {
    max++;
    sum += max;
  }
  for (long i = 1; i <= max; i++) {
    if (sum-n == i) {
      continue;
    }
    printf(""%ld\n"", i);
  }

  return 0;
}```

Assembly Code:

```assembly
	.file	""temp.c""
	.text
	.section	.rodata.str1.1,""aMS"",@progbits,1
.LC0:
	.string	""%ld""
.LC2:
	.string	""%ld\n""
	.section	.text.startup,""ax"",@progbits
	.p2align 4
	.globl	main
	.type	main, @function
main:
.LFB23:
	.cfi_startproc
	endbr64
	pushq	%r14
	.cfi_def_cfa_offset 16
	.cfi_offset 14, -16
	leaq	.LC0(%rip), %rdi
	pushq	%r13
	.cfi_def_cfa_offset 24
	.cfi_offset 13, -24
	pushq	%r12
	.cfi_def_cfa_offset 32
	.cfi_offset 12, -32
	pushq	%rbp
	.cfi_def_cfa_offset 40
	.cfi_offset 6, -40
	pushq	%rbx
	.cfi_def_cfa_offset 48
	.cfi_offset 3, -48
	subq	$16, %rsp
	.cfi_def_cfa_offset 64
	movq	%fs:40, %rax
	movq	%rax, 8(%rsp)
	xorl	%eax, %eax
	movq	%rsp, %rsi
	call	__isoc99_scanf@PLT
	movq	(%rsp), %r12
	pxor	%xmm0, %xmm0
	pxor	%xmm1, %xmm1
	leaq	(%r12,%r12), %rax
	cvtsi2sdq	%rax, %xmm0
	ucomisd	%xmm0, %xmm1
	ja	.L14
	sqrtsd	%xmm0, %xmm0
.L4:
	cvttsd2siq	%xmm0, %r13
	leaq	1(%r13), %rax
	movq	%rax, %rdx
	imulq	%r13, %rdx
	movq	%rdx, %rbp
	shrq	$63, %rbp
	addq	%rdx, %rbp
	sarq	%rbp
	cmpq	%rbp, %r12
	jg	.L6
	jmp	.L5
	.p2align 4,,10
	.p2align 3
.L17:
	addq	$1, %rax
.L6:
	addq	%rax, %rbp
	movq	%rax, %r13
	cmpq	%rbp, %r12
	jg	.L17
.L5:
	testq	%r13, %r13
	jle	.L7
	movl	$1, %ebx
	leaq	.LC2(%rip), %r14
	jmp	.L10
	.p2align 4,,10
	.p2align 3
.L18:
	movq	%rbx, %rdx
	movq	%r14, %rsi
	movl	$1, %edi
	xorl	%eax, %eax
	call	__printf_chk@PLT
	addq	$1, %rbx
	cmpq	%rbx, %r13
	jl	.L7
.L9:
	movq	(%rsp), %r12
.L10:
	movq	%rbp, %rax
	subq	%r12, %rax
	cmpq	%rbx, %rax
	jne	.L18
	addq	$1, %rbx
	cmpq	%r13, %rbx
	jle	.L9
.L7:
	movq	8(%rsp), %rax
	subq	%fs:40, %rax
	jne	.L19
	addq	$16, %rsp
	.cfi_remember_state
	.cfi_def_cfa_offset 48
	xorl	%eax, %eax
	popq	%rbx
	.cfi_def_cfa_offset 40
	popq	%rbp
	.cfi_def_cfa_offset 32
	popq	%r12
	.cfi_def_cfa_offset 24
	popq	%r13
	.cfi_def_cfa_offset 16
	popq	%r14
	.cfi_def_cfa_offset 8
	ret
.L14:
	.cfi_restore_state
	call	sqrt@PLT
	jmp	.L4
.L19:
	call	__stack_chk_fail@PLT
	.cfi_endproc
.LFE23:
	.size	main, .-main
	.ident	""GCC: (Ubuntu 11.4.0-1ubuntu1~22.04) 11.4.0""
	.section	.note.GNU-stack,"""",@progbits
	.section	.note.gnu.property,""a""
	.align 8
	.long	1f - 0f
	.long	4f - 1f
	.long	5
0:
	.string	""GNU""
1:
	.align 8
	.long	0xc0000002
	.long	3f - 2f
2:
	.long	0x3
3:
	.align 8
4:
```

Only output the optimized assembly code. Do not include any other text. Do not write any comments in the assembly code. Wrap the assembly code in ```assembly``` tags.
Optimized Assembly Code:
","Given the following C code, your task is to generate highly optimized x86-64 assembly code.
C Code:

```c
#include <stdio.h>
#include <math.h>

int main(void) {

  long n;
  scanf(""%ld"", &n);
  long max = sqrt(n*2);
  long sum = max*(max+1)/2;
  while (sum < n) {
    max++;
    sum += max;
  }
  for (long i = 1; i <= max; i++) {
    if (sum-n == i) {
      continue;
    }
    printf(""%ld\n"", i);
  }

  return 0;
}```

Only output the optimized assembly code. Do not include any other text. Do not write any comments in the assembly code. Wrap the assembly code in ```assembly``` tags.
Optimized Assembly Code:
"
12,"```c
#include <stdio.h>

int main()
{
	int i, j, k, N, L[101], count = 0;
	scanf(""%d"", &N);
	for (i = 1; i <= N; i++) scanf(""%d"", &(L[i]));
	for (i = 1; i <= N - 2; i++) {
		for (j = i + 1; j <= N - 1; j++) {
			if (L[i] == L[j]) continue;
			for (k = j + 1; k <= N; k++) {
				if (L[k] != L[i] && L[k] != L[j] && L[i] + L[j] > L[k] && L[i] + L[k] > L[j] && L[j] + L[k] > L[i]) count++;
			}
		}
	}
	printf(""%d\n"", count);
	fflush(stdout);
	return 0;
}
```","[{""input"": ""2\n1 0\n"", ""output"": ""0\n""}, {""input"": ""10\n9 4 8 1 9 6 10 6 6 8\n"", ""output"": ""48\n""}, {""input"": ""6\n4 5 8 3 3 5\n"", ""output"": ""6\n""}, {""input"": ""5\n4 4 3 7 5\n"", ""output"": ""5\n""}, {""input"": ""10\n9 4 16 1 9 6 10 6 6 8\n"", ""output"": ""36\n""}, {""input"": ""6\n4 5 6 3 3 5\n"", ""output"": ""12\n""}, {""input"": ""5\n4 0 3 7 5\n"", ""output"": ""3\n""}, {""input"": ""10\n9 7 16 1 9 6 10 6 6 8\n"", ""output"": ""40\n""}, {""input"": ""5\n4 -1 0 7 5\n"", ""output"": ""1\n""}, {""input"": ""10\n9 7 13 2 9 6 10 6 6 8\n"", ""output"": ""63\n""}, {""input"": ""10\n9 7 22 2 9 6 10 6 6 8\n"", ""output"": ""42\n""}, {""input"": ""6\n1 5 7 3 7 5\n"", ""output"": ""4\n""}, {""input"": ""10\n9 11 22 2 9 6 10 6 7 8\n"", ""output"": ""52\n""}, {""input"": ""10\n9 11 22 2 9 6 7 6 7 8\n"", ""output"": ""46\n""}, {""input"": ""10\n9 11 14 2 9 6 7 6 7 8\n"", ""output"": ""65\n""}, {""input"": ""10\n9 11 14 2 9 11 7 6 7 8\n"", ""output"": ""66\n""}, {""input"": ""10\n9 11 18 2 9 11 7 6 7 8\n"", ""output"": ""50\n""}, {""input"": ""10\n9 11 18 2 9 11 7 7 7 8\n"", ""output"": ""39\n""}, {""input"": ""10\n9 11 18 2 9 6 7 7 7 8\n"", ""output"": ""45\n""}, {""input"": ""10\n16 11 18 1 9 6 7 7 7 8\n"", ""output"": ""38\n""}, {""input"": ""10\n16 11 26 1 9 6 7 7 7 8\n"", ""output"": ""30\n""}, {""input"": ""10\n16 11 26 1 2 6 7 7 7 8\n"", ""output"": ""22\n""}, {""input"": ""10\n16 11 3 1 2 6 7 7 7 8\n"", ""output"": ""28\n""}, {""input"": ""10\n16 4 3 1 2 6 7 7 7 8\n"", ""output"": ""25\n""}, {""input"": ""10\n16 4 3 1 2 6 7 1 7 8\n"", ""output"": ""18\n""}, {""input"": ""10\n16 4 3 1 2 6 7 1 13 8\n"", ""output"": ""17\n""}, {""input"": ""10\n16 4 3 1 2 6 7 1 13 0\n"", ""output"": ""8\n""}, {""input"": ""10\n16 4 3 1 2 12 13 1 13 0\n"", ""output"": ""11\n""}, {""input"": ""10\n16 4 3 2 2 12 13 1 13 0\n"", ""output"": ""14\n""}, {""input"": ""10\n16 7 3 2 2 12 10 1 17 0\n"", ""output"": ""13\n""}, {""input"": ""6\n1 15 2 3 17 5\n"", ""output"": ""2\n""}, {""input"": ""10\n16 13 3 2 1 12 10 1 17 0\n"", ""output"": ""15\n""}, {""input"": ""10\n16 13 3 2 1 12 10 1 33 0\n"", ""output"": ""7\n""}, {""input"": ""10\n16 13 4 2 1 12 10 0 33 1\n"", ""output"": ""9\n""}, {""input"": ""2\n0 0\n"", ""output"": ""0\n""}, {""input"": ""2\n0 -1\n"", ""output"": ""0\n""}, {""input"": ""6\n4 5 8 3 5 5\n"", ""output"": ""6\n""}, {""input"": ""5\n4 -1 3 7 5\n"", ""output"": ""3\n""}, {""input"": ""2\n0 1\n"", ""output"": ""0\n""}, {""input"": ""10\n9 7 16 2 9 6 10 6 6 8\n"", ""output"": ""48\n""}, {""input"": ""6\n1 5 8 3 5 5\n"", ""output"": ""0\n""}, {""input"": ""2\n1 -1\n"", ""output"": ""0\n""}, {""input"": ""6\n1 5 6 3 5 5\n"", ""output"": ""3\n""}, {""input"": ""5\n4 -2 0 7 5\n"", ""output"": ""1\n""}, {""input"": ""2\n1 -2\n"", ""output"": ""0\n""}, {""input"": ""6\n1 5 7 3 5 5\n"", ""output"": ""3\n""}, {""input"": ""5\n4 -3 0 7 5\n"", ""output"": ""1\n""}, {""input"": ""2\n1 -3\n"", ""output"": ""0\n""}, {""input"": ""10\n9 7 22 2 9 6 10 6 7 8\n"", ""output"": ""48\n""}, {""input"": ""5\n4 -3 0 11 5\n"", ""output"": ""0\n""}, {""input"": ""2\n2 -3\n"", ""output"": ""0\n""}, {""input"": ""6\n0 5 7 3 7 5\n"", ""output"": ""4\n""}, {""input"": ""5\n4 -3 0 11 2\n"", ""output"": ""0\n""}, {""input"": ""2\n4 -3\n"", ""output"": ""0\n""}, {""input"": ""6\n0 5 7 5 7 5\n"", ""output"": ""0\n""}, {""input"": ""5\n4 -3 0 0 2\n"", ""output"": ""0\n""}, {""input"": ""2\n4 -1\n"", ""output"": ""0\n""}, {""input"": ""6\n0 5 7 7 7 5\n"", ""output"": ""0\n""}, {""input"": ""5\n4 -3 0 1 2\n"", ""output"": ""0\n""}, {""input"": ""2\n3 -1\n"", ""output"": ""0\n""}, {""input"": ""6\n0 5 7 7 12 5\n"", ""output"": ""0\n""}, {""input"": ""5\n4 -4 0 1 2\n"", ""output"": ""0\n""}, {""input"": ""2\n3 0\n"", ""output"": ""0\n""}, {""input"": ""6\n0 5 7 7 12 1\n"", ""output"": ""0\n""}, {""input"": ""5\n4 -4 1 1 2\n"", ""output"": ""0\n""}, {""input"": ""2\n3 1\n"", ""output"": ""0\n""}, {""input"": ""6\n1 5 7 7 12 1\n"", ""output"": ""0\n""}, {""input"": ""5\n2 -4 1 1 2\n"", ""output"": ""0\n""}, {""input"": ""2\n2 1\n"", ""output"": ""0\n""}, {""input"": ""6\n1 5 7 11 12 1\n"", ""output"": ""3\n""}, {""input"": ""5\n0 -4 1 1 2\n"", ""output"": ""0\n""}, {""input"": ""2\n2 2\n"", ""output"": ""0\n""}, {""input"": ""10\n16 11 18 2 9 6 7 7 7 8\n"", ""output"": ""45\n""}, {""input"": ""6\n1 8 7 11 12 1\n"", ""output"": ""4\n""}, {""input"": ""5\n0 -4 1 1 0\n"", ""output"": ""0\n""}, {""input"": ""2\n-1 0\n"", ""output"": ""0\n""}, {""input"": ""6\n1 8 7 0 12 1\n"", ""output"": ""1\n""}, {""input"": ""5\n0 -8 1 1 0\n"", ""output"": ""0\n""}, {""input"": ""2\n-2 0\n"", ""output"": ""0\n""}, {""input"": ""6\n1 8 8 0 12 1\n"", ""output"": ""0\n""}, {""input"": ""5\n0 -8 1 1 -1\n"", ""output"": ""0\n""}, {""input"": ""2\n-1 1\n"", ""output"": ""0\n""}, {""input"": ""6\n1 8 8 0 17 1\n"", ""output"": ""0\n""}, {""input"": ""5\n1 -8 1 1 -1\n"", ""output"": ""0\n""}, {""input"": ""2\n-2 1\n"", ""output"": ""0\n""}, {""input"": ""6\n1 8 8 0 17 2\n"", ""output"": ""0\n""}, {""input"": ""5\n0 -8 0 1 -1\n"", ""output"": ""0\n""}, {""input"": ""2\n6 1\n"", ""output"": ""0\n""}, {""input"": ""6\n1 8 8 0 17 3\n"", ""output"": ""0\n""}, {""input"": ""5\n1 -8 0 1 -1\n"", ""output"": ""0\n""}, {""input"": ""2\n6 0\n"", ""output"": ""0\n""}, {""input"": ""6\n1 8 14 0 17 3\n"", ""output"": ""1\n""}, {""input"": ""5\n1 -8 0 1 0\n"", ""output"": ""0\n""}, {""input"": ""2\n9 0\n"", ""output"": ""0\n""}, {""input"": ""6\n1 8 3 0 17 3\n"", ""output"": ""0\n""}, {""input"": ""5\n1 -9 0 1 0\n"", ""output"": ""0\n""}, {""input"": ""2\n13 0\n"", ""output"": ""0\n""}, {""input"": ""10\n16 4 3 1 2 6 7 1 13 4\n"", ""output"": ""12\n""}, {""input"": ""6\n1 8 3 0 17 5\n"", ""output"": ""0\n""}, {""input"": ""5\n1 -9 0 2 0\n"", ""output"": ""0\n""}, {""input"": ""5\n4 4 9 7 5\n"", ""output"": ""5\n""}, {""input"": ""2\n1 1\n"", ""output"": ""0\n""}, {""input"": ""5\n4 4 9 7 5\n"", ""output"": ""5\n""}, {""input"": ""6\n4 5 4 3 3 5\n"", ""output"": ""8\n""}, {""input"": ""10\n9 4 6 1 9 6 10 6 6 8\n"", ""output"": ""39\n""}]","Given the following C code and assembly code, your task is to generate highly optimized x86-64 assembly code.
C Code:

```c
#include <stdio.h>

int main()
{
	int i, j, k, N, L[101], count = 0;
	scanf(""%d"", &N);
	for (i = 1; i <= N; i++) scanf(""%d"", &(L[i]));
	for (i = 1; i <= N - 2; i++) {
		for (j = i + 1; j <= N - 1; j++) {
			if (L[i] == L[j]) continue;
			for (k = j + 1; k <= N; k++) {
				if (L[k] != L[i] && L[k] != L[j] && L[i] + L[j] > L[k] && L[i] + L[k] > L[j] && L[j] + L[k] > L[i]) count++;
			}
		}
	}
	printf(""%d\n"", count);
	fflush(stdout);
	return 0;
}
```

Assembly Code:

```assembly
	.file	""temp.c""
	.text
	.section	.rodata.str1.1,""aMS"",@progbits,1
.LC0:
	.string	""%d""
.LC1:
	.string	""%d\n""
	.section	.text.startup,""ax"",@progbits
	.p2align 4
	.globl	main
	.type	main, @function
main:
.LFB23:
	.cfi_startproc
	endbr64
	pushq	%r15
	.cfi_def_cfa_offset 16
	.cfi_offset 15, -16
	pushq	%r14
	.cfi_def_cfa_offset 24
	.cfi_offset 14, -24
	leaq	.LC0(%rip), %r14
	pushq	%r13
	.cfi_def_cfa_offset 32
	.cfi_offset 13, -32
	movq	%r14, %rdi
	pushq	%r12
	.cfi_def_cfa_offset 40
	.cfi_offset 12, -40
	pushq	%rbp
	.cfi_def_cfa_offset 48
	.cfi_offset 6, -48
	pushq	%rbx
	.cfi_def_cfa_offset 56
	.cfi_offset 3, -56
	subq	$456, %rsp
	.cfi_def_cfa_offset 512
	movq	%fs:40, %rax
	movq	%rax, 440(%rsp)
	xorl	%eax, %eax
	leaq	28(%rsp), %rsi
	call	__isoc99_scanf@PLT
	movl	28(%rsp), %eax
	testl	%eax, %eax
	jle	.L12
	leaq	36(%rsp), %r12
	movl	$1, %ebp
	movq	%r12, %r13
	.p2align 4,,10
	.p2align 3
.L3:
	movq	%r13, %rsi
	movq	%r14, %rdi
	xorl	%eax, %eax
	addl	$1, %ebp
	call	__isoc99_scanf@PLT
	movl	28(%rsp), %ebx
	addq	$4, %r13
	cmpl	%ebp, %ebx
	jge	.L3
	cmpl	$2, %ebx
	jle	.L12
	leal	-1(%rbx), %edi
	leal	-3(%rbx), %eax
	xorl	%r13d, %r13d
	movl	%edi, 12(%rsp)
	addq	$3, %rax
	leaq	40(%rsp), %r14
	movq	%rax, (%rsp)
	movl	$2, %eax
	.p2align 4,,10
	.p2align 3
.L9:
	leaq	1(%rax), %r15
	cmpl	%eax, %ebx
	jle	.L4
	movl	12(%rsp), %edx
	leaq	1(%rax), %r15
	movl	-4(%r14), %esi
	movq	%r14, %r9
	movq	%r15, %r8
	subl	%eax, %edx
	leaq	2(%rax,%rdx), %rbp
	.p2align 4,,10
	.p2align 3
.L8:
	movl	(%r9), %ecx
	cmpl	%ecx, %esi
	je	.L5
	cmpl	%r8d, %ebx
	jl	.L5
	movl	%ebx, %edx
	leal	(%rsi,%rcx), %r10d
	subl	%r8d, %edx
	leaq	-1(%r8,%rdx), %rax
	leaq	(%r12,%rax,4), %rdi
	movq	%r9, %rax
	.p2align 4,,10
	.p2align 3
.L7:
	movl	4(%rax), %edx
	cmpl	%edx, %ecx
	je	.L6
	cmpl	%edx, %esi
	je	.L6
	cmpl	%r10d, %edx
	jge	.L6
	leal	(%rsi,%rdx), %r11d
	cmpl	%r11d, %ecx
	jge	.L6
	addl	%ecx, %edx
	cmpl	%edx, %esi
	setl	%dl
	movzbl	%dl, %edx
	addl	%edx, %r13d
	.p2align 4,,10
	.p2align 3
.L6:
	addq	$4, %rax
	cmpq	%rdi, %rax
	jne	.L7
.L5:
	addq	$1, %r8
	addq	$4, %r9
	cmpq	%rbp, %r8
	jne	.L8
.L4:
	movq	%r15, %rax
	addq	$4, %r14
	cmpq	(%rsp), %r15
	jne	.L9
.L2:
	movl	$1, %edi
	xorl	%eax, %eax
	movl	%r13d, %edx
	leaq	.LC1(%rip), %rsi
	call	__printf_chk@PLT
	movq	stdout(%rip), %rdi
	call	fflush@PLT
	movq	440(%rsp), %rax
	subq	%fs:40, %rax
	jne	.L27
	addq	$456, %rsp
	.cfi_remember_state
	.cfi_def_cfa_offset 56
	xorl	%eax, %eax
	popq	%rbx
	.cfi_def_cfa_offset 48
	popq	%rbp
	.cfi_def_cfa_offset 40
	popq	%r12
	.cfi_def_cfa_offset 32
	popq	%r13
	.cfi_def_cfa_offset 24
	popq	%r14
	.cfi_def_cfa_offset 16
	popq	%r15
	.cfi_def_cfa_offset 8
	ret
.L12:
	.cfi_restore_state
	xorl	%r13d, %r13d
	jmp	.L2
.L27:
	call	__stack_chk_fail@PLT
	.cfi_endproc
.LFE23:
	.size	main, .-main
	.ident	""GCC: (Ubuntu 11.4.0-1ubuntu1~22.04) 11.4.0""
	.section	.note.GNU-stack,"""",@progbits
	.section	.note.gnu.property,""a""
	.align 8
	.long	1f - 0f
	.long	4f - 1f
	.long	5
0:
	.string	""GNU""
1:
	.align 8
	.long	0xc0000002
	.long	3f - 2f
2:
	.long	0x3
3:
	.align 8
4:
```

Only output the optimized assembly code. Do not include any other text. Do not write any comments in the assembly code. Wrap the assembly code in ```assembly``` tags.
Optimized Assembly Code:
","Given the following C code, your task is to generate highly optimized x86-64 assembly code.
C Code:

```c
#include <stdio.h>

int main()
{
	int i, j, k, N, L[101], count = 0;
	scanf(""%d"", &N);
	for (i = 1; i <= N; i++) scanf(""%d"", &(L[i]));
	for (i = 1; i <= N - 2; i++) {
		for (j = i + 1; j <= N - 1; j++) {
			if (L[i] == L[j]) continue;
			for (k = j + 1; k <= N; k++) {
				if (L[k] != L[i] && L[k] != L[j] && L[i] + L[j] > L[k] && L[i] + L[k] > L[j] && L[j] + L[k] > L[i]) count++;
			}
		}
	}
	printf(""%d\n"", count);
	fflush(stdout);
	return 0;
}
```

Only output the optimized assembly code. Do not include any other text. Do not write any comments in the assembly code. Wrap the assembly code in ```assembly``` tags.
Optimized Assembly Code:
"
13,"```c
#include<stdio.h>
int main(){
  int n,p[100001],i,t;
  scanf(""%d"",&n);
  for(i=0;i<n;i++){scanf(""%d"",&t);p[i]=i+1==t;}
  t=0;for(i=0;i<n;i++)if(p[i]){t++;p[i]=p[i+1]=0;}
  printf(""%d"",t);
}
```","[{""input"": ""5\n1 4 4 5 2\n"", ""output"": ""1""}, {""input"": ""9\n1 2 4 9 5 8 7 6 6\n"", ""output"": ""3""}, {""input"": ""9\n1 2 4 9 5 8 4 6 6\n"", ""output"": ""2""}, {""input"": ""5\n0 4 4 5 1\n"", ""output"": ""0""}, {""input"": ""2\n1 0\n"", ""output"": ""1""}, {""input"": ""2\n1 1\n"", ""output"": ""1""}, {""input"": ""5\n1 4 4 5 1\n"", ""output"": ""1""}, {""input"": ""2\n1 -1\n"", ""output"": ""1""}, {""input"": ""2\n0 2\n"", ""output"": ""1""}, {""input"": ""9\n2 2 4 9 5 8 4 6 6\n"", ""output"": ""2""}, {""input"": ""2\n2 2\n"", ""output"": ""1""}, {""input"": ""2\n0 1\n"", ""output"": ""0""}, {""input"": ""5\n0 4 4 4 1\n"", ""output"": ""1""}, {""input"": ""9\n2 2 4 5 5 8 4 6 6\n"", ""output"": ""2""}, {""input"": ""2\n2 0\n"", ""output"": ""0""}, {""input"": ""2\n0 0\n"", ""output"": ""0""}, {""input"": ""5\n0 4 4 7 1\n"", ""output"": ""0""}, {""input"": ""9\n2 2 4 5 5 8 4 6 10\n"", ""output"": ""2""}, {""input"": ""2\n1 -2\n"", ""output"": ""1""}, {""input"": ""2\n0 -1\n"", ""output"": ""0""}, {""input"": ""5\n0 4 2 7 1\n"", ""output"": ""0""}, {""input"": ""9\n2 2 4 1 5 8 4 6 10\n"", ""output"": ""2""}, {""input"": ""2\n1 -4\n"", ""output"": ""1""}, {""input"": ""2\n-1 0\n"", ""output"": ""0""}, {""input"": ""5\n0 3 2 7 1\n"", ""output"": ""0""}, {""input"": ""9\n2 2 3 1 5 8 4 6 10\n"", ""output"": ""2""}, {""input"": ""2\n2 -4\n"", ""output"": ""0""}, {""input"": ""2\n-1 1\n"", ""output"": ""0""}, {""input"": ""5\n0 3 2 7 2\n"", ""output"": ""0""}, {""input"": ""9\n2 2 1 1 5 8 4 6 10\n"", ""output"": ""2""}, {""input"": ""2\n4 -4\n"", ""output"": ""0""}, {""input"": ""2\n-1 2\n"", ""output"": ""1""}, {""input"": ""5\n1 3 2 7 2\n"", ""output"": ""1""}, {""input"": ""9\n2 2 1 1 5 7 4 6 10\n"", ""output"": ""2""}, {""input"": ""2\n4 -3\n"", ""output"": ""0""}, {""input"": ""2\n0 3\n"", ""output"": ""0""}, {""input"": ""5\n1 3 4 7 2\n"", ""output"": ""1""}, {""input"": ""9\n1 2 1 1 5 7 4 6 10\n"", ""output"": ""2""}, {""input"": ""2\n7 -3\n"", ""output"": ""0""}, {""input"": ""2\n-1 3\n"", ""output"": ""0""}, {""input"": ""5\n1 2 4 7 2\n"", ""output"": ""1""}, {""input"": ""9\n1 2 1 1 5 7 2 6 10\n"", ""output"": ""2""}, {""input"": ""2\n7 -1\n"", ""output"": ""0""}, {""input"": ""2\n-1 4\n"", ""output"": ""0""}, {""input"": ""5\n1 2 6 7 2\n"", ""output"": ""1""}, {""input"": ""9\n1 2 1 1 3 7 2 6 10\n"", ""output"": ""1""}, {""input"": ""2\n5 -1\n"", ""output"": ""0""}, {""input"": ""2\n-1 8\n"", ""output"": ""0""}, {""input"": ""5\n1 2 11 7 2\n"", ""output"": ""1""}, {""input"": ""9\n1 2 1 2 3 7 2 6 10\n"", ""output"": ""1""}, {""input"": ""2\n2 -1\n"", ""output"": ""0""}, {""input"": ""2\n-1 7\n"", ""output"": ""0""}, {""input"": ""5\n1 2 15 7 2\n"", ""output"": ""1""}, {""input"": ""9\n1 4 1 2 3 7 2 6 10\n"", ""output"": ""1""}, {""input"": ""2\n1 -3\n"", ""output"": ""1""}, {""input"": ""2\n-2 7\n"", ""output"": ""0""}, {""input"": ""5\n1 2 15 7 3\n"", ""output"": ""1""}, {""input"": ""9\n1 4 1 2 3 10 2 6 10\n"", ""output"": ""1""}, {""input"": ""2\n0 -3\n"", ""output"": ""0""}, {""input"": ""2\n-2 6\n"", ""output"": ""0""}, {""input"": ""5\n1 2 17 7 3\n"", ""output"": ""1""}, {""input"": ""9\n1 4 1 2 3 10 2 6 14\n"", ""output"": ""1""}, {""input"": ""2\n0 -6\n"", ""output"": ""0""}, {""input"": ""2\n-2 1\n"", ""output"": ""0""}, {""input"": ""5\n1 2 17 7 5\n"", ""output"": ""2""}, {""input"": ""9\n1 4 1 2 3 10 2 12 14\n"", ""output"": ""1""}, {""input"": ""2\n0 -4\n"", ""output"": ""0""}, {""input"": ""2\n-1 -1\n"", ""output"": ""0""}, {""input"": ""5\n1 2 17 7 1\n"", ""output"": ""1""}, {""input"": ""9\n1 4 0 2 3 10 2 12 14\n"", ""output"": ""1""}, {""input"": ""2\n0 -5\n"", ""output"": ""0""}, {""input"": ""2\n3 -1\n"", ""output"": ""0""}, {""input"": ""5\n1 4 17 7 1\n"", ""output"": ""1""}, {""input"": ""9\n1 1 0 2 3 10 2 12 14\n"", ""output"": ""1""}, {""input"": ""2\n0 -2\n"", ""output"": ""0""}, {""input"": ""2\n4 -1\n"", ""output"": ""0""}, {""input"": ""5\n2 4 17 7 1\n"", ""output"": ""0""}, {""input"": ""9\n1 1 1 2 3 10 2 12 14\n"", ""output"": ""1""}, {""input"": ""2\n1 -8\n"", ""output"": ""1""}, {""input"": ""2\n5 -2\n"", ""output"": ""0""}, {""input"": ""5\n1 1 17 7 1\n"", ""output"": ""1""}, {""input"": ""9\n1 1 1 2 3 9 2 12 14\n"", ""output"": ""1""}, {""input"": ""2\n1 -10\n"", ""output"": ""1""}, {""input"": ""2\n-2 0\n"", ""output"": ""0""}, {""input"": ""5\n1 1 17 0 1\n"", ""output"": ""1""}, {""input"": ""9\n1 1 1 2 3 1 2 12 14\n"", ""output"": ""1""}, {""input"": ""2\n0 -10\n"", ""output"": ""0""}, {""input"": ""2\n-2 -1\n"", ""output"": ""0""}, {""input"": ""5\n1 1 17 0 0\n"", ""output"": ""1""}, {""input"": ""9\n1 1 1 0 3 1 2 12 14\n"", ""output"": ""1""}, {""input"": ""2\n1 -19\n"", ""output"": ""1""}, {""input"": ""2\n-3 -1\n"", ""output"": ""0""}, {""input"": ""5\n1 1 24 0 0\n"", ""output"": ""1""}, {""input"": ""9\n0 1 1 0 3 1 2 12 14\n"", ""output"": ""0""}, {""input"": ""2\n2 -19\n"", ""output"": ""0""}, {""input"": ""2\n-3 0\n"", ""output"": ""0""}, {""input"": ""5\n1 1 6 0 0\n"", ""output"": ""1""}, {""input"": ""9\n0 1 1 0 3 1 2 14 14\n"", ""output"": ""0""}, {""input"": ""2\n2 -38\n"", ""output"": ""0""}, {""input"": ""2\n-6 0\n"", ""output"": ""0""}, {""input"": ""2\n2 1\n"", ""output"": ""0""}, {""input"": ""5\n1 4 3 5 2\n"", ""output"": ""2""}, {""input"": ""5\n1 4 3 5 2\n"", ""output"": ""2""}, {""input"": ""2\n1 2\n"", ""output"": ""1""}, {""input"": ""9\n1 2 4 9 5 8 7 3 6\n"", ""output"": ""3""}]","Given the following C code and assembly code, your task is to generate highly optimized x86-64 assembly code.
C Code:

```c
#include<stdio.h>
int main(){
  int n,p[100001],i,t;
  scanf(""%d"",&n);
  for(i=0;i<n;i++){scanf(""%d"",&t);p[i]=i+1==t;}
  t=0;for(i=0;i<n;i++)if(p[i]){t++;p[i]=p[i+1]=0;}
  printf(""%d"",t);
}
```

Assembly Code:

```assembly
	.file	""temp.c""
	.text
	.section	.rodata.str1.1,""aMS"",@progbits,1
.LC0:
	.string	""%d""
	.section	.text.startup,""ax"",@progbits
	.p2align 4
	.globl	main
	.type	main, @function
main:
.LFB23:
	.cfi_startproc
	endbr64
	pushq	%r14
	.cfi_def_cfa_offset 16
	.cfi_offset 14, -16
	pushq	%r13
	.cfi_def_cfa_offset 24
	.cfi_offset 13, -24
	pushq	%r12
	.cfi_def_cfa_offset 32
	.cfi_offset 12, -32
	pushq	%rbp
	.cfi_def_cfa_offset 40
	.cfi_offset 6, -40
	pushq	%rbx
	.cfi_def_cfa_offset 48
	.cfi_offset 3, -48
	leaq	-397312(%rsp), %r11
	.cfi_def_cfa 11, 397360
.LPSRL0:
	subq	$4096, %rsp
	orq	$0, (%rsp)
	cmpq	%r11, %rsp
	jne	.LPSRL0
	.cfi_def_cfa_register 7
	subq	$2720, %rsp
	.cfi_def_cfa_offset 400080
	leaq	.LC0(%rip), %r14
	movq	%r14, %rdi
	movq	%fs:40, %rax
	movq	%rax, 400024(%rsp)
	xorl	%eax, %eax
	leaq	8(%rsp), %rsi
	call	__isoc99_scanf@PLT
	movl	8(%rsp), %r8d
	testl	%r8d, %r8d
	jle	.L2
	leaq	16(%rsp), %r12
	xorl	%ebx, %ebx
	leaq	12(%rsp), %r13
	movq	%r12, %rbp
	.p2align 4,,10
	.p2align 3
.L3:
	xorl	%eax, %eax
	movq	%r13, %rsi
	movq	%r14, %rdi
	addl	$1, %ebx
	call	__isoc99_scanf@PLT
	xorl	%eax, %eax
	cmpl	%ebx, 12(%rsp)
	sete	%al
	addq	$4, %rbp
	movl	%eax, -4(%rbp)
	movl	8(%rsp), %eax
	cmpl	%eax, %ebx
	jl	.L3
	movl	$0, 12(%rsp)
	testl	%eax, %eax
	jle	.L5
	leal	-1(%rax), %edx
	leaq	4(%r12), %rax
	xorl	%esi, %esi
	leaq	(%rax,%rdx,4), %rcx
	xorl	%edx, %edx
	jmp	.L7
	.p2align 4,,10
	.p2align 3
.L19:
	addq	$4, %rax
.L7:
	movl	(%r12), %edi
	testl	%edi, %edi
	je	.L6
	movq	$0, (%r12)
	addl	$1, %edx
	movl	$1, %esi
.L6:
	movq	%rax, %r12
	cmpq	%rcx, %rax
	jne	.L19
	testb	%sil, %sil
	je	.L5
	movl	%edx, 12(%rsp)
.L5:
	movl	12(%rsp), %edx
	xorl	%eax, %eax
	movq	%r14, %rsi
	movl	$1, %edi
	call	__printf_chk@PLT
	movq	400024(%rsp), %rax
	subq	%fs:40, %rax
	jne	.L20
	addq	$400032, %rsp
	.cfi_remember_state
	.cfi_def_cfa_offset 48
	xorl	%eax, %eax
	popq	%rbx
	.cfi_def_cfa_offset 40
	popq	%rbp
	.cfi_def_cfa_offset 32
	popq	%r12
	.cfi_def_cfa_offset 24
	popq	%r13
	.cfi_def_cfa_offset 16
	popq	%r14
	.cfi_def_cfa_offset 8
	ret
.L2:
	.cfi_restore_state
	movl	$0, 12(%rsp)
	jmp	.L5
.L20:
	call	__stack_chk_fail@PLT
	.cfi_endproc
.LFE23:
	.size	main, .-main
	.ident	""GCC: (Ubuntu 11.4.0-1ubuntu1~22.04) 11.4.0""
	.section	.note.GNU-stack,"""",@progbits
	.section	.note.gnu.property,""a""
	.align 8
	.long	1f - 0f
	.long	4f - 1f
	.long	5
0:
	.string	""GNU""
1:
	.align 8
	.long	0xc0000002
	.long	3f - 2f
2:
	.long	0x3
3:
	.align 8
4:
```

Only output the optimized assembly code. Do not include any other text. Do not write any comments in the assembly code. Wrap the assembly code in ```assembly``` tags.
Optimized Assembly Code:
","Given the following C code, your task is to generate highly optimized x86-64 assembly code.
C Code:

```c
#include<stdio.h>
int main(){
  int n,p[100001],i,t;
  scanf(""%d"",&n);
  for(i=0;i<n;i++){scanf(""%d"",&t);p[i]=i+1==t;}
  t=0;for(i=0;i<n;i++)if(p[i]){t++;p[i]=p[i+1]=0;}
  printf(""%d"",t);
}
```

Only output the optimized assembly code. Do not include any other text. Do not write any comments in the assembly code. Wrap the assembly code in ```assembly``` tags.
Optimized Assembly Code:
"
14,"```c
#include <stdio.h>
#include <string.h>

int main(){
  char s[105];  scanf(""%s"", s);
  int len = strlen(s);
  char key[] = ""keyence"";
  
  int ans = (strcmp(s, ""keyence"")==0 ? 1 : 0);

  for(int i=0; i<=len; i++)
    for(int j=i; j<=len; j++){
      char t[105];
      int tlen = 0;
      for(int l=0; l<len; l++){
	if(l>=i && l<j)  continue;
	t[tlen++] = s[l];
      }
      
      int flag = (tlen==7 ? 1 : 0);
      for(int k=0; k<tlen; k++)
	if(t[k] != key[k])  flag = 0;
      if(flag){
	ans = 1;
	break;
      }
    }
  
  printf(""%s\n"", (ans ? ""YES"" : ""NO""));

  return 0;
}
```","[{""input"": ""ecneyek\n"", ""output"": ""NO\n""}, {""input"": ""ashkfyha\n"", ""output"": ""NO\n""}, {""input"": ""eeyofscienck\n"", ""output"": ""NO\n""}, {""input"": ""mnyszsbzpf\n"", ""output"": ""NO\n""}, {""input"": ""ecneyel\n"", ""output"": ""NO\n""}, {""input"": ""arhkfyha\n"", ""output"": ""NO\n""}, {""input"": ""eeyofsciencj\n"", ""output"": ""NO\n""}, {""input"": ""mnyszsb{pf\n"", ""output"": ""NO\n""}, {""input"": ""ecleyen\n"", ""output"": ""NO\n""}, {""input"": ""arhkyfha\n"", ""output"": ""NO\n""}, {""input"": ""eeyofscienci\n"", ""output"": ""NO\n""}, {""input"": ""mnzszsb{pf\n"", ""output"": ""NO\n""}, {""input"": ""neyelce\n"", ""output"": ""NO\n""}, {""input"": ""ahfykhra\n"", ""output"": ""NO\n""}, {""input"": ""eeyofscjenci\n"", ""output"": ""NO\n""}, {""input"": ""mnzs{sb{pf\n"", ""output"": ""NO\n""}, {""input"": ""neyemce\n"", ""output"": ""NO\n""}, {""input"": ""ahfzkhra\n"", ""output"": ""NO\n""}, {""input"": ""icnejcsfoyee\n"", ""output"": ""NO\n""}, {""input"": ""snzs{mb{pf\n"", ""output"": ""NO\n""}, {""input"": ""oeyemce\n"", ""output"": ""NO\n""}, {""input"": ""arhkzfha\n"", ""output"": ""NO\n""}, {""input"": ""icnyjcsfoeee\n"", ""output"": ""NO\n""}, {""input"": ""snzs{mbfp{\n"", ""output"": ""NO\n""}, {""input"": ""oemeyce\n"", ""output"": ""NO\n""}, {""input"": ""arhkzfhb\n"", ""output"": ""NO\n""}, {""input"": ""icmyjcsfoeee\n"", ""output"": ""NO\n""}, {""input"": ""{pfbm{szns\n"", ""output"": ""NO\n""}, {""input"": ""oemeycd\n"", ""output"": ""NO\n""}, {""input"": ""arhkzfib\n"", ""output"": ""NO\n""}, {""input"": ""eeeofscjymci\n"", ""output"": ""NO\n""}, {""input"": ""{pfbl{szns\n"", ""output"": ""NO\n""}, {""input"": ""dcyemeo\n"", ""output"": ""NO\n""}, {""input"": ""arhkzfjb\n"", ""output"": ""NO\n""}, {""input"": ""eeeofsjcymci\n"", ""output"": ""NO\n""}, {""input"": ""{pfbn{szls\n"", ""output"": ""NO\n""}, {""input"": ""dcyemen\n"", ""output"": ""NO\n""}, {""input"": ""arhkzbjf\n"", ""output"": ""NO\n""}, {""input"": ""eeeofsjdymci\n"", ""output"": ""NO\n""}, {""input"": ""|pfbn{szls\n"", ""output"": ""NO\n""}, {""input"": ""dcxemen\n"", ""output"": ""NO\n""}, {""input"": ""arhkzjbf\n"", ""output"": ""NO\n""}, {""input"": ""eeeofsjdyicm\n"", ""output"": ""NO\n""}, {""input"": ""slzs{nbfp|\n"", ""output"": ""NO\n""}, {""input"": ""dcxenen\n"", ""output"": ""NO\n""}, {""input"": ""arhkzjaf\n"", ""output"": ""NO\n""}, {""input"": ""eeeofsjdyjcm\n"", ""output"": ""NO\n""}, {""input"": ""slzs|nbfp|\n"", ""output"": ""NO\n""}, {""input"": ""dcxenfn\n"", ""output"": ""NO\n""}, {""input"": ""arhkzkaf\n"", ""output"": ""NO\n""}, {""input"": ""mcjydjsfoeee\n"", ""output"": ""NO\n""}, {""input"": ""|pfbn|szls\n"", ""output"": ""NO\n""}, {""input"": ""dcyenfn\n"", ""output"": ""NO\n""}, {""input"": ""arhkzlaf\n"", ""output"": ""NO\n""}, {""input"": ""mcjydjsfodee\n"", ""output"": ""NO\n""}, {""input"": ""|pfbn}szls\n"", ""output"": ""NO\n""}, {""input"": ""nfneycd\n"", ""output"": ""NO\n""}, {""input"": ""akhrzlaf\n"", ""output"": ""NO\n""}, {""input"": ""mcjyejsfodee\n"", ""output"": ""NO\n""}, {""input"": ""slzs}nbfp|\n"", ""output"": ""NO\n""}, {""input"": ""nfncyed\n"", ""output"": ""NO\n""}, {""input"": ""akhrzlbf\n"", ""output"": ""NO\n""}, {""input"": ""mcjyejsgodee\n"", ""output"": ""NO\n""}, {""input"": ""|zfbn}spls\n"", ""output"": ""NO\n""}, {""input"": ""nfmcyed\n"", ""output"": ""NO\n""}, {""input"": ""`khrzlbf\n"", ""output"": ""NO\n""}, {""input"": ""eedogsjeyjcm\n"", ""output"": ""NO\n""}, {""input"": ""|yfbn}spls\n"", ""output"": ""NO\n""}, {""input"": ""deycmfn\n"", ""output"": ""NO\n""}, {""input"": ""fblzrhk`\n"", ""output"": ""NO\n""}, {""input"": ""eedojsjeygcm\n"", ""output"": ""NO\n""}, {""input"": ""|xfbn}spls\n"", ""output"": ""NO\n""}, {""input"": ""deydmfn\n"", ""output"": ""NO\n""}, {""input"": ""fbmzrhk`\n"", ""output"": ""NO\n""}, {""input"": ""eedojrjeygcm\n"", ""output"": ""NO\n""}, {""input"": ""bxf|n}spls\n"", ""output"": ""NO\n""}, {""input"": ""deycmnf\n"", ""output"": ""NO\n""}, {""input"": ""hbmzrfk`\n"", ""output"": ""NO\n""}, {""input"": ""eedoirjeygcm\n"", ""output"": ""NO\n""}, {""input"": ""slps}n|fxb\n"", ""output"": ""NO\n""}, {""input"": ""dexcmnf\n"", ""output"": ""NO\n""}, {""input"": ""hbmzrfka\n"", ""output"": ""NO\n""}, {""input"": ""mcgyejriodee\n"", ""output"": ""NO\n""}, {""input"": ""slpt}n|fxb\n"", ""output"": ""NO\n""}, {""input"": ""dmxcenf\n"", ""output"": ""NO\n""}, {""input"": ""hcmzrfka\n"", ""output"": ""NO\n""}, {""input"": ""mcgyejriodfe\n"", ""output"": ""NO\n""}, {""input"": ""slpt}n{fxb\n"", ""output"": ""NO\n""}, {""input"": ""emxcenf\n"", ""output"": ""NO\n""}, {""input"": ""hcmarfkz\n"", ""output"": ""NO\n""}, {""input"": ""mcygejriodfe\n"", ""output"": ""NO\n""}, {""input"": ""slpt}n{exb\n"", ""output"": ""NO\n""}, {""input"": ""emxceof\n"", ""output"": ""NO\n""}, {""input"": ""hczarfkm\n"", ""output"": ""NO\n""}, {""input"": ""lcygejriodfe\n"", ""output"": ""NO\n""}, {""input"": ""sxpt}n{elb\n"", ""output"": ""NO\n""}, {""input"": ""foecxme\n"", ""output"": ""NO\n""}, {""input"": ""mkfrazch\n"", ""output"": ""NO\n""}, {""input"": ""lcygfjriodfe\n"", ""output"": ""NO\n""}, {""input"": ""sxpt}nzelb\n"", ""output"": ""NO\n""}, {""input"": ""mpyszsbznf\n"", ""output"": ""NO\n""}, {""input"": ""keyence\n"", ""output"": ""YES\n""}, {""input"": ""keyofscience\n"", ""output"": ""YES\n""}, {""input"": ""keyofscience\n"", ""output"": ""YES\n""}, {""input"": ""ashlfyha\n"", ""output"": ""NO\n""}]","Given the following C code and assembly code, your task is to generate highly optimized x86-64 assembly code.
C Code:

```c
#include <stdio.h>
#include <string.h>

int main(){
  char s[105];  scanf(""%s"", s);
  int len = strlen(s);
  char key[] = ""keyence"";
  
  int ans = (strcmp(s, ""keyence"")==0 ? 1 : 0);

  for(int i=0; i<=len; i++)
    for(int j=i; j<=len; j++){
      char t[105];
      int tlen = 0;
      for(int l=0; l<len; l++){
	if(l>=i && l<j)  continue;
	t[tlen++] = s[l];
      }
      
      int flag = (tlen==7 ? 1 : 0);
      for(int k=0; k<tlen; k++)
	if(t[k] != key[k])  flag = 0;
      if(flag){
	ans = 1;
	break;
      }
    }
  
  printf(""%s\n"", (ans ? ""YES"" : ""NO""));

  return 0;
}
```

Assembly Code:

```assembly
	.file	""temp.c""
	.text
	.section	.rodata.str1.1,""aMS"",@progbits,1
.LC0:
	.string	""YES""
.LC1:
	.string	""NO""
.LC2:
	.string	""%s""
.LC3:
	.string	""keyence""
	.section	.text.startup,""ax"",@progbits
	.p2align 4
	.globl	main
	.type	main, @function
main:
.LFB35:
	.cfi_startproc
	endbr64
	pushq	%r15
	.cfi_def_cfa_offset 16
	.cfi_offset 15, -16
	leaq	.LC2(%rip), %rdi
	pushq	%r14
	.cfi_def_cfa_offset 24
	.cfi_offset 14, -24
	pushq	%r13
	.cfi_def_cfa_offset 32
	.cfi_offset 13, -32
	pushq	%r12
	.cfi_def_cfa_offset 40
	.cfi_offset 12, -40
	pushq	%rbp
	.cfi_def_cfa_offset 48
	.cfi_offset 6, -48
	pushq	%rbx
	.cfi_def_cfa_offset 56
	.cfi_offset 3, -56
	subq	$264, %rsp
	.cfi_def_cfa_offset 320
	movq	%fs:40, %rax
	movq	%rax, 248(%rsp)
	xorl	%eax, %eax
	leaq	16(%rsp), %rbp
	movq	%rbp, %rsi
	call	__isoc99_scanf@PLT
	movq	%rbp, %rdi
	call	strlen@PLT
	leaq	.LC3(%rip), %rsi
	movq	%rbp, %rdi
	movq	%rax, %rbx
	movl	%eax, %r13d
	call	strcmp@PLT
	movl	.LC3(%rip), %r11d
	movq	.LC3(%rip), %r14
	testl	%eax, %eax
	movq	.LC3(%rip), %r15
	sete	%al
	sall	$8, %r11d
	xorl	%esi, %esi
	xorl	%r8d, %r8d
	salq	$24, %r14
	movzbl	%al, %eax
	salq	$16, %r15
	movl	%eax, 12(%rsp)
	sarl	$24, %r11d
	sarq	$56, %r14
	sarq	$56, %r15
	.p2align 4,,10
	.p2align 3
.L2:
	movq	.LC3(%rip), %r10
	movzwl	.LC3(%rip), %r9d
	movl	%esi, %edi
	salq	$8, %r10
	sarw	$8, %r9w
	sarq	$56, %r10
	.p2align 4,,10
	.p2align 3
.L19:
	testq	%rbx, %rbx
	je	.L15
	xorl	%eax, %eax
	xorl	%edx, %edx
	.p2align 4,,10
	.p2align 3
.L5:
	cmpl	%eax, %esi
	jg	.L24
	cmpl	%eax, %edi
	jg	.L3
.L24:
	movzbl	0(%rbp,%rax), %r12d
	movslq	%edx, %rcx
	addl	$1, %edx
	movb	%r12b, 128(%rsp,%rcx)
.L3:
	addq	$1, %rax
	cmpq	%rax, %rbx
	jne	.L5
	xorl	%eax, %eax
	cmpl	$7, %edx
	sete	%al
	testl	%edx, %edx
	je	.L6
	movzbl	.LC3(%rip), %ecx
	cmpb	%cl, 128(%rsp)
	cmovne	%r8d, %eax
	cmpl	$1, %edx
	je	.L6
	cmpb	%r9b, 129(%rsp)
	cmovne	%r8d, %eax
	cmpl	$2, %edx
	je	.L6
	cmpb	%r11b, 130(%rsp)
	cmovne	%r8d, %eax
	cmpl	$3, %edx
	je	.L6
	movl	.LC3(%rip), %ecx
	sarl	$24, %ecx
	cmpb	%cl, 131(%rsp)
	cmovne	%r8d, %eax
	cmpl	$4, %edx
	je	.L6
	cmpb	%r14b, 132(%rsp)
	cmovne	%r8d, %eax
	cmpl	$5, %edx
	je	.L6
	cmpb	%r15b, 133(%rsp)
	cmovne	%r8d, %eax
	cmpl	$6, %edx
	je	.L6
	cmpb	%r10b, 134(%rsp)
	je	.L59
.L14:
	addl	$1, %edi
	cmpl	%edi, %r13d
	jge	.L19
	jmp	.L15
	.p2align 4,,10
	.p2align 3
.L59:
	cmpl	$7, %edx
	je	.L6
	cmpb	$0, 135(%rsp)
	jne	.L14
	.p2align 4,,10
	.p2align 3
.L6:
	testl	%eax, %eax
	je	.L14
	movl	%eax, 12(%rsp)
.L15:
	addl	$1, %esi
	cmpl	%esi, %r13d
	jge	.L2
	movl	12(%rsp), %eax
	leaq	.LC0(%rip), %rdi
	testl	%eax, %eax
	leaq	.LC1(%rip), %rax
	cmove	%rax, %rdi
	call	puts@PLT
	movq	248(%rsp), %rax
	subq	%fs:40, %rax
	jne	.L60
	addq	$264, %rsp
	.cfi_remember_state
	.cfi_def_cfa_offset 56
	xorl	%eax, %eax
	popq	%rbx
	.cfi_def_cfa_offset 48
	popq	%rbp
	.cfi_def_cfa_offset 40
	popq	%r12
	.cfi_def_cfa_offset 32
	popq	%r13
	.cfi_def_cfa_offset 24
	popq	%r14
	.cfi_def_cfa_offset 16
	popq	%r15
	.cfi_def_cfa_offset 8
	ret
.L60:
	.cfi_restore_state
	call	__stack_chk_fail@PLT
	.cfi_endproc
.LFE35:
	.size	main, .-main
	.ident	""GCC: (Ubuntu 11.4.0-1ubuntu1~22.04) 11.4.0""
	.section	.note.GNU-stack,"""",@progbits
	.section	.note.gnu.property,""a""
	.align 8
	.long	1f - 0f
	.long	4f - 1f
	.long	5
0:
	.string	""GNU""
1:
	.align 8
	.long	0xc0000002
	.long	3f - 2f
2:
	.long	0x3
3:
	.align 8
4:
```

Only output the optimized assembly code. Do not include any other text. Do not write any comments in the assembly code. Wrap the assembly code in ```assembly``` tags.
Optimized Assembly Code:
","Given the following C code, your task is to generate highly optimized x86-64 assembly code.
C Code:

```c
#include <stdio.h>
#include <string.h>

int main(){
  char s[105];  scanf(""%s"", s);
  int len = strlen(s);
  char key[] = ""keyence"";
  
  int ans = (strcmp(s, ""keyence"")==0 ? 1 : 0);

  for(int i=0; i<=len; i++)
    for(int j=i; j<=len; j++){
      char t[105];
      int tlen = 0;
      for(int l=0; l<len; l++){
	if(l>=i && l<j)  continue;
	t[tlen++] = s[l];
      }
      
      int flag = (tlen==7 ? 1 : 0);
      for(int k=0; k<tlen; k++)
	if(t[k] != key[k])  flag = 0;
      if(flag){
	ans = 1;
	break;
      }
    }
  
  printf(""%s\n"", (ans ? ""YES"" : ""NO""));

  return 0;
}
```

Only output the optimized assembly code. Do not include any other text. Do not write any comments in the assembly code. Wrap the assembly code in ```assembly``` tags.
Optimized Assembly Code:
"
15,"```c
#include<stdio.h>
#include<stdlib.h>
#include<math.h>

typedef long long int int64;

#define MAX(a,b) ((a)>(b)?(a):(b))
#define MIN(a,b) ((a)<(b)?(a):(b))
#define ABS(a) ((a)>(0)?(a):-(a))

void run(void){
  int n;
  scanf(""%d"",&n);
  int a[100000];
  int i;
  for(i=0;i<n;i++) scanf(""%d"",a+i);
  int dp[100001];
  for(i=1;i<=n;i++) dp[i]=(1<<30);
  dp[0]=-1;
  int max=0;
  for(i=0;i<n;i++){
    int l=0;
    int r=max+1;
    while(l+1<r){
      int m=(l+r)/2;
      if(dp[m]<a[i]){
	l=m;
      } else {
	r=m;
      }
    }
    dp[r]=a[i];
    if(r>max) max=r;
  }
  printf(""%d\n"",max);
  return;
}

int main(void){
  run();
  return 0;
}

```","[{""input"": ""5\n5\n1\n3\n2\n6\n"", ""output"": ""3\n""}, {""input"": ""3\n1\n1\n2\n"", ""output"": ""2\n""}, {""input"": ""3\n1\n1\n0\n"", ""output"": ""1\n""}, {""input"": ""5\n0\n2\n1\n2\n11\n"", ""output"": ""4\n""}, {""input"": ""5\n5\n1\n3\n1\n6\n"", ""output"": ""3\n""}, {""input"": ""3\n0\n1\n2\n"", ""output"": ""3\n""}, {""input"": ""5\n5\n1\n2\n1\n6\n"", ""output"": ""3\n""}, {""input"": ""3\n0\n2\n2\n"", ""output"": ""2\n""}, {""input"": ""5\n5\n1\n2\n0\n6\n"", ""output"": ""3\n""}, {""input"": ""5\n5\n1\n2\n-1\n6\n"", ""output"": ""3\n""}, {""input"": ""5\n5\n1\n2\n-1\n10\n"", ""output"": ""3\n""}, {""input"": ""5\n5\n1\n0\n-1\n10\n"", ""output"": ""2\n""}, {""input"": ""5\n5\n1\n0\n0\n10\n"", ""output"": ""2\n""}, {""input"": ""5\n5\n1\n0\n-1\n11\n"", ""output"": ""2\n""}, {""input"": ""5\n5\n1\n0\n0\n11\n"", ""output"": ""2\n""}, {""input"": ""5\n5\n1\n1\n0\n11\n"", ""output"": ""2\n""}, {""input"": ""5\n5\n2\n1\n0\n11\n"", ""output"": ""2\n""}, {""input"": ""5\n8\n2\n1\n0\n11\n"", ""output"": ""2\n""}, {""input"": ""5\n8\n1\n1\n0\n11\n"", ""output"": ""2\n""}, {""input"": ""5\n8\n1\n0\n0\n11\n"", ""output"": ""2\n""}, {""input"": ""5\n2\n1\n0\n0\n11\n"", ""output"": ""2\n""}, {""input"": ""5\n2\n1\n0\n1\n11\n"", ""output"": ""3\n""}, {""input"": ""5\n5\n1\n0\n2\n4\n"", ""output"": ""3\n""}, {""input"": ""3\n1\n2\n1\n"", ""output"": ""2\n""}, {""input"": ""5\n5\n1\n3\n2\n8\n"", ""output"": ""3\n""}, {""input"": ""5\n5\n1\n1\n1\n6\n"", ""output"": ""2\n""}, {""input"": ""3\n0\n1\n3\n"", ""output"": ""3\n""}, {""input"": ""5\n5\n1\n4\n0\n6\n"", ""output"": ""3\n""}, {""input"": ""3\n0\n3\n2\n"", ""output"": ""2\n""}, {""input"": ""5\n5\n0\n2\n0\n6\n"", ""output"": ""3\n""}, {""input"": ""5\n5\n1\n1\n-1\n6\n"", ""output"": ""2\n""}, {""input"": ""5\n5\n2\n2\n-1\n6\n"", ""output"": ""2\n""}, {""input"": ""5\n5\n1\n0\n0\n16\n"", ""output"": ""2\n""}, {""input"": ""5\n8\n1\n0\n-1\n11\n"", ""output"": ""2\n""}, {""input"": ""5\n5\n1\n0\n0\n13\n"", ""output"": ""2\n""}, {""input"": ""5\n5\n1\n1\n0\n2\n"", ""output"": ""2\n""}, {""input"": ""5\n0\n2\n1\n0\n11\n"", ""output"": ""3\n""}, {""input"": ""5\n8\n2\n1\n1\n11\n"", ""output"": ""2\n""}, {""input"": ""5\n8\n1\n1\n1\n11\n"", ""output"": ""2\n""}, {""input"": ""5\n8\n1\n0\n1\n11\n"", ""output"": ""3\n""}, {""input"": ""5\n2\n1\n1\n0\n11\n"", ""output"": ""2\n""}, {""input"": ""5\n2\n1\n0\n1\n19\n"", ""output"": ""3\n""}, {""input"": ""5\n5\n2\n0\n2\n4\n"", ""output"": ""3\n""}, {""input"": ""3\n1\n2\n0\n"", ""output"": ""2\n""}, {""input"": ""5\n9\n1\n3\n2\n8\n"", ""output"": ""3\n""}, {""input"": ""3\n1\n0\n0\n"", ""output"": ""1\n""}, {""input"": ""5\n5\n1\n0\n1\n6\n"", ""output"": ""3\n""}, {""input"": ""3\n0\n1\n1\n"", ""output"": ""2\n""}, {""input"": ""5\n8\n1\n4\n0\n6\n"", ""output"": ""3\n""}, {""input"": ""3\n0\n3\n3\n"", ""output"": ""2\n""}, {""input"": ""5\n5\n0\n2\n-1\n6\n"", ""output"": ""3\n""}, {""input"": ""5\n5\n0\n1\n-1\n6\n"", ""output"": ""3\n""}, {""input"": ""5\n1\n2\n2\n-1\n6\n"", ""output"": ""3\n""}, {""input"": ""5\n5\n1\n0\n0\n23\n"", ""output"": ""2\n""}, {""input"": ""5\n8\n2\n0\n-1\n11\n"", ""output"": ""2\n""}, {""input"": ""5\n5\n1\n0\n0\n24\n"", ""output"": ""2\n""}, {""input"": ""5\n5\n0\n1\n0\n2\n"", ""output"": ""3\n""}, {""input"": ""5\n0\n2\n1\n1\n11\n"", ""output"": ""3\n""}, {""input"": ""5\n8\n2\n1\n1\n4\n"", ""output"": ""2\n""}, {""input"": ""5\n11\n1\n1\n0\n11\n"", ""output"": ""2\n""}, {""input"": ""5\n14\n1\n0\n1\n11\n"", ""output"": ""3\n""}, {""input"": ""5\n2\n1\n1\n0\n15\n"", ""output"": ""2\n""}, {""input"": ""5\n2\n1\n0\n0\n19\n"", ""output"": ""2\n""}, {""input"": ""5\n5\n2\n0\n2\n6\n"", ""output"": ""3\n""}, {""input"": ""3\n2\n0\n0\n"", ""output"": ""1\n""}, {""input"": ""5\n9\n1\n6\n2\n8\n"", ""output"": ""3\n""}, {""input"": ""3\n1\n0\n-1\n"", ""output"": ""1\n""}, {""input"": ""3\n1\n1\n4\n"", ""output"": ""2\n""}, {""input"": ""5\n11\n1\n4\n0\n6\n"", ""output"": ""3\n""}, {""input"": ""5\n1\n2\n2\n-1\n5\n"", ""output"": ""3\n""}, {""input"": ""5\n5\n1\n0\n0\n1\n"", ""output"": ""2\n""}, {""input"": ""5\n8\n2\n0\n0\n11\n"", ""output"": ""2\n""}, {""input"": ""5\n5\n1\n0\n0\n42\n"", ""output"": ""2\n""}, {""input"": ""5\n5\n0\n1\n-1\n2\n"", ""output"": ""3\n""}, {""input"": ""5\n1\n2\n1\n1\n11\n"", ""output"": ""3\n""}, {""input"": ""5\n6\n2\n1\n1\n4\n"", ""output"": ""2\n""}, {""input"": ""5\n11\n0\n1\n0\n11\n"", ""output"": ""3\n""}, {""input"": ""5\n14\n1\n0\n0\n11\n"", ""output"": ""2\n""}, {""input"": ""5\n2\n1\n1\n-1\n15\n"", ""output"": ""2\n""}, {""input"": ""5\n1\n1\n0\n0\n19\n"", ""output"": ""2\n""}, {""input"": ""5\n9\n2\n0\n2\n6\n"", ""output"": ""3\n""}, {""input"": ""3\n2\n0\n1\n"", ""output"": ""2\n""}, {""input"": ""5\n9\n1\n0\n2\n8\n"", ""output"": ""3\n""}, {""input"": ""3\n1\n-1\n-1\n"", ""output"": ""1\n""}, {""input"": ""3\n1\n1\n3\n"", ""output"": ""2\n""}, {""input"": ""5\n11\n1\n3\n0\n6\n"", ""output"": ""3\n""}, {""input"": ""5\n1\n2\n2\n-2\n5\n"", ""output"": ""3\n""}, {""input"": ""5\n3\n1\n0\n0\n1\n"", ""output"": ""2\n""}, {""input"": ""5\n14\n2\n0\n0\n11\n"", ""output"": ""2\n""}, {""input"": ""5\n5\n1\n0\n0\n29\n"", ""output"": ""2\n""}, {""input"": ""5\n5\n0\n1\n-1\n3\n"", ""output"": ""3\n""}, {""input"": ""5\n6\n4\n1\n1\n4\n"", ""output"": ""2\n""}, {""input"": ""5\n11\n0\n1\n1\n11\n"", ""output"": ""3\n""}, {""input"": ""5\n14\n1\n0\n0\n1\n"", ""output"": ""2\n""}, {""input"": ""5\n1\n1\n1\n-1\n15\n"", ""output"": ""2\n""}, {""input"": ""5\n1\n1\n0\n0\n8\n"", ""output"": ""2\n""}, {""input"": ""5\n9\n4\n0\n2\n6\n"", ""output"": ""3\n""}, {""input"": ""3\n2\n0\n2\n"", ""output"": ""2\n""}, {""input"": ""5\n9\n1\n0\n2\n12\n"", ""output"": ""3\n""}, {""input"": ""3\n0\n-1\n-1\n"", ""output"": ""1\n""}, {""input"": ""5\n5\n1\n3\n2\n4\n"", ""output"": ""3\n""}, {""input"": ""5\n5\n1\n3\n2\n4\n"", ""output"": ""3\n""}, {""input"": ""3\n1\n1\n1\n"", ""output"": ""1\n""}]","Given the following C code and assembly code, your task is to generate highly optimized x86-64 assembly code.
C Code:

```c
#include<stdio.h>
#include<stdlib.h>
#include<math.h>

typedef long long int int64;

#define MAX(a,b) ((a)>(b)?(a):(b))
#define MIN(a,b) ((a)<(b)?(a):(b))
#define ABS(a) ((a)>(0)?(a):-(a))

void run(void){
  int n;
  scanf(""%d"",&n);
  int a[100000];
  int i;
  for(i=0;i<n;i++) scanf(""%d"",a+i);
  int dp[100001];
  for(i=1;i<=n;i++) dp[i]=(1<<30);
  dp[0]=-1;
  int max=0;
  for(i=0;i<n;i++){
    int l=0;
    int r=max+1;
    while(l+1<r){
      int m=(l+r)/2;
      if(dp[m]<a[i]){
	l=m;
      } else {
	r=m;
      }
    }
    dp[r]=a[i];
    if(r>max) max=r;
  }
  printf(""%d\n"",max);
  return;
}

int main(void){
  run();
  return 0;
}

```

Assembly Code:

```assembly
	.file	""temp.c""
	.text
	.section	.rodata.str1.1,""aMS"",@progbits,1
.LC0:
	.string	""%d""
.LC2:
	.string	""%d\n""
	.text
	.p2align 4
	.globl	run
	.type	run, @function
run:
.LFB39:
	.cfi_startproc
	endbr64
	pushq	%r13
	.cfi_def_cfa_offset 16
	.cfi_offset 13, -16
	pushq	%r12
	.cfi_def_cfa_offset 24
	.cfi_offset 12, -24
	pushq	%rbp
	.cfi_def_cfa_offset 32
	.cfi_offset 6, -32
	pushq	%rbx
	.cfi_def_cfa_offset 40
	.cfi_offset 3, -40
	leaq	-798720(%rsp), %r11
	.cfi_def_cfa 11, 798760
.LPSRL0:
	subq	$4096, %rsp
	orq	$0, (%rsp)
	cmpq	%r11, %rsp
	jne	.LPSRL0
	.cfi_def_cfa_register 7
	subq	$1320, %rsp
	.cfi_def_cfa_offset 800080
	leaq	.LC0(%rip), %r13
	movq	%r13, %rdi
	movq	%fs:40, %rax
	movq	%rax, 800024(%rsp)
	xorl	%eax, %eax
	leaq	12(%rsp), %rsi
	call	__isoc99_scanf@PLT
	movl	12(%rsp), %eax
	testl	%eax, %eax
	jle	.L2
	leaq	16(%rsp), %r12
	xorl	%ebx, %ebx
	movq	%r12, %rbp
	.p2align 4,,10
	.p2align 3
.L3:
	movq	%rbp, %rsi
	movq	%r13, %rdi
	xorl	%eax, %eax
	addl	$1, %ebx
	call	__isoc99_scanf@PLT
	movl	12(%rsp), %eax
	addq	$4, %rbp
	cmpl	%ebx, %eax
	jg	.L3
	testl	%eax, %eax
	jle	.L2
	leal	-1(%rax), %esi
	cmpl	$2, %esi
	jbe	.L13
	movl	%eax, %ecx
	movdqa	.LC1(%rip), %xmm0
	leaq	400020(%rsp), %rdx
	shrl	$2, %ecx
	subl	$1, %ecx
	salq	$4, %rcx
	leaq	400036(%rsp,%rcx), %rcx
	.p2align 4,,10
	.p2align 3
.L5:
	movups	%xmm0, (%rdx)
	addq	$16, %rdx
	cmpq	%rcx, %rdx
	jne	.L5
	movl	%eax, %ecx
	andl	$-4, %ecx
	leal	1(%rcx), %edx
	cmpl	%ecx, %eax
	je	.L6
.L4:
	movslq	%edx, %rcx
	movl	$1073741824, 400016(%rsp,%rcx,4)
	leal	1(%rdx), %ecx
	cmpl	%ecx, %eax
	jl	.L6
	movslq	%ecx, %rcx
	addl	$2, %edx
	movl	$1073741824, 400016(%rsp,%rcx,4)
	cmpl	%edx, %eax
	jl	.L6
	movslq	%edx, %rdx
	movl	$1073741824, 400016(%rsp,%rdx,4)
.L6:
	leaq	4(%r12), %r10
	xorl	%r9d, %r9d
	leaq	(%r10,%rsi,4), %r11
	.p2align 4,,10
	.p2align 3
.L10:
	movl	(%r12), %r8d
	leal	1(%r9), %ecx
	xorl	%edx, %edx
	movl	$1, %esi
	jmp	.L8
	.p2align 4,,10
	.p2align 3
.L9:
	leal	(%rcx,%rdx), %eax
	sarl	%eax
	movslq	%eax, %rdi
	cmpl	%r8d, 400016(%rsp,%rdi,4)
	jge	.L21
	movl	%eax, %edx
	leal	1(%rax), %esi
.L8:
	cmpl	%ecx, %esi
	jl	.L9
	movslq	%ecx, %rax
	cmpl	%ecx, %r9d
	movq	%r10, %r12
	movl	%r8d, 400016(%rsp,%rax,4)
	cmovl	%ecx, %r9d
	cmpq	%r11, %r10
	je	.L11
	addq	$4, %r10
	jmp	.L10
	.p2align 4,,10
	.p2align 3
.L21:
	movl	%eax, %ecx
	jmp	.L8
.L2:
	xorl	%r9d, %r9d
.L11:
	xorl	%eax, %eax
	movl	%r9d, %edx
	movl	$1, %edi
	leaq	.LC2(%rip), %rsi
	call	__printf_chk@PLT
	movq	800024(%rsp), %rax
	subq	%fs:40, %rax
	jne	.L22
	addq	$800040, %rsp
	.cfi_remember_state
	.cfi_def_cfa_offset 40
	popq	%rbx
	.cfi_def_cfa_offset 32
	popq	%rbp
	.cfi_def_cfa_offset 24
	popq	%r12
	.cfi_def_cfa_offset 16
	popq	%r13
	.cfi_def_cfa_offset 8
	ret
.L13:
	.cfi_restore_state
	movl	$1, %edx
	jmp	.L4
.L22:
	call	__stack_chk_fail@PLT
	.cfi_endproc
.LFE39:
	.size	run, .-run
	.section	.text.startup,""ax"",@progbits
	.p2align 4
	.globl	main
	.type	main, @function
main:
.LFB40:
	.cfi_startproc
	endbr64
	subq	$8, %rsp
	.cfi_def_cfa_offset 16
	call	run
	xorl	%eax, %eax
	addq	$8, %rsp
	.cfi_def_cfa_offset 8
	ret
	.cfi_endproc
.LFE40:
	.size	main, .-main
	.section	.rodata.cst16,""aM"",@progbits,16
	.align 16
.LC1:
	.long	1073741824
	.long	1073741824
	.long	1073741824
	.long	1073741824
	.ident	""GCC: (Ubuntu 11.4.0-1ubuntu1~22.04) 11.4.0""
	.section	.note.GNU-stack,"""",@progbits
	.section	.note.gnu.property,""a""
	.align 8
	.long	1f - 0f
	.long	4f - 1f
	.long	5
0:
	.string	""GNU""
1:
	.align 8
	.long	0xc0000002
	.long	3f - 2f
2:
	.long	0x3
3:
	.align 8
4:
```

Only output the optimized assembly code. Do not include any other text. Do not write any comments in the assembly code. Wrap the assembly code in ```assembly``` tags.
Optimized Assembly Code:
","Given the following C code, your task is to generate highly optimized x86-64 assembly code.
C Code:

```c
#include<stdio.h>
#include<stdlib.h>
#include<math.h>

typedef long long int int64;

#define MAX(a,b) ((a)>(b)?(a):(b))
#define MIN(a,b) ((a)<(b)?(a):(b))
#define ABS(a) ((a)>(0)?(a):-(a))

void run(void){
  int n;
  scanf(""%d"",&n);
  int a[100000];
  int i;
  for(i=0;i<n;i++) scanf(""%d"",a+i);
  int dp[100001];
  for(i=1;i<=n;i++) dp[i]=(1<<30);
  dp[0]=-1;
  int max=0;
  for(i=0;i<n;i++){
    int l=0;
    int r=max+1;
    while(l+1<r){
      int m=(l+r)/2;
      if(dp[m]<a[i]){
	l=m;
      } else {
	r=m;
      }
    }
    dp[r]=a[i];
    if(r>max) max=r;
  }
  printf(""%d\n"",max);
  return;
}

int main(void){
  run();
  return 0;
}

```

Only output the optimized assembly code. Do not include any other text. Do not write any comments in the assembly code. Wrap the assembly code in ```assembly``` tags.
Optimized Assembly Code:
"
16,"```c
#include <stdio.h>
#include <string.h>
#include <stdlib.h>
#include <stdbool.h>
#include <math.h>

int main(void){

    int N;

    scanf(""%d"", &N);

    int a[N];
    int o = 0, t = 0, f = 0;

    for(int i = 0; i < N; i++){
        scanf(""%d"", &a[i]);
        if(a[i] % 4 == 0){
            f++;
        }else if(a[i] % 2 == 0){
            t++;
        }else{
            o++;
        }
    }

    if(f + 1 >= t + o){
        printf(""Yes\n"");
    }else if(o - f <= 0){
        printf(""Yes\n"");
    }else{
        printf(""No\n"");
    }

    return 0;
}```","[{""input"": ""6\n2 7 2 8 2 8\n"", ""output"": ""Yes\n""}, {""input"": ""3\n-1 1 1\n"", ""output"": ""No\n""}, {""input"": ""3\n0 4 1\n"", ""output"": ""Yes\n""}, {""input"": ""3\n2 10 100\n"", ""output"": ""Yes\n""}, {""input"": ""4\n2 2 3 4\n"", ""output"": ""Yes\n""}, {""input"": ""6\n4 7 2 8 2 8\n"", ""output"": ""Yes\n""}, {""input"": ""3\n0 1 1\n"", ""output"": ""Yes\n""}, {""input"": ""3\n0 10 100\n"", ""output"": ""Yes\n""}, {""input"": ""4\n0 2 3 4\n"", ""output"": ""Yes\n""}, {""input"": ""6\n6 7 2 8 2 8\n"", ""output"": ""Yes\n""}, {""input"": ""3\n0 11 100\n"", ""output"": ""Yes\n""}, {""input"": ""4\n0 2 3 7\n"", ""output"": ""No\n""}, {""input"": ""6\n6 7 0 8 2 8\n"", ""output"": ""Yes\n""}, {""input"": ""3\n-1 1 0\n"", ""output"": ""Yes\n""}, {""input"": ""3\n0 11 101\n"", ""output"": ""Yes\n""}, {""input"": ""6\n6 7 0 8 2 5\n"", ""output"": ""Yes\n""}, {""input"": ""3\n-1 0 0\n"", ""output"": ""Yes\n""}, {""input"": ""3\n0 11 111\n"", ""output"": ""Yes\n""}, {""input"": ""6\n6 7 0 8 2 9\n"", ""output"": ""Yes\n""}, {""input"": ""3\n-1 -1 0\n"", ""output"": ""Yes\n""}, {""input"": ""3\n0 14 111\n"", ""output"": ""Yes\n""}, {""input"": ""6\n6 7 0 8 3 9\n"", ""output"": ""No\n""}, {""input"": ""3\n-1 -2 0\n"", ""output"": ""Yes\n""}, {""input"": ""3\n0 14 011\n"", ""output"": ""Yes\n""}, {""input"": ""6\n6 7 0 8 4 9\n"", ""output"": ""Yes\n""}, {""input"": ""3\n-1 0 -1\n"", ""output"": ""Yes\n""}, {""input"": ""3\n0 14 010\n"", ""output"": ""Yes\n""}, {""input"": ""6\n6 7 0 8 6 9\n"", ""output"": ""Yes\n""}, {""input"": ""3\n-1 -1 -1\n"", ""output"": ""No\n""}, {""input"": ""3\n0 28 010\n"", ""output"": ""Yes\n""}, {""input"": ""6\n5 7 0 8 6 9\n"", ""output"": ""No\n""}, {""input"": ""3\n0 -1 -1\n"", ""output"": ""Yes\n""}, {""input"": ""3\n1 28 010\n"", ""output"": ""Yes\n""}, {""input"": ""6\n5 7 0 0 6 9\n"", ""output"": ""No\n""}, {""input"": ""3\n0 -1 -2\n"", ""output"": ""Yes\n""}, {""input"": ""6\n4 7 0 0 6 9\n"", ""output"": ""Yes\n""}, {""input"": ""3\n0 0 -2\n"", ""output"": ""Yes\n""}, {""input"": ""6\n4 7 0 -1 6 9\n"", ""output"": ""No\n""}, {""input"": ""3\n0 1 -2\n"", ""output"": ""Yes\n""}, {""input"": ""6\n4 7 0 -1 6 4\n"", ""output"": ""Yes\n""}, {""input"": ""3\n1 1 -2\n"", ""output"": ""No\n""}, {""input"": ""3\n1 1 -3\n"", ""output"": ""No\n""}, {""input"": ""3\n1 0 -3\n"", ""output"": ""Yes\n""}, {""input"": ""3\n1 0 -5\n"", ""output"": ""Yes\n""}, {""input"": ""3\n0 0 -5\n"", ""output"": ""Yes\n""}, {""input"": ""3\n0 0 0\n"", ""output"": ""Yes\n""}, {""input"": ""3\n0 0 1\n"", ""output"": ""Yes\n""}, {""input"": ""3\n0 1 0\n"", ""output"": ""Yes\n""}, {""input"": ""3\n1 1 0\n"", ""output"": ""Yes\n""}, {""input"": ""3\n1 2 0\n"", ""output"": ""Yes\n""}, {""input"": ""3\n0 1 2\n"", ""output"": ""Yes\n""}, {""input"": ""3\n0 0 2\n"", ""output"": ""Yes\n""}, {""input"": ""3\n0 -1 2\n"", ""output"": ""Yes\n""}, {""input"": ""3\n0 -1 3\n"", ""output"": ""Yes\n""}, {""input"": ""3\n0 -1 1\n"", ""output"": ""Yes\n""}, {""input"": ""3\n0 -1 0\n"", ""output"": ""Yes\n""}, {""input"": ""3\n1 -1 0\n"", ""output"": ""Yes\n""}, {""input"": ""3\n1 -2 0\n"", ""output"": ""Yes\n""}, {""input"": ""3\n0 -2 0\n"", ""output"": ""Yes\n""}, {""input"": ""3\n0 -3 0\n"", ""output"": ""Yes\n""}, {""input"": ""3\n1 -3 0\n"", ""output"": ""Yes\n""}, {""input"": ""3\n1 -3 -1\n"", ""output"": ""No\n""}, {""input"": ""3\n1 -5 0\n"", ""output"": ""Yes\n""}, {""input"": ""3\n1 -8 0\n"", ""output"": ""Yes\n""}, {""input"": ""3\n1 -16 0\n"", ""output"": ""Yes\n""}, {""input"": ""3\n0 -16 0\n"", ""output"": ""Yes\n""}, {""input"": ""3\n1 -16 1\n"", ""output"": ""Yes\n""}, {""input"": ""3\n1 -10 0\n"", ""output"": ""Yes\n""}, {""input"": ""3\n1 -15 0\n"", ""output"": ""Yes\n""}, {""input"": ""3\n2 -5 0\n"", ""output"": ""Yes\n""}, {""input"": ""3\n2 -5 -1\n"", ""output"": ""No\n""}, {""input"": ""3\n3 -5 -1\n"", ""output"": ""No\n""}, {""input"": ""3\n3 -8 -1\n"", ""output"": ""Yes\n""}, {""input"": ""3\n3 -4 -1\n"", ""output"": ""Yes\n""}, {""input"": ""3\n3 -4 0\n"", ""output"": ""Yes\n""}, {""input"": ""3\n1 -4 -1\n"", ""output"": ""Yes\n""}, {""input"": ""3\n1 -4 -2\n"", ""output"": ""Yes\n""}, {""input"": ""3\n1 -3 -2\n"", ""output"": ""No\n""}, {""input"": ""3\n1 -6 0\n"", ""output"": ""Yes\n""}, {""input"": ""3\n2 -6 0\n"", ""output"": ""Yes\n""}, {""input"": ""6\n2 7 1 8 4 8\n"", ""output"": ""Yes\n""}, {""input"": ""3\n1 2 1\n"", ""output"": ""No\n""}, {""input"": ""3\n1 7 100\n"", ""output"": ""Yes\n""}, {""input"": ""2\n0 0\n"", ""output"": ""Yes\n""}, {""input"": ""6\n2 7 2 12 2 8\n"", ""output"": ""Yes\n""}, {""input"": ""3\n0 4 2\n"", ""output"": ""Yes\n""}, {""input"": ""3\n2 10 110\n"", ""output"": ""Yes\n""}, {""input"": ""4\n2 2 0 4\n"", ""output"": ""Yes\n""}, {""input"": ""6\n4 7 2 8 2 10\n"", ""output"": ""Yes\n""}, {""input"": ""3\n0 -1 5\n"", ""output"": ""Yes\n""}, {""input"": ""3\n0 10 101\n"", ""output"": ""Yes\n""}, {""input"": ""6\n3 7 2 8 2 8\n"", ""output"": ""Yes\n""}, {""input"": ""3\n0 2 1\n"", ""output"": ""Yes\n""}, {""input"": ""3\n0 18 100\n"", ""output"": ""Yes\n""}, {""input"": ""4\n-1 2 3 7\n"", ""output"": ""No\n""}, {""input"": ""6\n6 7 0 8 0 8\n"", ""output"": ""Yes\n""}, {""input"": ""3\n-1 1 -1\n"", ""output"": ""No\n""}, {""input"": ""3\n0 22 101\n"", ""output"": ""Yes\n""}, {""input"": ""6\n6 7 0 8 3 5\n"", ""output"": ""No\n""}, {""input"": ""3\n-2 1 0\n"", ""output"": ""Yes\n""}, {""input"": ""2\n1 1\n"", ""output"": ""No\n""}, {""input"": ""6\n2 7 1 8 2 8\n"", ""output"": ""Yes\n""}, {""input"": ""3\n1 10 100\n"", ""output"": ""Yes\n""}, {""input"": ""4\n1 2 3 4\n"", ""output"": ""No\n""}, {""input"": ""3\n1 10 100\n"", ""output"": ""Yes\n""}, {""input"": ""3\n1 4 1\n"", ""output"": ""Yes\n""}]","Given the following C code and assembly code, your task is to generate highly optimized x86-64 assembly code.
C Code:

```c
#include <stdio.h>
#include <string.h>
#include <stdlib.h>
#include <stdbool.h>
#include <math.h>

int main(void){

    int N;

    scanf(""%d"", &N);

    int a[N];
    int o = 0, t = 0, f = 0;

    for(int i = 0; i < N; i++){
        scanf(""%d"", &a[i]);
        if(a[i] % 4 == 0){
            f++;
        }else if(a[i] % 2 == 0){
            t++;
        }else{
            o++;
        }
    }

    if(f + 1 >= t + o){
        printf(""Yes\n"");
    }else if(o - f <= 0){
        printf(""Yes\n"");
    }else{
        printf(""No\n"");
    }

    return 0;
}```

Assembly Code:

```assembly
	.file	""temp.c""
	.text
	.section	.rodata.str1.1,""aMS"",@progbits,1
.LC0:
	.string	""%d""
.LC1:
	.string	""Yes""
.LC2:
	.string	""No""
	.section	.text.startup,""ax"",@progbits
	.p2align 4
	.globl	main
	.type	main, @function
main:
.LFB51:
	.cfi_startproc
	endbr64
	pushq	%rbp
	.cfi_def_cfa_offset 16
	.cfi_offset 6, -16
	movq	%rsp, %rbp
	.cfi_def_cfa_register 6
	pushq	%r15
	pushq	%r14
	leaq	-60(%rbp), %rsi
	pushq	%r13
	.cfi_offset 15, -24
	.cfi_offset 14, -32
	.cfi_offset 13, -40
	leaq	.LC0(%rip), %r13
	pushq	%r12
	movq	%r13, %rdi
	pushq	%rbx
	subq	$40, %rsp
	.cfi_offset 12, -48
	.cfi_offset 3, -56
	movq	%fs:40, %rax
	movq	%rax, -56(%rbp)
	xorl	%eax, %eax
	call	__isoc99_scanf@PLT
	movslq	-60(%rbp), %rax
	movq	%rsp, %rsi
	movq	%rax, %rcx
	leaq	15(,%rax,4), %rax
	movq	%rax, %rdx
	andq	$-4096, %rax
	subq	%rax, %rsi
	andq	$-16, %rdx
	cmpq	%rsi, %rsp
	je	.L3
.L22:
	subq	$4096, %rsp
	orq	$0, 4088(%rsp)
	cmpq	%rsi, %rsp
	jne	.L22
.L3:
	andl	$4095, %edx
	subq	%rdx, %rsp
	testq	%rdx, %rdx
	jne	.L23
.L4:
	movq	%rsp, %rbx
	testl	%ecx, %ecx
	jle	.L6
	movl	$0, -68(%rbp)
	xorl	%r14d, %r14d
	xorl	%r12d, %r12d
	xorl	%r15d, %r15d
	jmp	.L10
	.p2align 4,,10
	.p2align 3
.L25:
	addl	$1, %r12d
.L8:
	addl	$1, %r14d
	addq	$4, %rbx
	cmpl	%r14d, -60(%rbp)
	jle	.L24
.L10:
	movq	%rbx, %rsi
	movq	%r13, %rdi
	xorl	%eax, %eax
	call	__isoc99_scanf@PLT
	movl	(%rbx), %eax
	testb	$3, %al
	je	.L25
	testb	$1, %al
	jne	.L9
	addl	$1, -68(%rbp)
	addl	$1, %r14d
	addq	$4, %rbx
	cmpl	%r14d, -60(%rbp)
	jg	.L10
.L24:
	movl	-68(%rbp), %r14d
	leal	1(%r12), %eax
	addl	%r15d, %r14d
	cmpl	%r14d, %eax
	jge	.L6
	cmpl	%r12d, %r15d
	jle	.L6
	leaq	.LC2(%rip), %rdi
	call	puts@PLT
.L13:
	movq	-56(%rbp), %rax
	subq	%fs:40, %rax
	jne	.L26
	leaq	-40(%rbp), %rsp
	xorl	%eax, %eax
	popq	%rbx
	popq	%r12
	popq	%r13
	popq	%r14
	popq	%r15
	popq	%rbp
	.cfi_remember_state
	.cfi_def_cfa 7, 8
	ret
	.p2align 4,,10
	.p2align 3
.L9:
	.cfi_restore_state
	addl	$1, %r15d
	jmp	.L8
.L6:
	leaq	.LC1(%rip), %rdi
	call	puts@PLT
	jmp	.L13
.L23:
	orq	$0, -8(%rsp,%rdx)
	jmp	.L4
.L26:
	call	__stack_chk_fail@PLT
	.cfi_endproc
.LFE51:
	.size	main, .-main
	.ident	""GCC: (Ubuntu 11.4.0-1ubuntu1~22.04) 11.4.0""
	.section	.note.GNU-stack,"""",@progbits
	.section	.note.gnu.property,""a""
	.align 8
	.long	1f - 0f
	.long	4f - 1f
	.long	5
0:
	.string	""GNU""
1:
	.align 8
	.long	0xc0000002
	.long	3f - 2f
2:
	.long	0x3
3:
	.align 8
4:
```

Only output the optimized assembly code. Do not include any other text. Do not write any comments in the assembly code. Wrap the assembly code in ```assembly``` tags.
Optimized Assembly Code:
","Given the following C code, your task is to generate highly optimized x86-64 assembly code.
C Code:

```c
#include <stdio.h>
#include <string.h>
#include <stdlib.h>
#include <stdbool.h>
#include <math.h>

int main(void){

    int N;

    scanf(""%d"", &N);

    int a[N];
    int o = 0, t = 0, f = 0;

    for(int i = 0; i < N; i++){
        scanf(""%d"", &a[i]);
        if(a[i] % 4 == 0){
            f++;
        }else if(a[i] % 2 == 0){
            t++;
        }else{
            o++;
        }
    }

    if(f + 1 >= t + o){
        printf(""Yes\n"");
    }else if(o - f <= 0){
        printf(""Yes\n"");
    }else{
        printf(""No\n"");
    }

    return 0;
}```

Only output the optimized assembly code. Do not include any other text. Do not write any comments in the assembly code. Wrap the assembly code in ```assembly``` tags.
Optimized Assembly Code:
"
17,"```c
#include<stdio.h>

int main(void){
  int A,B,C,D,count;
  scanf(""%d %d %d %d"",&A,&B,&C,&D);
  do{
    C-=B;
    if(C<=0){
      count=1;
      break;
    }
    A-=D;
    if(A<=0){
      count=0;
      break;
    }
  }while(A>0&&C>0);
  
  if(count)
    printf(""Yes"");
  else
    printf(""No"");
  
  return 0;
}```","[{""input"": ""46 4 4 5\n"", ""output"": ""Yes""}, {""input"": ""10 9 13 10\n"", ""output"": ""No""}, {""input"": ""64 4 4 5\n"", ""output"": ""Yes""}, {""input"": ""5 9 13 10\n"", ""output"": ""No""}, {""input"": ""64 8 4 5\n"", ""output"": ""Yes""}, {""input"": ""5 9 3 10\n"", ""output"": ""Yes""}, {""input"": ""54 8 4 5\n"", ""output"": ""Yes""}, {""input"": ""5 13 3 10\n"", ""output"": ""Yes""}, {""input"": ""54 8 2 5\n"", ""output"": ""Yes""}, {""input"": ""5 14 3 10\n"", ""output"": ""Yes""}, {""input"": ""54 6 2 5\n"", ""output"": ""Yes""}, {""input"": ""5 14 3 12\n"", ""output"": ""Yes""}, {""input"": ""54 6 0 5\n"", ""output"": ""Yes""}, {""input"": ""7 14 3 12\n"", ""output"": ""Yes""}, {""input"": ""79 6 0 5\n"", ""output"": ""Yes""}, {""input"": ""7 14 1 12\n"", ""output"": ""Yes""}, {""input"": ""79 6 0 10\n"", ""output"": ""Yes""}, {""input"": ""7 7 1 12\n"", ""output"": ""Yes""}, {""input"": ""79 6 1 10\n"", ""output"": ""Yes""}, {""input"": ""7 7 0 12\n"", ""output"": ""Yes""}, {""input"": ""79 8 1 10\n"", ""output"": ""Yes""}, {""input"": ""4 7 0 12\n"", ""output"": ""Yes""}, {""input"": ""91 8 1 10\n"", ""output"": ""Yes""}, {""input"": ""117 8 1 10\n"", ""output"": ""Yes""}, {""input"": ""117 8 1 17\n"", ""output"": ""Yes""}, {""input"": ""139 8 1 17\n"", ""output"": ""Yes""}, {""input"": ""139 8 2 17\n"", ""output"": ""Yes""}, {""input"": ""139 8 4 17\n"", ""output"": ""Yes""}, {""input"": ""223 8 4 17\n"", ""output"": ""Yes""}, {""input"": ""366 8 4 17\n"", ""output"": ""Yes""}, {""input"": ""366 8 4 7\n"", ""output"": ""Yes""}, {""input"": ""350 8 4 7\n"", ""output"": ""Yes""}, {""input"": ""350 8 4 2\n"", ""output"": ""Yes""}, {""input"": ""309 8 4 2\n"", ""output"": ""Yes""}, {""input"": ""309 8 3 2\n"", ""output"": ""Yes""}, {""input"": ""309 8 0 2\n"", ""output"": ""Yes""}, {""input"": ""309 8 0 1\n"", ""output"": ""Yes""}, {""input"": ""172 8 0 1\n"", ""output"": ""Yes""}, {""input"": ""153 8 0 1\n"", ""output"": ""Yes""}, {""input"": ""153 13 0 1\n"", ""output"": ""Yes""}, {""input"": ""153 13 0 2\n"", ""output"": ""Yes""}, {""input"": ""153 10 0 2\n"", ""output"": ""Yes""}, {""input"": ""153 14 0 2\n"", ""output"": ""Yes""}, {""input"": ""153 14 0 3\n"", ""output"": ""Yes""}, {""input"": ""153 14 0 1\n"", ""output"": ""Yes""}, {""input"": ""153 20 0 2\n"", ""output"": ""Yes""}, {""input"": ""280 20 0 2\n"", ""output"": ""Yes""}, {""input"": ""280 20 0 3\n"", ""output"": ""Yes""}, {""input"": ""263 20 0 3\n"", ""output"": ""Yes""}, {""input"": ""263 23 0 3\n"", ""output"": ""Yes""}, {""input"": ""263 11 0 3\n"", ""output"": ""Yes""}, {""input"": ""364 11 0 3\n"", ""output"": ""Yes""}, {""input"": ""364 11 1 3\n"", ""output"": ""Yes""}, {""input"": ""364 7 1 3\n"", ""output"": ""Yes""}, {""input"": ""364 7 0 3\n"", ""output"": ""Yes""}, {""input"": ""364 4 0 3\n"", ""output"": ""Yes""}, {""input"": ""364 4 -1 3\n"", ""output"": ""Yes""}, {""input"": ""34 4 40 5\n"", ""output"": ""No""}, {""input"": ""10 9 9 10\n"", ""output"": ""Yes""}, {""input"": ""46 4 4 6\n"", ""output"": ""Yes""}, {""input"": ""10 9 3 10\n"", ""output"": ""Yes""}, {""input"": ""64 5 4 5\n"", ""output"": ""Yes""}, {""input"": ""64 8 4 1\n"", ""output"": ""Yes""}, {""input"": ""6 9 3 10\n"", ""output"": ""Yes""}, {""input"": ""54 8 4 3\n"", ""output"": ""Yes""}, {""input"": ""5 13 3 19\n"", ""output"": ""Yes""}, {""input"": ""74 8 2 5\n"", ""output"": ""Yes""}, {""input"": ""5 14 3 8\n"", ""output"": ""Yes""}, {""input"": ""2 14 3 12\n"", ""output"": ""Yes""}, {""input"": ""7 14 3 18\n"", ""output"": ""Yes""}, {""input"": ""33 6 0 5\n"", ""output"": ""Yes""}, {""input"": ""55 6 0 10\n"", ""output"": ""Yes""}, {""input"": ""7 7 1 22\n"", ""output"": ""Yes""}, {""input"": ""79 1 1 10\n"", ""output"": ""Yes""}, {""input"": ""7 13 0 12\n"", ""output"": ""Yes""}, {""input"": ""79 11 1 10\n"", ""output"": ""Yes""}, {""input"": ""6 7 0 12\n"", ""output"": ""Yes""}, {""input"": ""91 8 2 10\n"", ""output"": ""Yes""}, {""input"": ""117 7 1 10\n"", ""output"": ""Yes""}, {""input"": ""172 8 1 17\n"", ""output"": ""Yes""}, {""input"": ""227 8 1 17\n"", ""output"": ""Yes""}, {""input"": ""145 8 2 17\n"", ""output"": ""Yes""}, {""input"": ""139 11 4 17\n"", ""output"": ""Yes""}, {""input"": ""223 8 6 17\n"", ""output"": ""Yes""}, {""input"": ""366 15 4 17\n"", ""output"": ""Yes""}, {""input"": ""214 8 4 7\n"", ""output"": ""Yes""}, {""input"": ""350 16 4 7\n"", ""output"": ""Yes""}, {""input"": ""350 2 4 2\n"", ""output"": ""Yes""}, {""input"": ""309 8 4 1\n"", ""output"": ""Yes""}, {""input"": ""309 8 0 4\n"", ""output"": ""Yes""}, {""input"": ""562 8 0 2\n"", ""output"": ""Yes""}, {""input"": ""309 8 1 1\n"", ""output"": ""Yes""}, {""input"": ""172 8 0 2\n"", ""output"": ""Yes""}, {""input"": ""43 8 0 1\n"", ""output"": ""Yes""}, {""input"": ""153 26 0 1\n"", ""output"": ""Yes""}, {""input"": ""218 13 0 2\n"", ""output"": ""Yes""}, {""input"": ""153 10 1 2\n"", ""output"": ""Yes""}, {""input"": ""289 14 0 2\n"", ""output"": ""Yes""}, {""input"": ""237 14 0 1\n"", ""output"": ""Yes""}, {""input"": ""220 14 0 2\n"", ""output"": ""Yes""}, {""input"": ""46 4 40 5\n"", ""output"": ""Yes""}, {""input"": ""10 9 10 10\n"", ""output"": ""No""}, {""input"": ""10 9 10 10\n"", ""output"": ""No""}]","Given the following C code and assembly code, your task is to generate highly optimized x86-64 assembly code.
C Code:

```c
#include<stdio.h>

int main(void){
  int A,B,C,D,count;
  scanf(""%d %d %d %d"",&A,&B,&C,&D);
  do{
    C-=B;
    if(C<=0){
      count=1;
      break;
    }
    A-=D;
    if(A<=0){
      count=0;
      break;
    }
  }while(A>0&&C>0);
  
  if(count)
    printf(""Yes"");
  else
    printf(""No"");
  
  return 0;
}```

Assembly Code:

```assembly
	.file	""temp.c""
	.text
	.section	.rodata.str1.1,""aMS"",@progbits,1
.LC0:
	.string	""%d %d %d %d""
.LC1:
	.string	""No""
.LC2:
	.string	""Yes""
	.section	.text.startup,""ax"",@progbits
	.p2align 4
	.globl	main
	.type	main, @function
main:
.LFB23:
	.cfi_startproc
	endbr64
	subq	$40, %rsp
	.cfi_def_cfa_offset 48
	leaq	.LC0(%rip), %rdi
	movq	%fs:40, %rax
	movq	%rax, 24(%rsp)
	xorl	%eax, %eax
	leaq	16(%rsp), %rcx
	leaq	12(%rsp), %rdx
	leaq	8(%rsp), %rsi
	leaq	20(%rsp), %r8
	call	__isoc99_scanf@PLT
	movl	12(%rsp), %ecx
	movl	16(%rsp), %eax
	xorl	%esi, %esi
	movl	8(%rsp), %edx
	movl	20(%rsp), %r8d
	subl	%ecx, %eax
	jmp	.L4
	.p2align 4,,10
	.p2align 3
.L15:
	subl	%r8d, %edx
	subl	%ecx, %eax
	movl	$1, %esi
	testl	%edx, %edx
	jle	.L14
.L4:
	movl	%eax, %edi
	testl	%eax, %eax
	jg	.L15
	movl	%eax, 16(%rsp)
	testb	%sil, %sil
	je	.L6
	movl	%edx, 8(%rsp)
.L6:
	leaq	.LC2(%rip), %rsi
	movl	$1, %edi
	xorl	%eax, %eax
	call	__printf_chk@PLT
.L5:
	movq	24(%rsp), %rax
	subq	%fs:40, %rax
	jne	.L16
	xorl	%eax, %eax
	addq	$40, %rsp
	.cfi_remember_state
	.cfi_def_cfa_offset 8
	ret
.L14:
	.cfi_restore_state
	movl	%edi, 16(%rsp)
	leaq	.LC1(%rip), %rsi
	movl	$1, %edi
	xorl	%eax, %eax
	movl	%edx, 8(%rsp)
	call	__printf_chk@PLT
	jmp	.L5
.L16:
	call	__stack_chk_fail@PLT
	.cfi_endproc
.LFE23:
	.size	main, .-main
	.ident	""GCC: (Ubuntu 11.4.0-1ubuntu1~22.04) 11.4.0""
	.section	.note.GNU-stack,"""",@progbits
	.section	.note.gnu.property,""a""
	.align 8
	.long	1f - 0f
	.long	4f - 1f
	.long	5
0:
	.string	""GNU""
1:
	.align 8
	.long	0xc0000002
	.long	3f - 2f
2:
	.long	0x3
3:
	.align 8
4:
```

Only output the optimized assembly code. Do not include any other text. Do not write any comments in the assembly code. Wrap the assembly code in ```assembly``` tags.
Optimized Assembly Code:
","Given the following C code, your task is to generate highly optimized x86-64 assembly code.
C Code:

```c
#include<stdio.h>

int main(void){
  int A,B,C,D,count;
  scanf(""%d %d %d %d"",&A,&B,&C,&D);
  do{
    C-=B;
    if(C<=0){
      count=1;
      break;
    }
    A-=D;
    if(A<=0){
      count=0;
      break;
    }
  }while(A>0&&C>0);
  
  if(count)
    printf(""Yes"");
  else
    printf(""No"");
  
  return 0;
}```

Only output the optimized assembly code. Do not include any other text. Do not write any comments in the assembly code. Wrap the assembly code in ```assembly``` tags.
Optimized Assembly Code:
"
18,"```c
#include<stdio.h>
#define MAX 100000

int X[MAX],num;

int partition(int p,int r){
  int y,i,j,m;
  y = X[r];
  i = p-1;
  for(j=p;j<r;j++){
    if(X[j] <= y){
      i++;
      m = X[i];
      X[i] = X[j];
      X[j] = m;
    }
  }
  m= X[i+1];
  X[i + 1] = X[r];
  X[r] =m;
  return i+1;
}

int main(){
  int i,q;

  scanf(""%d"",&num);
  for(i=0;i<num;i++){
    scanf(""%d"",&X[i]);
  }

  q= partition(0,num-1);

  for(i=0;i<num;i++){
    if(i){
      printf("" "");
    }
    if(i == q){
      printf(""["");
    }
    printf(""%d"",X[i]);
    if(i==q){
      printf(""]"");
    }
  }
    printf(""\n"");

    return 0;
  }
		  

```","[{""input"": ""12\n13 19 9 5 12 8 7 4 21 2 10 11\n"", ""output"": ""9 5 8 7 4 2 10 [11] 21 13 19 12\n""}, {""input"": ""12\n13 19 9 5 12 8 7 4 21 2 10 18\n"", ""output"": ""13 9 5 12 8 7 4 2 10 [18] 21 19\n""}, {""input"": ""12\n13 19 9 5 12 8 7 4 21 0 10 18\n"", ""output"": ""13 9 5 12 8 7 4 0 10 [18] 21 19\n""}, {""input"": ""12\n13 19 9 5 12 8 7 4 37 0 10 18\n"", ""output"": ""13 9 5 12 8 7 4 0 10 [18] 37 19\n""}, {""input"": ""12\n13 19 9 5 12 8 7 4 13 0 10 18\n"", ""output"": ""13 9 5 12 8 7 4 13 0 10 [18] 19\n""}, {""input"": ""12\n25 19 9 5 12 8 7 4 13 0 10 18\n"", ""output"": ""9 5 12 8 7 4 13 0 10 [18] 25 19\n""}, {""input"": ""12\n25 19 9 5 12 8 7 4 13 -1 10 18\n"", ""output"": ""9 5 12 8 7 4 13 -1 10 [18] 25 19\n""}, {""input"": ""12\n25 19 9 9 12 8 7 4 13 -1 10 18\n"", ""output"": ""9 9 12 8 7 4 13 -1 10 [18] 25 19\n""}, {""input"": ""12\n25 19 9 9 12 8 7 4 13 -1 10 22\n"", ""output"": ""19 9 9 12 8 7 4 13 -1 10 [22] 25\n""}, {""input"": ""12\n23 19 9 9 12 8 7 4 13 -1 10 22\n"", ""output"": ""19 9 9 12 8 7 4 13 -1 10 [22] 23\n""}, {""input"": ""12\n25 19 9 6 12 8 7 4 13 -1 10 22\n"", ""output"": ""19 9 6 12 8 7 4 13 -1 10 [22] 25\n""}, {""input"": ""12\n40 19 9 6 12 8 7 4 13 -1 10 22\n"", ""output"": ""19 9 6 12 8 7 4 13 -1 10 [22] 40\n""}, {""input"": ""12\n40 19 9 6 12 8 8 4 13 -1 10 22\n"", ""output"": ""19 9 6 12 8 8 4 13 -1 10 [22] 40\n""}, {""input"": ""12\n40 19 9 1 12 8 8 4 13 -1 10 22\n"", ""output"": ""19 9 1 12 8 8 4 13 -1 10 [22] 40\n""}, {""input"": ""12\n40 19 9 1 12 8 8 4 21 -1 10 22\n"", ""output"": ""19 9 1 12 8 8 4 21 -1 10 [22] 40\n""}, {""input"": ""12\n40 19 9 1 12 8 8 4 21 0 10 22\n"", ""output"": ""19 9 1 12 8 8 4 21 0 10 [22] 40\n""}, {""input"": ""12\n40 19 6 1 12 8 8 4 21 0 10 22\n"", ""output"": ""19 6 1 12 8 8 4 21 0 10 [22] 40\n""}, {""input"": ""12\n40 19 6 1 12 8 8 2 21 0 10 22\n"", ""output"": ""19 6 1 12 8 8 2 21 0 10 [22] 40\n""}, {""input"": ""12\n40 19 6 1 12 8 8 2 21 1 10 22\n"", ""output"": ""19 6 1 12 8 8 2 21 1 10 [22] 40\n""}, {""input"": ""12\n40 19 6 1 12 8 0 2 21 1 10 22\n"", ""output"": ""19 6 1 12 8 0 2 21 1 10 [22] 40\n""}, {""input"": ""12\n40 19 6 1 12 8 0 3 21 1 10 22\n"", ""output"": ""19 6 1 12 8 0 3 21 1 10 [22] 40\n""}, {""input"": ""12\n40 19 6 1 12 8 0 5 21 1 10 22\n"", ""output"": ""19 6 1 12 8 0 5 21 1 10 [22] 40\n""}, {""input"": ""12\n40 19 6 1 12 7 0 5 21 1 10 22\n"", ""output"": ""19 6 1 12 7 0 5 21 1 10 [22] 40\n""}, {""input"": ""12\n40 19 6 1 12 7 0 5 21 0 10 22\n"", ""output"": ""19 6 1 12 7 0 5 21 0 10 [22] 40\n""}, {""input"": ""12\n40 19 6 1 12 7 0 5 21 -1 10 22\n"", ""output"": ""19 6 1 12 7 0 5 21 -1 10 [22] 40\n""}, {""input"": ""12\n40 19 6 2 12 7 0 5 21 -1 10 22\n"", ""output"": ""19 6 2 12 7 0 5 21 -1 10 [22] 40\n""}, {""input"": ""12\n40 19 12 2 12 7 0 5 21 -1 10 22\n"", ""output"": ""19 12 2 12 7 0 5 21 -1 10 [22] 40\n""}, {""input"": ""12\n40 19 12 2 12 7 0 5 21 -1 1 22\n"", ""output"": ""19 12 2 12 7 0 5 21 -1 1 [22] 40\n""}, {""input"": ""12\n40 19 12 2 12 7 0 5 21 -1 1 37\n"", ""output"": ""19 12 2 12 7 0 5 21 -1 1 [37] 40\n""}, {""input"": ""12\n40 19 12 2 12 11 0 5 21 -1 1 37\n"", ""output"": ""19 12 2 12 11 0 5 21 -1 1 [37] 40\n""}, {""input"": ""12\n40 19 22 2 12 11 0 5 21 -1 1 37\n"", ""output"": ""19 22 2 12 11 0 5 21 -1 1 [37] 40\n""}, {""input"": ""12\n40 19 22 2 12 11 1 5 21 -1 1 37\n"", ""output"": ""19 22 2 12 11 1 5 21 -1 1 [37] 40\n""}, {""input"": ""12\n40 19 22 2 3 11 1 5 21 -1 1 37\n"", ""output"": ""19 22 2 3 11 1 5 21 -1 1 [37] 40\n""}, {""input"": ""12\n38 19 22 2 3 11 1 5 21 -1 1 37\n"", ""output"": ""19 22 2 3 11 1 5 21 -1 1 [37] 38\n""}, {""input"": ""12\n38 19 22 2 3 11 1 5 22 -1 1 37\n"", ""output"": ""19 22 2 3 11 1 5 22 -1 1 [37] 38\n""}, {""input"": ""12\n38 18 22 2 3 11 1 5 22 -1 1 37\n"", ""output"": ""18 22 2 3 11 1 5 22 -1 1 [37] 38\n""}, {""input"": ""12\n13 19 9 5 12 10 7 4 21 2 6 11\n"", ""output"": ""9 5 10 7 4 2 6 [11] 21 13 19 12\n""}, {""input"": ""12\n13 19 9 5 12 8 7 2 21 2 10 11\n"", ""output"": ""9 5 8 7 2 2 10 [11] 21 13 19 12\n""}, {""input"": ""12\n13 19 9 5 12 8 7 4 21 4 10 18\n"", ""output"": ""13 9 5 12 8 7 4 4 10 [18] 21 19\n""}, {""input"": ""12\n13 19 9 5 12 8 7 4 21 0 2 18\n"", ""output"": ""13 9 5 12 8 7 4 0 2 [18] 21 19\n""}, {""input"": ""12\n13 19 9 5 12 8 7 4 40 0 10 18\n"", ""output"": ""13 9 5 12 8 7 4 0 10 [18] 40 19\n""}, {""input"": ""12\n13 19 9 5 12 8 7 4 13 0 6 18\n"", ""output"": ""13 9 5 12 8 7 4 13 0 6 [18] 19\n""}, {""input"": ""12\n25 19 9 5 12 8 7 4 17 0 10 18\n"", ""output"": ""9 5 12 8 7 4 17 0 10 [18] 25 19\n""}, {""input"": ""12\n25 19 9 5 12 10 7 4 13 -1 10 18\n"", ""output"": ""9 5 12 10 7 4 13 -1 10 [18] 25 19\n""}, {""input"": ""12\n47 19 9 9 12 8 7 4 13 -1 10 18\n"", ""output"": ""9 9 12 8 7 4 13 -1 10 [18] 47 19\n""}, {""input"": ""12\n25 19 9 9 14 8 7 4 13 -1 10 22\n"", ""output"": ""19 9 9 14 8 7 4 13 -1 10 [22] 25\n""}, {""input"": ""12\n23 19 9 9 23 8 7 4 13 -1 10 22\n"", ""output"": ""19 9 9 8 7 4 13 -1 10 [22] 23 23\n""}, {""input"": ""12\n25 19 9 6 12 6 7 4 13 -1 10 22\n"", ""output"": ""19 9 6 12 6 7 4 13 -1 10 [22] 25\n""}, {""input"": ""12\n40 19 9 6 12 8 7 4 25 -1 10 22\n"", ""output"": ""19 9 6 12 8 7 4 -1 10 [22] 25 40\n""}, {""input"": ""12\n40 19 9 6 17 8 8 4 13 -1 10 22\n"", ""output"": ""19 9 6 17 8 8 4 13 -1 10 [22] 40\n""}, {""input"": ""12\n40 10 9 1 12 8 8 4 13 -1 10 22\n"", ""output"": ""10 9 1 12 8 8 4 13 -1 10 [22] 40\n""}, {""input"": ""12\n40 19 9 2 12 8 8 4 21 -1 10 22\n"", ""output"": ""19 9 2 12 8 8 4 21 -1 10 [22] 40\n""}, {""input"": ""12\n40 19 9 1 12 8 8 6 21 0 10 22\n"", ""output"": ""19 9 1 12 8 8 6 21 0 10 [22] 40\n""}, {""input"": ""12\n40 19 6 1 12 8 8 2 36 0 10 22\n"", ""output"": ""19 6 1 12 8 8 2 0 10 [22] 36 40\n""}, {""input"": ""12\n40 19 6 1 12 8 12 2 21 1 10 22\n"", ""output"": ""19 6 1 12 8 12 2 21 1 10 [22] 40\n""}, {""input"": ""12\n40 19 6 1 12 8 0 2 21 2 10 22\n"", ""output"": ""19 6 1 12 8 0 2 21 2 10 [22] 40\n""}, {""input"": ""12\n40 19 6 1 12 8 0 3 21 0 10 22\n"", ""output"": ""19 6 1 12 8 0 3 21 0 10 [22] 40\n""}, {""input"": ""12\n71 19 6 1 12 8 0 5 21 1 10 22\n"", ""output"": ""19 6 1 12 8 0 5 21 1 10 [22] 71\n""}, {""input"": ""12\n40 19 6 1 12 7 0 5 21 1 10 30\n"", ""output"": ""19 6 1 12 7 0 5 21 1 10 [30] 40\n""}, {""input"": ""12\n26 19 6 1 12 7 0 5 21 -1 10 22\n"", ""output"": ""19 6 1 12 7 0 5 21 -1 10 [22] 26\n""}, {""input"": ""12\n74 19 6 2 12 7 0 5 21 -1 10 22\n"", ""output"": ""19 6 2 12 7 0 5 21 -1 10 [22] 74\n""}, {""input"": ""12\n40 19 12 2 12 7 1 5 21 -1 10 22\n"", ""output"": ""19 12 2 12 7 1 5 21 -1 10 [22] 40\n""}, {""input"": ""12\n40 19 12 2 12 7 0 5 21 -2 1 22\n"", ""output"": ""19 12 2 12 7 0 5 21 -2 1 [22] 40\n""}, {""input"": ""12\n40 19 12 2 12 7 0 4 21 -1 1 37\n"", ""output"": ""19 12 2 12 7 0 4 21 -1 1 [37] 40\n""}, {""input"": ""12\n40 30 12 2 12 11 0 5 21 -1 1 37\n"", ""output"": ""30 12 2 12 11 0 5 21 -1 1 [37] 40\n""}, {""input"": ""12\n63 19 22 2 12 11 0 5 21 -1 1 37\n"", ""output"": ""19 22 2 12 11 0 5 21 -1 1 [37] 63\n""}, {""input"": ""12\n40 19 22 2 12 11 1 5 5 -1 1 37\n"", ""output"": ""19 22 2 12 11 1 5 5 -1 1 [37] 40\n""}, {""input"": ""12\n40 19 22 1 3 11 1 5 21 -1 1 37\n"", ""output"": ""19 22 1 3 11 1 5 21 -1 1 [37] 40\n""}, {""input"": ""12\n38 19 22 2 3 11 1 5 21 -1 1 13\n"", ""output"": ""2 3 11 1 5 -1 1 [13] 21 22 38 19\n""}, {""input"": ""12\n38 19 22 2 3 11 1 5 38 -1 1 37\n"", ""output"": ""19 22 2 3 11 1 5 -1 1 [37] 38 38\n""}, {""input"": ""12\n38 18 22 2 3 20 1 5 22 -1 1 37\n"", ""output"": ""18 22 2 3 20 1 5 22 -1 1 [37] 38\n""}, {""input"": ""12\n13 19 9 3 12 10 7 4 21 2 6 11\n"", ""output"": ""9 3 10 7 4 2 6 [11] 21 13 19 12\n""}, {""input"": ""12\n13 19 9 5 12 8 7 2 36 2 10 11\n"", ""output"": ""9 5 8 7 2 2 10 [11] 36 13 19 12\n""}, {""input"": ""12\n8 19 9 5 12 8 7 4 21 4 10 18\n"", ""output"": ""8 9 5 12 8 7 4 4 10 [18] 21 19\n""}, {""input"": ""12\n13 19 9 5 12 8 7 4 21 -1 2 18\n"", ""output"": ""13 9 5 12 8 7 4 -1 2 [18] 21 19\n""}, {""input"": ""12\n13 19 9 5 12 8 7 4 40 0 10 1\n"", ""output"": ""0 [1] 9 5 12 8 7 4 40 13 10 19\n""}, {""input"": ""12\n13 19 9 5 12 8 7 4 13 0 6 3\n"", ""output"": ""0 [3] 9 5 12 8 7 4 13 13 6 19\n""}, {""input"": ""12\n25 38 9 5 12 8 7 4 17 0 10 18\n"", ""output"": ""9 5 12 8 7 4 17 0 10 [18] 25 38\n""}, {""input"": ""12\n25 19 9 5 12 10 7 2 13 -1 10 18\n"", ""output"": ""9 5 12 10 7 2 13 -1 10 [18] 25 19\n""}, {""input"": ""12\n47 19 9 9 12 8 7 7 13 -1 10 18\n"", ""output"": ""9 9 12 8 7 7 13 -1 10 [18] 47 19\n""}, {""input"": ""12\n25 3 9 9 14 8 7 4 13 -1 10 22\n"", ""output"": ""3 9 9 14 8 7 4 13 -1 10 [22] 25\n""}, {""input"": ""12\n23 19 9 9 23 8 10 4 13 -1 10 22\n"", ""output"": ""19 9 9 8 10 4 13 -1 10 [22] 23 23\n""}, {""input"": ""12\n25 19 9 6 12 6 7 4 25 -1 10 22\n"", ""output"": ""19 9 6 12 6 7 4 -1 10 [22] 25 25\n""}, {""input"": ""12\n40 19 9 1 12 8 7 4 25 -1 10 22\n"", ""output"": ""19 9 1 12 8 7 4 -1 10 [22] 25 40\n""}, {""input"": ""12\n32 19 9 6 17 8 8 4 13 -1 10 22\n"", ""output"": ""19 9 6 17 8 8 4 13 -1 10 [22] 32\n""}, {""input"": ""12\n40 10 9 1 12 8 11 4 13 -1 10 22\n"", ""output"": ""10 9 1 12 8 11 4 13 -1 10 [22] 40\n""}, {""input"": ""12\n40 19 9 2 12 8 8 1 21 -1 10 22\n"", ""output"": ""19 9 2 12 8 8 1 21 -1 10 [22] 40\n""}, {""input"": ""12\n40 19 9 1 12 8 8 6 21 0 10 1\n"", ""output"": ""1 0 [1] 40 12 8 8 6 21 19 10 9\n""}, {""input"": ""12\n40 19 12 1 12 8 8 2 36 0 10 22\n"", ""output"": ""19 12 1 12 8 8 2 0 10 [22] 36 40\n""}, {""input"": ""12\n40 19 6 1 24 8 12 2 21 1 10 22\n"", ""output"": ""19 6 1 8 12 2 21 1 10 [22] 24 40\n""}, {""input"": ""12\n40 19 6 1 12 8 0 2 21 2 4 22\n"", ""output"": ""19 6 1 12 8 0 2 21 2 4 [22] 40\n""}, {""input"": ""12\n33 19 6 1 12 8 0 3 21 0 10 22\n"", ""output"": ""19 6 1 12 8 0 3 21 0 10 [22] 33\n""}, {""input"": ""12\n71 19 9 1 12 8 0 5 21 1 10 22\n"", ""output"": ""19 9 1 12 8 0 5 21 1 10 [22] 71\n""}, {""input"": ""12\n74 19 6 2 12 7 0 5 21 -2 10 22\n"", ""output"": ""19 6 2 12 7 0 5 21 -2 10 [22] 74\n""}, {""input"": ""12\n40 19 12 2 12 7 1 5 21 -1 10 20\n"", ""output"": ""19 12 2 12 7 1 5 -1 10 [20] 21 40\n""}, {""input"": ""12\n40 19 12 2 12 7 0 5 37 -2 1 22\n"", ""output"": ""19 12 2 12 7 0 5 -2 1 [22] 37 40\n""}, {""input"": ""12\n40 19 12 2 12 0 0 4 21 -1 1 37\n"", ""output"": ""19 12 2 12 0 0 4 21 -1 1 [37] 40\n""}, {""input"": ""12\n40 22 12 2 12 11 0 5 21 -1 1 37\n"", ""output"": ""22 12 2 12 11 0 5 21 -1 1 [37] 40\n""}, {""input"": ""12\n63 19 22 2 12 11 0 5 21 -1 0 37\n"", ""output"": ""19 22 2 12 11 0 5 21 -1 0 [37] 63\n""}, {""input"": ""12\n40 19 22 1 3 11 1 3 21 -1 1 37\n"", ""output"": ""19 22 1 3 11 1 3 21 -1 1 [37] 40\n""}, {""input"": ""12\n13 19 9 5 12 8 7 4 21 2 6 11\n"", ""output"": ""9 5 8 7 4 2 6 [11] 21 13 19 12\n""}, {""input"": ""12\n13 19 9 5 12 8 7 4 21 2 6 11\n"", ""output"": ""9 5 8 7 4 2 6 [11] 21 13 19 12\n""}]","Given the following C code and assembly code, your task is to generate highly optimized x86-64 assembly code.
C Code:

```c
#include<stdio.h>
#define MAX 100000

int X[MAX],num;

int partition(int p,int r){
  int y,i,j,m;
  y = X[r];
  i = p-1;
  for(j=p;j<r;j++){
    if(X[j] <= y){
      i++;
      m = X[i];
      X[i] = X[j];
      X[j] = m;
    }
  }
  m= X[i+1];
  X[i + 1] = X[r];
  X[r] =m;
  return i+1;
}

int main(){
  int i,q;

  scanf(""%d"",&num);
  for(i=0;i<num;i++){
    scanf(""%d"",&X[i]);
  }

  q= partition(0,num-1);

  for(i=0;i<num;i++){
    if(i){
      printf("" "");
    }
    if(i == q){
      printf(""["");
    }
    printf(""%d"",X[i]);
    if(i==q){
      printf(""]"");
    }
  }
    printf(""\n"");

    return 0;
  }
		  

```

Assembly Code:

```assembly
	.file	""temp.c""
	.text
	.p2align 4
	.globl	partition
	.type	partition, @function
partition:
.LFB23:
	.cfi_startproc
	endbr64
	leaq	X(%rip), %rcx
	movslq	%esi, %r11
	leal	-1(%rdi), %r8d
	movl	(%rcx,%r11,4), %r9d
	cmpl	%edi, %esi
	jle	.L5
	subl	%edi, %esi
	movslq	%edi, %r10
	leal	-1(%rsi), %eax
	leaq	4(%rcx), %rsi
	addq	%r10, %rax
	leaq	(%rcx,%r10,4), %rdx
	leaq	(%rsi,%rax,4), %rdi
	.p2align 4,,10
	.p2align 3
.L4:
	movl	(%rdx), %eax
	cmpl	%r9d, %eax
	jg	.L3
	addl	$1, %r8d
	movslq	%r8d, %rsi
	movl	(%rcx,%rsi,4), %r10d
	movl	%eax, (%rcx,%rsi,4)
	movl	%r10d, (%rdx)
.L3:
	addq	$4, %rdx
	cmpq	%rdi, %rdx
	jne	.L4
	leal	1(%r8), %eax
	movl	(%rcx,%r11,4), %r9d
	movslq	%eax, %rdx
	movl	(%rcx,%rdx,4), %esi
	movl	%r9d, (%rcx,%rdx,4)
	movl	%esi, (%rcx,%r11,4)
	ret
	.p2align 4,,10
	.p2align 3
.L5:
	movl	%edi, %eax
	movslq	%eax, %rdx
	movl	(%rcx,%rdx,4), %esi
	movl	%r9d, (%rcx,%rdx,4)
	movl	%esi, (%rcx,%r11,4)
	ret
	.cfi_endproc
.LFE23:
	.size	partition, .-partition
	.section	.rodata.str1.1,""aMS"",@progbits,1
.LC0:
	.string	""%d""
	.section	.text.startup,""ax"",@progbits
	.p2align 4
	.globl	main
	.type	main, @function
main:
.LFB24:
	.cfi_startproc
	endbr64
	pushq	%r13
	.cfi_def_cfa_offset 16
	.cfi_offset 13, -16
	leaq	num(%rip), %rsi
	xorl	%eax, %eax
	pushq	%r12
	.cfi_def_cfa_offset 24
	.cfi_offset 12, -24
	leaq	.LC0(%rip), %r12
	pushq	%rbp
	.cfi_def_cfa_offset 32
	.cfi_offset 6, -32
	movq	%r12, %rdi
	pushq	%rbx
	.cfi_def_cfa_offset 40
	.cfi_offset 3, -40
	subq	$8, %rsp
	.cfi_def_cfa_offset 48
	call	__isoc99_scanf@PLT
	movl	num(%rip), %esi
	testl	%esi, %esi
	jle	.L9
	leaq	X(%rip), %rbp
	xorl	%ebx, %ebx
	.p2align 4,,10
	.p2align 3
.L10:
	movq	%rbp, %rsi
	movq	%r12, %rdi
	xorl	%eax, %eax
	addl	$1, %ebx
	call	__isoc99_scanf@PLT
	movl	num(%rip), %esi
	addq	$4, %rbp
	cmpl	%ebx, %esi
	jg	.L10
.L9:
	subl	$1, %esi
	xorl	%edi, %edi
	leaq	X(%rip), %r13
	xorl	%ebx, %ebx
	call	partition
	movl	%eax, %ebp
	movl	num(%rip), %eax
	testl	%eax, %eax
	jg	.L11
	jmp	.L14
	.p2align 4,,10
	.p2align 3
.L12:
	movl	0(%r13,%rbx,4), %edx
	xorl	%eax, %eax
	movq	%r12, %rsi
	movl	$1, %edi
	addq	$1, %rbx
	call	__printf_chk@PLT
	cmpl	%ebx, num(%rip)
	jle	.L14
.L13:
	movl	$32, %edi
	call	putchar@PLT
.L11:
	cmpl	%ebx, %ebp
	jne	.L12
	movl	$91, %edi
	call	putchar@PLT
	movl	0(%r13,%rbx,4), %edx
	movq	%r12, %rsi
	xorl	%eax, %eax
	movl	$1, %edi
	addq	$1, %rbx
	call	__printf_chk@PLT
	movl	$93, %edi
	call	putchar@PLT
	cmpl	%ebx, num(%rip)
	jg	.L13
.L14:
	movl	$10, %edi
	call	putchar@PLT
	addq	$8, %rsp
	.cfi_def_cfa_offset 40
	xorl	%eax, %eax
	popq	%rbx
	.cfi_def_cfa_offset 32
	popq	%rbp
	.cfi_def_cfa_offset 24
	popq	%r12
	.cfi_def_cfa_offset 16
	popq	%r13
	.cfi_def_cfa_offset 8
	ret
	.cfi_endproc
.LFE24:
	.size	main, .-main
	.globl	num
	.bss
	.align 4
	.type	num, @object
	.size	num, 4
num:
	.zero	4
	.globl	X
	.align 32
	.type	X, @object
	.size	X, 400000
X:
	.zero	400000
	.ident	""GCC: (Ubuntu 11.4.0-1ubuntu1~22.04) 11.4.0""
	.section	.note.GNU-stack,"""",@progbits
	.section	.note.gnu.property,""a""
	.align 8
	.long	1f - 0f
	.long	4f - 1f
	.long	5
0:
	.string	""GNU""
1:
	.align 8
	.long	0xc0000002
	.long	3f - 2f
2:
	.long	0x3
3:
	.align 8
4:
```

Only output the optimized assembly code. Do not include any other text. Do not write any comments in the assembly code. Wrap the assembly code in ```assembly``` tags.
Optimized Assembly Code:
","Given the following C code, your task is to generate highly optimized x86-64 assembly code.
C Code:

```c
#include<stdio.h>
#define MAX 100000

int X[MAX],num;

int partition(int p,int r){
  int y,i,j,m;
  y = X[r];
  i = p-1;
  for(j=p;j<r;j++){
    if(X[j] <= y){
      i++;
      m = X[i];
      X[i] = X[j];
      X[j] = m;
    }
  }
  m= X[i+1];
  X[i + 1] = X[r];
  X[r] =m;
  return i+1;
}

int main(){
  int i,q;

  scanf(""%d"",&num);
  for(i=0;i<num;i++){
    scanf(""%d"",&X[i]);
  }

  q= partition(0,num-1);

  for(i=0;i<num;i++){
    if(i){
      printf("" "");
    }
    if(i == q){
      printf(""["");
    }
    printf(""%d"",X[i]);
    if(i==q){
      printf(""]"");
    }
  }
    printf(""\n"");

    return 0;
  }
		  

```

Only output the optimized assembly code. Do not include any other text. Do not write any comments in the assembly code. Wrap the assembly code in ```assembly``` tags.
Optimized Assembly Code:
"
19,"```c
#include<stdio.h>
#include<stdlib.h>
#include<string.h>

int main(void) {
	int i;
	int x, y;
	int group[13];
	char buf[128], *ch;
	group[0] = 0;
	group[1] = 1;
	group[2] = 3;
	group[3] = 1;
	group[4] = 2;
	group[5] = 1;
	group[6] = 2;
	group[7] = 1;
	group[8] = 1;
	group[9] = 2;
	group[10] = 1;
	group[11] = 2;
	group[12] = 1;

	fgets(buf, sizeof(buf), stdin);
	ch = strtok(buf, "" "");
	x = atoi(ch);
	ch = strtok(NULL, "" "");
	y = atoi(ch);

	if(group[x] == group[y]) {
		printf(""Yes\n"");
	} else {
		printf(""No\n"");
	}

	return 0;
}
```","[{""input"": ""2 8\n"", ""output"": ""No\n""}, {""input"": ""1 10\n"", ""output"": ""Yes\n""}, {""input"": ""1 4\n"", ""output"": ""No\n""}, {""input"": ""2 3\n"", ""output"": ""No\n""}, {""input"": ""2 10\n"", ""output"": ""No\n""}, {""input"": ""4 3\n"", ""output"": ""No\n""}, {""input"": ""7 3\n"", ""output"": ""Yes\n""}, {""input"": ""7 6\n"", ""output"": ""No\n""}, {""input"": ""7 4\n"", ""output"": ""No\n""}, {""input"": ""7 5\n"", ""output"": ""Yes\n""}, {""input"": ""4 5\n"", ""output"": ""No\n""}, {""input"": ""1 5\n"", ""output"": ""Yes\n""}, {""input"": ""1 2\n"", ""output"": ""No\n""}, {""input"": ""0 2\n"", ""output"": ""No\n""}, {""input"": ""-1 2\n"", ""output"": ""No\n""}, {""input"": ""2 1\n"", ""output"": ""No\n""}, {""input"": ""1 1\n"", ""output"": ""Yes\n""}, {""input"": ""2 0\n"", ""output"": ""No\n""}, {""input"": ""2 6\n"", ""output"": ""No\n""}, {""input"": ""3 3\n"", ""output"": ""Yes\n""}, {""input"": ""7 1\n"", ""output"": ""Yes\n""}, {""input"": ""5 4\n"", ""output"": ""No\n""}, {""input"": ""7 10\n"", ""output"": ""Yes\n""}, {""input"": ""5 5\n"", ""output"": ""Yes\n""}, {""input"": ""2 5\n"", ""output"": ""No\n""}, {""input"": ""2 9\n"", ""output"": ""No\n""}, {""input"": ""3 6\n"", ""output"": ""No\n""}, {""input"": ""5 3\n"", ""output"": ""Yes\n""}, {""input"": ""7 12\n"", ""output"": ""Yes\n""}, {""input"": ""5 8\n"", ""output"": ""Yes\n""}, {""input"": ""3 9\n"", ""output"": ""No\n""}, {""input"": ""3 4\n"", ""output"": ""No\n""}, {""input"": ""5 2\n"", ""output"": ""No\n""}, {""input"": ""1 8\n"", ""output"": ""Yes\n""}, {""input"": ""5 10\n"", ""output"": ""Yes\n""}, {""input"": ""5 1\n"", ""output"": ""Yes\n""}, {""input"": ""3 1\n"", ""output"": ""Yes\n""}, {""input"": ""1 6\n"", ""output"": ""No\n""}, {""input"": ""8 3\n"", ""output"": ""Yes\n""}, {""input"": ""9 4\n"", ""output"": ""Yes\n""}, {""input"": ""2 7\n"", ""output"": ""No\n""}, {""input"": ""5 6\n"", ""output"": ""No\n""}, {""input"": ""4 4\n"", ""output"": ""Yes\n""}, {""input"": ""2 -1\n"", ""output"": ""No\n""}, {""input"": ""2 -2\n"", ""output"": ""No\n""}, {""input"": ""3 2\n"", ""output"": ""No\n""}, {""input"": ""2 12\n"", ""output"": ""No\n""}, {""input"": ""10 2\n"", ""output"": ""No\n""}, {""input"": ""7 2\n"", ""output"": ""No\n""}, {""input"": ""6 1\n"", ""output"": ""No\n""}, {""input"": ""1 9\n"", ""output"": ""No\n""}, {""input"": ""4 1\n"", ""output"": ""No\n""}, {""input"": ""4 9\n"", ""output"": ""Yes\n""}, {""input"": ""1 11\n"", ""output"": ""No\n""}, {""input"": ""4 2\n"", ""output"": ""No\n""}, {""input"": ""8 4\n"", ""output"": ""No\n""}, {""input"": ""6 4\n"", ""output"": ""Yes\n""}, {""input"": ""5 12\n"", ""output"": ""Yes\n""}, {""input"": ""6 2\n"", ""output"": ""No\n""}, {""input"": ""2 -3\n"", ""output"": ""No\n""}, {""input"": ""3 7\n"", ""output"": ""Yes\n""}, {""input"": ""11 1\n"", ""output"": ""No\n""}, {""input"": ""8 1\n"", ""output"": ""Yes\n""}, {""input"": ""8 9\n"", ""output"": ""No\n""}, {""input"": ""2 11\n"", ""output"": ""No\n""}, {""input"": ""1 7\n"", ""output"": ""Yes\n""}, {""input"": ""5 7\n"", ""output"": ""Yes\n""}, {""input"": ""8 5\n"", ""output"": ""Yes\n""}, {""input"": ""4 12\n"", ""output"": ""No\n""}, {""input"": ""9 12\n"", ""output"": ""No\n""}, {""input"": ""1 12\n"", ""output"": ""Yes\n""}, {""input"": ""12 1\n"", ""output"": ""Yes\n""}, {""input"": ""3 10\n"", ""output"": ""Yes\n""}, {""input"": ""4 8\n"", ""output"": ""No\n""}, {""input"": ""-3 2\n"", ""output"": ""No\n""}, {""input"": ""7 9\n"", ""output"": ""No\n""}, {""input"": ""10 1\n"", ""output"": ""Yes\n""}, {""input"": ""-2 2\n"", ""output"": ""No\n""}, {""input"": ""8 2\n"", ""output"": ""No\n""}, {""input"": ""7 11\n"", ""output"": ""No\n""}, {""input"": ""5 9\n"", ""output"": ""No\n""}, {""input"": ""12 12\n"", ""output"": ""Yes\n""}, {""input"": ""9 1\n"", ""output"": ""No\n""}, {""input"": ""3 8\n"", ""output"": ""Yes\n""}, {""input"": ""8 7\n"", ""output"": ""Yes\n""}, {""input"": ""9 2\n"", ""output"": ""No\n""}, {""input"": ""3 5\n"", ""output"": ""Yes\n""}, {""input"": ""4 6\n"", ""output"": ""Yes\n""}, {""input"": ""12 2\n"", ""output"": ""No\n""}, {""input"": ""7 8\n"", ""output"": ""Yes\n""}, {""input"": ""-4 2\n"", ""output"": ""No\n""}, {""input"": ""6 9\n"", ""output"": ""Yes\n""}, {""input"": ""6 8\n"", ""output"": ""No\n""}, {""input"": ""11 2\n"", ""output"": ""No\n""}, {""input"": ""8 12\n"", ""output"": ""Yes\n""}, {""input"": ""10 7\n"", ""output"": ""Yes\n""}, {""input"": ""11 5\n"", ""output"": ""No\n""}, {""input"": ""3 11\n"", ""output"": ""No\n""}, {""input"": ""12 5\n"", ""output"": ""Yes\n""}, {""input"": ""4 7\n"", ""output"": ""No\n""}, {""input"": ""2 4\n"", ""output"": ""No\n""}, {""input"": ""1 3\n"", ""output"": ""Yes\n""}, {""input"": ""1 3\n"", ""output"": ""Yes\n""}]","Given the following C code and assembly code, your task is to generate highly optimized x86-64 assembly code.
C Code:

```c
#include<stdio.h>
#include<stdlib.h>
#include<string.h>

int main(void) {
	int i;
	int x, y;
	int group[13];
	char buf[128], *ch;
	group[0] = 0;
	group[1] = 1;
	group[2] = 3;
	group[3] = 1;
	group[4] = 2;
	group[5] = 1;
	group[6] = 2;
	group[7] = 1;
	group[8] = 1;
	group[9] = 2;
	group[10] = 1;
	group[11] = 2;
	group[12] = 1;

	fgets(buf, sizeof(buf), stdin);
	ch = strtok(buf, "" "");
	x = atoi(ch);
	ch = strtok(NULL, "" "");
	y = atoi(ch);

	if(group[x] == group[y]) {
		printf(""Yes\n"");
	} else {
		printf(""No\n"");
	}

	return 0;
}
```

Assembly Code:

```assembly
	.file	""temp.c""
	.text
	.section	.rodata.str1.1,""aMS"",@progbits,1
.LC3:
	.string	"" ""
.LC4:
	.string	""Yes""
.LC5:
	.string	""No""
	.section	.text.startup,""ax"",@progbits
	.p2align 4
	.globl	main
	.type	main, @function
main:
.LFB51:
	.cfi_startproc
	endbr64
	pushq	%r12
	.cfi_def_cfa_offset 16
	.cfi_offset 12, -16
	movl	$128, %esi
	pushq	%rbp
	.cfi_def_cfa_offset 24
	.cfi_offset 6, -24
	leaq	.LC3(%rip), %rbp
	pushq	%rbx
	.cfi_def_cfa_offset 32
	.cfi_offset 3, -32
	subq	$208, %rsp
	.cfi_def_cfa_offset 240
	movdqa	.LC0(%rip), %xmm0
	movq	stdin(%rip), %rdx
	movq	%fs:40, %rax
	movq	%rax, 200(%rsp)
	xorl	%eax, %eax
	leaq	64(%rsp), %r12
	movl	$1, 48(%rsp)
	movaps	%xmm0, (%rsp)
	movdqa	.LC1(%rip), %xmm0
	movq	%r12, %rdi
	movaps	%xmm0, 16(%rsp)
	movdqa	.LC2(%rip), %xmm0
	movaps	%xmm0, 32(%rsp)
	call	fgets@PLT
	movq	%rbp, %rsi
	movq	%r12, %rdi
	call	strtok@PLT
	movl	$10, %edx
	xorl	%esi, %esi
	movq	%rax, %rdi
	call	strtol@PLT
	movq	%rbp, %rsi
	xorl	%edi, %edi
	movq	%rax, %rbx
	call	strtok@PLT
	movl	$10, %edx
	xorl	%esi, %esi
	movslq	%ebx, %rbx
	movq	%rax, %rdi
	call	strtol@PLT
	cltq
	movl	(%rsp,%rax,4), %eax
	cmpl	%eax, (%rsp,%rbx,4)
	je	.L7
	leaq	.LC5(%rip), %rdi
	call	puts@PLT
.L3:
	movq	200(%rsp), %rax
	subq	%fs:40, %rax
	jne	.L8
	addq	$208, %rsp
	.cfi_remember_state
	.cfi_def_cfa_offset 32
	xorl	%eax, %eax
	popq	%rbx
	.cfi_def_cfa_offset 24
	popq	%rbp
	.cfi_def_cfa_offset 16
	popq	%r12
	.cfi_def_cfa_offset 8
	ret
.L7:
	.cfi_restore_state
	leaq	.LC4(%rip), %rdi
	call	puts@PLT
	jmp	.L3
.L8:
	call	__stack_chk_fail@PLT
	.cfi_endproc
.LFE51:
	.size	main, .-main
	.section	.rodata.cst16,""aM"",@progbits,16
	.align 16
.LC0:
	.long	0
	.long	1
	.long	3
	.long	1
	.align 16
.LC1:
	.long	2
	.long	1
	.long	2
	.long	1
	.align 16
.LC2:
	.long	1
	.long	2
	.long	1
	.long	2
	.ident	""GCC: (Ubuntu 11.4.0-1ubuntu1~22.04) 11.4.0""
	.section	.note.GNU-stack,"""",@progbits
	.section	.note.gnu.property,""a""
	.align 8
	.long	1f - 0f
	.long	4f - 1f
	.long	5
0:
	.string	""GNU""
1:
	.align 8
	.long	0xc0000002
	.long	3f - 2f
2:
	.long	0x3
3:
	.align 8
4:
```

Only output the optimized assembly code. Do not include any other text. Do not write any comments in the assembly code. Wrap the assembly code in ```assembly``` tags.
Optimized Assembly Code:
","Given the following C code, your task is to generate highly optimized x86-64 assembly code.
C Code:

```c
#include<stdio.h>
#include<stdlib.h>
#include<string.h>

int main(void) {
	int i;
	int x, y;
	int group[13];
	char buf[128], *ch;
	group[0] = 0;
	group[1] = 1;
	group[2] = 3;
	group[3] = 1;
	group[4] = 2;
	group[5] = 1;
	group[6] = 2;
	group[7] = 1;
	group[8] = 1;
	group[9] = 2;
	group[10] = 1;
	group[11] = 2;
	group[12] = 1;

	fgets(buf, sizeof(buf), stdin);
	ch = strtok(buf, "" "");
	x = atoi(ch);
	ch = strtok(NULL, "" "");
	y = atoi(ch);

	if(group[x] == group[y]) {
		printf(""Yes\n"");
	} else {
		printf(""No\n"");
	}

	return 0;
}
```

Only output the optimized assembly code. Do not include any other text. Do not write any comments in the assembly code. Wrap the assembly code in ```assembly``` tags.
Optimized Assembly Code:
"
20,"```c
/*
  AOJ 
  title:#3128
  @kankichi57301
 */
#include <stdio.h>

int n;
int main()
{
  int i,c,c0,min_;
  scanf(""%d "",&n);
  scanf(""%d "",&c0);
  for(i=min_=1;i<n;i++)
    {
      scanf(""%d"",&c);
      if( c <= c0)
	min_++;
      c0=c;
    }

  printf(""%d\n%d\n"",min_,n);
 
  return(0);
}

```","[{""input"": ""5\n8 6 9 1 0\n"", ""output"": ""4\n5\n""}, {""input"": ""5\n0 6 9 1 0\n"", ""output"": ""3\n5\n""}, {""input"": ""5\n1 1 1 1 0\n"", ""output"": ""5\n5\n""}, {""input"": ""5\n0 1 1 2 4\n"", ""output"": ""2\n5\n""}, {""input"": ""5\n0 6 6 1 0\n"", ""output"": ""4\n5\n""}, {""input"": ""5\n0 5 6 1 0\n"", ""output"": ""3\n5\n""}, {""input"": ""5\n0 5 6 2 0\n"", ""output"": ""3\n5\n""}, {""input"": ""5\n0 5 6 3 0\n"", ""output"": ""3\n5\n""}, {""input"": ""5\n0 4 6 3 0\n"", ""output"": ""3\n5\n""}, {""input"": ""5\n-1 4 6 3 0\n"", ""output"": ""3\n5\n""}, {""input"": ""5\n-1 4 9 3 0\n"", ""output"": ""3\n5\n""}, {""input"": ""5\n-1 4 0 3 0\n"", ""output"": ""3\n5\n""}, {""input"": ""5\n-1 4 -1 3 0\n"", ""output"": ""3\n5\n""}, {""input"": ""5\n0 4 -1 3 0\n"", ""output"": ""3\n5\n""}, {""input"": ""5\n0 4 0 3 0\n"", ""output"": ""3\n5\n""}, {""input"": ""5\n0 4 0 4 0\n"", ""output"": ""3\n5\n""}, {""input"": ""5\n0 4 0 5 0\n"", ""output"": ""3\n5\n""}, {""input"": ""5\n0 4 0 5 1\n"", ""output"": ""3\n5\n""}, {""input"": ""5\n0 2 0 5 1\n"", ""output"": ""3\n5\n""}, {""input"": ""5\n1 2 0 5 1\n"", ""output"": ""3\n5\n""}, {""input"": ""5\n1 2 1 5 1\n"", ""output"": ""3\n5\n""}, {""input"": ""5\n1 2 1 0 1\n"", ""output"": ""3\n5\n""}, {""input"": ""5\n1 3 1 0 1\n"", ""output"": ""3\n5\n""}, {""input"": ""5\n1 3 2 0 1\n"", ""output"": ""3\n5\n""}, {""input"": ""5\n2 3 2 0 1\n"", ""output"": ""3\n5\n""}, {""input"": ""5\n2 3 2 1 1\n"", ""output"": ""4\n5\n""}, {""input"": ""5\n2 3 2 1 0\n"", ""output"": ""4\n5\n""}, {""input"": ""5\n2 3 2 2 0\n"", ""output"": ""4\n5\n""}, {""input"": ""5\n0 3 2 2 0\n"", ""output"": ""4\n5\n""}, {""input"": ""5\n0 3 2 4 0\n"", ""output"": ""3\n5\n""}, {""input"": ""5\n0 4 2 4 0\n"", ""output"": ""3\n5\n""}, {""input"": ""5\n0 7 2 4 0\n"", ""output"": ""3\n5\n""}, {""input"": ""5\n0 7 2 2 0\n"", ""output"": ""4\n5\n""}, {""input"": ""5\n0 1 2 2 0\n"", ""output"": ""3\n5\n""}, {""input"": ""5\n-1 1 2 2 0\n"", ""output"": ""3\n5\n""}, {""input"": ""5\n-1 1 4 2 0\n"", ""output"": ""3\n5\n""}, {""input"": ""5\n-1 1 4 4 0\n"", ""output"": ""3\n5\n""}, {""input"": ""5\n-1 1 0 4 0\n"", ""output"": ""3\n5\n""}, {""input"": ""5\n-1 1 1 4 0\n"", ""output"": ""3\n5\n""}, {""input"": ""5\n-1 1 1 4 -1\n"", ""output"": ""3\n5\n""}, {""input"": ""5\n-1 1 1 0 -1\n"", ""output"": ""4\n5\n""}, {""input"": ""5\n-1 1 1 0 0\n"", ""output"": ""4\n5\n""}, {""input"": ""5\n-1 1 1 1 0\n"", ""output"": ""4\n5\n""}, {""input"": ""5\n0 1 1 1 0\n"", ""output"": ""4\n5\n""}, {""input"": ""5\n1 1 1 1 1\n"", ""output"": ""5\n5\n""}, {""input"": ""5\n1 0 1 1 1\n"", ""output"": ""4\n5\n""}, {""input"": ""5\n1 0 2 1 1\n"", ""output"": ""4\n5\n""}, {""input"": ""5\n1 0 2 0 1\n"", ""output"": ""3\n5\n""}, {""input"": ""5\n1 0 2 0 2\n"", ""output"": ""3\n5\n""}, {""input"": ""5\n1 0 0 0 2\n"", ""output"": ""4\n5\n""}, {""input"": ""5\n1 0 0 1 2\n"", ""output"": ""3\n5\n""}, {""input"": ""5\n1 1 0 1 2\n"", ""output"": ""3\n5\n""}, {""input"": ""5\n2 1 0 1 2\n"", ""output"": ""3\n5\n""}, {""input"": ""5\n1 1 -1 1 2\n"", ""output"": ""3\n5\n""}, {""input"": ""5\n1 1 -1 0 2\n"", ""output"": ""3\n5\n""}, {""input"": ""5\n1 1 0 0 2\n"", ""output"": ""4\n5\n""}, {""input"": ""5\n2 1 0 0 2\n"", ""output"": ""4\n5\n""}, {""input"": ""5\n4 1 0 0 2\n"", ""output"": ""4\n5\n""}, {""input"": ""5\n4 2 0 0 2\n"", ""output"": ""4\n5\n""}, {""input"": ""5\n4 2 0 0 4\n"", ""output"": ""4\n5\n""}, {""input"": ""5\n4 2 1 0 4\n"", ""output"": ""4\n5\n""}, {""input"": ""5\n4 1 1 0 4\n"", ""output"": ""4\n5\n""}, {""input"": ""5\n4 1 1 1 4\n"", ""output"": ""4\n5\n""}, {""input"": ""5\n4 1 1 2 4\n"", ""output"": ""3\n5\n""}, {""input"": ""5\n1 1 1 2 4\n"", ""output"": ""3\n5\n""}, {""input"": ""5\n0 1 1 3 4\n"", ""output"": ""2\n5\n""}, {""input"": ""5\n0 1 1 4 4\n"", ""output"": ""3\n5\n""}, {""input"": ""5\n0 2 1 4 4\n"", ""output"": ""3\n5\n""}, {""input"": ""5\n0 2 1 6 4\n"", ""output"": ""3\n5\n""}, {""input"": ""5\n0 0 1 6 4\n"", ""output"": ""3\n5\n""}, {""input"": ""5\n0 0 1 4 4\n"", ""output"": ""3\n5\n""}, {""input"": ""5\n1 0 1 4 4\n"", ""output"": ""3\n5\n""}, {""input"": ""5\n1 -1 1 4 4\n"", ""output"": ""3\n5\n""}, {""input"": ""5\n1 -1 2 4 4\n"", ""output"": ""3\n5\n""}, {""input"": ""5\n1 -1 2 6 4\n"", ""output"": ""3\n5\n""}, {""input"": ""5\n0 -1 2 6 4\n"", ""output"": ""3\n5\n""}, {""input"": ""5\n0 -1 2 6 7\n"", ""output"": ""2\n5\n""}, {""input"": ""5\n0 -1 2 6 6\n"", ""output"": ""3\n5\n""}, {""input"": ""5\n0 -1 2 0 6\n"", ""output"": ""3\n5\n""}, {""input"": ""5\n0 -1 0 0 6\n"", ""output"": ""3\n5\n""}, {""input"": ""5\n0 -1 0 0 5\n"", ""output"": ""3\n5\n""}, {""input"": ""5\n0 -1 0 -1 5\n"", ""output"": ""3\n5\n""}, {""input"": ""5\n0 -1 -1 -1 5\n"", ""output"": ""4\n5\n""}, {""input"": ""5\n0 -1 -2 -1 5\n"", ""output"": ""3\n5\n""}, {""input"": ""5\n0 -1 -2 -1 3\n"", ""output"": ""3\n5\n""}, {""input"": ""5\n0 -1 -2 -2 3\n"", ""output"": ""4\n5\n""}, {""input"": ""5\n-1 -1 -2 -2 3\n"", ""output"": ""4\n5\n""}, {""input"": ""5\n-1 -1 -3 -2 3\n"", ""output"": ""3\n5\n""}, {""input"": ""5\n-1 -1 -3 0 3\n"", ""output"": ""3\n5\n""}, {""input"": ""5\n-1 -1 -3 -1 3\n"", ""output"": ""3\n5\n""}, {""input"": ""5\n-1 -1 -6 -1 3\n"", ""output"": ""3\n5\n""}, {""input"": ""5\n-1 -2 -6 -1 3\n"", ""output"": ""3\n5\n""}, {""input"": ""5\n-1 -1 -6 -2 3\n"", ""output"": ""3\n5\n""}, {""input"": ""5\n-1 -2 -6 -2 3\n"", ""output"": ""3\n5\n""}, {""input"": ""5\n-1 -2 -6 -2 6\n"", ""output"": ""3\n5\n""}, {""input"": ""5\n0 -2 -6 -2 6\n"", ""output"": ""3\n5\n""}, {""input"": ""5\n0 -1 -6 -2 6\n"", ""output"": ""3\n5\n""}, {""input"": ""5\n0 -1 -6 0 6\n"", ""output"": ""3\n5\n""}, {""input"": ""5\n0 -1 -6 0 11\n"", ""output"": ""3\n5\n""}, {""input"": ""5\n0 -1 -1 0 11\n"", ""output"": ""3\n5\n""}, {""input"": ""5\n8 6 9 1 20\n"", ""output"": ""3\n5\n""}, {""input"": ""5\n8 6 9 1 20\n"", ""output"": ""3\n5\n""}]","Given the following C code and assembly code, your task is to generate highly optimized x86-64 assembly code.
C Code:

```c
/*
  AOJ 
  title:#3128
  @kankichi57301
 */
#include <stdio.h>

int n;
int main()
{
  int i,c,c0,min_;
  scanf(""%d "",&n);
  scanf(""%d "",&c0);
  for(i=min_=1;i<n;i++)
    {
      scanf(""%d"",&c);
      if( c <= c0)
	min_++;
      c0=c;
    }

  printf(""%d\n%d\n"",min_,n);
 
  return(0);
}

```

Assembly Code:

```assembly
	.file	""temp.c""
	.text
	.section	.rodata.str1.1,""aMS"",@progbits,1
.LC0:
	.string	""%d ""
.LC1:
	.string	""%d""
.LC2:
	.string	""%d\n%d\n""
	.section	.text.startup,""ax"",@progbits
	.p2align 4
	.globl	main
	.type	main, @function
main:
.LFB23:
	.cfi_startproc
	endbr64
	pushq	%r13
	.cfi_def_cfa_offset 16
	.cfi_offset 13, -16
	leaq	n(%rip), %rsi
	pushq	%r12
	.cfi_def_cfa_offset 24
	.cfi_offset 12, -24
	movl	$1, %r12d
	pushq	%rbp
	.cfi_def_cfa_offset 32
	.cfi_offset 6, -32
	leaq	.LC0(%rip), %rbp
	pushq	%rbx
	.cfi_def_cfa_offset 40
	.cfi_offset 3, -40
	movq	%rbp, %rdi
	subq	$24, %rsp
	.cfi_def_cfa_offset 64
	movq	%fs:40, %rax
	movq	%rax, 8(%rsp)
	xorl	%eax, %eax
	call	__isoc99_scanf@PLT
	leaq	4(%rsp), %rsi
	movq	%rbp, %rdi
	xorl	%eax, %eax
	call	__isoc99_scanf@PLT
	movl	n(%rip), %ecx
	cmpl	$1, %ecx
	jle	.L2
	movl	$1, %ebx
	movq	%rsp, %r13
	leaq	.LC1(%rip), %rbp
	.p2align 4,,10
	.p2align 3
.L4:
	xorl	%eax, %eax
	movq	%r13, %rsi
	movq	%rbp, %rdi
	call	__isoc99_scanf@PLT
	movl	(%rsp), %eax
	xorl	%edx, %edx
	movl	n(%rip), %ecx
	cmpl	4(%rsp), %eax
	setle	%dl
	addl	$1, %ebx
	movl	%eax, 4(%rsp)
	addl	%edx, %r12d
	cmpl	%ebx, %ecx
	jg	.L4
.L2:
	xorl	%eax, %eax
	movl	%r12d, %edx
	movl	$1, %edi
	leaq	.LC2(%rip), %rsi
	call	__printf_chk@PLT
	movq	8(%rsp), %rax
	subq	%fs:40, %rax
	jne	.L10
	addq	$24, %rsp
	.cfi_remember_state
	.cfi_def_cfa_offset 40
	xorl	%eax, %eax
	popq	%rbx
	.cfi_def_cfa_offset 32
	popq	%rbp
	.cfi_def_cfa_offset 24
	popq	%r12
	.cfi_def_cfa_offset 16
	popq	%r13
	.cfi_def_cfa_offset 8
	ret
.L10:
	.cfi_restore_state
	call	__stack_chk_fail@PLT
	.cfi_endproc
.LFE23:
	.size	main, .-main
	.globl	n
	.bss
	.align 4
	.type	n, @object
	.size	n, 4
n:
	.zero	4
	.ident	""GCC: (Ubuntu 11.4.0-1ubuntu1~22.04) 11.4.0""
	.section	.note.GNU-stack,"""",@progbits
	.section	.note.gnu.property,""a""
	.align 8
	.long	1f - 0f
	.long	4f - 1f
	.long	5
0:
	.string	""GNU""
1:
	.align 8
	.long	0xc0000002
	.long	3f - 2f
2:
	.long	0x3
3:
	.align 8
4:
```

Only output the optimized assembly code. Do not include any other text. Do not write any comments in the assembly code. Wrap the assembly code in ```assembly``` tags.
Optimized Assembly Code:
","Given the following C code, your task is to generate highly optimized x86-64 assembly code.
C Code:

```c
/*
  AOJ 
  title:#3128
  @kankichi57301
 */
#include <stdio.h>

int n;
int main()
{
  int i,c,c0,min_;
  scanf(""%d "",&n);
  scanf(""%d "",&c0);
  for(i=min_=1;i<n;i++)
    {
      scanf(""%d"",&c);
      if( c <= c0)
	min_++;
      c0=c;
    }

  printf(""%d\n%d\n"",min_,n);
 
  return(0);
}

```

Only output the optimized assembly code. Do not include any other text. Do not write any comments in the assembly code. Wrap the assembly code in ```assembly``` tags.
Optimized Assembly Code:
"
21,"```c
#define _CRT_SECURE_NO_WARNINGS
#include<stdio.h>



int main(void) {

	int n, a, b,plana,planb;
	

	scanf(""%d %d %d"", &n, &a, &b);

	plana = n * a;
	planb = b;

	if (plana <= planb) {
		printf(""%d"", plana);
	}
	else {
		printf(""%d"", planb);
	}

	return 0;

}
```","[{""input"": ""7 17 120\n"", ""output"": ""119""}]","Given the following C code and assembly code, your task is to generate highly optimized x86-64 assembly code.
C Code:

```c
#define _CRT_SECURE_NO_WARNINGS
#include<stdio.h>



int main(void) {

	int n, a, b,plana,planb;
	

	scanf(""%d %d %d"", &n, &a, &b);

	plana = n * a;
	planb = b;

	if (plana <= planb) {
		printf(""%d"", plana);
	}
	else {
		printf(""%d"", planb);
	}

	return 0;

}
```

Assembly Code:

```assembly
	.file	""temp.c""
	.text
	.section	.rodata.str1.1,""aMS"",@progbits,1
.LC0:
	.string	""%d %d %d""
.LC1:
	.string	""%d""
	.section	.text.startup,""ax"",@progbits
	.p2align 4
	.globl	main
	.type	main, @function
main:
.LFB23:
	.cfi_startproc
	endbr64
	subq	$40, %rsp
	.cfi_def_cfa_offset 48
	leaq	.LC0(%rip), %rdi
	movq	%fs:40, %rax
	movq	%rax, 24(%rsp)
	xorl	%eax, %eax
	leaq	16(%rsp), %rdx
	leaq	20(%rsp), %rcx
	leaq	12(%rsp), %rsi
	call	__isoc99_scanf@PLT
	movl	12(%rsp), %edx
	imull	16(%rsp), %edx
	movl	20(%rsp), %r8d
	cmpl	%r8d, %edx
	jle	.L6
	movl	%r8d, %edx
.L6:
	xorl	%eax, %eax
	leaq	.LC1(%rip), %rsi
	movl	$1, %edi
	call	__printf_chk@PLT
	movq	24(%rsp), %rax
	subq	%fs:40, %rax
	jne	.L8
	xorl	%eax, %eax
	addq	$40, %rsp
	.cfi_remember_state
	.cfi_def_cfa_offset 8
	ret
.L8:
	.cfi_restore_state
	call	__stack_chk_fail@PLT
	.cfi_endproc
.LFE23:
	.size	main, .-main
	.ident	""GCC: (Ubuntu 11.4.0-1ubuntu1~22.04) 11.4.0""
	.section	.note.GNU-stack,"""",@progbits
	.section	.note.gnu.property,""a""
	.align 8
	.long	1f - 0f
	.long	4f - 1f
	.long	5
0:
	.string	""GNU""
1:
	.align 8
	.long	0xc0000002
	.long	3f - 2f
2:
	.long	0x3
3:
	.align 8
4:
```

Only output the optimized assembly code. Do not include any other text. Do not write any comments in the assembly code. Wrap the assembly code in ```assembly``` tags.
Optimized Assembly Code:
","Given the following C code, your task is to generate highly optimized x86-64 assembly code.
C Code:

```c
#define _CRT_SECURE_NO_WARNINGS
#include<stdio.h>



int main(void) {

	int n, a, b,plana,planb;
	

	scanf(""%d %d %d"", &n, &a, &b);

	plana = n * a;
	planb = b;

	if (plana <= planb) {
		printf(""%d"", plana);
	}
	else {
		printf(""%d"", planb);
	}

	return 0;

}
```

Only output the optimized assembly code. Do not include any other text. Do not write any comments in the assembly code. Wrap the assembly code in ```assembly``` tags.
Optimized Assembly Code:
"
22,"```c
#include <stdio.h>
#include <math.h>
#include <stdlib.h>
#include <stdbool.h>
int main(){
    int i,j,k;
    scanf(""%d %d %d"",&i,&j,&k);
    if (i>=k && i>=j) printf(""%d\n"",10*i+j+k);
    else if (j>=i && j>=k) printf(""%d\n"",10*j+i+k);
    else printf(""%d\n"",10*k+i+j);
    return 0;
}```","[{""input"": ""9 9 8\n"", ""output"": ""107\n""}, {""input"": ""1 8 2\n"", ""output"": ""83\n""}, {""input"": ""6 6 5\n"", ""output"": ""71\n""}, {""input"": ""0 9 8\n"", ""output"": ""98\n""}, {""input"": ""1 1 2\n"", ""output"": ""22\n""}, {""input"": ""6 7 5\n"", ""output"": ""81\n""}, {""input"": ""1 2 2\n"", ""output"": ""23\n""}, {""input"": ""6 9 5\n"", ""output"": ""101\n""}, {""input"": ""1 2 3\n"", ""output"": ""33\n""}, {""input"": ""9 9 5\n"", ""output"": ""104\n""}, {""input"": ""1 2 5\n"", ""output"": ""53\n""}, {""input"": ""1 2 7\n"", ""output"": ""73\n""}, {""input"": ""1 3 7\n"", ""output"": ""74\n""}, {""input"": ""2 3 7\n"", ""output"": ""75\n""}, {""input"": ""2 3 5\n"", ""output"": ""55\n""}, {""input"": ""6 6 0\n"", ""output"": ""66\n""}, {""input"": ""1 9 8\n"", ""output"": ""99\n""}, {""input"": ""1 1 0\n"", ""output"": ""11\n""}, {""input"": ""6 7 9\n"", ""output"": ""103\n""}, {""input"": ""2 2 3\n"", ""output"": ""34\n""}, {""input"": ""2 6 7\n"", ""output"": ""78\n""}, {""input"": ""4 3 5\n"", ""output"": ""57\n""}, {""input"": ""6 4 0\n"", ""output"": ""64\n""}, {""input"": ""1 5 8\n"", ""output"": ""86\n""}, {""input"": ""0 1 0\n"", ""output"": ""10\n""}, {""input"": ""6 7 8\n"", ""output"": ""93\n""}, {""input"": ""1 3 1\n"", ""output"": ""32\n""}, {""input"": ""2 2 4\n"", ""output"": ""44\n""}, {""input"": ""0 4 2\n"", ""output"": ""42\n""}, {""input"": ""0 6 7\n"", ""output"": ""76\n""}, {""input"": ""6 3 5\n"", ""output"": ""68\n""}, {""input"": ""6 5 0\n"", ""output"": ""65\n""}, {""input"": ""2 5 8\n"", ""output"": ""87\n""}, {""input"": ""0 1 -1\n"", ""output"": ""9\n""}, {""input"": ""9 7 8\n"", ""output"": ""105\n""}, {""input"": ""4 2 4\n"", ""output"": ""46\n""}, {""input"": ""0 6 2\n"", ""output"": ""62\n""}, {""input"": ""0 5 2\n"", ""output"": ""52\n""}, {""input"": ""0 0 -1\n"", ""output"": ""-1\n""}, {""input"": ""1 0 2\n"", ""output"": ""21\n""}, {""input"": ""5 2 4\n"", ""output"": ""56\n""}, {""input"": ""0 6 1\n"", ""output"": ""61\n""}, {""input"": ""0 5 1\n"", ""output"": ""51\n""}, {""input"": ""4 4 8\n"", ""output"": ""88\n""}, {""input"": ""5 2 2\n"", ""output"": ""54\n""}, {""input"": ""-1 5 1\n"", ""output"": ""50\n""}, {""input"": ""3 2 -1\n"", ""output"": ""31\n""}, {""input"": ""5 4 8\n"", ""output"": ""89\n""}, {""input"": ""2 0 0\n"", ""output"": ""20\n""}, {""input"": ""5 5 8\n"", ""output"": ""90\n""}, {""input"": ""3 0 0\n"", ""output"": ""30\n""}, {""input"": ""3 0 -1\n"", ""output"": ""29\n""}, {""input"": ""1 3 -4\n"", ""output"": ""27\n""}, {""input"": ""-1 0 4\n"", ""output"": ""39\n""}, {""input"": ""1 -2 0\n"", ""output"": ""8\n""}, {""input"": ""0 3 -4\n"", ""output"": ""26\n""}, {""input"": ""-1 0 2\n"", ""output"": ""19\n""}, {""input"": ""0 -2 0\n"", ""output"": ""-2\n""}, {""input"": ""0 4 -4\n"", ""output"": ""36\n""}, {""input"": ""-2 0 4\n"", ""output"": ""38\n""}, {""input"": ""0 4 0\n"", ""output"": ""40\n""}, {""input"": ""1 5 -2\n"", ""output"": ""49\n""}, {""input"": ""1 11 1\n"", ""output"": ""112\n""}, {""input"": ""1 21 1\n"", ""output"": ""212\n""}, {""input"": ""2 21 1\n"", ""output"": ""213\n""}, {""input"": ""2 6 1\n"", ""output"": ""63\n""}, {""input"": ""2 8 2\n"", ""output"": ""84\n""}, {""input"": ""1 8 1\n"", ""output"": ""82\n""}, {""input"": ""6 6 9\n"", ""output"": ""102\n""}, {""input"": ""2 6 5\n"", ""output"": ""67\n""}, {""input"": ""-1 9 8\n"", ""output"": ""97\n""}, {""input"": ""5 9 5\n"", ""output"": ""100\n""}, {""input"": ""-1 3 7\n"", ""output"": ""72\n""}, {""input"": ""2 3 4\n"", ""output"": ""45\n""}, {""input"": ""0 0 0\n"", ""output"": ""0\n""}, {""input"": ""1 4 2\n"", ""output"": ""43\n""}, {""input"": ""4 3 7\n"", ""output"": ""77\n""}, {""input"": ""6 7 4\n"", ""output"": ""80\n""}, {""input"": ""-1 4 2\n"", ""output"": ""41\n""}, {""input"": ""8 7 8\n"", ""output"": ""95\n""}, {""input"": ""0 2 -2\n"", ""output"": ""18\n""}, {""input"": ""0 7 0\n"", ""output"": ""70\n""}, {""input"": ""1 4 8\n"", ""output"": ""85\n""}, {""input"": ""1 1 1\n"", ""output"": ""12\n""}, {""input"": ""-2 6 1\n"", ""output"": ""59\n""}, {""input"": ""7 4 8\n"", ""output"": ""91\n""}, {""input"": ""-2 6 2\n"", ""output"": ""60\n""}, {""input"": ""3 0 -2\n"", ""output"": ""28\n""}, {""input"": ""1 -3 0\n"", ""output"": ""7\n""}, {""input"": ""1 4 -4\n"", ""output"": ""37\n""}, {""input"": ""-2 1 7\n"", ""output"": ""69\n""}, {""input"": ""1 19 1\n"", ""output"": ""192\n""}, {""input"": ""1 21 0\n"", ""output"": ""211\n""}, {""input"": ""2 21 2\n"", ""output"": ""214\n""}, {""input"": ""1 16 1\n"", ""output"": ""162\n""}, {""input"": ""1 16 0\n"", ""output"": ""161\n""}, {""input"": ""9 4 0\n"", ""output"": ""94\n""}, {""input"": ""2 2 2\n"", ""output"": ""24\n""}, {""input"": ""3 4 4\n"", ""output"": ""47\n""}, {""input"": ""-1 12 1\n"", ""output"": ""120\n""}, {""input"": ""9 9 9\n"", ""output"": ""108\n""}, {""input"": ""1 5 2\n"", ""output"": ""53\n""}, {""input"": ""6 6 7\n"", ""output"": ""82\n""}, {""input"": ""1 5 2\n"", ""output"": ""53\n""}]","Given the following C code and assembly code, your task is to generate highly optimized x86-64 assembly code.
C Code:

```c
#include <stdio.h>
#include <math.h>
#include <stdlib.h>
#include <stdbool.h>
int main(){
    int i,j,k;
    scanf(""%d %d %d"",&i,&j,&k);
    if (i>=k && i>=j) printf(""%d\n"",10*i+j+k);
    else if (j>=i && j>=k) printf(""%d\n"",10*j+i+k);
    else printf(""%d\n"",10*k+i+j);
    return 0;
}```

Assembly Code:

```assembly
	.file	""temp.c""
	.text
	.section	.rodata.str1.1,""aMS"",@progbits,1
.LC0:
	.string	""%d %d %d""
.LC1:
	.string	""%d\n""
	.section	.text.startup,""ax"",@progbits
	.p2align 4
	.globl	main
	.type	main, @function
main:
.LFB39:
	.cfi_startproc
	endbr64
	subq	$40, %rsp
	.cfi_def_cfa_offset 48
	leaq	.LC0(%rip), %rdi
	movq	%fs:40, %rax
	movq	%rax, 24(%rsp)
	xorl	%eax, %eax
	leaq	20(%rsp), %rcx
	leaq	12(%rsp), %rsi
	leaq	16(%rsp), %rdx
	call	__isoc99_scanf@PLT
	movl	12(%rsp), %ecx
	movl	20(%rsp), %eax
	movl	16(%rsp), %esi
	cmpl	%eax, %ecx
	jl	.L2
	cmpl	%esi, %ecx
	jge	.L11
.L2:
	cmpl	%eax, %ecx
	movl	%eax, %edx
	cmovge	%ecx, %edx
	cmpl	%edx, %esi
	jge	.L12
	imull	$10, %eax, %edx
	movl	$1, %edi
	xorl	%eax, %eax
	addl	%ecx, %edx
	addl	%esi, %edx
	leaq	.LC1(%rip), %rsi
	call	__printf_chk@PLT
.L3:
	movq	24(%rsp), %rax
	subq	%fs:40, %rax
	jne	.L13
	xorl	%eax, %eax
	addq	$40, %rsp
	.cfi_remember_state
	.cfi_def_cfa_offset 8
	ret
.L11:
	.cfi_restore_state
	imull	$10, %ecx, %edx
	addl	%esi, %edx
.L9:
	addl	%eax, %edx
	leaq	.LC1(%rip), %rsi
	movl	$1, %edi
	xorl	%eax, %eax
	call	__printf_chk@PLT
	jmp	.L3
.L12:
	imull	$10, %esi, %edx
	addl	%ecx, %edx
	jmp	.L9
.L13:
	call	__stack_chk_fail@PLT
	.cfi_endproc
.LFE39:
	.size	main, .-main
	.ident	""GCC: (Ubuntu 11.4.0-1ubuntu1~22.04) 11.4.0""
	.section	.note.GNU-stack,"""",@progbits
	.section	.note.gnu.property,""a""
	.align 8
	.long	1f - 0f
	.long	4f - 1f
	.long	5
0:
	.string	""GNU""
1:
	.align 8
	.long	0xc0000002
	.long	3f - 2f
2:
	.long	0x3
3:
	.align 8
4:
```

Only output the optimized assembly code. Do not include any other text. Do not write any comments in the assembly code. Wrap the assembly code in ```assembly``` tags.
Optimized Assembly Code:
","Given the following C code, your task is to generate highly optimized x86-64 assembly code.
C Code:

```c
#include <stdio.h>
#include <math.h>
#include <stdlib.h>
#include <stdbool.h>
int main(){
    int i,j,k;
    scanf(""%d %d %d"",&i,&j,&k);
    if (i>=k && i>=j) printf(""%d\n"",10*i+j+k);
    else if (j>=i && j>=k) printf(""%d\n"",10*j+i+k);
    else printf(""%d\n"",10*k+i+j);
    return 0;
}```

Only output the optimized assembly code. Do not include any other text. Do not write any comments in the assembly code. Wrap the assembly code in ```assembly``` tags.
Optimized Assembly Code:
"
23,"```c
s;i;main(a,b,c){
for(scanf(""%d%d%d"",&a,&b,&c);++i<=b;a*i%b-c||s++);
puts(s?""YES"":""NO"");
}```","[{""input"": ""7 5 0\n"", ""output"": ""YES\n""}, {""input"": ""77 42 5\n"", ""output"": ""NO\n""}, {""input"": ""2 2 0\n"", ""output"": ""YES\n""}, {""input"": ""80 98 58\n"", ""output"": ""YES\n""}, {""input"": ""1 110 97\n"", ""output"": ""YES\n""}, {""input"": ""11 5 0\n"", ""output"": ""YES\n""}, {""input"": ""2 4 0\n"", ""output"": ""YES\n""}, {""input"": ""77 42 2\n"", ""output"": ""NO\n""}, {""input"": ""103 98 58\n"", ""output"": ""YES\n""}, {""input"": ""0 110 97\n"", ""output"": ""NO\n""}, {""input"": ""14 5 0\n"", ""output"": ""YES\n""}, {""input"": ""2 4 -1\n"", ""output"": ""NO\n""}, {""input"": ""77 42 0\n"", ""output"": ""YES\n""}, {""input"": ""103 98 87\n"", ""output"": ""YES\n""}, {""input"": ""1 111 97\n"", ""output"": ""YES\n""}, {""input"": ""14 9 0\n"", ""output"": ""YES\n""}, {""input"": ""77 79 0\n"", ""output"": ""YES\n""}, {""input"": ""13 98 87\n"", ""output"": ""YES\n""}, {""input"": ""2 111 97\n"", ""output"": ""YES\n""}, {""input"": ""14 9 1\n"", ""output"": ""YES\n""}, {""input"": ""77 79 1\n"", ""output"": ""YES\n""}, {""input"": ""14 2 1\n"", ""output"": ""NO\n""}, {""input"": ""141 79 1\n"", ""output"": ""YES\n""}, {""input"": ""117 79 1\n"", ""output"": ""YES\n""}, {""input"": ""117 63 1\n"", ""output"": ""NO\n""}, {""input"": ""174 63 1\n"", ""output"": ""NO\n""}, {""input"": ""320 63 1\n"", ""output"": ""YES\n""}, {""input"": ""299 63 1\n"", ""output"": ""YES\n""}, {""input"": ""299 117 1\n"", ""output"": ""NO\n""}, {""input"": ""299 16 1\n"", ""output"": ""YES\n""}, {""input"": ""459 16 1\n"", ""output"": ""YES\n""}, {""input"": ""459 16 0\n"", ""output"": ""YES\n""}, {""input"": ""459 13 0\n"", ""output"": ""YES\n""}, {""input"": ""338 13 0\n"", ""output"": ""YES\n""}, {""input"": ""64 13 0\n"", ""output"": ""YES\n""}, {""input"": ""38 13 0\n"", ""output"": ""YES\n""}, {""input"": ""77 63 36\n"", ""output"": ""NO\n""}, {""input"": ""40 50 58\n"", ""output"": ""NO\n""}, {""input"": ""4 5 1\n"", ""output"": ""YES\n""}, {""input"": ""2 3 0\n"", ""output"": ""YES\n""}, {""input"": ""33 42 5\n"", ""output"": ""NO\n""}, {""input"": ""11 4 0\n"", ""output"": ""YES\n""}, {""input"": ""4 4 0\n"", ""output"": ""YES\n""}, {""input"": ""77 42 3\n"", ""output"": ""NO\n""}, {""input"": ""103 77 58\n"", ""output"": ""YES\n""}, {""input"": ""1 110 2\n"", ""output"": ""YES\n""}, {""input"": ""14 10 0\n"", ""output"": ""YES\n""}, {""input"": ""4 4 -1\n"", ""output"": ""NO\n""}, {""input"": ""153 42 0\n"", ""output"": ""YES\n""}, {""input"": ""103 98 85\n"", ""output"": ""YES\n""}, {""input"": ""1 101 97\n"", ""output"": ""YES\n""}, {""input"": ""26 9 1\n"", ""output"": ""YES\n""}, {""input"": ""3 111 97\n"", ""output"": ""NO\n""}, {""input"": ""0 9 0\n"", ""output"": ""YES\n""}, {""input"": ""77 120 1\n"", ""output"": ""YES\n""}, {""input"": ""280 79 1\n"", ""output"": ""YES\n""}, {""input"": ""117 35 1\n"", ""output"": ""YES\n""}, {""input"": ""117 111 1\n"", ""output"": ""NO\n""}, {""input"": ""174 3 1\n"", ""output"": ""NO\n""}, {""input"": ""41 63 1\n"", ""output"": ""YES\n""}, {""input"": ""299 63 0\n"", ""output"": ""YES\n""}, {""input"": ""299 16 0\n"", ""output"": ""YES\n""}, {""input"": ""549 16 1\n"", ""output"": ""YES\n""}, {""input"": ""459 30 0\n"", ""output"": ""YES\n""}, {""input"": ""338 22 0\n"", ""output"": ""YES\n""}, {""input"": ""8 13 0\n"", ""output"": ""YES\n""}, {""input"": ""38 23 0\n"", ""output"": ""YES\n""}, {""input"": ""4 5 0\n"", ""output"": ""YES\n""}, {""input"": ""33 42 4\n"", ""output"": ""NO\n""}, {""input"": ""11 8 0\n"", ""output"": ""YES\n""}, {""input"": ""2 1 0\n"", ""output"": ""YES\n""}, {""input"": ""77 8 3\n"", ""output"": ""YES\n""}, {""input"": ""67 77 58\n"", ""output"": ""YES\n""}, {""input"": ""1 010 2\n"", ""output"": ""YES\n""}, {""input"": ""0 10 0\n"", ""output"": ""YES\n""}, {""input"": ""4 4 -2\n"", ""output"": ""NO\n""}, {""input"": ""153 17 0\n"", ""output"": ""YES\n""}, {""input"": ""103 135 85\n"", ""output"": ""YES\n""}, {""input"": ""1 101 54\n"", ""output"": ""YES\n""}, {""input"": ""9 9 1\n"", ""output"": ""NO\n""}, {""input"": ""3 110 97\n"", ""output"": ""YES\n""}, {""input"": ""1 9 0\n"", ""output"": ""YES\n""}, {""input"": ""66 120 1\n"", ""output"": ""NO\n""}, {""input"": ""135 79 1\n"", ""output"": ""YES\n""}, {""input"": ""117 55 1\n"", ""output"": ""YES\n""}, {""input"": ""117 101 1\n"", ""output"": ""YES\n""}, {""input"": ""146 3 1\n"", ""output"": ""YES\n""}, {""input"": ""41 63 2\n"", ""output"": ""YES\n""}, {""input"": ""299 7 0\n"", ""output"": ""YES\n""}, {""input"": ""299 25 0\n"", ""output"": ""YES\n""}, {""input"": ""549 14 1\n"", ""output"": ""YES\n""}, {""input"": ""809 30 0\n"", ""output"": ""YES\n""}, {""input"": ""338 22 1\n"", ""output"": ""NO\n""}, {""input"": ""12 13 0\n"", ""output"": ""YES\n""}, {""input"": ""63 23 0\n"", ""output"": ""YES\n""}, {""input"": ""4 8 0\n"", ""output"": ""YES\n""}, {""input"": ""33 19 4\n"", ""output"": ""YES\n""}, {""input"": ""11 2 0\n"", ""output"": ""YES\n""}, {""input"": ""77 8 4\n"", ""output"": ""YES\n""}, {""input"": ""122 77 58\n"", ""output"": ""YES\n""}, {""input"": ""40 98 58\n"", ""output"": ""YES\n""}, {""input"": ""7 5 1\n"", ""output"": ""YES\n""}, {""input"": ""7 5 1\n"", ""output"": ""YES\n""}, {""input"": ""1 100 97\n"", ""output"": ""YES\n""}, {""input"": ""77 42 36\n"", ""output"": ""NO\n""}, {""input"": ""2 2 1\n"", ""output"": ""NO\n""}]","Given the following C code and assembly code, your task is to generate highly optimized x86-64 assembly code.
C Code:

```c
s;i;main(a,b,c){
for(scanf(""%d%d%d"",&a,&b,&c);++i<=b;a*i%b-c||s++);
puts(s?""YES"":""NO"");
}```

Assembly Code:

```assembly
	.file	""temp.c""
	.text
	.section	.rodata.str1.1,""aMS"",@progbits,1
.LC0:
	.string	""YES""
.LC1:
	.string	""NO""
.LC2:
	.string	""%d%d%d""
	.section	.text.startup,""ax"",@progbits
	.p2align 4
	.globl	main
	.type	main, @function
main:
.LFB0:
	.cfi_startproc
	endbr64
	pushq	%rbp
	.cfi_def_cfa_offset 16
	.cfi_offset 6, -16
	xorl	%eax, %eax
	pushq	%rbx
	.cfi_def_cfa_offset 24
	.cfi_offset 3, -24
	xorl	%ebx, %ebx
	subq	$24, %rsp
	.cfi_def_cfa_offset 48
	movl	%edi, 12(%rsp)
	leaq	4(%rsp), %rcx
	leaq	.LC2(%rip), %rdi
	movl	%esi, 8(%rsp)
	leaq	12(%rsp), %rsi
	movl	%edx, 4(%rsp)
	leaq	8(%rsp), %rdx
	call	scanf@PLT
	movl	s(%rip), %ebp
	movl	i(%rip), %edi
	movl	8(%rsp), %esi
	movl	12(%rsp), %r8d
	movl	4(%rsp), %r9d
	movl	%ebp, %r10d
.L2:
	leal	1(%rdi), %eax
	movl	%r8d, %ecx
	movl	%r10d, %r11d
	imull	%eax, %ecx
	jmp	.L3
	.p2align 4,,10
	.p2align 3
.L4:
	movl	%ecx, %eax
	addl	%r8d, %ecx
	cltd
	idivl	%esi
	leal	1(%rdi), %eax
	cmpl	%r9d, %edx
	je	.L12
.L3:
	movl	%eax, %edi
	cmpl	%esi, %eax
	jle	.L4
	movl	%eax, i(%rip)
	testb	%bl, %bl
	je	.L7
	movl	%r10d, s(%rip)
.L5:
	testl	%r11d, %r11d
	leaq	.LC1(%rip), %rax
	leaq	.LC0(%rip), %rdi
	cmove	%rax, %rdi
	call	puts@PLT
	addq	$24, %rsp
	.cfi_remember_state
	.cfi_def_cfa_offset 24
	xorl	%eax, %eax
	popq	%rbx
	.cfi_def_cfa_offset 16
	popq	%rbp
	.cfi_def_cfa_offset 8
	ret
	.p2align 4,,10
	.p2align 3
.L12:
	.cfi_restore_state
	addl	$1, %r10d
	movl	$1, %ebx
	jmp	.L2
.L7:
	movl	%ebp, %r11d
	jmp	.L5
	.cfi_endproc
.LFE0:
	.size	main, .-main
	.globl	i
	.bss
	.align 4
	.type	i, @object
	.size	i, 4
i:
	.zero	4
	.globl	s
	.align 4
	.type	s, @object
	.size	s, 4
s:
	.zero	4
	.ident	""GCC: (Ubuntu 11.4.0-1ubuntu1~22.04) 11.4.0""
	.section	.note.GNU-stack,"""",@progbits
	.section	.note.gnu.property,""a""
	.align 8
	.long	1f - 0f
	.long	4f - 1f
	.long	5
0:
	.string	""GNU""
1:
	.align 8
	.long	0xc0000002
	.long	3f - 2f
2:
	.long	0x3
3:
	.align 8
4:
```

Only output the optimized assembly code. Do not include any other text. Do not write any comments in the assembly code. Wrap the assembly code in ```assembly``` tags.
Optimized Assembly Code:
","Given the following C code, your task is to generate highly optimized x86-64 assembly code.
C Code:

```c
s;i;main(a,b,c){
for(scanf(""%d%d%d"",&a,&b,&c);++i<=b;a*i%b-c||s++);
puts(s?""YES"":""NO"");
}```

Only output the optimized assembly code. Do not include any other text. Do not write any comments in the assembly code. Wrap the assembly code in ```assembly``` tags.
Optimized Assembly Code:
"
24,"```c
long N;main(){scanf(""%ld"",&N);N=!printf(""%d\n"",N?64-__builtin_clzll(N):0);}```","[{""input"": ""1\n"", ""output"": ""1\n""}, {""input"": ""2\n"", ""output"": ""2\n""}, {""input"": ""4\n"", ""output"": ""3\n""}, {""input"": ""9\n"", ""output"": ""4\n""}, {""input"": ""19\n"", ""output"": ""5\n""}, {""input"": ""38\n"", ""output"": ""6\n""}, {""input"": ""83\n"", ""output"": ""7\n""}, {""input"": ""159\n"", ""output"": ""8\n""}, {""input"": ""296\n"", ""output"": ""9\n""}, {""input"": ""000\n"", ""output"": ""0\n""}, {""input"": ""545\n"", ""output"": ""10\n""}, {""input"": ""1241\n"", ""output"": ""11\n""}, {""input"": ""2473\n"", ""output"": ""12\n""}, {""input"": ""6042\n"", ""output"": ""13\n""}, {""input"": ""9030\n"", ""output"": ""14\n""}, {""input"": ""17679\n"", ""output"": ""15\n""}, {""input"": ""33209\n"", ""output"": ""16\n""}, {""input"": ""96405\n"", ""output"": ""17\n""}, {""input"": ""140502\n"", ""output"": ""18\n""}, {""input"": ""299812\n"", ""output"": ""19\n""}, {""input"": ""763679\n"", ""output"": ""20\n""}, {""input"": ""1237235\n"", ""output"": ""21\n""}, {""input"": ""3\n"", ""output"": ""2\n""}, {""input"": ""7\n"", ""output"": ""3\n""}, {""input"": ""5\n"", ""output"": ""3\n""}, {""input"": ""6\n"", ""output"": ""3\n""}, {""input"": ""8\n"", ""output"": ""4\n""}, {""input"": ""10\n"", ""output"": ""4\n""}, {""input"": ""13\n"", ""output"": ""4\n""}, {""input"": ""14\n"", ""output"": ""4\n""}, {""input"": ""12\n"", ""output"": ""4\n""}, {""input"": ""18\n"", ""output"": ""5\n""}, {""input"": ""20\n"", ""output"": ""5\n""}, {""input"": ""15\n"", ""output"": ""4\n""}, {""input"": ""11\n"", ""output"": ""4\n""}, {""input"": ""30\n"", ""output"": ""5\n""}, {""input"": ""28\n"", ""output"": ""5\n""}, {""input"": ""51\n"", ""output"": ""6\n""}, {""input"": ""16\n"", ""output"": ""5\n""}, {""input"": ""25\n"", ""output"": ""5\n""}, {""input"": ""17\n"", ""output"": ""5\n""}, {""input"": ""22\n"", ""output"": ""5\n""}, {""input"": ""49\n"", ""output"": ""6\n""}, {""input"": ""47\n"", ""output"": ""6\n""}, {""input"": ""29\n"", ""output"": ""5\n""}, {""input"": ""58\n"", ""output"": ""6\n""}, {""input"": ""52\n"", ""output"": ""6\n""}, {""input"": ""95\n"", ""output"": ""7\n""}, {""input"": ""48\n"", ""output"": ""6\n""}, {""input"": ""27\n"", ""output"": ""5\n""}, {""input"": ""31\n"", ""output"": ""5\n""}, {""input"": ""33\n"", ""output"": ""6\n""}, {""input"": ""24\n"", ""output"": ""5\n""}, {""input"": ""72\n"", ""output"": ""7\n""}, {""input"": ""74\n"", ""output"": ""7\n""}, {""input"": ""44\n"", ""output"": ""6\n""}, {""input"": ""34\n"", ""output"": ""6\n""}, {""input"": ""21\n"", ""output"": ""5\n""}, {""input"": ""26\n"", ""output"": ""5\n""}, {""input"": ""23\n"", ""output"": ""5\n""}, {""input"": ""32\n"", ""output"": ""6\n""}, {""input"": ""35\n"", ""output"": ""6\n""}, {""input"": ""45\n"", ""output"": ""6\n""}, {""input"": ""97\n"", ""output"": ""7\n""}, {""input"": ""42\n"", ""output"": ""6\n""}, {""input"": ""36\n"", ""output"": ""6\n""}, {""input"": ""56\n"", ""output"": ""6\n""}, {""input"": ""65\n"", ""output"": ""7\n""}, {""input"": ""62\n"", ""output"": ""6\n""}, {""input"": ""41\n"", ""output"": ""6\n""}, {""input"": ""115\n"", ""output"": ""7\n""}, {""input"": ""61\n"", ""output"": ""6\n""}, {""input"": ""60\n"", ""output"": ""6\n""}, {""input"": ""54\n"", ""output"": ""6\n""}, {""input"": ""59\n"", ""output"": ""6\n""}, {""input"": ""50\n"", ""output"": ""6\n""}, {""input"": ""96\n"", ""output"": ""7\n""}, {""input"": ""158\n"", ""output"": ""8\n""}, {""input"": ""55\n"", ""output"": ""6\n""}, {""input"": ""40\n"", ""output"": ""6\n""}, {""input"": ""43\n"", ""output"": ""6\n""}, {""input"": ""46\n"", ""output"": ""6\n""}, {""input"": ""92\n"", ""output"": ""7\n""}, {""input"": ""69\n"", ""output"": ""7\n""}, {""input"": ""68\n"", ""output"": ""7\n""}, {""input"": ""86\n"", ""output"": ""7\n""}, {""input"": ""79\n"", ""output"": ""7\n""}, {""input"": ""88\n"", ""output"": ""7\n""}, {""input"": ""114\n"", ""output"": ""7\n""}, {""input"": ""126\n"", ""output"": ""7\n""}, {""input"": ""91\n"", ""output"": ""7\n""}, {""input"": ""80\n"", ""output"": ""7\n""}, {""input"": ""136\n"", ""output"": ""8\n""}, {""input"": ""418\n"", ""output"": ""9\n""}, {""input"": ""39\n"", ""output"": ""6\n""}, {""input"": ""144\n"", ""output"": ""8\n""}, {""input"": ""134\n"", ""output"": ""8\n""}, {""input"": ""225\n"", ""output"": ""8\n""}, {""input"": ""135\n"", ""output"": ""8\n""}, {""input"": ""87\n"", ""output"": ""7\n""}, {""input"": ""0\n"", ""output"": ""0\n""}, {""input"": ""0\n"", ""output"": ""0\n""}]","Given the following C code and assembly code, your task is to generate highly optimized x86-64 assembly code.
C Code:

```c
long N;main(){scanf(""%ld"",&N);N=!printf(""%d\n"",N?64-__builtin_clzll(N):0);}```

Assembly Code:

```assembly
	.file	""temp.c""
	.text
	.section	.rodata.str1.1,""aMS"",@progbits,1
.LC0:
	.string	""%ld""
.LC1:
	.string	""%d\n""
	.section	.text.startup,""ax"",@progbits
	.p2align 4
	.globl	main
	.type	main, @function
main:
.LFB0:
	.cfi_startproc
	endbr64
	leaq	N(%rip), %rsi
	subq	$8, %rsp
	.cfi_def_cfa_offset 16
	leaq	.LC0(%rip), %rdi
	xorl	%eax, %eax
	call	scanf@PLT
	movq	N(%rip), %rax
	xorl	%esi, %esi
	testq	%rax, %rax
	je	.L2
	bsrq	%rax, %rax
	movl	$64, %esi
	xorq	$63, %rax
	subl	%eax, %esi
.L2:
	xorl	%eax, %eax
	leaq	.LC1(%rip), %rdi
	call	printf@PLT
	testl	%eax, %eax
	sete	%al
	movzbl	%al, %eax
	movq	%rax, N(%rip)
	xorl	%eax, %eax
	addq	$8, %rsp
	.cfi_def_cfa_offset 8
	ret
	.cfi_endproc
.LFE0:
	.size	main, .-main
	.globl	N
	.bss
	.align 8
	.type	N, @object
	.size	N, 8
N:
	.zero	8
	.ident	""GCC: (Ubuntu 11.4.0-1ubuntu1~22.04) 11.4.0""
	.section	.note.GNU-stack,"""",@progbits
	.section	.note.gnu.property,""a""
	.align 8
	.long	1f - 0f
	.long	4f - 1f
	.long	5
0:
	.string	""GNU""
1:
	.align 8
	.long	0xc0000002
	.long	3f - 2f
2:
	.long	0x3
3:
	.align 8
4:
```

Only output the optimized assembly code. Do not include any other text. Do not write any comments in the assembly code. Wrap the assembly code in ```assembly``` tags.
Optimized Assembly Code:
","Given the following C code, your task is to generate highly optimized x86-64 assembly code.
C Code:

```c
long N;main(){scanf(""%ld"",&N);N=!printf(""%d\n"",N?64-__builtin_clzll(N):0);}```

Only output the optimized assembly code. Do not include any other text. Do not write any comments in the assembly code. Wrap the assembly code in ```assembly``` tags.
Optimized Assembly Code:
"
25,"```c
#include <stdio.h>
int a[6];
int main(){
	int n;
	scanf(""%d"",&n);
	for(int i=0;i<n;i++){
		int k;
		scanf(""%d"",&k);
		int d[3]={0,1,2};
		while(k--){
			int x;
			scanf(""%d"",&x);
			if(x){int t=d[1];d[1]=d[2];d[2]=t;}
			else{int t=d[1];d[1]=d[0];d[0]=t;}
		}
		a[d[0]*2+(d[1]>d[2])]++;
	}
	if(a[0]>=1||a[1]>=2||a[2]>=2||a[5]>=2||a[3]>=3||a[4]>=3||(a[3]&&a[4])||(a[1]+a[2]+a[5]>=2&&(a[3]||a[4])))puts(""yes"");
	else puts(""no"");
}
```","[{""input"": ""3\n2 0 0\n1 1\n10 1 0 0 1 0\n"", ""output"": ""yes\n""}, {""input"": ""2\n1 1\n3 0\n"", ""output"": ""no\n""}, {""input"": ""2\n1 1\n2 0\n"", ""output"": ""yes\n""}, {""input"": ""3\n2 0 0\n1 1\n10 1 0 0 2 0\n"", ""output"": ""yes\n""}, {""input"": ""2\n1 0\n2 0\n"", ""output"": ""yes\n""}, {""input"": ""3\n3 0 0\n1 1\n10 1 0 0 2 0\n"", ""output"": ""yes\n""}, {""input"": ""2\n1 1\n2 -1\n"", ""output"": ""yes\n""}, {""input"": ""3\n3 0 0\n1 1\n10 2 0 0 2 0\n"", ""output"": ""yes\n""}, {""input"": ""2\n1 1\n2 -2\n"", ""output"": ""yes\n""}, {""input"": ""3\n3 0 0\n0 1\n10 2 0 0 2 0\n"", ""output"": ""yes\n""}, {""input"": ""2\n1 1\n0 -2\n"", ""output"": ""yes\n""}, {""input"": ""2\n1 1\n0 -1\n"", ""output"": ""yes\n""}, {""input"": ""2\n1 1\n0 0\n"", ""output"": ""yes\n""}, {""input"": ""3\n2 0 0\n1 1\n5 1 0 0 1 -1\n"", ""output"": ""yes\n""}, {""input"": ""2\n2 1\n2 0\n"", ""output"": ""yes\n""}, {""input"": ""3\n2 0 0\n1 1\n10 1 0 0 0 0\n"", ""output"": ""yes\n""}, {""input"": ""3\n2 0 0\n1 2\n10 1 0 0 2 0\n"", ""output"": ""yes\n""}, {""input"": ""2\n1 0\n1 0\n"", ""output"": ""yes\n""}, {""input"": ""2\n1 1\n3 -1\n"", ""output"": ""yes\n""}, {""input"": ""3\n3 0 0\n1 1\n10 4 0 0 2 0\n"", ""output"": ""yes\n""}, {""input"": ""2\n1 1\n2 -3\n"", ""output"": ""yes\n""}, {""input"": ""3\n3 0 0\n0 1\n1 2 0 0 2 0\n"", ""output"": ""yes\n""}, {""input"": ""2\n1 1\n0 -4\n"", ""output"": ""yes\n""}, {""input"": ""2\n0 1\n0 -1\n"", ""output"": ""yes\n""}, {""input"": ""2\n2 1\n0 0\n"", ""output"": ""yes\n""}, {""input"": ""2\n1 1\n2 1\n"", ""output"": ""yes\n""}, {""input"": ""3\n2 0 0\n1 1\n10 1 1 0 0 0\n"", ""output"": ""yes\n""}, {""input"": ""2\n0 1\n0 0\n"", ""output"": ""yes\n""}, {""input"": ""3\n2 0 0\n1 2\n10 1 0 0 2 1\n"", ""output"": ""yes\n""}, {""input"": ""2\n1 1\n1 -1\n"", ""output"": ""yes\n""}, {""input"": ""3\n3 0 0\n1 1\n10 4 1 0 2 0\n"", ""output"": ""yes\n""}, {""input"": ""2\n1 0\n2 -3\n"", ""output"": ""yes\n""}, {""input"": ""3\n3 -1 0\n0 1\n1 2 0 0 2 0\n"", ""output"": ""yes\n""}, {""input"": ""2\n0 1\n-1 -1\n"", ""output"": ""yes\n""}, {""input"": ""2\n1 1\n2 2\n"", ""output"": ""yes\n""}, {""input"": ""3\n2 0 0\n1 1\n10 0 1 0 0 0\n"", ""output"": ""yes\n""}, {""input"": ""2\n0 1\n0 1\n"", ""output"": ""yes\n""}, {""input"": ""3\n1 0 0\n1 1\n10 4 1 0 2 0\n"", ""output"": ""yes\n""}, {""input"": ""2\n1 -1\n2 -3\n"", ""output"": ""yes\n""}, {""input"": ""3\n3 -1 0\n0 1\n1 2 0 1 2 0\n"", ""output"": ""yes\n""}, {""input"": ""2\n0 0\n-1 -1\n"", ""output"": ""yes\n""}, {""input"": ""2\n1 1\n4 2\n"", ""output"": ""yes\n""}, {""input"": ""3\n2 0 0\n1 2\n10 0 1 0 0 0\n"", ""output"": ""yes\n""}, {""input"": ""2\n0 2\n0 1\n"", ""output"": ""yes\n""}, {""input"": ""3\n1 0 0\n1 1\n10 3 1 0 2 0\n"", ""output"": ""yes\n""}, {""input"": ""3\n3 -1 0\n0 1\n1 2 -1 1 2 0\n"", ""output"": ""yes\n""}, {""input"": ""2\n1 1\n4 0\n"", ""output"": ""yes\n""}, {""input"": ""2\n0 2\n1 1\n"", ""output"": ""yes\n""}, {""input"": ""3\n1 0 0\n1 1\n8 3 1 0 2 0\n"", ""output"": ""yes\n""}, {""input"": ""3\n3 -1 0\n0 1\n1 2 -1 1 2 1\n"", ""output"": ""yes\n""}, {""input"": ""2\n1 0\n3 0\n"", ""output"": ""yes\n""}, {""input"": ""2\n0 2\n1 2\n"", ""output"": ""yes\n""}, {""input"": ""3\n3 -1 0\n0 1\n1 2 -1 1 3 1\n"", ""output"": ""yes\n""}, {""input"": ""2\n1 0\n6 0\n"", ""output"": ""yes\n""}, {""input"": ""2\n0 2\n1 0\n"", ""output"": ""yes\n""}, {""input"": ""3\n3 -1 0\n0 1\n1 2 -1 2 3 1\n"", ""output"": ""yes\n""}, {""input"": ""2\n0 1\n1 0\n"", ""output"": ""yes\n""}, {""input"": ""3\n2 0 0\n1 2\n5 1 0 0 1 0\n"", ""output"": ""yes\n""}, {""input"": ""2\n1 1\n1 1\n"", ""output"": ""yes\n""}, {""input"": ""3\n2 0 0\n1 1\n10 1 0 1 1 0\n"", ""output"": ""yes\n""}, {""input"": ""2\n1 1\n4 -1\n"", ""output"": ""yes\n""}, {""input"": ""3\n3 0 0\n1 1\n10 1 0 0 0 0\n"", ""output"": ""yes\n""}, {""input"": ""2\n2 1\n1 0\n"", ""output"": ""yes\n""}, {""input"": ""2\n1 0\n2 -2\n"", ""output"": ""yes\n""}, {""input"": ""3\n3 0 0\n0 1\n10 1 0 0 2 0\n"", ""output"": ""yes\n""}, {""input"": ""2\n1 2\n0 -1\n"", ""output"": ""yes\n""}, {""input"": ""3\n2 1 0\n1 1\n5 1 0 0 1 -1\n"", ""output"": ""yes\n""}, {""input"": ""2\n2 1\n3 0\n"", ""output"": ""yes\n""}, {""input"": ""3\n2 0 0\n1 2\n10 1 0 0 0 0\n"", ""output"": ""yes\n""}, {""input"": ""2\n1 1\n6 0\n"", ""output"": ""yes\n""}, {""input"": ""2\n0 0\n1 0\n"", ""output"": ""yes\n""}, {""input"": ""3\n3 0 0\n1 1\n10 3 0 0 2 0\n"", ""output"": ""yes\n""}, {""input"": ""2\n1 2\n2 -3\n"", ""output"": ""yes\n""}, {""input"": ""3\n3 -1 0\n0 1\n1 0 0 0 2 0\n"", ""output"": ""yes\n""}, {""input"": ""2\n0 1\n0 -4\n"", ""output"": ""yes\n""}, {""input"": ""2\n0 0\n0 -1\n"", ""output"": ""yes\n""}, {""input"": ""2\n2 2\n0 0\n"", ""output"": ""yes\n""}, {""input"": ""2\n1 2\n4 2\n"", ""output"": ""yes\n""}, {""input"": ""3\n2 0 0\n0 1\n10 1 0 0 1 0\n"", ""output"": ""yes\n""}, {""input"": ""2\n0 2\n0 0\n"", ""output"": ""yes\n""}, {""input"": ""2\n1 -1\n1 -1\n"", ""output"": ""yes\n""}, {""input"": ""3\n3 0 1\n1 1\n10 4 1 0 2 0\n"", ""output"": ""yes\n""}, {""input"": ""2\n1 0\n2 -4\n"", ""output"": ""yes\n""}, {""input"": ""3\n3 -1 0\n0 1\n1 1 0 0 2 0\n"", ""output"": ""yes\n""}, {""input"": ""2\n0 1\n-1 0\n"", ""output"": ""yes\n""}, {""input"": ""3\n1 1 0\n1 1\n10 4 1 0 2 0\n"", ""output"": ""yes\n""}, {""input"": ""3\n3 -1 0\n0 1\n1 3 0 1 2 0\n"", ""output"": ""yes\n""}, {""input"": ""2\n1 1\n4 1\n"", ""output"": ""yes\n""}, {""input"": ""2\n0 2\n-1 1\n"", ""output"": ""yes\n""}, {""input"": ""3\n1 0 0\n1 1\n10 3 0 0 2 0\n"", ""output"": ""yes\n""}, {""input"": ""3\n3 -1 0\n0 1\n1 2 0 2 2 0\n"", ""output"": ""yes\n""}, {""input"": ""2\n1 0\n4 1\n"", ""output"": ""yes\n""}, {""input"": ""2\n0 1\n1 1\n"", ""output"": ""yes\n""}, {""input"": ""3\n1 0 0\n1 1\n8 3 1 0 2 -1\n"", ""output"": ""yes\n""}, {""input"": ""3\n3 -1 0\n0 1\n1 1 -1 1 2 0\n"", ""output"": ""yes\n""}, {""input"": ""2\n1 0\n5 0\n"", ""output"": ""yes\n""}, {""input"": ""2\n0 0\n1 2\n"", ""output"": ""yes\n""}, {""input"": ""3\n3 -1 0\n0 1\n1 2 0 1 3 1\n"", ""output"": ""yes\n""}, {""input"": ""3\n3 -1 0\n0 1\n1 2 -1 0 3 1\n"", ""output"": ""yes\n""}, {""input"": ""3\n2 0 0\n1 2\n5 1 0 0 2 0\n"", ""output"": ""yes\n""}, {""input"": ""3\n2 0 0\n1 1\n5 1 0 0 1 0\n"", ""output"": ""yes\n""}, {""input"": ""3\n2 0 0\n1 1\n5 1 0 0 1 0\n"", ""output"": ""yes\n""}, {""input"": ""2\n1 1\n1 0\n"", ""output"": ""no\n""}]","Given the following C code and assembly code, your task is to generate highly optimized x86-64 assembly code.
C Code:

```c
#include <stdio.h>
int a[6];
int main(){
	int n;
	scanf(""%d"",&n);
	for(int i=0;i<n;i++){
		int k;
		scanf(""%d"",&k);
		int d[3]={0,1,2};
		while(k--){
			int x;
			scanf(""%d"",&x);
			if(x){int t=d[1];d[1]=d[2];d[2]=t;}
			else{int t=d[1];d[1]=d[0];d[0]=t;}
		}
		a[d[0]*2+(d[1]>d[2])]++;
	}
	if(a[0]>=1||a[1]>=2||a[2]>=2||a[5]>=2||a[3]>=3||a[4]>=3||(a[3]&&a[4])||(a[1]+a[2]+a[5]>=2&&(a[3]||a[4])))puts(""yes"");
	else puts(""no"");
}
```

Assembly Code:

```assembly
	.file	""temp.c""
	.text
	.section	.rodata.str1.1,""aMS"",@progbits,1
.LC0:
	.string	""%d""
.LC1:
	.string	""yes""
.LC2:
	.string	""no""
	.section	.text.startup,""ax"",@progbits
	.p2align 4
	.globl	main
	.type	main, @function
main:
.LFB23:
	.cfi_startproc
	endbr64
	pushq	%r15
	.cfi_def_cfa_offset 16
	.cfi_offset 15, -16
	pushq	%r14
	.cfi_def_cfa_offset 24
	.cfi_offset 14, -24
	xorl	%r14d, %r14d
	pushq	%r13
	.cfi_def_cfa_offset 32
	.cfi_offset 13, -32
	pushq	%r12
	.cfi_def_cfa_offset 40
	.cfi_offset 12, -40
	leaq	.LC0(%rip), %r12
	pushq	%rbp
	.cfi_def_cfa_offset 48
	.cfi_offset 6, -48
	movq	%r12, %rdi
	pushq	%rbx
	.cfi_def_cfa_offset 56
	.cfi_offset 3, -56
	subq	$56, %rsp
	.cfi_def_cfa_offset 112
	movq	%fs:40, %rax
	movq	%rax, 40(%rsp)
	xorl	%eax, %eax
	leaq	28(%rsp), %rsi
	call	__isoc99_scanf@PLT
	movl	28(%rsp), %ecx
	leaq	32(%rsp), %rax
	movq	%rax, 8(%rsp)
	testl	%ecx, %ecx
	jle	.L8
	.p2align 4,,10
	.p2align 3
.L2:
	movq	8(%rsp), %rsi
	movq	%r12, %rdi
	xorl	%eax, %eax
	call	__isoc99_scanf@PLT
	movl	32(%rsp), %eax
	leal	-1(%rax), %edx
	movl	%edx, 32(%rsp)
	testl	%eax, %eax
	je	.L5
	movl	$2, %ebp
	movl	$1, %r15d
	xorl	%ebx, %ebx
	leaq	36(%rsp), %r13
	jmp	.L7
	.p2align 4,,10
	.p2align 3
.L33:
	movl	%ebx, %eax
	movl	%r15d, %ebx
	movl	%eax, %r15d
	movl	32(%rsp), %eax
	leal	-1(%rax), %ecx
	movl	%ecx, 32(%rsp)
	testl	%eax, %eax
	je	.L32
.L7:
	movq	%r13, %rsi
	movq	%r12, %rdi
	xorl	%eax, %eax
	call	__isoc99_scanf@PLT
	movl	36(%rsp), %eax
	testl	%eax, %eax
	je	.L33
	movl	%r15d, %eax
	movl	%ebp, %r15d
	movl	%eax, %ebp
	movl	32(%rsp), %eax
	leal	-1(%rax), %ecx
	movl	%ecx, 32(%rsp)
	testl	%eax, %eax
	jne	.L7
.L32:
	xorl	%eax, %eax
	cmpl	%ebp, %r15d
	setg	%al
	leal	(%rax,%rbx,2), %eax
.L5:
	cltq
	leaq	a(%rip), %rdx
	addl	$1, %r14d
	addl	$1, (%rdx,%rax,4)
	cmpl	%r14d, 28(%rsp)
	jg	.L2
.L8:
	movl	a(%rip), %edx
	testl	%edx, %edx
	jg	.L3
	movl	4+a(%rip), %eax
	cmpl	$1, %eax
	jle	.L34
.L3:
	leaq	.LC1(%rip), %rdi
	call	puts@PLT
.L11:
	movq	40(%rsp), %rax
	subq	%fs:40, %rax
	jne	.L35
	addq	$56, %rsp
	.cfi_remember_state
	.cfi_def_cfa_offset 56
	xorl	%eax, %eax
	popq	%rbx
	.cfi_def_cfa_offset 48
	popq	%rbp
	.cfi_def_cfa_offset 40
	popq	%r12
	.cfi_def_cfa_offset 32
	popq	%r13
	.cfi_def_cfa_offset 24
	popq	%r14
	.cfi_def_cfa_offset 16
	popq	%r15
	.cfi_def_cfa_offset 8
	ret
.L34:
	.cfi_restore_state
	movl	8+a(%rip), %edx
	cmpl	$1, %edx
	jg	.L3
	movl	20+a(%rip), %edi
	cmpl	$1, %edi
	jg	.L3
	movl	12+a(%rip), %ecx
	cmpl	$2, %ecx
	jg	.L3
	movl	16+a(%rip), %esi
	cmpl	$2, %esi
	jg	.L3
	testl	%esi, %esi
	je	.L15
	testl	%ecx, %ecx
	jne	.L3
.L15:
	addl	%edx, %eax
	addl	%edi, %eax
	subl	$1, %eax
	jle	.L10
	orl	%esi, %ecx
	jne	.L3
.L10:
	leaq	.LC2(%rip), %rdi
	call	puts@PLT
	jmp	.L11
.L35:
	call	__stack_chk_fail@PLT
	.cfi_endproc
.LFE23:
	.size	main, .-main
	.globl	a
	.bss
	.align 16
	.type	a, @object
	.size	a, 24
a:
	.zero	24
	.ident	""GCC: (Ubuntu 11.4.0-1ubuntu1~22.04) 11.4.0""
	.section	.note.GNU-stack,"""",@progbits
	.section	.note.gnu.property,""a""
	.align 8
	.long	1f - 0f
	.long	4f - 1f
	.long	5
0:
	.string	""GNU""
1:
	.align 8
	.long	0xc0000002
	.long	3f - 2f
2:
	.long	0x3
3:
	.align 8
4:
```

Only output the optimized assembly code. Do not include any other text. Do not write any comments in the assembly code. Wrap the assembly code in ```assembly``` tags.
Optimized Assembly Code:
","Given the following C code, your task is to generate highly optimized x86-64 assembly code.
C Code:

```c
#include <stdio.h>
int a[6];
int main(){
	int n;
	scanf(""%d"",&n);
	for(int i=0;i<n;i++){
		int k;
		scanf(""%d"",&k);
		int d[3]={0,1,2};
		while(k--){
			int x;
			scanf(""%d"",&x);
			if(x){int t=d[1];d[1]=d[2];d[2]=t;}
			else{int t=d[1];d[1]=d[0];d[0]=t;}
		}
		a[d[0]*2+(d[1]>d[2])]++;
	}
	if(a[0]>=1||a[1]>=2||a[2]>=2||a[5]>=2||a[3]>=3||a[4]>=3||(a[3]&&a[4])||(a[1]+a[2]+a[5]>=2&&(a[3]||a[4])))puts(""yes"");
	else puts(""no"");
}
```

Only output the optimized assembly code. Do not include any other text. Do not write any comments in the assembly code. Wrap the assembly code in ```assembly``` tags.
Optimized Assembly Code:
"
26,"```c
#include<stdio.h>

int main(){
  long N,M,ans=0;
  scanf(""%ld%ld"",&N,&M);

  if (N<M)
  {
    while (N>0){ N--; M-=2; ans++;}
    if(M>3){ ans+=M/4; }
  }else{
    ans+=M/2;
  }

  printf(""%ld"",ans);

  return 0;
}```","[{""input"": ""12345 267141\n"", ""output"": ""72957""}, {""input"": ""1 4\n"", ""output"": ""1""}, {""input"": ""12345 263982\n"", ""output"": ""72168""}, {""input"": ""5656 263982\n"", ""output"": ""68823""}, {""input"": ""0 8\n"", ""output"": ""2""}, {""input"": ""10389 263982\n"", ""output"": ""71190""}, {""input"": ""0 12\n"", ""output"": ""3""}, {""input"": ""10389 232248\n"", ""output"": ""63256""}, {""input"": ""0 20\n"", ""output"": ""5""}, {""input"": ""10389 85698\n"", ""output"": ""26619""}, {""input"": ""0 28\n"", ""output"": ""7""}, {""input"": ""10389 18349\n"", ""output"": ""10389""}, {""input"": ""10389 5425\n"", ""output"": ""2712""}, {""input"": ""10389 728\n"", ""output"": ""364""}, {""input"": ""10389 750\n"", ""output"": ""375""}, {""input"": ""3 11\n"", ""output"": ""4""}, {""input"": ""5394 668\n"", ""output"": ""334""}, {""input"": ""5394 1245\n"", ""output"": ""622""}, {""input"": ""-1 27\n"", ""output"": ""6""}, {""input"": ""3695 2384\n"", ""output"": ""1192""}, {""input"": ""-2 7\n"", ""output"": ""1""}, {""input"": ""1162 2384\n"", ""output"": ""1177""}, {""input"": ""340 2384\n"", ""output"": ""766""}, {""input"": ""340 3876\n"", ""output"": ""1139""}, {""input"": ""340 341\n"", ""output"": ""340""}, {""input"": ""-2 1\n"", ""output"": ""0""}, {""input"": ""67 341\n"", ""output"": ""118""}, {""input"": ""133 341\n"", ""output"": ""151""}, {""input"": ""-3 0\n"", ""output"": ""0""}, {""input"": ""133 280\n"", ""output"": ""136""}, {""input"": ""133 51\n"", ""output"": ""25""}, {""input"": ""133 67\n"", ""output"": ""33""}, {""input"": ""133 75\n"", ""output"": ""37""}, {""input"": ""133 106\n"", ""output"": ""53""}, {""input"": ""0 -5\n"", ""output"": ""-2""}, {""input"": ""372 178\n"", ""output"": ""89""}, {""input"": ""1 -10\n"", ""output"": ""-5""}, {""input"": ""1 -12\n"", ""output"": ""-6""}, {""input"": ""282 33\n"", ""output"": ""16""}, {""input"": ""298 17\n"", ""output"": ""8""}, {""input"": ""1 -24\n"", ""output"": ""-12""}, {""input"": ""2 -18\n"", ""output"": ""-9""}, {""input"": ""762 18\n"", ""output"": ""9""}, {""input"": ""10 -29\n"", ""output"": ""-14""}, {""input"": ""762 28\n"", ""output"": ""14""}, {""input"": ""762 39\n"", ""output"": ""19""}, {""input"": ""985 64\n"", ""output"": ""32""}, {""input"": ""1489 71\n"", ""output"": ""35""}, {""input"": ""1489 23\n"", ""output"": ""11""}, {""input"": ""-7 0\n"", ""output"": ""0""}, {""input"": ""-20 0\n"", ""output"": ""0""}, {""input"": ""0 50\n"", ""output"": ""12""}, {""input"": ""-1 -13\n"", ""output"": ""-6""}, {""input"": ""-16 2\n"", ""output"": ""0""}, {""input"": ""-42 3\n"", ""output"": ""0""}, {""input"": ""-42 5\n"", ""output"": ""1""}, {""input"": ""-81 4\n"", ""output"": ""1""}, {""input"": ""-115 4\n"", ""output"": ""1""}, {""input"": ""-115 7\n"", ""output"": ""1""}, {""input"": ""-115 10\n"", ""output"": ""2""}, {""input"": ""-77 10\n"", ""output"": ""2""}, {""input"": ""-77 6\n"", ""output"": ""1""}, {""input"": ""-63 7\n"", ""output"": ""1""}, {""input"": ""-63 3\n"", ""output"": ""0""}, {""input"": ""-36 2\n"", ""output"": ""0""}, {""input"": ""-47 0\n"", ""output"": ""0""}, {""input"": ""4 -28\n"", ""output"": ""-14""}, {""input"": ""-22 2\n"", ""output"": ""0""}, {""input"": ""-51 -1\n"", ""output"": ""0""}, {""input"": ""-25 -1\n"", ""output"": ""0""}, {""input"": ""-37 -1\n"", ""output"": ""0""}, {""input"": ""0 52\n"", ""output"": ""13""}, {""input"": ""-9 -31\n"", ""output"": ""-15""}, {""input"": ""-1 -53\n"", ""output"": ""-26""}, {""input"": ""-45 0\n"", ""output"": ""0""}, {""input"": ""-28 -12\n"", ""output"": ""0""}, {""input"": ""100 41\n"", ""output"": ""20""}, {""input"": ""1 61\n"", ""output"": ""15""}, {""input"": ""100 53\n"", ""output"": ""26""}, {""input"": ""100 72\n"", ""output"": ""36""}, {""input"": ""-23 -41\n"", ""output"": ""-20""}, {""input"": ""-6 -64\n"", ""output"": ""-32""}, {""input"": ""1 67\n"", ""output"": ""17""}, {""input"": ""0 4\n"", ""output"": ""1""}, {""input"": ""1 28\n"", ""output"": ""7""}, {""input"": ""1 27\n"", ""output"": ""7""}, {""input"": ""2 27\n"", ""output"": ""7""}, {""input"": ""2 11\n"", ""output"": ""3""}, {""input"": ""3219 750\n"", ""output"": ""375""}, {""input"": ""4586 750\n"", ""output"": ""375""}, {""input"": ""3 17\n"", ""output"": ""5""}, {""input"": ""5394 750\n"", ""output"": ""375""}, {""input"": ""0 17\n"", ""output"": ""4""}, {""input"": ""-1 17\n"", ""output"": ""4""}, {""input"": ""-1 18\n"", ""output"": ""4""}, {""input"": ""4370 1245\n"", ""output"": ""622""}, {""input"": ""3695 1245\n"", ""output"": ""622""}, {""input"": ""-2 17\n"", ""output"": ""4""}, {""input"": ""-3 7\n"", ""output"": ""1""}, {""input"": ""-1 7\n"", ""output"": ""1""}, {""input"": ""12345 678901\n"", ""output"": ""175897""}, {""input"": ""1 6\n"", ""output"": ""2""}, {""input"": ""1 6\n"", ""output"": ""2""}]","Given the following C code and assembly code, your task is to generate highly optimized x86-64 assembly code.
C Code:

```c
#include<stdio.h>

int main(){
  long N,M,ans=0;
  scanf(""%ld%ld"",&N,&M);

  if (N<M)
  {
    while (N>0){ N--; M-=2; ans++;}
    if(M>3){ ans+=M/4; }
  }else{
    ans+=M/2;
  }

  printf(""%ld"",ans);

  return 0;
}```

Assembly Code:

```assembly
	.file	""temp.c""
	.text
	.section	.rodata.str1.1,""aMS"",@progbits,1
.LC0:
	.string	""%ld%ld""
.LC1:
	.string	""%ld""
	.section	.text.startup,""ax"",@progbits
	.p2align 4
	.globl	main
	.type	main, @function
main:
.LFB23:
	.cfi_startproc
	endbr64
	subq	$40, %rsp
	.cfi_def_cfa_offset 48
	leaq	.LC0(%rip), %rdi
	movq	%fs:40, %rax
	movq	%rax, 24(%rsp)
	xorl	%eax, %eax
	leaq	16(%rsp), %rdx
	leaq	8(%rsp), %rsi
	call	__isoc99_scanf@PLT
	movq	8(%rsp), %r8
	movq	16(%rsp), %rax
	cmpq	%rax, %r8
	jge	.L2
	testq	%r8, %r8
	jle	.L6
	movq	$0, 8(%rsp)
	leaq	(%r8,%r8), %rdx
	subq	%rdx, %rax
	movq	%rax, 16(%rsp)
.L3:
	cmpq	$3, %rax
	jg	.L9
.L4:
	xorl	%eax, %eax
	movq	%r8, %rdx
	movl	$1, %edi
	leaq	.LC1(%rip), %rsi
	call	__printf_chk@PLT
	movq	24(%rsp), %rax
	subq	%fs:40, %rax
	jne	.L10
	xorl	%eax, %eax
	addq	$40, %rsp
	.cfi_remember_state
	.cfi_def_cfa_offset 8
	ret
.L2:
	.cfi_restore_state
	movl	$2, %ecx
	cqto
	idivq	%rcx
	movq	%rax, %r8
	jmp	.L4
.L9:
	sarq	$2, %rax
	addq	%rax, %r8
	jmp	.L4
.L6:
	xorl	%r8d, %r8d
	jmp	.L3
.L10:
	call	__stack_chk_fail@PLT
	.cfi_endproc
.LFE23:
	.size	main, .-main
	.ident	""GCC: (Ubuntu 11.4.0-1ubuntu1~22.04) 11.4.0""
	.section	.note.GNU-stack,"""",@progbits
	.section	.note.gnu.property,""a""
	.align 8
	.long	1f - 0f
	.long	4f - 1f
	.long	5
0:
	.string	""GNU""
1:
	.align 8
	.long	0xc0000002
	.long	3f - 2f
2:
	.long	0x3
3:
	.align 8
4:
```

Only output the optimized assembly code. Do not include any other text. Do not write any comments in the assembly code. Wrap the assembly code in ```assembly``` tags.
Optimized Assembly Code:
","Given the following C code, your task is to generate highly optimized x86-64 assembly code.
C Code:

```c
#include<stdio.h>

int main(){
  long N,M,ans=0;
  scanf(""%ld%ld"",&N,&M);

  if (N<M)
  {
    while (N>0){ N--; M-=2; ans++;}
    if(M>3){ ans+=M/4; }
  }else{
    ans+=M/2;
  }

  printf(""%ld"",ans);

  return 0;
}```

Only output the optimized assembly code. Do not include any other text. Do not write any comments in the assembly code. Wrap the assembly code in ```assembly``` tags.
Optimized Assembly Code:
"
27,"```c
#include<stdio.h>

int main(){
  int i=1,x;

  while (1){
    scanf(""%d\n"", &x);
    if(x==0){
      break;
    }
    else{
      printf(""Case %d: %d\n"", i,x);
      i++;
    }
  }

  return 0;
}
```","[{""input"": ""3\n5\n11\n3\n8\n19\n0\n"", ""output"": ""Case 1: 3\nCase 2: 5\nCase 3: 11\nCase 4: 3\nCase 5: 8\nCase 6: 19\n""}, {""input"": ""3\n5\n11\n7\n8\n34\n0\n"", ""output"": ""Case 1: 3\nCase 2: 5\nCase 3: 11\nCase 4: 7\nCase 5: 8\nCase 6: 34\n""}, {""input"": ""3\n5\n11\n4\n8\n19\n0\n"", ""output"": ""Case 1: 3\nCase 2: 5\nCase 3: 11\nCase 4: 4\nCase 5: 8\nCase 6: 19\n""}, {""input"": ""3\n5\n11\n7\n14\n34\n0\n"", ""output"": ""Case 1: 3\nCase 2: 5\nCase 3: 11\nCase 4: 7\nCase 5: 14\nCase 6: 34\n""}, {""input"": ""3\n5\n11\n4\n2\n19\n0\n"", ""output"": ""Case 1: 3\nCase 2: 5\nCase 3: 11\nCase 4: 4\nCase 5: 2\nCase 6: 19\n""}, {""input"": ""3\n5\n11\n7\n26\n34\n0\n"", ""output"": ""Case 1: 3\nCase 2: 5\nCase 3: 11\nCase 4: 7\nCase 5: 26\nCase 6: 34\n""}, {""input"": ""3\n5\n9\n4\n2\n19\n0\n"", ""output"": ""Case 1: 3\nCase 2: 5\nCase 3: 9\nCase 4: 4\nCase 5: 2\nCase 6: 19\n""}, {""input"": ""3\n2\n11\n7\n26\n34\n0\n"", ""output"": ""Case 1: 3\nCase 2: 2\nCase 3: 11\nCase 4: 7\nCase 5: 26\nCase 6: 34\n""}, {""input"": ""3\n4\n11\n7\n26\n34\n0\n"", ""output"": ""Case 1: 3\nCase 2: 4\nCase 3: 11\nCase 4: 7\nCase 5: 26\nCase 6: 34\n""}, {""input"": ""3\n4\n11\n7\n2\n34\n0\n"", ""output"": ""Case 1: 3\nCase 2: 4\nCase 3: 11\nCase 4: 7\nCase 5: 2\nCase 6: 34\n""}, {""input"": ""3\n4\n11\n7\n2\n58\n0\n"", ""output"": ""Case 1: 3\nCase 2: 4\nCase 3: 11\nCase 4: 7\nCase 5: 2\nCase 6: 58\n""}, {""input"": ""3\n8\n11\n7\n2\n58\n0\n"", ""output"": ""Case 1: 3\nCase 2: 8\nCase 3: 11\nCase 4: 7\nCase 5: 2\nCase 6: 58\n""}, {""input"": ""3\n8\n11\n14\n2\n58\n0\n"", ""output"": ""Case 1: 3\nCase 2: 8\nCase 3: 11\nCase 4: 14\nCase 5: 2\nCase 6: 58\n""}, {""input"": ""3\n14\n11\n14\n2\n58\n0\n"", ""output"": ""Case 1: 3\nCase 2: 14\nCase 3: 11\nCase 4: 14\nCase 5: 2\nCase 6: 58\n""}, {""input"": ""3\n14\n2\n14\n2\n58\n0\n"", ""output"": ""Case 1: 3\nCase 2: 14\nCase 3: 2\nCase 4: 14\nCase 5: 2\nCase 6: 58\n""}, {""input"": ""3\n14\n2\n14\n2\n25\n0\n"", ""output"": ""Case 1: 3\nCase 2: 14\nCase 3: 2\nCase 4: 14\nCase 5: 2\nCase 6: 25\n""}, {""input"": ""3\n14\n2\n14\n2\n28\n0\n"", ""output"": ""Case 1: 3\nCase 2: 14\nCase 3: 2\nCase 4: 14\nCase 5: 2\nCase 6: 28\n""}, {""input"": ""3\n3\n2\n14\n2\n28\n0\n"", ""output"": ""Case 1: 3\nCase 2: 3\nCase 3: 2\nCase 4: 14\nCase 5: 2\nCase 6: 28\n""}, {""input"": ""3\n3\n2\n14\n2\n30\n0\n"", ""output"": ""Case 1: 3\nCase 2: 3\nCase 3: 2\nCase 4: 14\nCase 5: 2\nCase 6: 30\n""}, {""input"": ""3\n6\n2\n14\n2\n30\n0\n"", ""output"": ""Case 1: 3\nCase 2: 6\nCase 3: 2\nCase 4: 14\nCase 5: 2\nCase 6: 30\n""}, {""input"": ""3\n6\n11\n7\n8\n19\n0\n"", ""output"": ""Case 1: 3\nCase 2: 6\nCase 3: 11\nCase 4: 7\nCase 5: 8\nCase 6: 19\n""}, {""input"": ""3\n5\n5\n3\n8\n19\n0\n"", ""output"": ""Case 1: 3\nCase 2: 5\nCase 3: 5\nCase 4: 3\nCase 5: 8\nCase 6: 19\n""}, {""input"": ""3\n5\n11\n4\n1\n19\n0\n"", ""output"": ""Case 1: 3\nCase 2: 5\nCase 3: 11\nCase 4: 4\nCase 5: 1\nCase 6: 19\n""}, {""input"": ""3\n5\n11\n9\n14\n34\n0\n"", ""output"": ""Case 1: 3\nCase 2: 5\nCase 3: 11\nCase 4: 9\nCase 5: 14\nCase 6: 34\n""}, {""input"": ""3\n5\n3\n4\n2\n19\n0\n"", ""output"": ""Case 1: 3\nCase 2: 5\nCase 3: 3\nCase 4: 4\nCase 5: 2\nCase 6: 19\n""}, {""input"": ""3\n5\n11\n14\n26\n34\n0\n"", ""output"": ""Case 1: 3\nCase 2: 5\nCase 3: 11\nCase 4: 14\nCase 5: 26\nCase 6: 34\n""}, {""input"": ""3\n5\n9\n6\n2\n19\n0\n"", ""output"": ""Case 1: 3\nCase 2: 5\nCase 3: 9\nCase 4: 6\nCase 5: 2\nCase 6: 19\n""}, {""input"": ""3\n2\n11\n8\n26\n34\n0\n"", ""output"": ""Case 1: 3\nCase 2: 2\nCase 3: 11\nCase 4: 8\nCase 5: 26\nCase 6: 34\n""}, {""input"": ""3\n4\n16\n7\n26\n34\n0\n"", ""output"": ""Case 1: 3\nCase 2: 4\nCase 3: 16\nCase 4: 7\nCase 5: 26\nCase 6: 34\n""}, {""input"": ""3\n4\n11\n9\n2\n34\n0\n"", ""output"": ""Case 1: 3\nCase 2: 4\nCase 3: 11\nCase 4: 9\nCase 5: 2\nCase 6: 34\n""}, {""input"": ""3\n8\n11\n7\n2\n44\n0\n"", ""output"": ""Case 1: 3\nCase 2: 8\nCase 3: 11\nCase 4: 7\nCase 5: 2\nCase 6: 44\n""}, {""input"": ""3\n8\n11\n14\n0\n58\n0\n"", ""output"": ""Case 1: 3\nCase 2: 8\nCase 3: 11\nCase 4: 14\n""}, {""input"": ""3\n14\n15\n14\n2\n58\n0\n"", ""output"": ""Case 1: 3\nCase 2: 14\nCase 3: 15\nCase 4: 14\nCase 5: 2\nCase 6: 58\n""}, {""input"": ""3\n14\n2\n10\n2\n58\n0\n"", ""output"": ""Case 1: 3\nCase 2: 14\nCase 3: 2\nCase 4: 10\nCase 5: 2\nCase 6: 58\n""}, {""input"": ""3\n14\n2\n14\n2\n35\n0\n"", ""output"": ""Case 1: 3\nCase 2: 14\nCase 3: 2\nCase 4: 14\nCase 5: 2\nCase 6: 35\n""}, {""input"": ""3\n14\n2\n14\n0\n28\n0\n"", ""output"": ""Case 1: 3\nCase 2: 14\nCase 3: 2\nCase 4: 14\n""}, {""input"": ""3\n3\n2\n18\n2\n30\n0\n"", ""output"": ""Case 1: 3\nCase 2: 3\nCase 3: 2\nCase 4: 18\nCase 5: 2\nCase 6: 30\n""}, {""input"": ""3\n6\n2\n14\n3\n30\n0\n"", ""output"": ""Case 1: 3\nCase 2: 6\nCase 3: 2\nCase 4: 14\nCase 5: 3\nCase 6: 30\n""}, {""input"": ""3\n6\n11\n7\n8\n35\n0\n"", ""output"": ""Case 1: 3\nCase 2: 6\nCase 3: 11\nCase 4: 7\nCase 5: 8\nCase 6: 35\n""}, {""input"": ""3\n5\n3\n3\n8\n19\n0\n"", ""output"": ""Case 1: 3\nCase 2: 5\nCase 3: 3\nCase 4: 3\nCase 5: 8\nCase 6: 19\n""}, {""input"": ""3\n5\n15\n4\n1\n19\n0\n"", ""output"": ""Case 1: 3\nCase 2: 5\nCase 3: 15\nCase 4: 4\nCase 5: 1\nCase 6: 19\n""}, {""input"": ""3\n5\n11\n9\n19\n34\n0\n"", ""output"": ""Case 1: 3\nCase 2: 5\nCase 3: 11\nCase 4: 9\nCase 5: 19\nCase 6: 34\n""}, {""input"": ""3\n5\n3\n1\n2\n19\n0\n"", ""output"": ""Case 1: 3\nCase 2: 5\nCase 3: 3\nCase 4: 1\nCase 5: 2\nCase 6: 19\n""}, {""input"": ""3\n5\n20\n14\n26\n34\n0\n"", ""output"": ""Case 1: 3\nCase 2: 5\nCase 3: 20\nCase 4: 14\nCase 5: 26\nCase 6: 34\n""}, {""input"": ""3\n5\n9\n6\n2\n2\n0\n"", ""output"": ""Case 1: 3\nCase 2: 5\nCase 3: 9\nCase 4: 6\nCase 5: 2\nCase 6: 2\n""}, {""input"": ""3\n2\n19\n8\n26\n34\n0\n"", ""output"": ""Case 1: 3\nCase 2: 2\nCase 3: 19\nCase 4: 8\nCase 5: 26\nCase 6: 34\n""}, {""input"": ""3\n4\n11\n2\n2\n34\n0\n"", ""output"": ""Case 1: 3\nCase 2: 4\nCase 3: 11\nCase 4: 2\nCase 5: 2\nCase 6: 34\n""}, {""input"": ""3\n6\n11\n7\n2\n44\n0\n"", ""output"": ""Case 1: 3\nCase 2: 6\nCase 3: 11\nCase 4: 7\nCase 5: 2\nCase 6: 44\n""}, {""input"": ""3\n8\n2\n14\n0\n58\n0\n"", ""output"": ""Case 1: 3\nCase 2: 8\nCase 3: 2\nCase 4: 14\n""}, {""input"": ""3\n14\n0\n10\n2\n58\n0\n"", ""output"": ""Case 1: 3\nCase 2: 14\n""}, {""input"": ""3\n14\n2\n12\n0\n28\n0\n"", ""output"": ""Case 1: 3\nCase 2: 14\nCase 3: 2\nCase 4: 12\n""}, {""input"": ""3\n3\n2\n18\n2\n24\n0\n"", ""output"": ""Case 1: 3\nCase 2: 3\nCase 3: 2\nCase 4: 18\nCase 5: 2\nCase 6: 24\n""}, {""input"": ""3\n6\n2\n11\n3\n30\n0\n"", ""output"": ""Case 1: 3\nCase 2: 6\nCase 3: 2\nCase 4: 11\nCase 5: 3\nCase 6: 30\n""}, {""input"": ""3\n3\n15\n4\n1\n19\n0\n"", ""output"": ""Case 1: 3\nCase 2: 3\nCase 3: 15\nCase 4: 4\nCase 5: 1\nCase 6: 19\n""}, {""input"": ""3\n5\n11\n9\n19\n0\n0\n"", ""output"": ""Case 1: 3\nCase 2: 5\nCase 3: 11\nCase 4: 9\nCase 5: 19\n""}, {""input"": ""3\n5\n1\n1\n2\n19\n0\n"", ""output"": ""Case 1: 3\nCase 2: 5\nCase 3: 1\nCase 4: 1\nCase 5: 2\nCase 6: 19\n""}, {""input"": ""3\n5\n20\n9\n26\n34\n0\n"", ""output"": ""Case 1: 3\nCase 2: 5\nCase 3: 20\nCase 4: 9\nCase 5: 26\nCase 6: 34\n""}, {""input"": ""3\n5\n9\n6\n3\n2\n0\n"", ""output"": ""Case 1: 3\nCase 2: 5\nCase 3: 9\nCase 4: 6\nCase 5: 3\nCase 6: 2\n""}, {""input"": ""3\n2\n19\n8\n13\n34\n0\n"", ""output"": ""Case 1: 3\nCase 2: 2\nCase 3: 19\nCase 4: 8\nCase 5: 13\nCase 6: 34\n""}, {""input"": ""3\n4\n11\n2\n0\n34\n0\n"", ""output"": ""Case 1: 3\nCase 2: 4\nCase 3: 11\nCase 4: 2\n""}, {""input"": ""3\n6\n11\n7\n2\n6\n0\n"", ""output"": ""Case 1: 3\nCase 2: 6\nCase 3: 11\nCase 4: 7\nCase 5: 2\nCase 6: 6\n""}, {""input"": ""3\n14\n2\n14\n-1\n35\n0\n"", ""output"": ""Case 1: 3\nCase 2: 14\nCase 3: 2\nCase 4: 14\nCase 5: -1\nCase 6: 35\n""}, {""input"": ""3\n14\n4\n12\n0\n28\n0\n"", ""output"": ""Case 1: 3\nCase 2: 14\nCase 3: 4\nCase 4: 12\n""}, {""input"": ""3\n3\n2\n18\n2\n17\n0\n"", ""output"": ""Case 1: 3\nCase 2: 3\nCase 3: 2\nCase 4: 18\nCase 5: 2\nCase 6: 17\n""}, {""input"": ""3\n5\n11\n9\n24\n0\n0\n"", ""output"": ""Case 1: 3\nCase 2: 5\nCase 3: 11\nCase 4: 9\nCase 5: 24\n""}, {""input"": ""3\n5\n1\n2\n2\n19\n0\n"", ""output"": ""Case 1: 3\nCase 2: 5\nCase 3: 1\nCase 4: 2\nCase 5: 2\nCase 6: 19\n""}, {""input"": ""3\n5\n20\n9\n23\n34\n0\n"", ""output"": ""Case 1: 3\nCase 2: 5\nCase 3: 20\nCase 4: 9\nCase 5: 23\nCase 6: 34\n""}, {""input"": ""3\n5\n9\n5\n3\n2\n0\n"", ""output"": ""Case 1: 3\nCase 2: 5\nCase 3: 9\nCase 4: 5\nCase 5: 3\nCase 6: 2\n""}, {""input"": ""3\n2\n19\n10\n13\n34\n0\n"", ""output"": ""Case 1: 3\nCase 2: 2\nCase 3: 19\nCase 4: 10\nCase 5: 13\nCase 6: 34\n""}, {""input"": ""3\n9\n11\n7\n2\n6\n0\n"", ""output"": ""Case 1: 3\nCase 2: 9\nCase 3: 11\nCase 4: 7\nCase 5: 2\nCase 6: 6\n""}, {""input"": ""3\n8\n2\n26\n0\n58\n-1\n"", ""output"": ""Case 1: 3\nCase 2: 8\nCase 3: 2\nCase 4: 26\n""}, {""input"": ""3\n14\n2\n22\n-1\n35\n0\n"", ""output"": ""Case 1: 3\nCase 2: 14\nCase 3: 2\nCase 4: 22\nCase 5: -1\nCase 6: 35\n""}, {""input"": ""3\n14\n4\n16\n0\n28\n0\n"", ""output"": ""Case 1: 3\nCase 2: 14\nCase 3: 4\nCase 4: 16\n""}, {""input"": ""3\n0\n2\n18\n2\n17\n0\n"", ""output"": ""Case 1: 3\n""}, {""input"": ""3\n4\n11\n9\n24\n0\n0\n"", ""output"": ""Case 1: 3\nCase 2: 4\nCase 3: 11\nCase 4: 9\nCase 5: 24\n""}, {""input"": ""3\n5\n1\n2\n2\n33\n0\n"", ""output"": ""Case 1: 3\nCase 2: 5\nCase 3: 1\nCase 4: 2\nCase 5: 2\nCase 6: 33\n""}, {""input"": ""3\n1\n20\n9\n23\n34\n0\n"", ""output"": ""Case 1: 3\nCase 2: 1\nCase 3: 20\nCase 4: 9\nCase 5: 23\nCase 6: 34\n""}, {""input"": ""3\n5\n9\n1\n3\n2\n0\n"", ""output"": ""Case 1: 3\nCase 2: 5\nCase 3: 9\nCase 4: 1\nCase 5: 3\nCase 6: 2\n""}, {""input"": ""3\n2\n19\n9\n13\n34\n0\n"", ""output"": ""Case 1: 3\nCase 2: 2\nCase 3: 19\nCase 4: 9\nCase 5: 13\nCase 6: 34\n""}, {""input"": ""3\n4\n15\n2\n0\n4\n0\n"", ""output"": ""Case 1: 3\nCase 2: 4\nCase 3: 15\nCase 4: 2\n""}, {""input"": ""3\n9\n11\n7\n3\n6\n0\n"", ""output"": ""Case 1: 3\nCase 2: 9\nCase 3: 11\nCase 4: 7\nCase 5: 3\nCase 6: 6\n""}, {""input"": ""3\n14\n1\n10\n0\n58\n1\n"", ""output"": ""Case 1: 3\nCase 2: 14\nCase 3: 1\nCase 4: 10\n""}, {""input"": ""3\n14\n2\n33\n-1\n35\n0\n"", ""output"": ""Case 1: 3\nCase 2: 14\nCase 3: 2\nCase 4: 33\nCase 5: -1\nCase 6: 35\n""}, {""input"": ""3\n6\n11\n9\n24\n0\n0\n"", ""output"": ""Case 1: 3\nCase 2: 6\nCase 3: 11\nCase 4: 9\nCase 5: 24\n""}, {""input"": ""3\n7\n1\n2\n2\n33\n0\n"", ""output"": ""Case 1: 3\nCase 2: 7\nCase 3: 1\nCase 4: 2\nCase 5: 2\nCase 6: 33\n""}, {""input"": ""3\n5\n9\n1\n4\n2\n0\n"", ""output"": ""Case 1: 3\nCase 2: 5\nCase 3: 9\nCase 4: 1\nCase 5: 4\nCase 6: 2\n""}, {""input"": ""3\n2\n19\n1\n13\n34\n0\n"", ""output"": ""Case 1: 3\nCase 2: 2\nCase 3: 19\nCase 4: 1\nCase 5: 13\nCase 6: 34\n""}, {""input"": ""3\n8\n15\n2\n0\n4\n0\n"", ""output"": ""Case 1: 3\nCase 2: 8\nCase 3: 15\nCase 4: 2\n""}, {""input"": ""3\n14\n3\n33\n-1\n35\n0\n"", ""output"": ""Case 1: 3\nCase 2: 14\nCase 3: 3\nCase 4: 33\nCase 5: -1\nCase 6: 35\n""}, {""input"": ""3\n14\n4\n16\n1\n6\n0\n"", ""output"": ""Case 1: 3\nCase 2: 14\nCase 3: 4\nCase 4: 16\nCase 5: 1\nCase 6: 6\n""}, {""input"": ""3\n6\n11\n9\n24\n-1\n0\n"", ""output"": ""Case 1: 3\nCase 2: 6\nCase 3: 11\nCase 4: 9\nCase 5: 24\nCase 6: -1\n""}, {""input"": ""3\n4\n1\n2\n2\n33\n0\n"", ""output"": ""Case 1: 3\nCase 2: 4\nCase 3: 1\nCase 4: 2\nCase 5: 2\nCase 6: 33\n""}, {""input"": ""3\n5\n9\n2\n4\n2\n0\n"", ""output"": ""Case 1: 3\nCase 2: 5\nCase 3: 9\nCase 4: 2\nCase 5: 4\nCase 6: 2\n""}, {""input"": ""3\n14\n-1\n10\n0\n66\n1\n"", ""output"": ""Case 1: 3\nCase 2: 14\nCase 3: -1\nCase 4: 10\n""}, {""input"": ""3\n22\n4\n16\n1\n6\n0\n"", ""output"": ""Case 1: 3\nCase 2: 22\nCase 3: 4\nCase 4: 16\nCase 5: 1\nCase 6: 6\n""}, {""input"": ""3\n6\n10\n9\n24\n-1\n0\n"", ""output"": ""Case 1: 3\nCase 2: 6\nCase 3: 10\nCase 4: 9\nCase 5: 24\nCase 6: -1\n""}, {""input"": ""3\n4\n1\n2\n0\n33\n0\n"", ""output"": ""Case 1: 3\nCase 2: 4\nCase 3: 1\nCase 4: 2\n""}, {""input"": ""3\n1\n15\n2\n0\n7\n0\n"", ""output"": ""Case 1: 3\nCase 2: 1\nCase 3: 15\nCase 4: 2\n""}, {""input"": ""3\n14\n1\n33\n-1\n35\n0\n"", ""output"": ""Case 1: 3\nCase 2: 14\nCase 3: 1\nCase 4: 33\nCase 5: -1\nCase 6: 35\n""}, {""input"": ""3\n22\n4\n16\n1\n7\n0\n"", ""output"": ""Case 1: 3\nCase 2: 22\nCase 3: 4\nCase 4: 16\nCase 5: 1\nCase 6: 7\n""}, {""input"": ""3\n5\n11\n7\n8\n19\n0\n"", ""output"": ""Case 1: 3\nCase 2: 5\nCase 3: 11\nCase 4: 7\nCase 5: 8\nCase 6: 19\n""}, {""input"": ""3\n5\n11\n7\n8\n19\n0\n"", ""output"": ""Case 1: 3\nCase 2: 5\nCase 3: 11\nCase 4: 7\nCase 5: 8\nCase 6: 19\n""}]","Given the following C code and assembly code, your task is to generate highly optimized x86-64 assembly code.
C Code:

```c
#include<stdio.h>

int main(){
  int i=1,x;

  while (1){
    scanf(""%d\n"", &x);
    if(x==0){
      break;
    }
    else{
      printf(""Case %d: %d\n"", i,x);
      i++;
    }
  }

  return 0;
}
```

Assembly Code:

```assembly
	.file	""temp.c""
	.text
	.section	.rodata.str1.1,""aMS"",@progbits,1
.LC0:
	.string	""%d\n""
.LC1:
	.string	""Case %d: %d\n""
	.section	.text.startup,""ax"",@progbits
	.p2align 4
	.globl	main
	.type	main, @function
main:
.LFB23:
	.cfi_startproc
	endbr64
	pushq	%r13
	.cfi_def_cfa_offset 16
	.cfi_offset 13, -16
	leaq	.LC1(%rip), %r13
	pushq	%r12
	.cfi_def_cfa_offset 24
	.cfi_offset 12, -24
	pushq	%rbp
	.cfi_def_cfa_offset 32
	.cfi_offset 6, -32
	leaq	.LC0(%rip), %rbp
	pushq	%rbx
	.cfi_def_cfa_offset 40
	.cfi_offset 3, -40
	movl	$1, %ebx
	subq	$24, %rsp
	.cfi_def_cfa_offset 64
	movq	%fs:40, %rax
	movq	%rax, 8(%rsp)
	xorl	%eax, %eax
	leaq	4(%rsp), %r12
	jmp	.L3
	.p2align 4,,10
	.p2align 3
.L7:
	movl	%ebx, %edx
	movq	%r13, %rsi
	movl	$1, %edi
	xorl	%eax, %eax
	call	__printf_chk@PLT
	addl	$1, %ebx
.L3:
	movq	%r12, %rsi
	movq	%rbp, %rdi
	xorl	%eax, %eax
	call	__isoc99_scanf@PLT
	movl	4(%rsp), %ecx
	testl	%ecx, %ecx
	jne	.L7
	movq	8(%rsp), %rax
	subq	%fs:40, %rax
	jne	.L8
	addq	$24, %rsp
	.cfi_remember_state
	.cfi_def_cfa_offset 40
	xorl	%eax, %eax
	popq	%rbx
	.cfi_def_cfa_offset 32
	popq	%rbp
	.cfi_def_cfa_offset 24
	popq	%r12
	.cfi_def_cfa_offset 16
	popq	%r13
	.cfi_def_cfa_offset 8
	ret
.L8:
	.cfi_restore_state
	call	__stack_chk_fail@PLT
	.cfi_endproc
.LFE23:
	.size	main, .-main
	.ident	""GCC: (Ubuntu 11.4.0-1ubuntu1~22.04) 11.4.0""
	.section	.note.GNU-stack,"""",@progbits
	.section	.note.gnu.property,""a""
	.align 8
	.long	1f - 0f
	.long	4f - 1f
	.long	5
0:
	.string	""GNU""
1:
	.align 8
	.long	0xc0000002
	.long	3f - 2f
2:
	.long	0x3
3:
	.align 8
4:
```

Only output the optimized assembly code. Do not include any other text. Do not write any comments in the assembly code. Wrap the assembly code in ```assembly``` tags.
Optimized Assembly Code:
","Given the following C code, your task is to generate highly optimized x86-64 assembly code.
C Code:

```c
#include<stdio.h>

int main(){
  int i=1,x;

  while (1){
    scanf(""%d\n"", &x);
    if(x==0){
      break;
    }
    else{
      printf(""Case %d: %d\n"", i,x);
      i++;
    }
  }

  return 0;
}
```

Only output the optimized assembly code. Do not include any other text. Do not write any comments in the assembly code. Wrap the assembly code in ```assembly``` tags.
Optimized Assembly Code:
"
28,"```c
#include <stdio.h>

int main() {
  unsigned long n = 0;
  unsigned long r = 1;
  scanf(""%lu"", &n);
  while(n != 0) {
    n >>= 1;
    r <<= 1;
  }

  printf(""%lu"", r - 1);
}
```","[{""input"": ""8\n"", ""output"": ""15""}, {""input"": ""1010000000000\n"", ""output"": ""1099511627775""}, {""input"": ""3\n"", ""output"": ""3""}, {""input"": ""7\n"", ""output"": ""7""}, {""input"": ""1\n"", ""output"": ""1""}, {""input"": ""18\n"", ""output"": ""31""}, {""input"": ""1110100001000\n"", ""output"": ""2199023255551""}, {""input"": ""46\n"", ""output"": ""63""}, {""input"": ""77\n"", ""output"": ""127""}, {""input"": ""140\n"", ""output"": ""255""}, {""input"": ""426\n"", ""output"": ""511""}, {""input"": ""635\n"", ""output"": ""1023""}, {""input"": ""1010000001000\n"", ""output"": ""1099511627775""}, {""input"": ""5\n"", ""output"": ""7""}, {""input"": ""1011000000000\n"", ""output"": ""1099511627775""}, {""input"": ""6\n"", ""output"": ""7""}, {""input"": ""14\n"", ""output"": ""15""}, {""input"": ""1010001000000\n"", ""output"": ""1099511627775""}, {""input"": ""12\n"", ""output"": ""15""}, {""input"": ""1010100001000\n"", ""output"": ""1099511627775""}, {""input"": ""10\n"", ""output"": ""15""}, {""input"": ""1011000000010\n"", ""output"": ""1099511627775""}, {""input"": ""1010001000010\n"", ""output"": ""1099511627775""}, {""input"": ""13\n"", ""output"": ""15""}, {""input"": ""15\n"", ""output"": ""15""}, {""input"": ""1111000000010\n"", ""output"": ""2199023255551""}, {""input"": ""31\n"", ""output"": ""31""}, {""input"": ""1010001000011\n"", ""output"": ""1099511627775""}, {""input"": ""22\n"", ""output"": ""31""}, {""input"": ""19\n"", ""output"": ""31""}, {""input"": ""1111000001010\n"", ""output"": ""2199023255551""}, {""input"": ""11\n"", ""output"": ""15""}, {""input"": ""1111000001110\n"", ""output"": ""2199023255551""}, {""input"": ""1111000011110\n"", ""output"": ""2199023255551""}, {""input"": ""1111100011110\n"", ""output"": ""2199023255551""}, {""input"": ""126\n"", ""output"": ""127""}, {""input"": ""1011000011110\n"", ""output"": ""1099511627775""}, {""input"": ""200\n"", ""output"": ""255""}, {""input"": ""1011000011100\n"", ""output"": ""1099511627775""}, {""input"": ""47\n"", ""output"": ""63""}, {""input"": ""1011000011101\n"", ""output"": ""1099511627775""}, {""input"": ""32\n"", ""output"": ""63""}, {""input"": ""1011000011111\n"", ""output"": ""1099511627775""}, {""input"": ""20\n"", ""output"": ""31""}, {""input"": ""1011000010111\n"", ""output"": ""1099511627775""}, {""input"": ""9\n"", ""output"": ""15""}, {""input"": ""1011000000111\n"", ""output"": ""1099511627775""}, {""input"": ""17\n"", ""output"": ""31""}, {""input"": ""1011000000011\n"", ""output"": ""1099511627775""}, {""input"": ""23\n"", ""output"": ""31""}, {""input"": ""43\n"", ""output"": ""63""}, {""input"": ""1000001000000\n"", ""output"": ""1099511627775""}, {""input"": ""34\n"", ""output"": ""63""}, {""input"": ""16\n"", ""output"": ""31""}, {""input"": ""1010000010000\n"", ""output"": ""1099511627775""}, {""input"": ""33\n"", ""output"": ""63""}, {""input"": ""1010000001001\n"", ""output"": ""1099511627775""}, {""input"": ""21\n"", ""output"": ""31""}, {""input"": ""1010000000010\n"", ""output"": ""1099511627775""}, {""input"": ""28\n"", ""output"": ""31""}, {""input"": ""1010001001000\n"", ""output"": ""1099511627775""}, {""input"": ""1010100001010\n"", ""output"": ""1099511627775""}, {""input"": ""26\n"", ""output"": ""31""}, {""input"": ""1001000000011\n"", ""output"": ""1099511627775""}, {""input"": ""25\n"", ""output"": ""31""}, {""input"": ""1010101000010\n"", ""output"": ""1099511627775""}, {""input"": ""37\n"", ""output"": ""63""}, {""input"": ""1110100001001\n"", ""output"": ""2199023255551""}, {""input"": ""51\n"", ""output"": ""63""}, {""input"": ""1111000001011\n"", ""output"": ""2199023255551""}, {""input"": ""61\n"", ""output"": ""63""}, {""input"": ""1011001000011\n"", ""output"": ""1099511627775""}, {""input"": ""36\n"", ""output"": ""63""}, {""input"": ""24\n"", ""output"": ""31""}, {""input"": ""1111010001010\n"", ""output"": ""2199023255551""}, {""input"": ""81\n"", ""output"": ""127""}, {""input"": ""29\n"", ""output"": ""31""}, {""input"": ""1111000101110\n"", ""output"": ""2199023255551""}, {""input"": ""153\n"", ""output"": ""255""}, {""input"": ""1111000010110\n"", ""output"": ""2199023255551""}, {""input"": ""79\n"", ""output"": ""127""}, {""input"": ""1110000011110\n"", ""output"": ""2199023255551""}, {""input"": ""53\n"", ""output"": ""63""}, {""input"": ""1011000111110\n"", ""output"": ""1099511627775""}, {""input"": ""171\n"", ""output"": ""255""}, {""input"": ""1010000011100\n"", ""output"": ""1099511627775""}, {""input"": ""60\n"", ""output"": ""63""}, {""input"": ""1010000011101\n"", ""output"": ""1099511627775""}, {""input"": ""90\n"", ""output"": ""127""}, {""input"": ""1011001011111\n"", ""output"": ""1099511627775""}, {""input"": ""1111000000011\n"", ""output"": ""2199023255551""}, {""input"": ""35\n"", ""output"": ""63""}, {""input"": ""27\n"", ""output"": ""31""}, {""input"": ""38\n"", ""output"": ""63""}, {""input"": ""40\n"", ""output"": ""63""}, {""input"": ""1010000010010\n"", ""output"": ""1099511627775""}, {""input"": ""39\n"", ""output"": ""63""}, {""input"": ""1010000000001\n"", ""output"": ""1099511627775""}, {""input"": ""63\n"", ""output"": ""63""}, {""input"": ""1011000000110\n"", ""output"": ""1099511627775""}, {""input"": ""4\n"", ""output"": ""7""}, {""input"": ""2\n"", ""output"": ""3""}, {""input"": ""2\n"", ""output"": ""3""}, {""input"": ""1000000000000\n"", ""output"": ""1099511627775""}]","Given the following C code and assembly code, your task is to generate highly optimized x86-64 assembly code.
C Code:

```c
#include <stdio.h>

int main() {
  unsigned long n = 0;
  unsigned long r = 1;
  scanf(""%lu"", &n);
  while(n != 0) {
    n >>= 1;
    r <<= 1;
  }

  printf(""%lu"", r - 1);
}
```

Assembly Code:

```assembly
	.file	""temp.c""
	.text
	.section	.rodata.str1.1,""aMS"",@progbits,1
.LC0:
	.string	""%lu""
	.section	.text.startup,""ax"",@progbits
	.p2align 4
	.globl	main
	.type	main, @function
main:
.LFB23:
	.cfi_startproc
	endbr64
	pushq	%rbp
	.cfi_def_cfa_offset 16
	.cfi_offset 6, -16
	leaq	.LC0(%rip), %rbp
	movq	%rbp, %rdi
	subq	$16, %rsp
	.cfi_def_cfa_offset 32
	movq	%fs:40, %rax
	movq	%rax, 8(%rsp)
	xorl	%eax, %eax
	movq	%rsp, %rsi
	movq	$0, (%rsp)
	call	__isoc99_scanf@PLT
	movq	(%rsp), %rax
	movl	$1, %edx
	testq	%rax, %rax
	je	.L2
	.p2align 4,,10
	.p2align 3
.L3:
	addq	%rdx, %rdx
	shrq	%rax
	jne	.L3
	movq	$0, (%rsp)
.L2:
	subq	$1, %rdx
	xorl	%eax, %eax
	movq	%rbp, %rsi
	movl	$1, %edi
	call	__printf_chk@PLT
	movq	8(%rsp), %rax
	subq	%fs:40, %rax
	jne	.L9
	addq	$16, %rsp
	.cfi_remember_state
	.cfi_def_cfa_offset 16
	xorl	%eax, %eax
	popq	%rbp
	.cfi_def_cfa_offset 8
	ret
.L9:
	.cfi_restore_state
	call	__stack_chk_fail@PLT
	.cfi_endproc
.LFE23:
	.size	main, .-main
	.ident	""GCC: (Ubuntu 11.4.0-1ubuntu1~22.04) 11.4.0""
	.section	.note.GNU-stack,"""",@progbits
	.section	.note.gnu.property,""a""
	.align 8
	.long	1f - 0f
	.long	4f - 1f
	.long	5
0:
	.string	""GNU""
1:
	.align 8
	.long	0xc0000002
	.long	3f - 2f
2:
	.long	0x3
3:
	.align 8
4:
```

Only output the optimized assembly code. Do not include any other text. Do not write any comments in the assembly code. Wrap the assembly code in ```assembly``` tags.
Optimized Assembly Code:
","Given the following C code, your task is to generate highly optimized x86-64 assembly code.
C Code:

```c
#include <stdio.h>

int main() {
  unsigned long n = 0;
  unsigned long r = 1;
  scanf(""%lu"", &n);
  while(n != 0) {
    n >>= 1;
    r <<= 1;
  }

  printf(""%lu"", r - 1);
}
```

Only output the optimized assembly code. Do not include any other text. Do not write any comments in the assembly code. Wrap the assembly code in ```assembly``` tags.
Optimized Assembly Code:
"
29,"```c
#include <stdio.h>
#include <string.h>
#include <ctype.h>
int main(){
    int i;
    int cnt=0;
    char t1[1510];
    char t2[1510];
    
    scanf(""%s"",t1);
    for(i=0;i<strlen(t1);i++){
        t1[i]=tolower(t1[i]);
    }
    while(scanf(""%s"",t2)){
        if(strcmp(t2,""END_OF_TEXT"")==0) break;
        for(i=0;i<strlen(t2);i++){
            t2[i]=tolower(t2[i]);
        }
        if(strcmp(t1,t2)==0) cnt++;
    }
    
    printf(""%d\n"",cnt);
    
    return 0;
}
```","[{""input"": ""computer\nNurtures computer scientists and highly-skilled computer engineers\nwho will create and exploit \""knowledge\"" for the enw era.\nProvides an outstanding computer environment.\nEND_OF_TEXT\n"", ""output"": ""3\n""}, {""input"": ""comquter\nNurtures computer scientists and highly-skilled computer engineers\nwho will create and tiolpxe \""knowledge\"" for the enw era.\nProvides an outstanding computer environment.\nEND_OF_TEXT\n"", ""output"": ""0\n""}, {""input"": ""computer\nNurtures computer scientists and highly-skilled computes engineers\nwho will create and exploit \""knowledge\"" for the enw era.\nProvides an outstanding computer environment.\nEND_OF_TEXT\n"", ""output"": ""2\n""}, {""input"": ""comquter\nNurtures computer stsitneics and highly-skilked computer engineers\nwho wilk create and tiolpxe \""knowledge\"" for the enw era.\nProvides an sutotanding comquter environment.\nEND_OF_TEXT\n"", ""output"": ""1\n""}, {""input"": ""computer\nNurtures computer scientists and highly-skilled computer engineers\nwho will create and tiolpxe \""knowledge\"" for the enw era.\nProvides an outstanding computer environment.\nEND_OF_TEXT\n"", ""output"": ""3\n""}, {""input"": ""comquter\nNurtures computer scientists and highly-skilled computer engineers\nwho will create and tiolpxe \""knowledge\"" for the enw era.\nProvides an sutotanding computer environment.\nEND_OF_TEXT\n"", ""output"": ""0\n""}, {""input"": ""comquter\nNurtures computer scientists and highlx-skilled computer engineers\nwho will create and tiolpxe \""knowledge\"" for the enw era.\nProvides an sutotanding computer environment.\nEND_OF_TEXT\n"", ""output"": ""0\n""}, {""input"": ""comquter\nNurtures computer scientists and highlx-skilled computer engineers\nwho will create and tiolpxe \""knowledge\"" for the enw era.\nProvides an sutotanding ctmpuoer environment.\nEND_OF_TEXT\n"", ""output"": ""0\n""}, {""input"": ""comquter\nserutruN computer scientists and highlx-skilled computer engineers\nwho will create and tiolpxe \""knowledge\"" for the enw era.\nProvides an sutotanding ctmpuoer environment.\nEND_OF_TEXT\n"", ""output"": ""0\n""}, {""input"": ""comquter\nserutruN computer scientists aod highlx-skilled computer engineers\nwho will create and tiolpxe \""knowledge\"" for the enw era.\nProvides an sutotanding ctmpuoer environment.\nEND_OF_TEXT\n"", ""output"": ""0\n""}, {""input"": ""comquter\nserutruN computer scientists aod highlx-skilled computer engineers\nwho lliw create and tiolpxe \""knowledge\"" for the enw era.\nProvides an sutotanding ctmpuoer environment.\nEND_OF_TEXT\n"", ""output"": ""0\n""}, {""input"": ""comquter\nserutruN computer scifntists aod highlx-skilled computer engineers\nwho lliw create and tiolpxe \""knowledge\"" for the enw era.\nProvides an sutotanding ctmpuoer environment.\nEND_OF_TEXT\n"", ""output"": ""0\n""}, {""input"": ""comquter\nserutruN computer scitntisfs aod highlx-skilled computer engineers\nwho lliw create and tiolpxe \""knowledge\"" for the enw era.\nProvides an sutotanding ctmpuoer environment.\nEND_OF_TEXT\n"", ""output"": ""0\n""}, {""input"": ""comquter\nserutruN retupmoc scitntisfs aod highlx-skilled computer engineers\nwho lliw create and tiolpxe \""knowledge\"" for the enw era.\nProvides an sutotanding ctmpuoer environment.\nEND_OF_TEXT\n"", ""output"": ""0\n""}, {""input"": ""comquter\nserutruN retupmoc scitntisfs apd highlx-skilled computer engineers\nwho lliw create and tiolpxe \""knowledge\"" for the enw era.\nProvides an sutotanding ctmpuoer environment.\nEND_OF_TEXT\n"", ""output"": ""0\n""}, {""input"": ""comquter\nserutruN retupmoc scitntisfs apd highlx-skilled computer engineers\nwho lmiw create and tiolpxe \""knowledge\"" for the enw era.\nProvides an sutotanding ctmpuoer environment.\nEND_OF_TEXT\n"", ""output"": ""0\n""}, {""input"": ""comquter\nserutruN retupmoc scitntisfs apd highlx-skilled computer engineers\nwho lmiw create and tiolpxe \""knowledge\"" for the wne era.\nProvides an sutotanding ctmpuoer environment.\nEND_OF_TEXT\n"", ""output"": ""0\n""}, {""input"": ""computer\nserutruN computer scientists and highly-skilled computer engineers\nwho will create and exploit \""knowledge\"" for the new era.\nProvides an outstanding computer environment.\nEND_OF_TEXT\n"", ""output"": ""3\n""}, {""input"": ""computer\nNvrtures computer scientists and highly-skilled computer engineers\nwho will create and tiolpxe \""knowledge\"" for the enw era.\nProvides an outstanding computer environment.\nEND_OF_TEXT\n"", ""output"": ""3\n""}, {""input"": ""comquter\nNurtures computer scientists ane highly-skilled computer engineers\nwho will create and tiolpxe \""knowledge\"" for the enw era.\nProvides an outstanding computer environment.\nEND_OF_TEXT\n"", ""output"": ""0\n""}, {""input"": ""comquter\nNurtures computer scientists and highly-skilked computer engineers\nwho will create and tiolpxe \""knowledge\"" for the enw era.\nProvides an sutotanding computer environment.\nEND_OF_TEXT\n"", ""output"": ""0\n""}, {""input"": ""comquter\nNurtures computer scientists and highlx-skilled computer engineers\nwho will create and tiolpxe \""knowledge\"" for the enw era.\nProvides an gnidnatotus computer environment.\nEND_OF_TEXT\n"", ""output"": ""0\n""}, {""input"": ""comquter\nNurtures computer scientists and highlx-skilled computer engineers\nwho will create and tiolpxe \""knowledge\"" for the enw er.a\nProvides an sutotanding ctmpuoer environment.\nEND_OF_TEXT\n"", ""output"": ""0\n""}, {""input"": ""comquter\nserutruN computer scientists and highlx-skilled computer engineers\nwho will create and tiolpxe \""knowledge\"" for the enw era.\nProvides an sutotgndina ctmpuoer environment.\nEND_OF_TEXT\n"", ""output"": ""0\n""}, {""input"": ""comquter\nserutruN computer scientists aod highlx-skilled computer engineers\nwho will create and tioloxe \""knowledge\"" for the enw era.\nProvides an sutotanding ctmpuoer environment.\nEND_OF_TEXT\n"", ""output"": ""0\n""}, {""input"": ""comquter\nserutruN computer scientists aod highlx-skilled computer engineers\nwho lliw create and tiolpxe \""knowledge\"" for the enw era.\nProvides an sutotandiog ctmpuoer environment.\nEND_OF_TEXT\n"", ""output"": ""0\n""}, {""input"": ""comquter\nserutruN computer scifntists aod highlx-skilled computer engineers\nwho lliw create and tiolpxe \""knowledge\"" for the enw era.\nProvides an gnidnatotus ctmpuoer environment.\nEND_OF_TEXT\n"", ""output"": ""0\n""}, {""input"": ""comquter\nserutruN computer scitntisfs aod highlx-skilled computer engineers\nwho lliw create and tiolpxe \""knowledge\"" for the enw era.\nProvides an sutotanding ctmpuoer envjronment.\nEND_OF_TEXT\n"", ""output"": ""0\n""}, {""input"": ""comquter\nserutruN retupmoc scitntisfs ado highlx-skilled computer engineers\nwho lliw create and tiolpxe \""knowledge\"" for the enw era.\nProvides an sutotanding ctmpuoer environment.\nEND_OF_TEXT\n"", ""output"": ""0\n""}, {""input"": ""comquter\nserutruN retupmoc scitntisfs apd highlx-skilled computer engineers\nwho lliw create and tiolpxe \""knowledge\"" foq the enw era.\nProvides an sutotanding ctmpuoer environment.\nEND_OF_TEXT\n"", ""output"": ""0\n""}, {""input"": ""comquter\nserutruN retupmoc scitntisfs apd highlx-skilled computer engineers\nwho lmiw create and tiolpxe \""knowledge\"" for tge enw era.\nProvides an sutotanding ctmpuoer environment.\nEND_OF_TEXT\n"", ""output"": ""0\n""}, {""input"": ""comquter\nserutruN retupmoc scitntisfs apd highlx-skilled computer engineers\nwho lmiw create and tiolpxe \""knowleegd\"" for the wne era.\nProvides an sutotanding ctmpuoer environment.\nEND_OF_TEXT\n"", ""output"": ""0\n""}, {""input"": ""computer\nserutruN computer rcientists and highly-skilled computer engineers\nwho will create and exploit \""knowledge\"" for the new era.\nProvides an outstanding computer environment.\nEND_OF_TEXT\n"", ""output"": ""3\n""}, {""input"": ""computer\nNurtures computer scientists dna highly-skilled computes engineers\nwho will create and exploit \""knowledge\"" for the enw era.\nProvides an outstanding computer environment.\nEND_OF_TEXT\n"", ""output"": ""2\n""}, {""input"": ""computer\nNvrtures computer scientists and highly-skilled computer engineers\nwho will create and tiolpxe \""knowledge\"" for the enw .are\nProvides an outstanding computer environment.\nEND_OF_TEXT\n"", ""output"": ""3\n""}, {""input"": ""comqtter\nNurtures computer scientists ane highly-skilled computer engineers\nwho will create and tiolpxe \""knowledge\"" for the enw era.\nProvides an outstanding computer environment.\nEND_OF_TEXT\n"", ""output"": ""0\n""}, {""input"": ""comquter\nNurtures computer scientists and highly-skilked computer engineers\nwho wilk create and tiolpxe \""knowledge\"" for the enw era.\nProvides an sutotanding computer environment.\nEND_OF_TEXT\n"", ""output"": ""0\n""}, {""input"": ""comquter\nNurtures computer scientists and highlx-skilled computer engineers\nohw will create and tiolpxe \""knowledge\"" for the enw era.\nProvides an gnidnatotus computer environment.\nEND_OF_TEXT\n"", ""output"": ""0\n""}, {""input"": ""comquter\nNurtures computer scientists and highlx-skilled computer engineers\nwho will create and tiolpxe \""knowledge\"" for the enw er.a\nProvider an sutotanding ctmpuoer environment.\nEND_OF_TEXT\n"", ""output"": ""0\n""}, {""input"": ""comquter\nserutruN computer scientists aod highlx-skilled computer engineers\nwho will create and tioloxe \""knowledge\"" for the enw era.\nOrovides an sutotanding ctmpuoer environment.\nEND_OF_TEXT\n"", ""output"": ""0\n""}, {""input"": ""comquter\nserutruN computer scientists aod highlx-skilled computer engineers\nwho lliw create and tiolpxe \""knowledge\"" for the enw era.\nProvides an sutptandiog ctmpuoer environment.\nEND_OF_TEXT\n"", ""output"": ""0\n""}, {""input"": ""comquter\nserutruN computer scifntists aod highlx-skilled computer engineers\nwho lliw create and tilopxe \""knowledge\"" for the enw era.\nProvides an gnidnatotus ctmpuoer environment.\nEND_OF_TEXT\n"", ""output"": ""0\n""}, {""input"": ""comquter\nserutruN computer scitntisfs apd highlx-skilled computer engineers\nwho lliw create and tiolpxe \""knowledge\"" for the enw era.\nProvides an sutotanding ctmpuoer envjronment.\nEND_OF_TEXT\n"", ""output"": ""0\n""}, {""input"": ""comquter\nserutruN retupmoc scitntisfs ado highlx-skilled retupmoc engineers\nwho lliw create and tiolpxe \""knowledge\"" for the enw era.\nProvides an sutotanding ctmpuoer environment.\nEND_OF_TEXT\n"", ""output"": ""0\n""}, {""input"": ""comquter\nserutruN retupmoc scitntisfs apd highlx-skilled computer engineers\nwho lliw create and tiolpxe !knowledge\"" foq the enw era.\nProvides an sutotanding ctmpuoer environment.\nEND_OF_TEXT\n"", ""output"": ""0\n""}, {""input"": ""comqvter\nserutruN retupmoc scitntisfs apd highlx-skilled computer engineers\nwho lmiw create and tiolpxe \""knowledge\"" for tge enw era.\nProvides an sutotanding ctmpuoer environment.\nEND_OF_TEXT\n"", ""output"": ""0\n""}, {""input"": ""comquter\nserutruN retupmoc scitntisfs apd highlx-skilled computer dngineers\nwho lmiw create and tiolpxe \""knowleegd\"" for the wne era.\nProvides an sutotanding ctmpuoer environment.\nEND_OF_TEXT\n"", ""output"": ""0\n""}, {""input"": ""computer\nserutruN computer rcientists and highly-skilled computer engineers\nwho will create and exploit \""knowledge\"" for the new era.\nProvides `n outstanding computer environment.\nEND_OF_TEXT\n"", ""output"": ""3\n""}, {""input"": ""computer\nNurtures computer scientists dna highly-skilled comqutes engineers\nwho will create and exploit \""knowledge\"" for the enw era.\nProvides an outstanding computer environment.\nEND_OF_TEXT\n"", ""output"": ""2\n""}, {""input"": ""computer\nNvrtures retupmoc scientists and highly-skilled computer engineers\nwho will create and tiolpxe \""knowledge\"" for the enw .are\nProvides an outstanding computer environment.\nEND_OF_TEXT\n"", ""output"": ""2\n""}, {""input"": ""comqtter\nNurtures computer scientists ane highly-skilled computer engineers\nwho will create and tiolpxe \""knowledge\"" for the enw era.\nProvides an outstanding computer .tnemnorivne\nEND_OF_TEXT\n"", ""output"": ""0\n""}, {""input"": ""comquter\nNurtures computer stsitneics and highly-skilked computer engineers\nwho wilk create and tiolpxe \""knowledge\"" for the enw era.\nProvides an sutotanding computer environment.\nEND_OF_TEXT\n"", ""output"": ""0\n""}, {""input"": ""comquter\nNurtures computer scientists and highlx-skilled computer engineers\nowh will create and tiolpxe \""knowledge\"" for the enw era.\nProvides an gnidnatotus computer environment.\nEND_OF_TEXT\n"", ""output"": ""0\n""}, {""input"": ""comquter\nNurtures computer scienuists and highlx-skilled computer engineers\nwho will create and tiolpxe \""knowledge\"" for the enw er.a\nProvider an sutotanding ctmpuoer environment.\nEND_OF_TEXT\n"", ""output"": ""0\n""}, {""input"": ""comquter\nserutruN retupmoc scientists aod highlx-skilled computer engineers\nwho will create and tioloxe \""knowledge\"" for the enw era.\nOrovides an sutotanding ctmpuoer environment.\nEND_OF_TEXT\n"", ""output"": ""0\n""}, {""input"": ""comquter\nserutruN computer scientists aod highlx-skilled computer engineesr\nwho lliw create and tiolpxe \""knowledge\"" for the enw era.\nProvides an sutptandiog ctmpuoer environment.\nEND_OF_TEXT\n"", ""output"": ""0\n""}, {""input"": ""comquter\nserutruN computer scifntists aod highlx-skilled computer engineers\nwho lliw create and tilopxe \""knowledge\"" for the enw era.\nProvides na gnidnatotus ctmpuoer environment.\nEND_OF_TEXT\n"", ""output"": ""0\n""}, {""input"": ""comquter\nserutruN computer scitntisfs apd highlx-skilled computer engineers\nwho lliw create and siolpxe \""knowledge\"" for the enw era.\nProvides an sutotanding ctmpuoer envjronment.\nEND_OF_TEXT\n"", ""output"": ""0\n""}, {""input"": ""comquter\nserutruN retupmoc scitntisfs adp highlx-skilled retupmoc engineers\nwho lliw create and tiolpxe \""knowledge\"" for the enw era.\nProvides an sutotanding ctmpuoer environment.\nEND_OF_TEXT\n"", ""output"": ""0\n""}, {""input"": ""comquter\nserutruN retupmoc scitntisfs apd highlx-skilled computer engineers\nwho lliw create and tiolpxe !knowledge\"" foq the enw e.ar\nProvides an sutotanding ctmpuoer environment.\nEND_OF_TEXT\n"", ""output"": ""0\n""}, {""input"": ""comqvter\nserutruN computer scitntisfs apd highlx-skilled computer engineers\nwho lmiw create and tiolpxe \""knowledge\"" for tge enw era.\nProvides an sutotanding ctmpuoer environment.\nEND_OF_TEXT\n"", ""output"": ""0\n""}, {""input"": ""comquter\nserutruN retupmoc scitntisfs apd highlx-skilled computer dngineers\nwho lmiw ereatc and tiolpxe \""knowleegd\"" for the wne era.\nProvides an sutotanding ctmpuoer environment.\nEND_OF_TEXT\n"", ""output"": ""0\n""}, {""input"": ""computer\nserutruN computer rcientists and highly-skilled computer engineers\nwho will create and exploit \""knowledge\"" for the new era.\nProvides n` outstanding computer environment.\nEND_OF_TEXT\n"", ""output"": ""3\n""}, {""input"": ""computer\nNurtures computer scientists dna highly-skilled comqutes engineers\nwho will create and exqloit \""knowledge\"" for the enw era.\nProvides an outstanding computer environment.\nEND_OF_TEXT\n"", ""output"": ""2\n""}, {""input"": ""computer\nNvrtures retupmoc scientists and highly-skilled computer enginfers\nwho will create and tiolpxe \""knowledge\"" for the enw .are\nProvides an outstanding computer environment.\nEND_OF_TEXT\n"", ""output"": ""2\n""}, {""input"": ""comqtter\nNurtures computer scientists ane highly-skilled computer engineers\nwho will create and tiolpxe \""knowledge\"" for eht enw era.\nProvides an outstanding computer .tnemnorivne\nEND_OF_TEXT\n"", ""output"": ""0\n""}, {""input"": ""comquter\nserutruN computer scientists and highlx-skilled computer engineers\nowh will create and tiolpxe \""knowledge\"" for the enw era.\nProvides an gnidnatotus computer environment.\nEND_OF_TEXT\n"", ""output"": ""0\n""}, {""input"": ""comquter\nNurttres computer scienuists and highlx-skilled computer engineers\nwho will create and tiolpxe \""knowledge\"" for the enw er.a\nProvider an sutotanding ctmpuoer environment.\nEND_OF_TEXT\n"", ""output"": ""0\n""}, {""input"": ""comquter\nserutruN retupmoc scientists aod highlx-skilled computer sreenigne\nwho will create and tioloxe \""knowledge\"" for the enw era.\nOrovides an sutotanding ctmpuoer environment.\nEND_OF_TEXT\n"", ""output"": ""0\n""}, {""input"": ""comquter\nserutruN bomputer scientists aod highlx-skilled computer engineesr\nwho lliw create and tiolpxe \""knowledge\"" for the enw era.\nProvides an sutptandiog ctmpuoer environment.\nEND_OF_TEXT\n"", ""output"": ""0\n""}, {""input"": ""comquter\nserutruN computer scifntists aod highlx-skilled computer engineers\nwho lliw create and tilopxe \""knowledge\"" for the enw era.\nProvides na gnidnatotus ctmpuoer environnent.\nEND_OF_TEXT\n"", ""output"": ""0\n""}, {""input"": ""comquter\nserutruN computer scitntisfs apd highlx-skilled computer engineers\nwho lliw create and siolpxe \""knowledge\"" for the enw dra.\nProvides an sutotanding ctmpuoer envjronment.\nEND_OF_TEXT\n"", ""output"": ""0\n""}, {""input"": ""comquter\nserutruN retupmoc scitntisfs adp highlx-skilled retupmoc engineers\nwho lliw create and tiolpxe \""knowledge\"" for hte enw era.\nProvides an sutotanding ctmpuoer environment.\nEND_OF_TEXT\n"", ""output"": ""0\n""}, {""input"": ""comquter\nserutruN retupmoc scitntisfs apd highlx-skilled computer engineers\nwho lliw create and tiolpxe !knowledge\"" foq the enw e.ar\nProvides an sutotadning ctmpuoer environment.\nEND_OF_TEXT\n"", ""output"": ""0\n""}, {""input"": ""comqvter\nserutruN computer scitntisfs apd highlx-skilled computer engineers\nwho lmjw create and tiolpxe \""knowledge\"" for tge enw era.\nProvides an sutotanding ctmpuoer environment.\nEND_OF_TEXT\n"", ""output"": ""0\n""}, {""input"": ""comquter\nNurtures retupmoc scitntisfs apd highlx-skilled computer dngineers\nwho lmiw ereatc and tiolpxe \""knowleegd\"" for the wne era.\nProvides an sutotanding ctmpuoer environment.\nEND_OF_TEXT\n"", ""output"": ""0\n""}, {""input"": ""computer\nserutruN computer rcientists and highly-skilled computer engineers\nwho will create and exploit \""knowledge\"" for the new era-\nProvides n` outstanding computer environment.\nEND_OF_TEXT\n"", ""output"": ""3\n""}, {""input"": ""compuetr\nNurtures computer scientists dna highly-skilled comqutes engineers\nwho will create and exqloit \""knowledge\"" for the enw era.\nProvides an outstanding computer environment.\nEND_OF_TEXT\n"", ""output"": ""0\n""}, {""input"": ""computer\nNvrtures resupmoc scientists and highly-skilled computer enginfers\nwho will create and tiolpxe \""knowledge\"" for the enw .are\nProvides an outstanding computer environment.\nEND_OF_TEXT\n"", ""output"": ""2\n""}, {""input"": ""comqtter\nNurtures computer scientists ane highly-skilled computer sreenigne\nwho will create and tiolpxe \""knowledge\"" for eht enw era.\nProvides an outstanding computer .tnemnorivne\nEND_OF_TEXT\n"", ""output"": ""0\n""}, {""input"": ""comquter\nNurtures computer stsitneics and highly-skilked computer engineers\nwho wilk create and tiolpxe \""knowledge\"" for the enx era.\nProvides an sutotanding comquter environment.\nEND_OF_TEXT\n"", ""output"": ""1\n""}, {""input"": ""retuqmoc\nserutruN computer scientists and highlx-skilled computer engineers\nowh will create and tiolpxe \""knowledge\"" for the enw era.\nProvides an gnidnatotus computer environment.\nEND_OF_TEXT\n"", ""output"": ""0\n""}, {""input"": ""comquter\nNurttres computer scienuists and highlx-skilled computer engineers\nwhp will create and tiolpxe \""knowledge\"" for the enw er.a\nProvider an sutotanding ctmpuoer environment.\nEND_OF_TEXT\n"", ""output"": ""0\n""}, {""input"": ""comquter\nserutruN retupmoc scientists aod delliks-xlhgih computer sreenigne\nwho will create and tioloxe \""knowledge\"" for the enw era.\nOrovides an sutotanding ctmpuoer environment.\nEND_OF_TEXT\n"", ""output"": ""0\n""}, {""input"": ""comquter\nserutruN bomputer scientists aod highlx-skilled computer engineesr\nwho lliw create and tiolpxe \""knowledge\"" for the new era.\nProvides an sutptandiog ctmpuoer environment.\nEND_OF_TEXT\n"", ""output"": ""0\n""}, {""input"": ""domquter\nserutruN computer scitntisfs apd highlx-skilled computer engineers\nwho lliw create and siolpxe \""knowledge\"" for the enw dra.\nProvides an sutotanding ctmpuoer envjronment.\nEND_OF_TEXT\n"", ""output"": ""0\n""}, {""input"": ""comquter\nserutruN retupmoc scitntisfs adp highlx-skilled retupmoc engineers\nwho lliw create and tiolpxe \""knowledge\"" for hse enw era.\nProvides an sutotanding ctmpuoer environment.\nEND_OF_TEXT\n"", ""output"": ""0\n""}, {""input"": ""comquter\nserutruN retupmoc scitntisfs apd highlx-skilled computer engineers\nwho lliw create `nd tiolpxe !knowledge\"" foq the enw e.ar\nProvides an sutotadning ctmpuoer environment.\nEND_OF_TEXT\n"", ""output"": ""0\n""}, {""input"": ""comqvter\nserutruN computer sciinttsfs apd highlx-skilled computer engineers\nwho lmjw create and tiolpxe \""knowledge\"" for tge enw era.\nProvides an sutotanding ctmpuoer environment.\nEND_OF_TEXT\n"", ""output"": ""0\n""}, {""input"": ""comquter\nNurtures retupmoc scitntisfs dpa highlx-skilled computer dngineers\nwho lmiw ereatc and tiolpxe \""knowleegd\"" for the wne era.\nProvides an sutotanding ctmpuoer environment.\nEND_OF_TEXT\n"", ""output"": ""0\n""}, {""input"": ""computer\nserutruN computer rcientists and highly-skilled computer engineers\nwho wiml create and exploit \""knowledge\"" for the new era-\nProvides n` outstanding computer environment.\nEND_OF_TEXT\n"", ""output"": ""3\n""}, {""input"": ""compuetr\nNurtures computer stsitneics dna highly-skilled comqutes engineers\nwho will create and exqloit \""knowledge\"" for the enw era.\nProvides an outstanding computer environment.\nEND_OF_TEXT\n"", ""output"": ""0\n""}, {""input"": ""computer\nNvrtures resupmoc scientists and highly-skilled computer enginfers\nwho will create and tiolpxe \""knowledge\"" for the enw .`re\nProvides an outstanding computer environment.\nEND_OF_TEXT\n"", ""output"": ""2\n""}, {""input"": ""comqtter\nNurtures computer scientists nae highly-skilled computer sreenigne\nwho will create and tiolpxe \""knowledge\"" for eht enw era.\nProvides an outstanding computer .tnemnorivne\nEND_OF_TEXT\n"", ""output"": ""0\n""}, {""input"": ""comquter\nNurtures computer stsitneics and highly-skilked computer engineers\nwho wilk create and tiolpxe \""knowledge\"" for eht enx era.\nProvides an sutotanding comquter environment.\nEND_OF_TEXT\n"", ""output"": ""1\n""}, {""input"": ""retuqmoc\nserutruN computer scientists and highlx-skilled computer engineers\nowh will create and tiolpxe \""knowledge\"" for the enw era.\nProvides an gnndiatotus computer environment.\nEND_OF_TEXT\n"", ""output"": ""0\n""}, {""input"": ""comquter\nNurttres computer scienuists and highlx-skilled computer engineers\nwhp will create and tiolpxe \""knowledge\"" for the enw dr.a\nProvider an sutotanding ctmpuoer environment.\nEND_OF_TEXT\n"", ""output"": ""0\n""}, {""input"": ""comqetur\nserutruN retupmoc scientists aod delliks-xlhgih computer sreenigne\nwho will create and tioloxe \""knowledge\"" for the enw era.\nOrovides an sutotanding ctmpuoer environment.\nEND_OF_TEXT\n"", ""output"": ""0\n""}, {""input"": ""comquter\nserutruN bomputer scientists aod highlx-skilled computer engineesr\nwho lliw create and tiolpxe \""knowledge\"" for the new era.\nProvides na sutptandiog ctmpuoer environment.\nEND_OF_TEXT\n"", ""output"": ""0\n""}, {""input"": ""domquter\nserutruN computer scitntisfs dpa highlx-skilled computer engineers\nwho lliw create and siolpxe \""knowledge\"" for the enw dra.\nProvides an sutotanding ctmpuoer envjronment.\nEND_OF_TEXT\n"", ""output"": ""0\n""}, {""input"": ""computer\nNurtures computer scientists and highly-skilled computer engineers\nwho will create and exploit \""knowledge\"" for the new era.\nProvides an outstanding computer environment.\nEND_OF_TEXT\n"", ""output"": ""3\n""}, {""input"": ""computer\nNurtures computer scientists and highly-skilled computer engineers\nwho will create and exploit \""knowledge\"" for the new era.\nProvides an outstanding computer environment.\nEND_OF_TEXT\n"", ""output"": ""3\n""}]","Given the following C code and assembly code, your task is to generate highly optimized x86-64 assembly code.
C Code:

```c
#include <stdio.h>
#include <string.h>
#include <ctype.h>
int main(){
    int i;
    int cnt=0;
    char t1[1510];
    char t2[1510];
    
    scanf(""%s"",t1);
    for(i=0;i<strlen(t1);i++){
        t1[i]=tolower(t1[i]);
    }
    while(scanf(""%s"",t2)){
        if(strcmp(t2,""END_OF_TEXT"")==0) break;
        for(i=0;i<strlen(t2);i++){
            t2[i]=tolower(t2[i]);
        }
        if(strcmp(t1,t2)==0) cnt++;
    }
    
    printf(""%d\n"",cnt);
    
    return 0;
}
```

Assembly Code:

```assembly
	.file	""temp.c""
	.text
	.section	.rodata.str1.1,""aMS"",@progbits,1
.LC0:
	.string	""%s""
.LC1:
	.string	""END_OF_TEXT""
.LC2:
	.string	""%d\n""
	.section	.text.startup,""ax"",@progbits
	.p2align 4
	.globl	main
	.type	main, @function
main:
.LFB37:
	.cfi_startproc
	endbr64
	pushq	%r15
	.cfi_def_cfa_offset 16
	.cfi_offset 15, -16
	pushq	%r14
	.cfi_def_cfa_offset 24
	.cfi_offset 14, -24
	leaq	.LC0(%rip), %r14
	pushq	%r13
	.cfi_def_cfa_offset 32
	.cfi_offset 13, -32
	movq	%r14, %rdi
	pushq	%r12
	.cfi_def_cfa_offset 40
	.cfi_offset 12, -40
	pushq	%rbp
	.cfi_def_cfa_offset 48
	.cfi_offset 6, -48
	pushq	%rbx
	.cfi_def_cfa_offset 56
	.cfi_offset 3, -56
	subq	$3048, %rsp
	.cfi_def_cfa_offset 3104
	movq	%fs:40, %rax
	movq	%rax, 3032(%rsp)
	xorl	%eax, %eax
	movq	%rsp, %r12
	movq	%r12, %rsi
	movq	%r12, %rbx
	call	__isoc99_scanf@PLT
	jmp	.L2
	.p2align 4,,10
	.p2align 3
.L3:
	call	__ctype_tolower_loc@PLT
	movsbq	-1(%rbp), %rdx
	movq	%rbp, %rbx
	movq	(%rax), %rax
	movl	(%rax,%rdx,4), %eax
	movb	%al, -1(%rbp)
.L2:
	movq	%r12, %rdi
	leaq	1(%rbx), %rbp
	subq	%r12, %rbx
	call	strlen@PLT
	cmpq	%rbx, %rax
	ja	.L3
	xorl	%r13d, %r13d
	leaq	1520(%rsp), %rbp
	.p2align 4,,10
	.p2align 3
.L4:
	xorl	%eax, %eax
	movq	%rbp, %rsi
	movq	%r14, %rdi
	call	__isoc99_scanf@PLT
	testl	%eax, %eax
	je	.L12
	movabsq	$6079655328688131653, %rax
	cmpq	%rax, 0(%rbp)
	je	.L17
.L5:
	movq	%rbp, %rbx
	jmp	.L8
	.p2align 4,,10
	.p2align 3
.L9:
	call	__ctype_tolower_loc@PLT
	movsbq	-1(%r15), %rcx
	movq	%r15, %rbx
	movq	(%rax), %rax
	movl	(%rax,%rcx,4), %eax
	movb	%al, -1(%r15)
.L8:
	movq	%rbp, %rdi
	leaq	1(%rbx), %r15
	subq	%rbp, %rbx
	call	strlen@PLT
	cmpq	%rbx, %rax
	ja	.L9
	movq	%rbp, %rsi
	movq	%r12, %rdi
	call	strcmp@PLT
	cmpl	$1, %eax
	adcl	$0, %r13d
	jmp	.L4
	.p2align 4,,10
	.p2align 3
.L17:
	cmpl	$5527621, 8(%rbp)
	jne	.L5
.L12:
	xorl	%eax, %eax
	movl	%r13d, %edx
	movl	$1, %edi
	leaq	.LC2(%rip), %rsi
	call	__printf_chk@PLT
	movq	3032(%rsp), %rax
	subq	%fs:40, %rax
	jne	.L18
	addq	$3048, %rsp
	.cfi_remember_state
	.cfi_def_cfa_offset 56
	xorl	%eax, %eax
	popq	%rbx
	.cfi_def_cfa_offset 48
	popq	%rbp
	.cfi_def_cfa_offset 40
	popq	%r12
	.cfi_def_cfa_offset 32
	popq	%r13
	.cfi_def_cfa_offset 24
	popq	%r14
	.cfi_def_cfa_offset 16
	popq	%r15
	.cfi_def_cfa_offset 8
	ret
.L18:
	.cfi_restore_state
	call	__stack_chk_fail@PLT
	.cfi_endproc
.LFE37:
	.size	main, .-main
	.ident	""GCC: (Ubuntu 11.4.0-1ubuntu1~22.04) 11.4.0""
	.section	.note.GNU-stack,"""",@progbits
	.section	.note.gnu.property,""a""
	.align 8
	.long	1f - 0f
	.long	4f - 1f
	.long	5
0:
	.string	""GNU""
1:
	.align 8
	.long	0xc0000002
	.long	3f - 2f
2:
	.long	0x3
3:
	.align 8
4:
```

Only output the optimized assembly code. Do not include any other text. Do not write any comments in the assembly code. Wrap the assembly code in ```assembly``` tags.
Optimized Assembly Code:
","Given the following C code, your task is to generate highly optimized x86-64 assembly code.
C Code:

```c
#include <stdio.h>
#include <string.h>
#include <ctype.h>
int main(){
    int i;
    int cnt=0;
    char t1[1510];
    char t2[1510];
    
    scanf(""%s"",t1);
    for(i=0;i<strlen(t1);i++){
        t1[i]=tolower(t1[i]);
    }
    while(scanf(""%s"",t2)){
        if(strcmp(t2,""END_OF_TEXT"")==0) break;
        for(i=0;i<strlen(t2);i++){
            t2[i]=tolower(t2[i]);
        }
        if(strcmp(t1,t2)==0) cnt++;
    }
    
    printf(""%d\n"",cnt);
    
    return 0;
}
```

Only output the optimized assembly code. Do not include any other text. Do not write any comments in the assembly code. Wrap the assembly code in ```assembly``` tags.
Optimized Assembly Code:
"
30,"```c
#include<stdio.h>

long long s[100000];

typedef struct{
	long long a;
	long id;
} stone;
stone a[100000];

int cmp(const void *a, const void *b){
	if(((stone*)a)->a==((stone*)b)->a){
		return ((stone*)a)->id-((stone*)b)->id;
	}
	return ((stone*)b)->a-((stone*)a)->a;
}

int main(int argc, char const *argv[]) {
	long n,i;
	long long max;
	scanf(""%ld"",&n);
	for(i=0;i<n;i++){
		scanf(""%lld"",&a[i].a);
		a[i].id=i;
	}
	qsort(a,n,sizeof(stone),cmp);
	max=a[0].a;
	for(i=0;i<n;i++){
		if(max!=a[i].a){
			s[a[0].id]+=i*(max-a[i].a);
			if(a[0].id>a[i].id) a[0].id=a[i].id;
			max=a[i].a;
		}
	}
	s[0]+=((long long)n)*max;
	for(i=0;i<n;i++){
		printf(""%lld\n"",s[i]);
	}
	return 0;
}```","[{""input"": ""10\n1 2 2 3 2 4 2 5 8 1\n"", ""output"": ""10\n8\n0\n4\n0\n3\n0\n2\n3\n0\n""}, {""input"": ""10\n1 3 2 3 2 4 2 5 8 1\n"", ""output"": ""10\n13\n0\n0\n0\n3\n0\n2\n3\n0\n""}, {""input"": ""10\n1 3 2 3 2 4 4 5 8 1\n"", ""output"": ""10\n14\n0\n0\n0\n4\n0\n2\n3\n0\n""}, {""input"": ""2\n1 0\n"", ""output"": ""1\n0\n""}, {""input"": ""10\n1 2 1 3 2 4 1 5 8 1\n"", ""output"": ""10\n6\n0\n4\n0\n3\n0\n2\n3\n0\n""}, {""input"": ""10\n1 2 1 3 2 4 2 5 8 0\n"", ""output"": ""9\n7\n0\n4\n0\n3\n0\n2\n3\n0\n""}, {""input"": ""10\n1 3 2 4 2 4 2 5 8 1\n"", ""output"": ""10\n13\n0\n4\n0\n0\n0\n2\n3\n0\n""}, {""input"": ""10\n1 3 2 6 2 4 4 5 8 1\n"", ""output"": ""10\n14\n0\n10\n0\n0\n0\n0\n2\n0\n""}, {""input"": ""2\n1 1\n"", ""output"": ""2\n0\n""}, {""input"": ""10\n1 2 1 3 2 4 1 5 8 0\n"", ""output"": ""9\n6\n0\n4\n0\n3\n0\n2\n3\n0\n""}, {""input"": ""10\n1 2 0 3 2 4 2 5 8 0\n"", ""output"": ""8\n7\n0\n4\n0\n3\n0\n2\n3\n0\n""}, {""input"": ""10\n1 3 0 4 2 4 2 5 8 1\n"", ""output"": ""9\n12\n0\n4\n0\n0\n0\n2\n3\n0\n""}, {""input"": ""10\n1 3 2 6 2 4 4 5 4 1\n"", ""output"": ""10\n14\n0\n8\n0\n0\n0\n0\n0\n0\n""}, {""input"": ""10\n1 2 1 3 2 4 1 5 12 0\n"", ""output"": ""9\n6\n0\n4\n0\n3\n0\n2\n7\n0\n""}, {""input"": ""10\n2 2 0 3 2 4 2 5 8 0\n"", ""output"": ""16\n0\n0\n4\n0\n3\n0\n2\n3\n0\n""}, {""input"": ""10\n1 3 0 4 2 2 2 5 8 1\n"", ""output"": ""9\n11\n0\n3\n0\n0\n0\n2\n3\n0\n""}, {""input"": ""10\n1 3 2 6 3 4 4 5 4 1\n"", ""output"": ""10\n15\n0\n8\n0\n0\n0\n0\n0\n0\n""}, {""input"": ""10\n2 2 0 3 0 4 2 5 8 0\n"", ""output"": ""14\n0\n0\n4\n0\n3\n0\n2\n3\n0\n""}, {""input"": ""10\n1 3 2 6 3 4 4 6 4 1\n"", ""output"": ""10\n15\n0\n9\n0\n0\n0\n0\n0\n0\n""}, {""input"": ""10\n4 2 0 3 0 4 2 5 8 0\n"", ""output"": ""23\n0\n0\n0\n0\n0\n0\n2\n3\n0\n""}, {""input"": ""10\n1 3 1 6 3 4 4 6 4 1\n"", ""output"": ""10\n14\n0\n9\n0\n0\n0\n0\n0\n0\n""}, {""input"": ""10\n4 2 0 3 0 4 2 5 12 0\n"", ""output"": ""23\n0\n0\n0\n0\n0\n0\n2\n7\n0\n""}, {""input"": ""10\n1 3 1 6 3 4 6 6 4 1\n"", ""output"": ""10\n14\n0\n11\n0\n0\n0\n0\n0\n0\n""}, {""input"": ""10\n4 2 0 3 1 4 2 5 12 0\n"", ""output"": ""24\n0\n0\n0\n0\n0\n0\n2\n7\n0\n""}, {""input"": ""10\n2 3 1 6 3 4 6 6 4 1\n"", ""output"": ""18\n7\n0\n11\n0\n0\n0\n0\n0\n0\n""}, {""input"": ""10\n4 4 0 3 1 4 2 5 12 0\n"", ""output"": ""26\n0\n0\n0\n0\n0\n0\n2\n7\n0\n""}, {""input"": ""10\n2 3 1 6 3 4 6 3 4 1\n"", ""output"": ""18\n7\n0\n8\n0\n0\n0\n0\n0\n0\n""}, {""input"": ""10\n1 4 0 3 1 4 2 5 12 0\n"", ""output"": ""8\n15\n0\n0\n0\n0\n0\n2\n7\n0\n""}, {""input"": ""10\n2 3 1 6 3 4 1 3 4 1\n"", ""output"": ""17\n6\n0\n5\n0\n0\n0\n0\n0\n0\n""}, {""input"": ""10\n1 4 0 3 1 4 4 5 12 0\n"", ""output"": ""8\n17\n0\n0\n0\n0\n0\n2\n7\n0\n""}, {""input"": ""10\n2 3 1 6 3 4 1 3 4 0\n"", ""output"": ""16\n6\n0\n5\n0\n0\n0\n0\n0\n0\n""}, {""input"": ""10\n2 3 1 7 3 4 1 3 4 0\n"", ""output"": ""16\n6\n0\n6\n0\n0\n0\n0\n0\n0\n""}, {""input"": ""10\n1 4 0 1 1 4 4 6 12 0\n"", ""output"": ""8\n15\n0\n0\n0\n0\n0\n4\n6\n0\n""}, {""input"": ""10\n2 3 1 7 5 4 1 3 4 0\n"", ""output"": ""16\n6\n0\n8\n0\n0\n0\n0\n0\n0\n""}, {""input"": ""10\n1 4 0 1 1 4 4 6 12 1\n"", ""output"": ""9\n15\n0\n0\n0\n0\n0\n4\n6\n0\n""}, {""input"": ""10\n2 3 1 7 2 4 1 3 4 0\n"", ""output"": ""16\n5\n0\n6\n0\n0\n0\n0\n0\n0\n""}, {""input"": ""10\n1 4 0 1 1 4 4 0 12 1\n"", ""output"": ""8\n12\n0\n0\n0\n0\n0\n0\n8\n0\n""}, {""input"": ""10\n2 3 1 7 3 4 1 3 2 0\n"", ""output"": ""16\n5\n0\n5\n0\n0\n0\n0\n0\n0\n""}, {""input"": ""10\n1 4 0 1 1 4 4 0 22 1\n"", ""output"": ""8\n12\n0\n0\n0\n0\n0\n0\n18\n0\n""}, {""input"": ""10\n2 3 1 7 1 4 1 3 2 0\n"", ""output"": ""15\n4\n0\n5\n0\n0\n0\n0\n0\n0\n""}, {""input"": ""10\n1 3 0 1 1 4 4 0 22 1\n"", ""output"": ""8\n8\n0\n0\n0\n3\n0\n0\n18\n0\n""}, {""input"": ""10\n2 1 1 7 1 4 1 3 2 0\n"", ""output"": ""14\n0\n0\n8\n0\n0\n0\n0\n0\n0\n""}, {""input"": ""10\n1 3 0 0 1 4 4 0 22 1\n"", ""output"": ""7\n8\n0\n0\n0\n3\n0\n0\n18\n0\n""}, {""input"": ""10\n2 1 1 7 1 4 1 3 4 0\n"", ""output"": ""14\n0\n0\n10\n0\n0\n0\n0\n0\n0\n""}, {""input"": ""10\n1 3 0 0 1 4 4 0 35 1\n"", ""output"": ""7\n8\n0\n0\n0\n3\n0\n0\n31\n0\n""}, {""input"": ""10\n4 1 1 7 1 4 1 3 4 0\n"", ""output"": ""23\n0\n0\n3\n0\n0\n0\n0\n0\n0\n""}, {""input"": ""10\n1 3 0 0 2 4 4 0 35 1\n"", ""output"": ""7\n9\n0\n0\n0\n3\n0\n0\n31\n0\n""}, {""input"": ""10\n4 1 1 3 1 4 1 3 4 0\n"", ""output"": ""22\n0\n0\n0\n0\n0\n0\n0\n0\n0\n""}, {""input"": ""10\n2 3 0 0 2 4 4 0 35 1\n"", ""output"": ""13\n4\n0\n0\n0\n3\n0\n0\n31\n0\n""}, {""input"": ""10\n4 1 1 3 1 4 1 6 4 0\n"", ""output"": ""23\n0\n0\n0\n0\n0\n0\n2\n0\n0\n""}, {""input"": ""10\n4 1 1 3 1 4 1 8 4 0\n"", ""output"": ""23\n0\n0\n0\n0\n0\n0\n4\n0\n0\n""}, {""input"": ""10\n4 1 1 3 1 4 0 8 4 0\n"", ""output"": ""22\n0\n0\n0\n0\n0\n0\n4\n0\n0\n""}, {""input"": ""10\n4 1 1 3 1 3 0 8 4 0\n"", ""output"": ""21\n0\n0\n0\n0\n0\n0\n4\n0\n0\n""}, {""input"": ""10\n4 1 1 3 1 3 0 7 4 0\n"", ""output"": ""21\n0\n0\n0\n0\n0\n0\n3\n0\n0\n""}, {""input"": ""10\n4 1 1 3 1 3 0 7 4 1\n"", ""output"": ""22\n0\n0\n0\n0\n0\n0\n3\n0\n0\n""}, {""input"": ""10\n4 1 1 3 2 3 0 7 4 1\n"", ""output"": ""23\n0\n0\n0\n0\n0\n0\n3\n0\n0\n""}, {""input"": ""10\n4 1 1 6 2 3 0 7 4 1\n"", ""output"": ""24\n0\n0\n4\n0\n0\n0\n1\n0\n0\n""}, {""input"": ""10\n4 1 1 6 2 3 0 7 1 1\n"", ""output"": ""21\n0\n0\n4\n0\n0\n0\n1\n0\n0\n""}, {""input"": ""10\n4 1 1 6 4 3 0 7 1 1\n"", ""output"": ""23\n0\n0\n4\n0\n0\n0\n1\n0\n0\n""}, {""input"": ""10\n2 1 1 6 4 3 0 7 1 1\n"", ""output"": ""14\n0\n0\n11\n0\n0\n0\n1\n0\n0\n""}, {""input"": ""10\n2 1 1 9 4 3 0 7 1 1\n"", ""output"": ""14\n0\n0\n15\n0\n0\n0\n0\n0\n0\n""}, {""input"": ""10\n2 1 1 17 4 3 0 7 1 1\n"", ""output"": ""14\n0\n0\n23\n0\n0\n0\n0\n0\n0\n""}, {""input"": ""10\n2 1 1 17 4 2 0 7 1 1\n"", ""output"": ""14\n0\n0\n22\n0\n0\n0\n0\n0\n0\n""}, {""input"": ""2\n2 1\n"", ""output"": ""3\n0\n""}, {""input"": ""10\n1 2 2 5 2 4 2 5 8 1\n"", ""output"": ""10\n8\n0\n11\n0\n0\n0\n0\n3\n0\n""}, {""input"": ""10\n1 2 2 3 2 4 2 0 8 1\n"", ""output"": ""9\n7\n0\n3\n0\n2\n0\n0\n4\n0\n""}, {""input"": ""10\n1 1 2 3 2 4 2 5 8 1\n"", ""output"": ""10\n0\n7\n4\n0\n3\n0\n2\n3\n0\n""}, {""input"": ""10\n1 3 2 3 2 4 4 5 7 1\n"", ""output"": ""10\n14\n0\n0\n0\n4\n0\n2\n2\n0\n""}, {""input"": ""10\n1 2 1 3 1 4 1 5 8 1\n"", ""output"": ""10\n5\n0\n4\n0\n3\n0\n2\n3\n0\n""}, {""input"": ""10\n1 2 1 5 2 4 2 5 8 0\n"", ""output"": ""9\n7\n0\n11\n0\n0\n0\n0\n3\n0\n""}, {""input"": ""10\n1 3 2 6 2 8 4 5 8 1\n"", ""output"": ""10\n14\n0\n12\n0\n4\n0\n0\n0\n0\n""}, {""input"": ""10\n1 2 0 3 2 4 2 5 10 0\n"", ""output"": ""8\n7\n0\n4\n0\n3\n0\n2\n5\n0\n""}, {""input"": ""10\n1 3 0 4 2 4 0 5 8 1\n"", ""output"": ""8\n11\n0\n4\n0\n0\n0\n2\n3\n0\n""}, {""input"": ""10\n1 3 2 6 2 4 4 2 4 1\n"", ""output"": ""10\n13\n0\n6\n0\n0\n0\n0\n0\n0\n""}, {""input"": ""10\n1 2 1 3 2 4 1 5 15 0\n"", ""output"": ""9\n6\n0\n4\n0\n3\n0\n2\n10\n0\n""}, {""input"": ""10\n2 2 0 3 4 4 2 5 8 0\n"", ""output"": ""16\n0\n0\n5\n4\n0\n0\n2\n3\n0\n""}, {""input"": ""10\n1 3 0 4 2 2 2 5 8 0\n"", ""output"": ""8\n11\n0\n3\n0\n0\n0\n2\n3\n0\n""}, {""input"": ""10\n1 3 3 6 3 4 4 5 4 1\n"", ""output"": ""10\n16\n0\n8\n0\n0\n0\n0\n0\n0\n""}, {""input"": ""10\n2 2 0 3 0 1 2 5 8 0\n"", ""output"": ""13\n0\n0\n3\n0\n0\n0\n4\n3\n0\n""}, {""input"": ""10\n1 3 2 6 3 0 4 6 4 1\n"", ""output"": ""9\n13\n0\n8\n0\n0\n0\n0\n0\n0\n""}, {""input"": ""10\n4 2 0 3 0 4 2 3 8 0\n"", ""output"": ""22\n0\n0\n0\n0\n0\n0\n0\n4\n0\n""}, {""input"": ""10\n1 3 1 6 3 4 6 6 7 1\n"", ""output"": ""10\n14\n0\n13\n0\n0\n0\n0\n1\n0\n""}, {""input"": ""10\n4 2 0 3 1 7 2 5 12 0\n"", ""output"": ""24\n0\n0\n0\n0\n7\n0\n0\n5\n0\n""}, {""input"": ""10\n3 3 1 6 3 4 6 6 4 1\n"", ""output"": ""26\n0\n0\n11\n0\n0\n0\n0\n0\n0\n""}, {""input"": ""10\n1 0 0 3 1 4 2 5 12 0\n"", ""output"": ""7\n0\n0\n9\n0\n3\n0\n2\n7\n0\n""}, {""input"": ""10\n2 3 1 8 3 4 1 3 4 1\n"", ""output"": ""17\n6\n0\n7\n0\n0\n0\n0\n0\n0\n""}, {""input"": ""10\n1 4 1 3 1 4 4 5 12 0\n"", ""output"": ""9\n17\n0\n0\n0\n0\n0\n2\n7\n0\n""}, {""input"": ""10\n2 3 1 6 5 4 1 3 4 0\n"", ""output"": ""16\n6\n0\n7\n0\n0\n0\n0\n0\n0\n""}, {""input"": ""10\n1 4 0 1 1 2 4 5 12 0\n"", ""output"": ""8\n13\n0\n0\n0\n0\n0\n2\n7\n0\n""}, {""input"": ""10\n2 3 1 7 1 4 1 3 4 0\n"", ""output"": ""15\n5\n0\n6\n0\n0\n0\n0\n0\n0\n""}, {""input"": ""10\n1 4 0 1 2 4 4 6 12 0\n"", ""output"": ""8\n16\n0\n0\n0\n0\n0\n4\n6\n0\n""}, {""input"": ""10\n2 3 1 9 5 4 1 3 4 0\n"", ""output"": ""16\n6\n0\n10\n0\n0\n0\n0\n0\n0\n""}, {""input"": ""10\n1 2 0 1 1 4 4 6 12 1\n"", ""output"": ""9\n5\n0\n0\n0\n8\n0\n4\n6\n0\n""}, {""input"": ""10\n2 3 1 7 2 4 1 6 4 0\n"", ""output"": ""16\n5\n0\n9\n0\n0\n0\n0\n0\n0\n""}, {""input"": ""10\n1 4 0 2 1 4 4 0 12 1\n"", ""output"": ""8\n13\n0\n0\n0\n0\n0\n0\n8\n0\n""}, {""input"": ""10\n2 3 1 7 6 4 1 3 2 0\n"", ""output"": ""16\n5\n0\n8\n0\n0\n0\n0\n0\n0\n""}, {""input"": ""10\n1 4 0 1 1 4 4 0 25 1\n"", ""output"": ""8\n12\n0\n0\n0\n0\n0\n0\n21\n0\n""}, {""input"": ""10\n3 3 1 7 1 4 1 3 2 0\n"", ""output"": ""20\n0\n0\n5\n0\n0\n0\n0\n0\n0\n""}, {""input"": ""10\n1 0 0 1 1 4 4 0 22 1\n"", ""output"": ""7\n0\n0\n0\n0\n9\n0\n0\n18\n0\n""}, {""input"": ""10\n2 0 1 7 1 4 1 3 2 0\n"", ""output"": ""13\n0\n0\n8\n0\n0\n0\n0\n0\n0\n""}, {""input"": ""2\n1 2\n"", ""output"": ""2\n1\n""}, {""input"": ""2\n1 2\n"", ""output"": ""2\n1\n""}, {""input"": ""10\n1 2 1 3 2 4 2 5 8 1\n"", ""output"": ""10\n7\n0\n4\n0\n3\n0\n2\n3\n0\n""}]","Given the following C code and assembly code, your task is to generate highly optimized x86-64 assembly code.
C Code:

```c
#include<stdio.h>

long long s[100000];

typedef struct{
	long long a;
	long id;
} stone;
stone a[100000];

int cmp(const void *a, const void *b){
	if(((stone*)a)->a==((stone*)b)->a){
		return ((stone*)a)->id-((stone*)b)->id;
	}
	return ((stone*)b)->a-((stone*)a)->a;
}

int main(int argc, char const *argv[]) {
	long n,i;
	long long max;
	scanf(""%ld"",&n);
	for(i=0;i<n;i++){
		scanf(""%lld"",&a[i].a);
		a[i].id=i;
	}
	qsort(a,n,sizeof(stone),cmp);
	max=a[0].a;
	for(i=0;i<n;i++){
		if(max!=a[i].a){
			s[a[0].id]+=i*(max-a[i].a);
			if(a[0].id>a[i].id) a[0].id=a[i].id;
			max=a[i].a;
		}
	}
	s[0]+=((long long)n)*max;
	for(i=0;i<n;i++){
		printf(""%lld\n"",s[i]);
	}
	return 0;
}```

Assembly Code:

```assembly
	.file	""temp.c""
	.text
	.p2align 4
	.globl	cmp
	.type	cmp, @function
cmp:
.LFB23:
	.cfi_startproc
	endbr64
	movq	(%rsi), %rdx
	movq	(%rdi), %rcx
	movl	%edx, %eax
	subl	%ecx, %eax
	cmpq	%rdx, %rcx
	je	.L5
	ret
	.p2align 4,,10
	.p2align 3
.L5:
	movq	8(%rdi), %rax
	subl	8(%rsi), %eax
	ret
	.cfi_endproc
.LFE23:
	.size	cmp, .-cmp
	.section	.rodata.str1.1,""aMS"",@progbits,1
.LC0:
	.string	""%ld""
.LC1:
	.string	""%lld""
.LC2:
	.string	""%lld\n""
	.section	.text.startup,""ax"",@progbits
	.p2align 4
	.globl	main
	.type	main, @function
main:
.LFB24:
	.cfi_startproc
	endbr64
	pushq	%r13
	.cfi_def_cfa_offset 16
	.cfi_offset 13, -16
	leaq	.LC0(%rip), %rdi
	leaq	a(%rip), %r13
	pushq	%r12
	.cfi_def_cfa_offset 24
	.cfi_offset 12, -24
	pushq	%rbp
	.cfi_def_cfa_offset 32
	.cfi_offset 6, -32
	pushq	%rbx
	.cfi_def_cfa_offset 40
	.cfi_offset 3, -40
	subq	$24, %rsp
	.cfi_def_cfa_offset 64
	movq	%fs:40, %rax
	movq	%rax, 8(%rsp)
	xorl	%eax, %eax
	movq	%rsp, %rsi
	call	__isoc99_scanf@PLT
	movq	(%rsp), %rsi
	testq	%rsi, %rsi
	jle	.L7
	movq	%r13, %rbp
	xorl	%ebx, %ebx
	leaq	.LC1(%rip), %r12
	.p2align 4,,10
	.p2align 3
.L8:
	movq	%rbp, %rsi
	movq	%r12, %rdi
	xorl	%eax, %eax
	addq	$16, %rbp
	call	__isoc99_scanf@PLT
	movq	(%rsp), %rsi
	movq	%rbx, -8(%rbp)
	addq	$1, %rbx
	cmpq	%rbx, %rsi
	jg	.L8
.L7:
	leaq	cmp(%rip), %rcx
	movl	$16, %edx
	movq	%r13, %rdi
	xorl	%eax, %eax
	call	qsort@PLT
	movq	(%rsp), %r9
	movq	a(%rip), %rax
	testq	%r9, %r9
	jle	.L9
	movq	8+a(%rip), %rdi
	leaq	s(%rip), %rbp
	cmpq	$1, %r9
	je	.L10
	leaq	16+a(%rip), %rcx
	movl	$1, %edx
	xorl	%r10d, %r10d
	.p2align 4,,10
	.p2align 3
.L12:
	movq	(%rcx), %rsi
	cmpq	%rax, %rsi
	je	.L11
	movq	8(%rcx), %r8
	subq	%rsi, %rax
	imulq	%rdx, %rax
	addq	%rax, 0(%rbp,%rdi,8)
	movq	%rsi, %rax
	cmpq	%rdi, %r8
	jge	.L11
	movq	%r8, %rdi
	movl	$1, %r10d
.L11:
	addq	$1, %rdx
	addq	$16, %rcx
	cmpq	%r9, %rdx
	jne	.L12
	testb	%r10b, %r10b
	je	.L10
	movq	%rdi, 8+a(%rip)
.L10:
	imulq	%rax, %r9
	addq	%r9, s(%rip)
	xorl	%ebx, %ebx
	leaq	.LC2(%rip), %r12
	.p2align 4,,10
	.p2align 3
.L14:
	movq	0(%rbp,%rbx,8), %rdx
	movq	%r12, %rsi
	movl	$1, %edi
	xorl	%eax, %eax
	addq	$1, %rbx
	call	__printf_chk@PLT
	cmpq	%rbx, (%rsp)
	jg	.L14
.L15:
	movq	8(%rsp), %rax
	subq	%fs:40, %rax
	jne	.L31
	addq	$24, %rsp
	.cfi_remember_state
	.cfi_def_cfa_offset 40
	xorl	%eax, %eax
	popq	%rbx
	.cfi_def_cfa_offset 32
	popq	%rbp
	.cfi_def_cfa_offset 24
	popq	%r12
	.cfi_def_cfa_offset 16
	popq	%r13
	.cfi_def_cfa_offset 8
	ret
.L9:
	.cfi_restore_state
	imulq	%r9, %rax
	addq	%rax, s(%rip)
	jmp	.L15
.L31:
	call	__stack_chk_fail@PLT
	.cfi_endproc
.LFE24:
	.size	main, .-main
	.globl	a
	.bss
	.align 32
	.type	a, @object
	.size	a, 1600000
a:
	.zero	1600000
	.globl	s
	.align 32
	.type	s, @object
	.size	s, 800000
s:
	.zero	800000
	.ident	""GCC: (Ubuntu 11.4.0-1ubuntu1~22.04) 11.4.0""
	.section	.note.GNU-stack,"""",@progbits
	.section	.note.gnu.property,""a""
	.align 8
	.long	1f - 0f
	.long	4f - 1f
	.long	5
0:
	.string	""GNU""
1:
	.align 8
	.long	0xc0000002
	.long	3f - 2f
2:
	.long	0x3
3:
	.align 8
4:
```

Only output the optimized assembly code. Do not include any other text. Do not write any comments in the assembly code. Wrap the assembly code in ```assembly``` tags.
Optimized Assembly Code:
","Given the following C code, your task is to generate highly optimized x86-64 assembly code.
C Code:

```c
#include<stdio.h>

long long s[100000];

typedef struct{
	long long a;
	long id;
} stone;
stone a[100000];

int cmp(const void *a, const void *b){
	if(((stone*)a)->a==((stone*)b)->a){
		return ((stone*)a)->id-((stone*)b)->id;
	}
	return ((stone*)b)->a-((stone*)a)->a;
}

int main(int argc, char const *argv[]) {
	long n,i;
	long long max;
	scanf(""%ld"",&n);
	for(i=0;i<n;i++){
		scanf(""%lld"",&a[i].a);
		a[i].id=i;
	}
	qsort(a,n,sizeof(stone),cmp);
	max=a[0].a;
	for(i=0;i<n;i++){
		if(max!=a[i].a){
			s[a[0].id]+=i*(max-a[i].a);
			if(a[0].id>a[i].id) a[0].id=a[i].id;
			max=a[i].a;
		}
	}
	s[0]+=((long long)n)*max;
	for(i=0;i<n;i++){
		printf(""%lld\n"",s[i]);
	}
	return 0;
}```

Only output the optimized assembly code. Do not include any other text. Do not write any comments in the assembly code. Wrap the assembly code in ```assembly``` tags.
Optimized Assembly Code:
"
31,"```c
#include<stdio.h>
int main()
{
	int n, m;
	scanf(""%d %d"", &n, &m);
	int i;
	int a, b;
	int count[100005];
	for (i = 0; i < n; i++)
		count[i] = 0;
	for (i = 0; i < m; i++)
	{
		scanf(""%d %d"", &a, &b);
		count[a - 1]++;
		count[b - 1]++;
	}
	for (i = 0; i < n; i++)
	{
		if (count[i] % 2 > 0)
		{
			printf(""NO\n"");
			return 0;
		}
	}
	printf(""YES\n"");
	return 0;
}```","[{""input"": ""5 5\n1 2\n5 5\n5 1\n3 4\n2 3\n"", ""output"": ""NO\n""}, {""input"": ""5 1\n1 1\n6 5\n5 2\n3 4\n2 3\n"", ""output"": ""YES\n""}, {""input"": ""5 1\n1 2\n5 5\n5 1\n3 4\n2 3\n"", ""output"": ""NO\n""}, {""input"": ""5 1\n1 2\n6 5\n5 1\n3 4\n2 3\n"", ""output"": ""NO\n""}, {""input"": ""5 1\n1 2\n6 5\n5 2\n3 4\n2 3\n"", ""output"": ""NO\n""}, {""input"": ""5 1\n1 1\n6 6\n5 2\n3 4\n2 3\n"", ""output"": ""YES\n""}, {""input"": ""5 1\n1 1\n6 6\n5 2\n3 4\n3 3\n"", ""output"": ""YES\n""}, {""input"": ""10 1\n1 1\n6 6\n5 2\n3 4\n3 3\n"", ""output"": ""YES\n""}, {""input"": ""10 0\n1 1\n6 6\n5 2\n3 4\n3 3\n"", ""output"": ""YES\n""}, {""input"": ""10 0\n1 1\n11 6\n5 2\n3 4\n3 3\n"", ""output"": ""YES\n""}, {""input"": ""10 0\n1 1\n11 6\n5 2\n0 4\n3 3\n"", ""output"": ""YES\n""}, {""input"": ""10 0\n1 1\n11 6\n5 2\n0 4\n1 3\n"", ""output"": ""YES\n""}, {""input"": ""10 0\n1 1\n11 6\n5 2\n-1 4\n1 3\n"", ""output"": ""YES\n""}, {""input"": ""10 0\n1 1\n2 6\n5 2\n-1 4\n1 3\n"", ""output"": ""YES\n""}, {""input"": ""10 0\n1 1\n2 6\n7 2\n-1 4\n1 3\n"", ""output"": ""YES\n""}, {""input"": ""10 0\n1 1\n2 6\n7 2\n-1 4\n1 5\n"", ""output"": ""YES\n""}, {""input"": ""10 0\n1 1\n2 6\n11 2\n-1 4\n1 5\n"", ""output"": ""YES\n""}, {""input"": ""10 0\n1 1\n2 6\n11 2\n-1 4\n0 5\n"", ""output"": ""YES\n""}, {""input"": ""10 0\n1 1\n2 6\n11 2\n-1 5\n0 5\n"", ""output"": ""YES\n""}, {""input"": ""10 0\n1 1\n2 3\n11 2\n-1 5\n0 5\n"", ""output"": ""YES\n""}, {""input"": ""10 0\n2 1\n2 3\n11 2\n-1 5\n0 5\n"", ""output"": ""YES\n""}, {""input"": ""10 0\n2 1\n2 3\n11 2\n-1 2\n0 5\n"", ""output"": ""YES\n""}, {""input"": ""10 0\n2 1\n2 3\n11 2\n-1 2\n0 1\n"", ""output"": ""YES\n""}, {""input"": ""10 0\n2 1\n2 3\n11 2\n-1 4\n0 1\n"", ""output"": ""YES\n""}, {""input"": ""10 0\n0 1\n2 3\n11 2\n-1 4\n0 1\n"", ""output"": ""YES\n""}, {""input"": ""10 0\n0 1\n2 3\n11 2\n-1 4\n0 0\n"", ""output"": ""YES\n""}, {""input"": ""10 0\n0 1\n2 3\n11 2\n-2 4\n0 0\n"", ""output"": ""YES\n""}, {""input"": ""10 1\n0 1\n2 3\n11 2\n-2 4\n0 0\n"", ""output"": ""NO\n""}, {""input"": ""10 1\n0 1\n4 3\n11 2\n-2 4\n0 0\n"", ""output"": ""NO\n""}, {""input"": ""17 1\n0 1\n4 3\n11 2\n-2 4\n0 0\n"", ""output"": ""NO\n""}, {""input"": ""14 1\n0 1\n4 3\n11 2\n-2 4\n0 0\n"", ""output"": ""NO\n""}, {""input"": ""14 1\n0 1\n8 3\n11 2\n-2 4\n0 0\n"", ""output"": ""NO\n""}, {""input"": ""14 1\n0 1\n8 3\n11 2\n-2 4\n0 1\n"", ""output"": ""NO\n""}, {""input"": ""14 1\n0 1\n8 3\n11 1\n-2 4\n0 1\n"", ""output"": ""NO\n""}, {""input"": ""14 1\n0 1\n8 3\n1 1\n-2 4\n0 1\n"", ""output"": ""NO\n""}, {""input"": ""14 1\n0 1\n8 5\n1 1\n-2 4\n0 1\n"", ""output"": ""NO\n""}, {""input"": ""14 1\n0 1\n9 5\n1 1\n-2 4\n0 1\n"", ""output"": ""NO\n""}, {""input"": ""14 1\n0 1\n2 5\n1 1\n-2 4\n0 1\n"", ""output"": ""NO\n""}, {""input"": ""14 2\n0 1\n2 5\n1 1\n-2 4\n0 1\n"", ""output"": ""NO\n""}, {""input"": ""16 2\n0 1\n2 5\n1 1\n-2 4\n0 1\n"", ""output"": ""NO\n""}, {""input"": ""14 2\n0 2\n2 5\n1 1\n-2 4\n0 1\n"", ""output"": ""NO\n""}, {""input"": ""14 2\n0 2\n2 10\n1 1\n-2 4\n0 1\n"", ""output"": ""NO\n""}, {""input"": ""14 2\n0 2\n2 10\n0 1\n-2 4\n0 1\n"", ""output"": ""NO\n""}, {""input"": ""14 2\n0 2\n2 0\n0 1\n-2 4\n0 1\n"", ""output"": ""NO\n""}, {""input"": ""14 2\n1 2\n2 0\n0 1\n-2 4\n0 1\n"", ""output"": ""NO\n""}, {""input"": ""14 2\n1 2\n2 0\n0 1\n-2 4\n0 0\n"", ""output"": ""NO\n""}, {""input"": ""14 2\n1 2\n2 0\n1 1\n-2 4\n0 0\n"", ""output"": ""NO\n""}, {""input"": ""14 2\n1 2\n2 0\n2 1\n-2 4\n0 0\n"", ""output"": ""NO\n""}, {""input"": ""6 5\n1 2\n3 5\n5 1\n3 4\n2 3\n"", ""output"": ""NO\n""}, {""input"": ""4 4\n1 2\n1 4\n1 3\n3 4\n"", ""output"": ""NO\n""}, {""input"": ""5 1\n1 2\n5 5\n5 0\n3 4\n2 3\n"", ""output"": ""NO\n""}, {""input"": ""5 1\n1 2\n6 5\n4 1\n3 4\n2 3\n"", ""output"": ""NO\n""}, {""input"": ""5 1\n1 2\n6 5\n5 2\n4 4\n2 3\n"", ""output"": ""NO\n""}, {""input"": ""5 1\n2 2\n6 5\n5 2\n3 4\n2 3\n"", ""output"": ""YES\n""}, {""input"": ""5 1\n1 1\n6 6\n5 4\n3 4\n2 3\n"", ""output"": ""YES\n""}, {""input"": ""5 1\n1 2\n6 6\n5 2\n3 4\n3 3\n"", ""output"": ""NO\n""}, {""input"": ""10 1\n1 1\n6 9\n5 2\n3 4\n3 3\n"", ""output"": ""YES\n""}, {""input"": ""6 0\n1 1\n6 6\n5 2\n3 4\n3 3\n"", ""output"": ""YES\n""}, {""input"": ""10 0\n1 1\n11 6\n5 3\n3 4\n3 3\n"", ""output"": ""YES\n""}, {""input"": ""10 0\n1 0\n11 6\n5 2\n0 4\n3 3\n"", ""output"": ""YES\n""}, {""input"": ""10 0\n1 1\n11 6\n5 2\n0 4\n1 0\n"", ""output"": ""YES\n""}, {""input"": ""10 0\n1 1\n11 6\n1 2\n-1 4\n1 3\n"", ""output"": ""YES\n""}, {""input"": ""10 0\n1 1\n2 6\n5 2\n0 4\n1 3\n"", ""output"": ""YES\n""}, {""input"": ""10 0\n0 1\n2 6\n7 2\n-1 4\n1 3\n"", ""output"": ""YES\n""}, {""input"": ""10 0\n1 1\n2 6\n7 4\n-1 4\n1 5\n"", ""output"": ""YES\n""}, {""input"": ""18 0\n1 1\n2 6\n11 2\n-1 4\n1 5\n"", ""output"": ""YES\n""}, {""input"": ""10 0\n1 1\n2 6\n11 2\n-1 4\n0 10\n"", ""output"": ""YES\n""}, {""input"": ""10 -1\n1 1\n2 6\n11 2\n-1 5\n0 5\n"", ""output"": ""YES\n""}, {""input"": ""10 -1\n1 1\n2 3\n11 2\n-1 5\n0 5\n"", ""output"": ""YES\n""}, {""input"": ""10 0\n2 1\n2 4\n11 2\n-1 5\n0 5\n"", ""output"": ""YES\n""}, {""input"": ""10 0\n2 1\n4 3\n11 2\n-1 2\n0 5\n"", ""output"": ""YES\n""}, {""input"": ""10 0\n2 1\n2 3\n11 1\n-1 2\n0 1\n"", ""output"": ""YES\n""}, {""input"": ""10 0\n2 1\n2 3\n11 2\n-1 4\n0 2\n"", ""output"": ""YES\n""}, {""input"": ""10 0\n0 1\n2 3\n11 2\n0 4\n0 1\n"", ""output"": ""YES\n""}, {""input"": ""10 1\n0 1\n2 3\n11 2\n-1 4\n0 0\n"", ""output"": ""NO\n""}, {""input"": ""11 0\n0 1\n2 3\n11 2\n-2 4\n0 0\n"", ""output"": ""YES\n""}, {""input"": ""10 1\n0 1\n2 3\n11 3\n-1 4\n0 0\n"", ""output"": ""NO\n""}, {""input"": ""10 1\n0 1\n4 3\n11 2\n-2 4\n0 1\n"", ""output"": ""NO\n""}, {""input"": ""17 1\n0 1\n4 3\n22 2\n-2 4\n0 0\n"", ""output"": ""NO\n""}, {""input"": ""14 1\n0 1\n4 1\n11 2\n-2 4\n0 0\n"", ""output"": ""NO\n""}, {""input"": ""14 1\n-1 1\n8 3\n11 2\n-2 4\n0 0\n"", ""output"": ""NO\n""}, {""input"": ""14 1\n0 1\n8 3\n11 2\n-2 4\n1 1\n"", ""output"": ""NO\n""}, {""input"": ""14 1\n0 1\n8 3\n9 1\n-2 4\n0 1\n"", ""output"": ""NO\n""}, {""input"": ""14 1\n0 2\n8 3\n1 1\n-2 4\n0 1\n"", ""output"": ""NO\n""}, {""input"": ""14 1\n0 1\n8 5\n1 1\n-2 5\n0 1\n"", ""output"": ""NO\n""}, {""input"": ""14 1\n0 1\n9 5\n1 1\n-2 7\n0 1\n"", ""output"": ""NO\n""}, {""input"": ""14 1\n0 1\n2 5\n1 1\n-2 6\n0 1\n"", ""output"": ""NO\n""}, {""input"": ""14 2\n-1 1\n2 5\n1 1\n-2 4\n0 1\n"", ""output"": ""NO\n""}, {""input"": ""16 2\n0 1\n2 5\n1 1\n-4 4\n0 1\n"", ""output"": ""NO\n""}, {""input"": ""14 2\n0 2\n2 5\n1 1\n-2 6\n0 1\n"", ""output"": ""NO\n""}, {""input"": ""14 2\n0 2\n1 10\n1 1\n-2 4\n0 1\n"", ""output"": ""NO\n""}, {""input"": ""14 2\n0 2\n2 0\n0 0\n-2 4\n0 1\n"", ""output"": ""NO\n""}, {""input"": ""14 2\n1 2\n2 -1\n0 1\n-2 4\n0 1\n"", ""output"": ""NO\n""}, {""input"": ""14 2\n1 2\n2 0\n-1 1\n-2 4\n0 0\n"", ""output"": ""NO\n""}, {""input"": ""14 2\n0 2\n2 0\n2 1\n-2 4\n0 0\n"", ""output"": ""NO\n""}, {""input"": ""26 2\n1 2\n2 0\n2 1\n-2 4\n0 0\n"", ""output"": ""NO\n""}, {""input"": ""6 5\n1 2\n3 5\n5 1\n3 4\n2 4\n"", ""output"": ""YES\n""}, {""input"": ""4 4\n2 2\n1 4\n1 3\n3 4\n"", ""output"": ""YES\n""}, {""input"": ""5 1\n1 2\n5 5\n5 0\n3 3\n2 3\n"", ""output"": ""NO\n""}, {""input"": ""5 1\n1 2\n6 3\n4 1\n3 4\n2 3\n"", ""output"": ""NO\n""}, {""input"": ""5 5\n1 2\n3 5\n5 1\n3 4\n2 3\n"", ""output"": ""NO\n""}, {""input"": ""4 4\n1 2\n2 4\n1 3\n3 4\n"", ""output"": ""YES\n""}, {""input"": ""4 4\n1 2\n2 4\n1 3\n3 4\n"", ""output"": ""YES\n""}]","Given the following C code and assembly code, your task is to generate highly optimized x86-64 assembly code.
C Code:

```c
#include<stdio.h>
int main()
{
	int n, m;
	scanf(""%d %d"", &n, &m);
	int i;
	int a, b;
	int count[100005];
	for (i = 0; i < n; i++)
		count[i] = 0;
	for (i = 0; i < m; i++)
	{
		scanf(""%d %d"", &a, &b);
		count[a - 1]++;
		count[b - 1]++;
	}
	for (i = 0; i < n; i++)
	{
		if (count[i] % 2 > 0)
		{
			printf(""NO\n"");
			return 0;
		}
	}
	printf(""YES\n"");
	return 0;
}```

Assembly Code:

```assembly
	.file	""temp.c""
	.text
	.section	.rodata.str1.1,""aMS"",@progbits,1
.LC0:
	.string	""%d %d""
.LC1:
	.string	""NO""
.LC2:
	.string	""YES""
	.section	.text.startup,""ax"",@progbits
	.p2align 4
	.globl	main
	.type	main, @function
main:
.LFB23:
	.cfi_startproc
	endbr64
	pushq	%r13
	.cfi_def_cfa_offset 16
	.cfi_offset 13, -16
	pushq	%r12
	.cfi_def_cfa_offset 24
	.cfi_offset 12, -24
	pushq	%rbp
	.cfi_def_cfa_offset 32
	.cfi_offset 6, -32
	pushq	%rbx
	.cfi_def_cfa_offset 40
	.cfi_offset 3, -40
	leaq	-397312(%rsp), %r11
	.cfi_def_cfa 11, 397352
.LPSRL0:
	subq	$4096, %rsp
	orq	$0, (%rsp)
	cmpq	%r11, %rsp
	jne	.LPSRL0
	.cfi_def_cfa_register 7
	subq	$2744, %rsp
	.cfi_def_cfa_offset 400096
	leaq	.LC0(%rip), %rbx
	movq	%rbx, %rdi
	movq	%fs:40, %rax
	movq	%rax, 400040(%rsp)
	xorl	%eax, %eax
	leaq	4(%rsp), %rdx
	movq	%rsp, %rsi
	call	__isoc99_scanf@PLT
	movslq	(%rsp), %rdx
	testl	%edx, %edx
	jle	.L2
	salq	$2, %rdx
	leaq	16(%rsp), %rdi
	xorl	%esi, %esi
	call	memset@PLT
.L2:
	movl	4(%rsp), %eax
	testl	%eax, %eax
	jle	.L3
	xorl	%r13d, %r13d
	leaq	12(%rsp), %r12
	leaq	8(%rsp), %rbp
	.p2align 4,,10
	.p2align 3
.L4:
	movq	%r12, %rdx
	movq	%rbp, %rsi
	movq	%rbx, %rdi
	xorl	%eax, %eax
	call	__isoc99_scanf@PLT
	movl	8(%rsp), %eax
	addl	$1, %r13d
	subl	$1, %eax
	cltq
	addl	$1, 16(%rsp,%rax,4)
	movl	12(%rsp), %eax
	subl	$1, %eax
	cltq
	addl	$1, 16(%rsp,%rax,4)
	cmpl	%r13d, 4(%rsp)
	jg	.L4
.L3:
	movl	(%rsp), %eax
	testl	%eax, %eax
	jle	.L5
	subl	$1, %eax
	leaq	16(%rsp), %rdx
	leaq	20(%rsp,%rax,4), %rsi
	jmp	.L8
	.p2align 4,,10
	.p2align 3
.L6:
	addq	$4, %rdx
	cmpq	%rsi, %rdx
	je	.L5
.L8:
	movl	(%rdx), %eax
	movl	%eax, %ecx
	shrl	$31, %ecx
	addl	%ecx, %eax
	andl	$1, %eax
	subl	%ecx, %eax
	cmpl	$1, %eax
	jne	.L6
	leaq	.LC1(%rip), %rdi
	call	puts@PLT
	jmp	.L7
.L5:
	leaq	.LC2(%rip), %rdi
	call	puts@PLT
.L7:
	movq	400040(%rsp), %rax
	subq	%fs:40, %rax
	jne	.L14
	addq	$400056, %rsp
	.cfi_remember_state
	.cfi_def_cfa_offset 40
	xorl	%eax, %eax
	popq	%rbx
	.cfi_def_cfa_offset 32
	popq	%rbp
	.cfi_def_cfa_offset 24
	popq	%r12
	.cfi_def_cfa_offset 16
	popq	%r13
	.cfi_def_cfa_offset 8
	ret
.L14:
	.cfi_restore_state
	call	__stack_chk_fail@PLT
	.cfi_endproc
.LFE23:
	.size	main, .-main
	.ident	""GCC: (Ubuntu 11.4.0-1ubuntu1~22.04) 11.4.0""
	.section	.note.GNU-stack,"""",@progbits
	.section	.note.gnu.property,""a""
	.align 8
	.long	1f - 0f
	.long	4f - 1f
	.long	5
0:
	.string	""GNU""
1:
	.align 8
	.long	0xc0000002
	.long	3f - 2f
2:
	.long	0x3
3:
	.align 8
4:
```

Only output the optimized assembly code. Do not include any other text. Do not write any comments in the assembly code. Wrap the assembly code in ```assembly``` tags.
Optimized Assembly Code:
","Given the following C code, your task is to generate highly optimized x86-64 assembly code.
C Code:

```c
#include<stdio.h>
int main()
{
	int n, m;
	scanf(""%d %d"", &n, &m);
	int i;
	int a, b;
	int count[100005];
	for (i = 0; i < n; i++)
		count[i] = 0;
	for (i = 0; i < m; i++)
	{
		scanf(""%d %d"", &a, &b);
		count[a - 1]++;
		count[b - 1]++;
	}
	for (i = 0; i < n; i++)
	{
		if (count[i] % 2 > 0)
		{
			printf(""NO\n"");
			return 0;
		}
	}
	printf(""YES\n"");
	return 0;
}```

Only output the optimized assembly code. Do not include any other text. Do not write any comments in the assembly code. Wrap the assembly code in ```assembly``` tags.
Optimized Assembly Code:
"
32,"```c
#include <stdio.h>
#include <math.h>

int main(int argc, char** argv)
{
    int n,k;

    scanf(""%d"", &n);
    scanf(""%d"", &k);

    // log_k(n)
    // log(n)/log(k)
    printf(""%d\n"", (int)(log(n)/log(k))+1);

    return 0;
}
```","[{""input"": ""22 2\n"", ""output"": ""5\n""}, {""input"": ""279134799 3\n"", ""output"": ""18\n""}, {""input"": ""1011101 10\n"", ""output"": ""7\n""}, {""input"": ""1010001 2\n"", ""output"": ""20\n""}, {""input"": ""29240007 3\n"", ""output"": ""16\n""}, {""input"": ""1010001 3\n"", ""output"": ""13\n""}, {""input"": ""1010001 5\n"", ""output"": ""9\n""}, {""input"": ""0110111 5\n"", ""output"": ""8\n""}, {""input"": ""0110111 9\n"", ""output"": ""6\n""}, {""input"": ""314159265 4\n"", ""output"": ""15\n""}, {""input"": ""15 2\n"", ""output"": ""4\n""}, {""input"": ""550505180 3\n"", ""output"": ""19\n""}, {""input"": ""49139062 3\n"", ""output"": ""17\n""}, {""input"": ""1011111 4\n"", ""output"": ""10\n""}, {""input"": ""1 2\n"", ""output"": ""1\n""}, {""input"": ""49139062 5\n"", ""output"": ""12\n""}, {""input"": ""89316102 4\n"", ""output"": ""14\n""}, {""input"": ""1110111 4\n"", ""output"": ""11\n""}, {""input"": ""1110111 2\n"", ""output"": ""21\n""}, {""input"": ""0000101 8\n"", ""output"": ""3\n""}, {""input"": ""937416134 2\n"", ""output"": ""30\n""}, {""input"": ""1568902019 2\n"", ""output"": ""31\n""}, {""input"": ""11 4\n"", ""output"": ""2\n""}, {""input"": ""29240007 2\n"", ""output"": ""25\n""}, {""input"": ""52006666 2\n"", ""output"": ""26\n""}, {""input"": ""526226813 2\n"", ""output"": ""29\n""}, {""input"": ""12779368 2\n"", ""output"": ""24\n""}, {""input"": ""85892049 2\n"", ""output"": ""27\n""}, {""input"": ""4000772700 2\n"", ""output"": ""-2147483647\n""}, {""input"": ""173584601 2\n"", ""output"": ""28\n""}, {""input"": ""5162253 2\n"", ""output"": ""23\n""}, {""input"": ""25 2\n"", ""output"": ""5\n""}, {""input"": ""386999582 3\n"", ""output"": ""18\n""}, {""input"": ""1010001 10\n"", ""output"": ""7\n""}, {""input"": ""325680770 3\n"", ""output"": ""18\n""}, {""input"": ""29240007 4\n"", ""output"": ""13\n""}, {""input"": ""1010011 5\n"", ""output"": ""9\n""}, {""input"": ""1010111 5\n"", ""output"": ""9\n""}, {""input"": ""1011111 5\n"", ""output"": ""9\n""}, {""input"": ""1111111 5\n"", ""output"": ""9\n""}, {""input"": ""1110111 5\n"", ""output"": ""9\n""}, {""input"": ""0110111 10\n"", ""output"": ""6\n""}, {""input"": ""0110011 10\n"", ""output"": ""6\n""}, {""input"": ""20 2\n"", ""output"": ""5\n""}, {""input"": ""241271450 3\n"", ""output"": ""18\n""}, {""input"": ""16 2\n"", ""output"": ""5\n""}, {""input"": ""0010001 10\n"", ""output"": ""5\n""}, {""input"": ""207577553 3\n"", ""output"": ""18\n""}, {""input"": ""1010000 2\n"", ""output"": ""20\n""}, {""input"": ""52006666 4\n"", ""output"": ""13\n""}, {""input"": ""0010001 5\n"", ""output"": ""6\n""}, {""input"": ""1010011 9\n"", ""output"": ""7\n""}, {""input"": ""1010111 10\n"", ""output"": ""7\n""}, {""input"": ""1110111 3\n"", ""output"": ""13\n""}, {""input"": ""1110111 6\n"", ""output"": ""8\n""}, {""input"": ""0110011 5\n"", ""output"": ""8\n""}, {""input"": ""0110010 10\n"", ""output"": ""6\n""}, {""input"": ""268730574 4\n"", ""output"": ""15\n""}, {""input"": ""1 3\n"", ""output"": ""1\n""}, {""input"": ""299826435 3\n"", ""output"": ""18\n""}, {""input"": ""658939863 3\n"", ""output"": ""19\n""}, {""input"": ""0010001 8\n"", ""output"": ""5\n""}, {""input"": ""0011001 5\n"", ""output"": ""6\n""}, {""input"": ""1010111 9\n"", ""output"": ""7\n""}, {""input"": ""1011101 4\n"", ""output"": ""10\n""}, {""input"": ""0111011 5\n"", ""output"": ""8\n""}, {""input"": ""268730574 5\n"", ""output"": ""13\n""}, {""input"": ""299826435 4\n"", ""output"": ""15\n""}, {""input"": ""658939863 6\n"", ""output"": ""12\n""}, {""input"": ""1010001 8\n"", ""output"": ""7\n""}, {""input"": ""49139062 6\n"", ""output"": ""10\n""}, {""input"": ""89316102 7\n"", ""output"": ""10\n""}, {""input"": ""0011011 5\n"", ""output"": ""6\n""}, {""input"": ""1011101 5\n"", ""output"": ""9\n""}, {""input"": ""1110111 7\n"", ""output"": ""8\n""}, {""input"": ""1010111 2\n"", ""output"": ""20\n""}, {""input"": ""0101011 5\n"", ""output"": ""8\n""}, {""input"": ""159666378 5\n"", ""output"": ""12\n""}, {""input"": ""588476021 4\n"", ""output"": ""15\n""}, {""input"": ""479704266 6\n"", ""output"": ""12\n""}, {""input"": ""1010101 8\n"", ""output"": ""7\n""}, {""input"": ""86816898 6\n"", ""output"": ""11\n""}, {""input"": ""74349643 7\n"", ""output"": ""10\n""}, {""input"": ""0011011 6\n"", ""output"": ""6\n""}, {""input"": ""1010101 5\n"", ""output"": ""9\n""}, {""input"": ""1110011 7\n"", ""output"": ""8\n""}, {""input"": ""1011111 2\n"", ""output"": ""20\n""}, {""input"": ""0101111 5\n"", ""output"": ""8\n""}, {""input"": ""279733938 5\n"", ""output"": ""13\n""}, {""input"": ""588476021 3\n"", ""output"": ""19\n""}, {""input"": ""479704266 3\n"", ""output"": ""19\n""}, {""input"": ""0010101 8\n"", ""output"": ""5\n""}, {""input"": ""1534752 6\n"", ""output"": ""8\n""}, {""input"": ""35134125 7\n"", ""output"": ""9\n""}, {""input"": ""0011011 9\n"", ""output"": ""5\n""}, {""input"": ""1010101 9\n"", ""output"": ""7\n""}, {""input"": ""1110011 10\n"", ""output"": ""7\n""}, {""input"": ""0001111 5\n"", ""output"": ""5\n""}, {""input"": ""503878812 5\n"", ""output"": ""13\n""}, {""input"": ""391121423 3\n"", ""output"": ""19\n""}, {""input"": ""11 2\n"", ""output"": ""4\n""}, {""input"": ""11 2\n"", ""output"": ""4\n""}, {""input"": ""1010101 10\n"", ""output"": ""7\n""}, {""input"": ""314159265 3\n"", ""output"": ""18\n""}]","Given the following C code and assembly code, your task is to generate highly optimized x86-64 assembly code.
C Code:

```c
#include <stdio.h>
#include <math.h>

int main(int argc, char** argv)
{
    int n,k;

    scanf(""%d"", &n);
    scanf(""%d"", &k);

    // log_k(n)
    // log(n)/log(k)
    printf(""%d\n"", (int)(log(n)/log(k))+1);

    return 0;
}
```

Assembly Code:

```assembly
	.file	""temp.c""
	.text
	.section	.rodata.str1.1,""aMS"",@progbits,1
.LC0:
	.string	""%d""
.LC1:
	.string	""%d\n""
	.section	.text.startup,""ax"",@progbits
	.p2align 4
	.globl	main
	.type	main, @function
main:
.LFB23:
	.cfi_startproc
	endbr64
	pushq	%rbp
	.cfi_def_cfa_offset 16
	.cfi_offset 6, -16
	leaq	.LC0(%rip), %rbp
	movq	%rbp, %rdi
	subq	$32, %rsp
	.cfi_def_cfa_offset 48
	movq	%fs:40, %rax
	movq	%rax, 24(%rsp)
	xorl	%eax, %eax
	leaq	16(%rsp), %rsi
	call	__isoc99_scanf@PLT
	leaq	20(%rsp), %rsi
	movq	%rbp, %rdi
	xorl	%eax, %eax
	call	__isoc99_scanf@PLT
	pxor	%xmm0, %xmm0
	cvtsi2sdl	16(%rsp), %xmm0
	call	log@PLT
	movsd	%xmm0, 8(%rsp)
	pxor	%xmm0, %xmm0
	cvtsi2sdl	20(%rsp), %xmm0
	call	log@PLT
	movsd	8(%rsp), %xmm1
	xorl	%eax, %eax
	leaq	.LC1(%rip), %rsi
	movl	$1, %edi
	divsd	%xmm0, %xmm1
	cvttsd2sil	%xmm1, %edx
	addl	$1, %edx
	call	__printf_chk@PLT
	movq	24(%rsp), %rax
	subq	%fs:40, %rax
	jne	.L5
	addq	$32, %rsp
	.cfi_remember_state
	.cfi_def_cfa_offset 16
	xorl	%eax, %eax
	popq	%rbp
	.cfi_def_cfa_offset 8
	ret
.L5:
	.cfi_restore_state
	call	__stack_chk_fail@PLT
	.cfi_endproc
.LFE23:
	.size	main, .-main
	.ident	""GCC: (Ubuntu 11.4.0-1ubuntu1~22.04) 11.4.0""
	.section	.note.GNU-stack,"""",@progbits
	.section	.note.gnu.property,""a""
	.align 8
	.long	1f - 0f
	.long	4f - 1f
	.long	5
0:
	.string	""GNU""
1:
	.align 8
	.long	0xc0000002
	.long	3f - 2f
2:
	.long	0x3
3:
	.align 8
4:
```

Only output the optimized assembly code. Do not include any other text. Do not write any comments in the assembly code. Wrap the assembly code in ```assembly``` tags.
Optimized Assembly Code:
","Given the following C code, your task is to generate highly optimized x86-64 assembly code.
C Code:

```c
#include <stdio.h>
#include <math.h>

int main(int argc, char** argv)
{
    int n,k;

    scanf(""%d"", &n);
    scanf(""%d"", &k);

    // log_k(n)
    // log(n)/log(k)
    printf(""%d\n"", (int)(log(n)/log(k))+1);

    return 0;
}
```

Only output the optimized assembly code. Do not include any other text. Do not write any comments in the assembly code. Wrap the assembly code in ```assembly``` tags.
Optimized Assembly Code:
"
33,"```c
#include<stdio.h>
#define M 10000
int main(){
  int n,i,j,t,r=0,P[M],s,c;
  char p[M*2]={1,1};
  for(i=2;i<M;i++){
    if(p[i])continue;
    P[r++]=i;
    for(j=i*i;j<M;j+=i)p[j]=1;
  }
  P[r]=M;
  while(scanf(""%d"",&n),n){
    for(t=r=c=s=0;P[t]<M;t++){
      while(s<n)s+=P[r++];
      if(s==n)c++;
      s-=P[t];
    }
    printf(""%d\n"",c);
  }
  return 0;
}
  ```","[{""input"": ""2\n3\n17\n41\n20\n666\n24\n53\n0\n"", ""output"": ""1\n1\n2\n3\n0\n0\n1\n2\n""}, {""input"": ""2\n3\n17\n41\n20\n666\n24\n56\n0\n"", ""output"": ""1\n1\n2\n3\n0\n0\n1\n1\n""}, {""input"": ""2\n3\n17\n41\n20\n666\n24\n20\n0\n"", ""output"": ""1\n1\n2\n3\n0\n0\n1\n0\n""}, {""input"": ""2\n3\n17\n41\n20\n666\n46\n53\n0\n"", ""output"": ""1\n1\n2\n3\n0\n0\n0\n2\n""}, {""input"": ""2\n3\n17\n70\n20\n666\n24\n56\n0\n"", ""output"": ""1\n1\n2\n0\n0\n0\n1\n1\n""}, {""input"": ""2\n3\n17\n34\n20\n666\n24\n20\n0\n"", ""output"": ""1\n1\n2\n0\n0\n0\n1\n0\n""}, {""input"": ""2\n6\n17\n34\n20\n666\n24\n20\n0\n"", ""output"": ""1\n0\n2\n0\n0\n0\n1\n0\n""}, {""input"": ""2\n3\n2\n41\n20\n666\n46\n53\n0\n"", ""output"": ""1\n1\n1\n3\n0\n0\n0\n2\n""}, {""input"": ""2\n6\n17\n34\n20\n666\n24\n17\n0\n"", ""output"": ""1\n0\n2\n0\n0\n0\n1\n2\n""}, {""input"": ""2\n3\n2\n41\n20\n1171\n46\n53\n0\n"", ""output"": ""1\n1\n1\n3\n0\n2\n0\n2\n""}, {""input"": ""2\n3\n17\n70\n4\n429\n1\n56\n0\n"", ""output"": ""1\n1\n2\n0\n0\n0\n0\n1\n""}, {""input"": ""2\n3\n2\n60\n20\n1171\n46\n53\n0\n"", ""output"": ""1\n1\n1\n2\n0\n2\n0\n2\n""}, {""input"": ""2\n3\n25\n70\n4\n429\n1\n56\n0\n"", ""output"": ""1\n1\n0\n0\n0\n0\n0\n1\n""}, {""input"": ""2\n3\n2\n60\n20\n1171\n3\n53\n0\n"", ""output"": ""1\n1\n1\n2\n0\n2\n1\n2\n""}, {""input"": ""2\n6\n17\n50\n20\n666\n24\n13\n0\n"", ""output"": ""1\n0\n2\n0\n0\n0\n1\n1\n""}, {""input"": ""2\n3\n2\n60\n20\n1171\n5\n53\n0\n"", ""output"": ""1\n1\n1\n2\n0\n2\n2\n2\n""}, {""input"": ""2\n3\n0\n60\n20\n1171\n5\n53\n0\n"", ""output"": ""1\n1\n""}, {""input"": ""2\n6\n0\n60\n11\n1493\n9\n18\n0\n"", ""output"": ""1\n0\n""}, {""input"": ""2\n8\n1\n60\n21\n2826\n16\n16\n0\n"", ""output"": ""1\n1\n0\n2\n0\n1\n0\n0\n""}, {""input"": ""2\n8\n1\n82\n21\n2826\n16\n16\n0\n"", ""output"": ""1\n1\n0\n0\n0\n1\n0\n0\n""}, {""input"": ""2\n4\n1\n82\n21\n3060\n16\n20\n0\n"", ""output"": ""1\n0\n0\n0\n0\n1\n0\n0\n""}, {""input"": ""2\n4\n1\n82\n21\n3060\n3\n20\n0\n"", ""output"": ""1\n0\n0\n0\n0\n1\n1\n0\n""}, {""input"": ""2\n4\n1\n152\n21\n3060\n3\n20\n0\n"", ""output"": ""1\n0\n0\n2\n0\n1\n1\n0\n""}, {""input"": ""2\n4\n1\n152\n21\n3060\n3\n39\n0\n"", ""output"": ""1\n0\n0\n2\n0\n1\n1\n1\n""}, {""input"": ""2\n3\n17\n41\n20\n519\n24\n53\n0\n"", ""output"": ""1\n1\n2\n3\n0\n1\n1\n2\n""}, {""input"": ""2\n3\n17\n41\n20\n666\n27\n20\n0\n"", ""output"": ""1\n1\n2\n3\n0\n0\n0\n0\n""}, {""input"": ""2\n3\n17\n21\n20\n666\n46\n53\n0\n"", ""output"": ""1\n1\n2\n0\n0\n0\n0\n2\n""}, {""input"": ""2\n3\n17\n73\n4\n666\n24\n56\n0\n"", ""output"": ""1\n1\n2\n1\n0\n0\n1\n1\n""}, {""input"": ""2\n6\n17\n34\n20\n1266\n24\n20\n0\n"", ""output"": ""1\n0\n2\n0\n0\n1\n1\n0\n""}, {""input"": ""2\n0\n2\n41\n20\n666\n46\n53\n0\n"", ""output"": ""1\n""}, {""input"": ""2\n2\n17\n34\n20\n666\n24\n17\n0\n"", ""output"": ""1\n1\n2\n0\n0\n0\n1\n2\n""}, {""input"": ""2\n3\n17\n70\n4\n429\n1\n85\n0\n"", ""output"": ""1\n1\n2\n0\n0\n0\n0\n0\n""}, {""input"": ""2\n3\n2\n60\n24\n1171\n46\n53\n0\n"", ""output"": ""1\n1\n1\n2\n1\n2\n0\n2\n""}, {""input"": ""2\n3\n25\n2\n4\n429\n1\n56\n0\n"", ""output"": ""1\n1\n0\n1\n0\n0\n0\n1\n""}, {""input"": ""2\n6\n26\n50\n20\n666\n24\n13\n0\n"", ""output"": ""1\n0\n1\n0\n0\n0\n1\n1\n""}, {""input"": ""2\n3\n-1\n60\n11\n1493\n9\n18\n0\n"", ""output"": ""1\n1\n0\n2\n1\n3\n0\n1\n""}, {""input"": ""2\n8\n2\n60\n21\n2826\n16\n16\n0\n"", ""output"": ""1\n1\n1\n2\n0\n1\n0\n0\n""}, {""input"": ""2\n4\n1\n152\n21\n3060\n6\n20\n0\n"", ""output"": ""1\n0\n0\n2\n0\n1\n0\n0\n""}, {""input"": ""2\n4\n1\n152\n21\n3165\n3\n39\n0\n"", ""output"": ""1\n0\n0\n2\n0\n0\n1\n1\n""}, {""input"": ""2\n3\n9\n41\n20\n519\n24\n53\n0\n"", ""output"": ""1\n1\n0\n3\n0\n1\n1\n2\n""}, {""input"": ""2\n3\n17\n0\n20\n666\n27\n20\n0\n"", ""output"": ""1\n1\n2\n""}, {""input"": ""2\n6\n17\n21\n20\n666\n46\n53\n0\n"", ""output"": ""1\n0\n2\n0\n0\n0\n0\n2\n""}, {""input"": ""2\n3\n17\n34\n20\n666\n0\n20\n0\n"", ""output"": ""1\n1\n2\n0\n0\n0\n""}, {""input"": ""2\n3\n17\n73\n4\n1312\n24\n56\n0\n"", ""output"": ""1\n1\n2\n1\n0\n2\n1\n1\n""}, {""input"": ""2\n2\n17\n34\n3\n666\n24\n17\n0\n"", ""output"": ""1\n1\n2\n0\n1\n0\n1\n2\n""}, {""input"": ""2\n4\n17\n70\n4\n429\n1\n85\n0\n"", ""output"": ""1\n0\n2\n0\n0\n0\n0\n0\n""}, {""input"": ""2\n6\n17\n50\n20\n666\n32\n29\n0\n"", ""output"": ""1\n0\n2\n0\n0\n0\n0\n1\n""}, {""input"": ""2\n3\n25\n2\n4\n429\n1\n94\n0\n"", ""output"": ""1\n1\n0\n1\n0\n0\n0\n0\n""}, {""input"": ""2\n3\n-1\n60\n24\n1171\n5\n53\n0\n"", ""output"": ""1\n1\n0\n2\n1\n2\n2\n2\n""}, {""input"": ""2\n3\n-1\n24\n20\n2044\n5\n53\n0\n"", ""output"": ""1\n1\n0\n1\n0\n0\n2\n2\n""}, {""input"": ""2\n5\n0\n60\n15\n1493\n9\n85\n-1\n"", ""output"": ""1\n2\n""}, {""input"": ""2\n3\n-1\n95\n11\n1493\n9\n18\n0\n"", ""output"": ""1\n1\n0\n1\n1\n3\n0\n1\n""}, {""input"": ""2\n6\n1\n90\n11\n1493\n9\n18\n0\n"", ""output"": ""1\n0\n0\n2\n1\n3\n0\n1\n""}, {""input"": ""2\n6\n1\n60\n21\n2826\n0\n16\n0\n"", ""output"": ""1\n0\n0\n2\n0\n1\n""}, {""input"": ""2\n8\n1\n60\n21\n2826\n15\n16\n0\n"", ""output"": ""1\n1\n0\n2\n0\n1\n1\n0\n""}, {""input"": ""2\n4\n1\n82\n21\n1078\n2\n20\n0\n"", ""output"": ""1\n0\n0\n0\n0\n0\n1\n0\n""}, {""input"": ""2\n4\n1\n152\n21\n4497\n6\n20\n0\n"", ""output"": ""1\n0\n0\n2\n0\n0\n0\n0\n""}, {""input"": ""2\n3\n1\n152\n21\n3165\n3\n39\n0\n"", ""output"": ""1\n1\n0\n2\n0\n0\n1\n1\n""}, {""input"": ""2\n3\n9\n15\n20\n519\n24\n53\n0\n"", ""output"": ""1\n1\n0\n1\n0\n1\n1\n2\n""}, {""input"": ""2\n1\n17\n34\n20\n666\n0\n20\n0\n"", ""output"": ""1\n0\n2\n0\n0\n0\n""}, {""input"": ""2\n3\n40\n41\n20\n666\n87\n53\n0\n"", ""output"": ""1\n1\n0\n3\n0\n0\n0\n2\n""}, {""input"": ""2\n3\n17\n73\n4\n1312\n24\n23\n0\n"", ""output"": ""1\n1\n2\n1\n0\n2\n1\n2\n""}, {""input"": ""2\n6\n7\n34\n20\n422\n24\n20\n0\n"", ""output"": ""1\n0\n1\n0\n0\n0\n1\n0\n""}, {""input"": ""2\n6\n17\n70\n4\n557\n24\n107\n0\n"", ""output"": ""1\n0\n2\n0\n0\n1\n1\n1\n""}, {""input"": ""2\n2\n17\n34\n3\n666\n24\n21\n0\n"", ""output"": ""1\n1\n2\n0\n1\n0\n1\n0\n""}, {""input"": ""2\n3\n2\n41\n13\n2118\n46\n90\n0\n"", ""output"": ""1\n1\n1\n3\n1\n0\n0\n2\n""}, {""input"": ""2\n4\n2\n60\n6\n1171\n46\n53\n0\n"", ""output"": ""1\n0\n1\n2\n0\n2\n0\n2\n""}, {""input"": ""2\n3\n25\n2\n4\n429\n0\n94\n0\n"", ""output"": ""1\n1\n0\n1\n0\n0\n""}, {""input"": ""2\n3\n-1\n60\n24\n1171\n5\n3\n0\n"", ""output"": ""1\n1\n0\n2\n1\n2\n2\n1\n""}, {""input"": ""2\n6\n-1\n24\n20\n2044\n5\n53\n0\n"", ""output"": ""1\n0\n0\n1\n0\n0\n2\n2\n""}, {""input"": ""2\n3\n-1\n95\n21\n1493\n9\n18\n0\n"", ""output"": ""1\n1\n0\n1\n0\n3\n0\n1\n""}, {""input"": ""2\n6\n1\n90\n11\n1493\n9\n33\n0\n"", ""output"": ""1\n0\n0\n2\n1\n3\n0\n0\n""}, {""input"": ""2\n6\n1\n60\n21\n1929\n0\n16\n0\n"", ""output"": ""1\n0\n0\n2\n0\n0\n""}, {""input"": ""2\n8\n1\n60\n21\n1901\n15\n16\n0\n"", ""output"": ""1\n1\n0\n2\n0\n3\n1\n0\n""}, {""input"": ""2\n8\n1\n82\n41\n2826\n14\n32\n0\n"", ""output"": ""1\n1\n0\n0\n3\n1\n0\n0\n""}, {""input"": ""2\n4\n1\n143\n21\n1078\n2\n20\n0\n"", ""output"": ""1\n0\n0\n2\n0\n0\n1\n0\n""}, {""input"": ""2\n4\n1\n152\n21\n4497\n6\n3\n0\n"", ""output"": ""1\n0\n0\n2\n0\n0\n0\n1\n""}, {""input"": ""2\n4\n1\n152\n28\n3060\n2\n70\n0\n"", ""output"": ""1\n0\n0\n2\n1\n1\n1\n0\n""}, {""input"": ""2\n3\n9\n15\n12\n519\n24\n53\n0\n"", ""output"": ""1\n1\n0\n1\n1\n1\n1\n2\n""}, {""input"": ""2\n3\n17\n73\n4\n2135\n24\n23\n0\n"", ""output"": ""1\n1\n2\n1\n0\n0\n1\n2\n""}, {""input"": ""2\n3\n2\n41\n13\n2238\n46\n90\n0\n"", ""output"": ""1\n1\n1\n3\n1\n1\n0\n2\n""}, {""input"": ""2\n4\n2\n60\n11\n1171\n46\n53\n0\n"", ""output"": ""1\n0\n1\n2\n1\n2\n0\n2\n""}, {""input"": ""2\n2\n-1\n60\n20\n1484\n5\n53\n0\n"", ""output"": ""1\n1\n0\n2\n0\n1\n2\n2\n""}, {""input"": ""2\n1\n-1\n95\n21\n1493\n9\n18\n0\n"", ""output"": ""1\n0\n0\n1\n0\n3\n0\n1\n""}, {""input"": ""2\n11\n1\n90\n11\n1493\n9\n33\n0\n"", ""output"": ""1\n1\n0\n2\n1\n3\n0\n0\n""}, {""input"": ""2\n8\n1\n62\n21\n1901\n15\n16\n0\n"", ""output"": ""1\n1\n0\n0\n0\n3\n1\n0\n""}, {""input"": ""2\n8\n2\n82\n41\n2826\n14\n32\n0\n"", ""output"": ""1\n1\n1\n0\n3\n1\n0\n0\n""}, {""input"": ""2\n4\n1\n202\n21\n1078\n2\n20\n0\n"", ""output"": ""1\n0\n0\n1\n0\n0\n1\n0\n""}, {""input"": ""2\n2\n17\n25\n12\n464\n24\n56\n0\n"", ""output"": ""1\n1\n2\n0\n1\n0\n1\n1\n""}, {""input"": ""2\n1\n10\n34\n20\n666\n0\n20\n1\n"", ""output"": ""1\n0\n1\n0\n0\n0\n""}, {""input"": ""2\n6\n7\n34\n20\n422\n24\n71\n0\n"", ""output"": ""1\n0\n1\n0\n0\n0\n1\n2\n""}, {""input"": ""2\n3\n14\n34\n3\n666\n24\n21\n0\n"", ""output"": ""1\n1\n0\n0\n1\n0\n1\n0\n""}, {""input"": ""2\n6\n17\n8\n20\n666\n32\n18\n0\n"", ""output"": ""1\n0\n2\n1\n0\n0\n0\n1\n""}, {""input"": ""2\n4\n2\n60\n11\n1724\n46\n53\n0\n"", ""output"": ""1\n0\n1\n2\n1\n1\n0\n2\n""}, {""input"": ""2\n3\n-2\n60\n24\n1171\n5\n4\n0\n"", ""output"": ""1\n1\n1\n2\n1\n2\n2\n0\n""}, {""input"": ""2\n11\n1\n70\n11\n1493\n9\n33\n0\n"", ""output"": ""1\n1\n0\n0\n1\n3\n0\n0\n""}, {""input"": ""2\n8\n-1\n60\n11\n2826\n16\n4\n0\n"", ""output"": ""1\n1\n0\n2\n1\n1\n0\n0\n""}, {""input"": ""2\n4\n1\n202\n21\n1078\n2\n3\n0\n"", ""output"": ""1\n0\n0\n1\n0\n0\n1\n1\n""}, {""input"": ""2\n4\n1\n153\n21\n8738\n6\n3\n0\n"", ""output"": ""1\n0\n0\n0\n0\n0\n0\n1\n""}, {""input"": ""2\n3\n13\n15\n15\n519\n24\n53\n0\n"", ""output"": ""1\n1\n1\n1\n1\n1\n1\n2\n""}, {""input"": ""2\n3\n17\n41\n20\n666\n12\n53\n0\n"", ""output"": ""1\n1\n2\n3\n0\n0\n1\n2\n""}, {""input"": ""2\n3\n17\n41\n20\n666\n12\n53\n0\n"", ""output"": ""1\n1\n2\n3\n0\n0\n1\n2\n""}]","Given the following C code and assembly code, your task is to generate highly optimized x86-64 assembly code.
C Code:

```c
#include<stdio.h>
#define M 10000
int main(){
  int n,i,j,t,r=0,P[M],s,c;
  char p[M*2]={1,1};
  for(i=2;i<M;i++){
    if(p[i])continue;
    P[r++]=i;
    for(j=i*i;j<M;j+=i)p[j]=1;
  }
  P[r]=M;
  while(scanf(""%d"",&n),n){
    for(t=r=c=s=0;P[t]<M;t++){
      while(s<n)s+=P[r++];
      if(s==n)c++;
      s-=P[t];
    }
    printf(""%d\n"",c);
  }
  return 0;
}
  ```

Assembly Code:

```assembly
	.file	""temp.c""
	.text
	.section	.rodata.str1.1,""aMS"",@progbits,1
.LC0:
	.string	""%d\n""
.LC1:
	.string	""%d""
	.section	.text.startup,""ax"",@progbits
	.p2align 4
	.globl	main
	.type	main, @function
main:
.LFB23:
	.cfi_startproc
	endbr64
	pushq	%r12
	.cfi_def_cfa_offset 16
	.cfi_offset 12, -16
	pushq	%rbp
	.cfi_def_cfa_offset 24
	.cfi_offset 6, -24
	pushq	%rbx
	.cfi_def_cfa_offset 32
	.cfi_offset 3, -32
	leaq	-57344(%rsp), %r11
	.cfi_def_cfa 11, 57376
.LPSRL0:
	subq	$4096, %rsp
	orq	$0, (%rsp)
	cmpq	%r11, %rsp
	jne	.LPSRL0
	.cfi_def_cfa_register 7
	subq	$2688, %rsp
	.cfi_def_cfa_offset 60064
	movl	$19984, %edx
	xorl	%esi, %esi
	movq	%fs:40, %rax
	movq	%rax, 60024(%rsp)
	xorl	%eax, %eax
	leaq	40032(%rsp), %rdi
	movq	$257, 40016(%rsp)
	movq	$0, 40024(%rsp)
	call	memset@PLT
	movl	$2, %edx
	xorl	%eax, %eax
	leaq	40016(%rsp), %rcx
	jmp	.L4
	.p2align 4,,10
	.p2align 3
.L2:
	addq	$1, %rdx
	cmpq	$10000, %rdx
	je	.L22
.L4:
	cmpb	$0, (%rcx,%rdx)
	jne	.L2
	movl	%edx, 16(%rsp,%rax,4)
	leal	1(%rax), %esi
	movl	%edx, %eax
	imull	%edx, %eax
	cmpl	$9999, %eax
	jg	.L14
	cltq
	.p2align 4,,10
	.p2align 3
.L3:
	movb	$1, (%rcx,%rax)
	addq	%rdx, %rax
	cmpl	$9999, %eax
	jle	.L3
.L14:
	addq	$1, %rdx
	movslq	%esi, %rax
	cmpq	$10000, %rdx
	jne	.L4
.L22:
	movl	$10000, 16(%rsp,%rax,4)
	leaq	12(%rsp), %rbp
	leaq	.LC1(%rip), %rbx
	leaq	.LC0(%rip), %r12
	.p2align 4,,10
	.p2align 3
.L5:
	movq	%rbp, %rsi
	movq	%rbx, %rdi
	xorl	%eax, %eax
	call	__isoc99_scanf@PLT
	movl	12(%rsp), %ecx
	testl	%ecx, %ecx
	je	.L11
	movl	16(%rsp), %r8d
	cmpl	$9999, %r8d
	jg	.L15
	leaq	20(%rsp), %r9
	xorl	%r10d, %r10d
	xorl	%edx, %edx
	xorl	%esi, %esi
	.p2align 4,,10
	.p2align 3
.L12:
	leal	1(%rsi), %eax
	leaq	16(%rsp), %rdi
	cltq
	cmpl	%edx, %ecx
	jle	.L10
	.p2align 4,,10
	.p2align 3
.L6:
	addl	-4(%rdi,%rax,4), %edx
	movl	%eax, %esi
	addq	$1, %rax
	cmpl	%edx, %ecx
	jg	.L6
.L10:
	xorl	%eax, %eax
	cmpl	%edx, %ecx
	sete	%al
	addq	$4, %r9
	subl	%r8d, %edx
	movl	-4(%r9), %r8d
	addl	%eax, %r10d
	cmpl	$9999, %r8d
	jle	.L12
.L8:
	movl	%r10d, %edx
	movq	%r12, %rsi
	movl	$1, %edi
	xorl	%eax, %eax
	call	__printf_chk@PLT
	jmp	.L5
.L11:
	movq	60024(%rsp), %rax
	subq	%fs:40, %rax
	jne	.L23
	addq	$60032, %rsp
	.cfi_remember_state
	.cfi_def_cfa_offset 32
	xorl	%eax, %eax
	popq	%rbx
	.cfi_def_cfa_offset 24
	popq	%rbp
	.cfi_def_cfa_offset 16
	popq	%r12
	.cfi_def_cfa_offset 8
	ret
.L15:
	.cfi_restore_state
	xorl	%r10d, %r10d
	jmp	.L8
.L23:
	call	__stack_chk_fail@PLT
	.cfi_endproc
.LFE23:
	.size	main, .-main
	.ident	""GCC: (Ubuntu 11.4.0-1ubuntu1~22.04) 11.4.0""
	.section	.note.GNU-stack,"""",@progbits
	.section	.note.gnu.property,""a""
	.align 8
	.long	1f - 0f
	.long	4f - 1f
	.long	5
0:
	.string	""GNU""
1:
	.align 8
	.long	0xc0000002
	.long	3f - 2f
2:
	.long	0x3
3:
	.align 8
4:
```

Only output the optimized assembly code. Do not include any other text. Do not write any comments in the assembly code. Wrap the assembly code in ```assembly``` tags.
Optimized Assembly Code:
","Given the following C code, your task is to generate highly optimized x86-64 assembly code.
C Code:

```c
#include<stdio.h>
#define M 10000
int main(){
  int n,i,j,t,r=0,P[M],s,c;
  char p[M*2]={1,1};
  for(i=2;i<M;i++){
    if(p[i])continue;
    P[r++]=i;
    for(j=i*i;j<M;j+=i)p[j]=1;
  }
  P[r]=M;
  while(scanf(""%d"",&n),n){
    for(t=r=c=s=0;P[t]<M;t++){
      while(s<n)s+=P[r++];
      if(s==n)c++;
      s-=P[t];
    }
    printf(""%d\n"",c);
  }
  return 0;
}
  ```

Only output the optimized assembly code. Do not include any other text. Do not write any comments in the assembly code. Wrap the assembly code in ```assembly``` tags.
Optimized Assembly Code:
"
34,"```c
#include <stdio.h>
#include <stdlib.h>
#include <math.h>

int compare_int(const void *a, const void *b)
{
    return *(int*)b - *(int*)a;
}

int main(void){
  int n, k; 
  long int sum=0;
  scanf(""%d"", &n);
  scanf(""%d"", &k);
  int s[n];
  for(int i=0; i<n; i++){
    scanf(""%d"", &s[i]);
  }
  if(n <= k){
    printf(""0"");
  }else{
    qsort(s, n, sizeof(int), compare_int);
    for(int m=k;m<n;m++){
      sum += s[m];
    }    
    printf(""%ld"", sum);
  }
  return 0;
}```","[{""input"": ""3 0\n1000000000 1000000000 1010000000\n"", ""output"": ""3010000000""}, {""input"": ""8 8\n7 9 3 2 3 8 4 6\n"", ""output"": ""0""}, {""input"": ""3 1\n0 1 5\n"", ""output"": ""1""}, {""input"": ""3 0\n1000000000 1000000000 1110000000\n"", ""output"": ""3110000000""}, {""input"": ""3 0\n1100000000 1000000000 1110000000\n"", ""output"": ""3210000000""}, {""input"": ""3 0\n1100000000 1000000001 1110000000\n"", ""output"": ""3210000001""}, {""input"": ""3 0\n1100000000 1000000001 1110001000\n"", ""output"": ""3210001001""}, {""input"": ""3 0\n1100000001 1000000001 1110001000\n"", ""output"": ""3210001002""}, {""input"": ""8 0\n4 9 5 2 3 6 5 6\n"", ""output"": ""40""}, {""input"": ""8 1\n4 9 5 2 3 6 5 6\n"", ""output"": ""31""}, {""input"": ""3 0\n1000000100 1000000000 1000000000\n"", ""output"": ""3000000100""}, {""input"": ""3 0\n1000000000 1000000000 1010010000\n"", ""output"": ""3010010000""}, {""input"": ""3 0\n0 1 5\n"", ""output"": ""6""}, {""input"": ""3 0\n1000000000 1000000000 0110000000\n"", ""output"": ""2110000000""}, {""input"": ""3 0\n0100000000 1000000001 1110000000\n"", ""output"": ""2210000001""}, {""input"": ""3 0\n1100000001 1000000001 0110001000\n"", ""output"": ""2210001002""}, {""input"": ""8 0\n4 16 5 2 3 6 5 6\n"", ""output"": ""47""}, {""input"": ""8 1\n4 9 9 2 3 6 5 6\n"", ""output"": ""35""}, {""input"": ""3 0\n1100000011 1000000000 1110000000\n"", ""output"": ""3210000011""}, {""input"": ""3 0\n1000000000 1100000000 0110000000\n"", ""output"": ""2210000000""}, {""input"": ""3 0\n0000000000 1000000001 1110000000\n"", ""output"": ""2110000001""}, {""input"": ""8 0\n4 16 5 1 3 6 5 6\n"", ""output"": ""46""}, {""input"": ""8 1\n4 9 9 2 3 4 5 6\n"", ""output"": ""33""}, {""input"": ""8 2\n7 6 3 2 3 8 7 6\n"", ""output"": ""27""}, {""input"": ""3 0\n1100000011 1010000000 1110000000\n"", ""output"": ""3220000011""}, {""input"": ""3 0\n0000000000 1100000000 0110000000\n"", ""output"": ""1210000000""}, {""input"": ""3 0\n0000000000 1000000001 0110000000\n"", ""output"": ""1110000001""}, {""input"": ""8 1\n4 9 9 2 6 4 5 6\n"", ""output"": ""36""}, {""input"": ""3 0\n1100000011 1010100000 1110000000\n"", ""output"": ""3220100011""}, {""input"": ""3 0\n0000000000 0100000000 0110000000\n"", ""output"": ""210000000""}, {""input"": ""8 0\n4 22 5 1 3 6 6 6\n"", ""output"": ""53""}, {""input"": ""8 2\n7 6 3 2 0 14 7 6\n"", ""output"": ""24""}, {""input"": ""3 0\n0000000001 0100000000 0110000000\n"", ""output"": ""210000001""}, {""input"": ""8 1\n4 9 9 0 6 4 16 6\n"", ""output"": ""38""}, {""input"": ""8 2\n7 6 3 1 0 23 7 6\n"", ""output"": ""23""}, {""input"": ""8 1\n4 9 8 0 3 4 16 6\n"", ""output"": ""34""}, {""input"": ""8 2\n7 6 3 1 0 23 10 5\n"", ""output"": ""22""}, {""input"": ""8 2\n7 6 2 1 0 23 10 5\n"", ""output"": ""21""}, {""input"": ""8 2\n4 9 8 0 3 4 11 6\n"", ""output"": ""25""}, {""input"": ""8 2\n7 6 2 1 0 23 0 5\n"", ""output"": ""14""}, {""input"": ""8 2\n7 2 2 1 0 23 0 5\n"", ""output"": ""10""}, {""input"": ""8 2\n7 2 2 1 0 23 0 6\n"", ""output"": ""11""}, {""input"": ""8 2\n7 2 2 2 0 23 0 6\n"", ""output"": ""12""}, {""input"": ""8 0\n6 9 8 0 3 4 8 6\n"", ""output"": ""44""}, {""input"": ""8 2\n7 2 2 2 0 1 0 6\n"", ""output"": ""7""}, {""input"": ""8 2\n0 2 2 2 0 1 0 1\n"", ""output"": ""4""}, {""input"": ""3 0\n1000000000 1000000000 1000001000\n"", ""output"": ""3000001000""}, {""input"": ""3 1\n4 1 6\n"", ""output"": ""5""}, {""input"": ""3 0\n1000000000 1000000100 1110000000\n"", ""output"": ""3110000100""}, {""input"": ""8 5\n7 9 5 2 3 8 4 6\n"", ""output"": ""9""}, {""input"": ""3 0\n1100000000 1000000000 1110000010\n"", ""output"": ""3210000010""}, {""input"": ""3 0\n1100000000 1000000001 1010000000\n"", ""output"": ""3110000001""}, {""input"": ""3 0\n1100000000 1000000001 1110011000\n"", ""output"": ""3210011001""}, {""input"": ""8 0\n4 12 5 2 3 6 5 6\n"", ""output"": ""43""}, {""input"": ""8 1\n4 9 5 2 0 6 5 6\n"", ""output"": ""28""}, {""input"": ""3 0\n1000000100 1000010000 1000000000\n"", ""output"": ""3000010100""}, {""input"": ""3 0\n1000000000 1000010000 1010010000\n"", ""output"": ""3010020000""}, {""input"": ""3 0\n0110000000 1000000001 1110000000\n"", ""output"": ""2220000001""}, {""input"": ""3 0\n1100000001 1000000001 0010001000\n"", ""output"": ""2110001002""}, {""input"": ""8 0\n2 16 5 2 3 6 5 6\n"", ""output"": ""45""}, {""input"": ""3 0\n1100010011 1000000000 1110000000\n"", ""output"": ""3210010011""}, {""input"": ""3 0\n1000000000 1100100000 0110000000\n"", ""output"": ""2210100000""}, {""input"": ""3 1\n0000000000 1100000000 0110000000\n"", ""output"": ""110000000""}, {""input"": ""8 0\n4 16 5 1 3 6 6 8\n"", ""output"": ""49""}, {""input"": ""8 1\n4 9 9 2 6 4 5 12\n"", ""output"": ""39""}, {""input"": ""3 0\n1000000011 1010100000 1110000000\n"", ""output"": ""3120100011""}, {""input"": ""3 0\n0000000100 0100000000 0110000000\n"", ""output"": ""210000100""}, {""input"": ""8 0\n4 22 5 1 3 6 7 6\n"", ""output"": ""54""}, {""input"": ""3 0\n0000000001 0100010000 0110000000\n"", ""output"": ""210010001""}, {""input"": ""8 2\n2 6 3 1 0 23 7 6\n"", ""output"": ""18""}, {""input"": ""8 2\n7 2 3 1 0 23 10 6\n"", ""output"": ""19""}, {""input"": ""8 2\n7 6 2 1 0 23 1 5\n"", ""output"": ""15""}, {""input"": ""8 2\n6 9 8 0 2 4 8 6\n"", ""output"": ""26""}, {""input"": ""8 0\n6 9 5 0 3 4 8 6\n"", ""output"": ""41""}, {""input"": ""3 0\n1000000000 1001000100 1110000000\n"", ""output"": ""3111000100""}, {""input"": ""3 1\n1100000000 1000000000 1110000010\n"", ""output"": ""2100000000""}, {""input"": ""3 0\n1100000000 1001000001 1010000000\n"", ""output"": ""3111000001""}, {""input"": ""3 0\n1100000000 1000000001 1110010000\n"", ""output"": ""3210010001""}, {""input"": ""3 1\n1000000100 1000010000 1000000000\n"", ""output"": ""2000000100""}, {""input"": ""3 0\n1100000000 1000000000 0110000100\n"", ""output"": ""2210000100""}, {""input"": ""3 0\n1000000010 1100100000 0110000000\n"", ""output"": ""2210100010""}, {""input"": ""3 0\n0000000000 1000000100 1110000000\n"", ""output"": ""2110000100""}, {""input"": ""8 1\n4 9 9 2 3 4 1 7\n"", ""output"": ""30""}, {""input"": ""3 1\n0000000010 1100000000 0110000000\n"", ""output"": ""110000010""}, {""input"": ""8 0\n4 16 5 0 3 6 6 8\n"", ""output"": ""48""}, {""input"": ""8 2\n7 7 3 2 3 14 7 9\n"", ""output"": ""29""}, {""input"": ""3 0\n1000000011 1010100001 1110000000\n"", ""output"": ""3120100012""}, {""input"": ""3 0\n0000000100 0100010000 0110000000\n"", ""output"": ""210010100""}, {""input"": ""8 0\n4 22 10 1 3 6 7 6\n"", ""output"": ""59""}, {""input"": ""8 2\n4 2 3 1 0 23 10 6\n"", ""output"": ""16""}, {""input"": ""8 2\n6 6 3 0 0 23 10 5\n"", ""output"": ""20""}, {""input"": ""8 1\n4 9 6 0 3 4 13 6\n"", ""output"": ""32""}, {""input"": ""8 2\n7 6 2 2 0 23 2 5\n"", ""output"": ""17""}, {""input"": ""8 2\n4 6 2 1 0 23 1 5\n"", ""output"": ""13""}, {""input"": ""8 0\n2 9 5 0 3 4 8 6\n"", ""output"": ""37""}, {""input"": ""3 0\n1000000000 1101000100 1110000000\n"", ""output"": ""3211000100""}, {""input"": ""3 1\n1000000000 1000000000 1110000010\n"", ""output"": ""2000000000""}, {""input"": ""3 0\n0100000000 1001000001 1010000000\n"", ""output"": ""2111000001""}, {""input"": ""3 1\n1000001100 1000010000 1000000000\n"", ""output"": ""2000001100""}, {""input"": ""3 0\n1110000000 1000000000 0110000100\n"", ""output"": ""2220000100""}, {""input"": ""3 0\n1000000000 1000000000 1000000000\n"", ""output"": ""3000000000""}, {""input"": ""3 1\n4 1 5\n"", ""output"": ""5""}, {""input"": ""3 1\n4 1 5\n"", ""output"": ""5""}, {""input"": ""8 9\n7 9 3 2 3 8 4 6\n"", ""output"": ""0""}]","Given the following C code and assembly code, your task is to generate highly optimized x86-64 assembly code.
C Code:

```c
#include <stdio.h>
#include <stdlib.h>
#include <math.h>

int compare_int(const void *a, const void *b)
{
    return *(int*)b - *(int*)a;
}

int main(void){
  int n, k; 
  long int sum=0;
  scanf(""%d"", &n);
  scanf(""%d"", &k);
  int s[n];
  for(int i=0; i<n; i++){
    scanf(""%d"", &s[i]);
  }
  if(n <= k){
    printf(""0"");
  }else{
    qsort(s, n, sizeof(int), compare_int);
    for(int m=k;m<n;m++){
      sum += s[m];
    }    
    printf(""%ld"", sum);
  }
  return 0;
}```

Assembly Code:

```assembly
	.file	""temp.c""
	.text
	.p2align 4
	.globl	compare_int
	.type	compare_int, @function
compare_int:
.LFB39:
	.cfi_startproc
	endbr64
	movl	(%rsi), %eax
	subl	(%rdi), %eax
	ret
	.cfi_endproc
.LFE39:
	.size	compare_int, .-compare_int
	.section	.rodata.str1.1,""aMS"",@progbits,1
.LC0:
	.string	""%d""
.LC1:
	.string	""%ld""
	.section	.text.startup,""ax"",@progbits
	.p2align 4
	.globl	main
	.type	main, @function
main:
.LFB40:
	.cfi_startproc
	endbr64
	pushq	%rbp
	.cfi_def_cfa_offset 16
	.cfi_offset 6, -16
	movq	%rsp, %rbp
	.cfi_def_cfa_register 6
	pushq	%r14
	.cfi_offset 14, -24
	leaq	.LC0(%rip), %r14
	pushq	%r13
	leaq	-48(%rbp), %rsi
	movq	%r14, %rdi
	pushq	%r12
	pushq	%rbx
	subq	$16, %rsp
	.cfi_offset 13, -32
	.cfi_offset 12, -40
	.cfi_offset 3, -48
	movq	%fs:40, %rax
	movq	%rax, -40(%rbp)
	xorl	%eax, %eax
	call	__isoc99_scanf@PLT
	leaq	-44(%rbp), %rsi
	movq	%r14, %rdi
	xorl	%eax, %eax
	call	__isoc99_scanf@PLT
	movslq	-48(%rbp), %rax
	movq	%rsp, %rcx
	movq	%rax, %rsi
	leaq	15(,%rax,4), %rax
	movq	%rax, %rdx
	andq	$-4096, %rax
	subq	%rax, %rcx
	andq	$-16, %rdx
	cmpq	%rcx, %rsp
	je	.L5
.L25:
	subq	$4096, %rsp
	orq	$0, 4088(%rsp)
	cmpq	%rcx, %rsp
	jne	.L25
.L5:
	andl	$4095, %edx
	subq	%rdx, %rsp
	testq	%rdx, %rdx
	jne	.L26
.L6:
	movq	%rsp, %r13
	testl	%esi, %esi
	jle	.L7
	movq	%r13, %r12
	xorl	%ebx, %ebx
	.p2align 4,,10
	.p2align 3
.L8:
	movq	%r12, %rsi
	movq	%r14, %rdi
	xorl	%eax, %eax
	addl	$1, %ebx
	call	__isoc99_scanf@PLT
	movslq	-48(%rbp), %rsi
	addq	$4, %r12
	cmpl	%ebx, %esi
	jg	.L8
.L7:
	cmpl	%esi, -44(%rbp)
	jl	.L9
	movl	$48, %edi
	call	putchar@PLT
.L10:
	movq	-40(%rbp), %rax
	subq	%fs:40, %rax
	jne	.L27
	leaq	-32(%rbp), %rsp
	xorl	%eax, %eax
	popq	%rbx
	popq	%r12
	popq	%r13
	popq	%r14
	popq	%rbp
	.cfi_remember_state
	.cfi_def_cfa 7, 8
	ret
.L9:
	.cfi_restore_state
	leaq	compare_int(%rip), %rcx
	movq	%r13, %rdi
	movl	$4, %edx
	call	qsort@PLT
	movl	-44(%rbp), %ecx
	movl	-48(%rbp), %edi
	cmpl	%edi, %ecx
	jge	.L17
	movl	%edi, %esi
	subl	%ecx, %esi
	leal	-1(%rsi), %eax
	cmpl	$2, %eax
	jbe	.L18
	movl	%esi, %edx
	pxor	%xmm0, %xmm0
	pxor	%xmm4, %xmm4
	movslq	%ecx, %rax
	shrl	$2, %edx
	leaq	0(%r13,%rax,4), %rax
	salq	$4, %rdx
	addq	%rax, %rdx
	.p2align 4,,10
	.p2align 3
.L13:
	movdqu	(%rax), %xmm1
	movdqa	%xmm4, %xmm2
	addq	$16, %rax
	pcmpgtd	%xmm1, %xmm2
	movdqa	%xmm1, %xmm3
	punpckldq	%xmm2, %xmm3
	punpckhdq	%xmm2, %xmm1
	paddq	%xmm3, %xmm0
	paddq	%xmm1, %xmm0
	cmpq	%rdx, %rax
	jne	.L13
	movdqa	%xmm0, %xmm1
	movl	%esi, %eax
	psrldq	$8, %xmm1
	andl	$-4, %eax
	paddq	%xmm1, %xmm0
	addl	%eax, %ecx
	movq	%xmm0, %rdx
	cmpl	%eax, %esi
	je	.L11
.L12:
	movslq	%ecx, %rax
	leaq	0(%r13,%rax,4), %rax
	movslq	(%rax), %rsi
	addq	%rsi, %rdx
	leal	1(%rcx), %esi
	cmpl	%edi, %esi
	jge	.L11
	movslq	4(%rax), %rsi
	addl	$2, %ecx
	addq	%rsi, %rdx
	cmpl	%ecx, %edi
	jle	.L11
	movslq	8(%rax), %rax
	addq	%rax, %rdx
.L11:
	leaq	.LC1(%rip), %rsi
	movl	$1, %edi
	xorl	%eax, %eax
	call	__printf_chk@PLT
	jmp	.L10
.L26:
	orq	$0, -8(%rsp,%rdx)
	jmp	.L6
.L17:
	xorl	%edx, %edx
	jmp	.L11
.L18:
	xorl	%edx, %edx
	jmp	.L12
.L27:
	call	__stack_chk_fail@PLT
	.cfi_endproc
.LFE40:
	.size	main, .-main
	.ident	""GCC: (Ubuntu 11.4.0-1ubuntu1~22.04) 11.4.0""
	.section	.note.GNU-stack,"""",@progbits
	.section	.note.gnu.property,""a""
	.align 8
	.long	1f - 0f
	.long	4f - 1f
	.long	5
0:
	.string	""GNU""
1:
	.align 8
	.long	0xc0000002
	.long	3f - 2f
2:
	.long	0x3
3:
	.align 8
4:
```

Only output the optimized assembly code. Do not include any other text. Do not write any comments in the assembly code. Wrap the assembly code in ```assembly``` tags.
Optimized Assembly Code:
","Given the following C code, your task is to generate highly optimized x86-64 assembly code.
C Code:

```c
#include <stdio.h>
#include <stdlib.h>
#include <math.h>

int compare_int(const void *a, const void *b)
{
    return *(int*)b - *(int*)a;
}

int main(void){
  int n, k; 
  long int sum=0;
  scanf(""%d"", &n);
  scanf(""%d"", &k);
  int s[n];
  for(int i=0; i<n; i++){
    scanf(""%d"", &s[i]);
  }
  if(n <= k){
    printf(""0"");
  }else{
    qsort(s, n, sizeof(int), compare_int);
    for(int m=k;m<n;m++){
      sum += s[m];
    }    
    printf(""%ld"", sum);
  }
  return 0;
}```

Only output the optimized assembly code. Do not include any other text. Do not write any comments in the assembly code. Wrap the assembly code in ```assembly``` tags.
Optimized Assembly Code:
"
35,"```c
unsigned long long popcnt64(unsigned long long n){
	const unsigned long long m1=0x5555555555555555ULL;
	const unsigned long long m2=0x3333333333333333ULL;
	const unsigned long long m4=0x0f0f0f0f0f0f0f0fULL;
	const unsigned long long m8=0x00ff00ff00ff00ffULL;
	const unsigned long long m16=0x0000ffff0000ffffULL;
	const unsigned long long m32=0x00000000ffffffffULL;
	n=((n>>1)&m1)+(n&m1);
	n=((n>>2)&m2)+(n&m2);
	n=((n>>4)&m4)+(n&m4);
	n=((n>>8)&m8)+(n&m8);
	n=((n>>16)&m16)+(n&m16);
	n=((n>>32)&m32)+(n&m32);
	return n;
}
unsigned long long clz64(unsigned long long n){
	n|=n>>1;
	n|=n>>2;
	n|=n>>4;
	n|=n>>8;
	n|=n>>16;
	n|=n>>32;
	return 64-popcnt64(n);
}

#include <stdio.h>
int main(){
	long long N;
	scanf(""%lld"",&N);
	printf(""%d\n"",64-clz64(N));
	return 0;
}```","[{""input"": ""1\n"", ""output"": ""1\n""}, {""input"": ""2\n"", ""output"": ""2\n""}, {""input"": ""4\n"", ""output"": ""3\n""}, {""input"": ""9\n"", ""output"": ""4\n""}, {""input"": ""19\n"", ""output"": ""5\n""}, {""input"": ""38\n"", ""output"": ""6\n""}, {""input"": ""83\n"", ""output"": ""7\n""}, {""input"": ""159\n"", ""output"": ""8\n""}, {""input"": ""296\n"", ""output"": ""9\n""}, {""input"": ""000\n"", ""output"": ""0\n""}, {""input"": ""545\n"", ""output"": ""10\n""}, {""input"": ""1241\n"", ""output"": ""11\n""}, {""input"": ""2473\n"", ""output"": ""12\n""}, {""input"": ""6042\n"", ""output"": ""13\n""}, {""input"": ""9030\n"", ""output"": ""14\n""}, {""input"": ""17679\n"", ""output"": ""15\n""}, {""input"": ""33209\n"", ""output"": ""16\n""}, {""input"": ""96405\n"", ""output"": ""17\n""}, {""input"": ""140502\n"", ""output"": ""18\n""}, {""input"": ""299812\n"", ""output"": ""19\n""}, {""input"": ""763679\n"", ""output"": ""20\n""}, {""input"": ""1237235\n"", ""output"": ""21\n""}, {""input"": ""3\n"", ""output"": ""2\n""}, {""input"": ""7\n"", ""output"": ""3\n""}, {""input"": ""5\n"", ""output"": ""3\n""}, {""input"": ""6\n"", ""output"": ""3\n""}, {""input"": ""8\n"", ""output"": ""4\n""}, {""input"": ""10\n"", ""output"": ""4\n""}, {""input"": ""13\n"", ""output"": ""4\n""}, {""input"": ""14\n"", ""output"": ""4\n""}, {""input"": ""12\n"", ""output"": ""4\n""}, {""input"": ""18\n"", ""output"": ""5\n""}, {""input"": ""20\n"", ""output"": ""5\n""}, {""input"": ""15\n"", ""output"": ""4\n""}, {""input"": ""11\n"", ""output"": ""4\n""}, {""input"": ""30\n"", ""output"": ""5\n""}, {""input"": ""28\n"", ""output"": ""5\n""}, {""input"": ""51\n"", ""output"": ""6\n""}, {""input"": ""16\n"", ""output"": ""5\n""}, {""input"": ""25\n"", ""output"": ""5\n""}, {""input"": ""17\n"", ""output"": ""5\n""}, {""input"": ""22\n"", ""output"": ""5\n""}, {""input"": ""49\n"", ""output"": ""6\n""}, {""input"": ""47\n"", ""output"": ""6\n""}, {""input"": ""29\n"", ""output"": ""5\n""}, {""input"": ""58\n"", ""output"": ""6\n""}, {""input"": ""52\n"", ""output"": ""6\n""}, {""input"": ""95\n"", ""output"": ""7\n""}, {""input"": ""48\n"", ""output"": ""6\n""}, {""input"": ""27\n"", ""output"": ""5\n""}, {""input"": ""31\n"", ""output"": ""5\n""}, {""input"": ""33\n"", ""output"": ""6\n""}, {""input"": ""24\n"", ""output"": ""5\n""}, {""input"": ""72\n"", ""output"": ""7\n""}, {""input"": ""74\n"", ""output"": ""7\n""}, {""input"": ""44\n"", ""output"": ""6\n""}, {""input"": ""34\n"", ""output"": ""6\n""}, {""input"": ""21\n"", ""output"": ""5\n""}, {""input"": ""26\n"", ""output"": ""5\n""}, {""input"": ""23\n"", ""output"": ""5\n""}, {""input"": ""32\n"", ""output"": ""6\n""}, {""input"": ""35\n"", ""output"": ""6\n""}, {""input"": ""45\n"", ""output"": ""6\n""}, {""input"": ""97\n"", ""output"": ""7\n""}, {""input"": ""42\n"", ""output"": ""6\n""}, {""input"": ""36\n"", ""output"": ""6\n""}, {""input"": ""56\n"", ""output"": ""6\n""}, {""input"": ""65\n"", ""output"": ""7\n""}, {""input"": ""62\n"", ""output"": ""6\n""}, {""input"": ""41\n"", ""output"": ""6\n""}, {""input"": ""115\n"", ""output"": ""7\n""}, {""input"": ""61\n"", ""output"": ""6\n""}, {""input"": ""60\n"", ""output"": ""6\n""}, {""input"": ""54\n"", ""output"": ""6\n""}, {""input"": ""59\n"", ""output"": ""6\n""}, {""input"": ""50\n"", ""output"": ""6\n""}, {""input"": ""96\n"", ""output"": ""7\n""}, {""input"": ""158\n"", ""output"": ""8\n""}, {""input"": ""55\n"", ""output"": ""6\n""}, {""input"": ""40\n"", ""output"": ""6\n""}, {""input"": ""43\n"", ""output"": ""6\n""}, {""input"": ""46\n"", ""output"": ""6\n""}, {""input"": ""92\n"", ""output"": ""7\n""}, {""input"": ""69\n"", ""output"": ""7\n""}, {""input"": ""68\n"", ""output"": ""7\n""}, {""input"": ""86\n"", ""output"": ""7\n""}, {""input"": ""79\n"", ""output"": ""7\n""}, {""input"": ""88\n"", ""output"": ""7\n""}, {""input"": ""114\n"", ""output"": ""7\n""}, {""input"": ""126\n"", ""output"": ""7\n""}, {""input"": ""91\n"", ""output"": ""7\n""}, {""input"": ""80\n"", ""output"": ""7\n""}, {""input"": ""136\n"", ""output"": ""8\n""}, {""input"": ""418\n"", ""output"": ""9\n""}, {""input"": ""39\n"", ""output"": ""6\n""}, {""input"": ""144\n"", ""output"": ""8\n""}, {""input"": ""134\n"", ""output"": ""8\n""}, {""input"": ""225\n"", ""output"": ""8\n""}, {""input"": ""135\n"", ""output"": ""8\n""}, {""input"": ""87\n"", ""output"": ""7\n""}, {""input"": ""0\n"", ""output"": ""0\n""}, {""input"": ""0\n"", ""output"": ""0\n""}]","Given the following C code and assembly code, your task is to generate highly optimized x86-64 assembly code.
C Code:

```c
unsigned long long popcnt64(unsigned long long n){
	const unsigned long long m1=0x5555555555555555ULL;
	const unsigned long long m2=0x3333333333333333ULL;
	const unsigned long long m4=0x0f0f0f0f0f0f0f0fULL;
	const unsigned long long m8=0x00ff00ff00ff00ffULL;
	const unsigned long long m16=0x0000ffff0000ffffULL;
	const unsigned long long m32=0x00000000ffffffffULL;
	n=((n>>1)&m1)+(n&m1);
	n=((n>>2)&m2)+(n&m2);
	n=((n>>4)&m4)+(n&m4);
	n=((n>>8)&m8)+(n&m8);
	n=((n>>16)&m16)+(n&m16);
	n=((n>>32)&m32)+(n&m32);
	return n;
}
unsigned long long clz64(unsigned long long n){
	n|=n>>1;
	n|=n>>2;
	n|=n>>4;
	n|=n>>8;
	n|=n>>16;
	n|=n>>32;
	return 64-popcnt64(n);
}

#include <stdio.h>
int main(){
	long long N;
	scanf(""%lld"",&N);
	printf(""%d\n"",64-clz64(N));
	return 0;
}```

Assembly Code:

```assembly
	.file	""temp.c""
	.text
	.p2align 4
	.globl	popcnt64
	.type	popcnt64, @function
popcnt64:
.LFB0:
	.cfi_startproc
	endbr64
	movabsq	$6148914691236517205, %rdx
	movq	%rdi, %rax
	movabsq	$1085102592571150095, %rcx
	shrq	%rax
	andq	%rdx, %rdi
	andq	%rdx, %rax
	movabsq	$3689348814741910323, %rdx
	addq	%rax, %rdi
	movq	%rdi, %rax
	andq	%rdx, %rdi
	shrq	$2, %rax
	andq	%rdx, %rax
	addq	%rdi, %rax
	movq	%rax, %rdx
	andq	%rcx, %rax
	shrq	$4, %rdx
	andq	%rcx, %rdx
	movabsq	$71777214294589695, %rcx
	addq	%rax, %rdx
	movq	%rdx, %rax
	andq	%rcx, %rdx
	shrq	$8, %rax
	andq	%rcx, %rax
	movabsq	$281470681808895, %rcx
	addq	%rdx, %rax
	movq	%rax, %rdx
	andq	%rcx, %rax
	shrq	$16, %rdx
	andq	%rcx, %rdx
	addq	%rax, %rdx
	movq	%rdx, %rax
	movl	%edx, %edx
	shrq	$32, %rax
	addq	%rdx, %rax
	ret
	.cfi_endproc
.LFE0:
	.size	popcnt64, .-popcnt64
	.p2align 4
	.globl	clz64
	.type	clz64, @function
clz64:
.LFB1:
	.cfi_startproc
	endbr64
	movabsq	$6148914691236517205, %rcx
	movq	%rdi, %rax
	shrq	%rax
	orq	%rdi, %rax
	movq	%rax, %rdx
	shrq	$2, %rdx
	orq	%rax, %rdx
	movq	%rdx, %rax
	shrq	$4, %rax
	orq	%rdx, %rax
	movq	%rax, %rdx
	shrq	$8, %rdx
	orq	%rax, %rdx
	movq	%rdx, %rax
	shrq	$16, %rax
	orq	%rdx, %rax
	movq	%rax, %rdx
	shrq	$32, %rdx
	orq	%rax, %rdx
	movq	%rdx, %rax
	andq	%rcx, %rdx
	shrq	%rax
	andq	%rcx, %rax
	movabsq	$3689348814741910323, %rcx
	addq	%rdx, %rax
	movq	%rax, %rdx
	andq	%rcx, %rax
	shrq	$2, %rdx
	andq	%rcx, %rdx
	movabsq	$1085102592571150095, %rcx
	addq	%rax, %rdx
	movq	%rdx, %rax
	andq	%rcx, %rdx
	shrq	$4, %rax
	andq	%rcx, %rax
	movabsq	$71777214294589695, %rcx
	addq	%rdx, %rax
	movq	%rax, %rdx
	andq	%rcx, %rax
	shrq	$8, %rdx
	andq	%rcx, %rdx
	movabsq	$281470681808895, %rcx
	addq	%rax, %rdx
	movq	%rdx, %rax
	andq	%rcx, %rdx
	shrq	$16, %rax
	andq	%rcx, %rax
	addq	%rdx, %rax
	movq	%rax, %rdx
	movl	%eax, %eax
	shrq	$32, %rdx
	addq	%rax, %rdx
	movl	$64, %eax
	subq	%rdx, %rax
	ret
	.cfi_endproc
.LFE1:
	.size	clz64, .-clz64
	.section	.rodata.str1.1,""aMS"",@progbits,1
.LC0:
	.string	""%lld""
.LC1:
	.string	""%d\n""
	.section	.text.startup,""ax"",@progbits
	.p2align 4
	.globl	main
	.type	main, @function
main:
.LFB25:
	.cfi_startproc
	endbr64
	subq	$24, %rsp
	.cfi_def_cfa_offset 32
	leaq	.LC0(%rip), %rdi
	movq	%fs:40, %rax
	movq	%rax, 8(%rsp)
	xorl	%eax, %eax
	movq	%rsp, %rsi
	call	__isoc99_scanf@PLT
	movq	(%rsp), %rdi
	leaq	.LC1(%rip), %rsi
	call	clz64
	movl	$64, %edx
	movl	$1, %edi
	subq	%rax, %rdx
	xorl	%eax, %eax
	call	__printf_chk@PLT
	movq	8(%rsp), %rax
	subq	%fs:40, %rax
	jne	.L7
	xorl	%eax, %eax
	addq	$24, %rsp
	.cfi_remember_state
	.cfi_def_cfa_offset 8
	ret
.L7:
	.cfi_restore_state
	call	__stack_chk_fail@PLT
	.cfi_endproc
.LFE25:
	.size	main, .-main
	.ident	""GCC: (Ubuntu 11.4.0-1ubuntu1~22.04) 11.4.0""
	.section	.note.GNU-stack,"""",@progbits
	.section	.note.gnu.property,""a""
	.align 8
	.long	1f - 0f
	.long	4f - 1f
	.long	5
0:
	.string	""GNU""
1:
	.align 8
	.long	0xc0000002
	.long	3f - 2f
2:
	.long	0x3
3:
	.align 8
4:
```

Only output the optimized assembly code. Do not include any other text. Do not write any comments in the assembly code. Wrap the assembly code in ```assembly``` tags.
Optimized Assembly Code:
","Given the following C code, your task is to generate highly optimized x86-64 assembly code.
C Code:

```c
unsigned long long popcnt64(unsigned long long n){
	const unsigned long long m1=0x5555555555555555ULL;
	const unsigned long long m2=0x3333333333333333ULL;
	const unsigned long long m4=0x0f0f0f0f0f0f0f0fULL;
	const unsigned long long m8=0x00ff00ff00ff00ffULL;
	const unsigned long long m16=0x0000ffff0000ffffULL;
	const unsigned long long m32=0x00000000ffffffffULL;
	n=((n>>1)&m1)+(n&m1);
	n=((n>>2)&m2)+(n&m2);
	n=((n>>4)&m4)+(n&m4);
	n=((n>>8)&m8)+(n&m8);
	n=((n>>16)&m16)+(n&m16);
	n=((n>>32)&m32)+(n&m32);
	return n;
}
unsigned long long clz64(unsigned long long n){
	n|=n>>1;
	n|=n>>2;
	n|=n>>4;
	n|=n>>8;
	n|=n>>16;
	n|=n>>32;
	return 64-popcnt64(n);
}

#include <stdio.h>
int main(){
	long long N;
	scanf(""%lld"",&N);
	printf(""%d\n"",64-clz64(N));
	return 0;
}```

Only output the optimized assembly code. Do not include any other text. Do not write any comments in the assembly code. Wrap the assembly code in ```assembly``` tags.
Optimized Assembly Code:
"
36,"```c
/*
  AOJ #3026
  title:ai1333
  @kankichi57301
 */
#include <stdio.h>

char ans[104]=""ai1333"";
int main()
{
  int i,n;
  scanf(""%d"",&n);
  n /= 100;

  
  for(i=0;i<n;i++)
    ans[6+i]='3';
  ans[6+n]='\0';
  printf(""%s\n"",ans);
 
  return(0);
}

```","[{""input"": ""-1\n"", ""output"": ""ai1333\n""}, {""input"": ""100\n"", ""output"": ""ai13333\n""}, {""input"": ""200\n"", ""output"": ""ai133333\n""}, {""input"": ""-2\n"", ""output"": ""ai1333\n""}, {""input"": ""-4\n"", ""output"": ""ai1333\n""}, {""input"": ""-7\n"", ""output"": ""ai1333\n""}, {""input"": ""-6\n"", ""output"": ""ai1333\n""}, {""input"": ""-3\n"", ""output"": ""ai1333\n""}, {""input"": ""-5\n"", ""output"": ""ai1333\n""}, {""input"": ""-8\n"", ""output"": ""ai1333\n""}, {""input"": ""-12\n"", ""output"": ""ai1333\n""}, {""input"": ""-22\n"", ""output"": ""ai1333\n""}, {""input"": ""-9\n"", ""output"": ""ai1333\n""}, {""input"": ""-21\n"", ""output"": ""ai1333\n""}, {""input"": ""-32\n"", ""output"": ""ai1333\n""}, {""input"": ""-10\n"", ""output"": ""ai1333\n""}, {""input"": ""-61\n"", ""output"": ""ai1333\n""}, {""input"": ""-11\n"", ""output"": ""ai1333\n""}, {""input"": ""-65\n"", ""output"": ""ai1333\n""}, {""input"": ""-20\n"", ""output"": ""ai1333\n""}, {""input"": ""-78\n"", ""output"": ""ai1333\n""}, {""input"": ""-31\n"", ""output"": ""ai1333\n""}, {""input"": ""-13\n"", ""output"": ""ai1333\n""}, {""input"": ""-24\n"", ""output"": ""ai1333\n""}, {""input"": ""-18\n"", ""output"": ""ai1333\n""}, {""input"": ""-15\n"", ""output"": ""ai1333\n""}, {""input"": ""-23\n"", ""output"": ""ai1333\n""}, {""input"": ""-25\n"", ""output"": ""ai1333\n""}, {""input"": ""-26\n"", ""output"": ""ai1333\n""}, {""input"": ""-19\n"", ""output"": ""ai1333\n""}, {""input"": ""-42\n"", ""output"": ""ai1333\n""}, {""input"": ""-43\n"", ""output"": ""ai1333\n""}, {""input"": ""-34\n"", ""output"": ""ai1333\n""}, {""input"": ""-62\n"", ""output"": ""ai1333\n""}, {""input"": ""-44\n"", ""output"": ""ai1333\n""}, {""input"": ""-74\n"", ""output"": ""ai1333\n""}, {""input"": ""-39\n"", ""output"": ""ai1333\n""}, {""input"": ""-38\n"", ""output"": ""ai1333\n""}, {""input"": ""-54\n"", ""output"": ""ai1333\n""}, {""input"": ""-16\n"", ""output"": ""ai1333\n""}, {""input"": ""-30\n"", ""output"": ""ai1333\n""}, {""input"": ""-14\n"", ""output"": ""ai1333\n""}, {""input"": ""-17\n"", ""output"": ""ai1333\n""}, {""input"": ""-47\n"", ""output"": ""ai1333\n""}, {""input"": ""-76\n"", ""output"": ""ai1333\n""}, {""input"": ""-58\n"", ""output"": ""ai1333\n""}, {""input"": ""-51\n"", ""output"": ""ai1333\n""}, {""input"": ""-33\n"", ""output"": ""ai1333\n""}, {""input"": ""-82\n"", ""output"": ""ai1333\n""}, {""input"": ""-66\n"", ""output"": ""ai1333\n""}, {""input"": ""-28\n"", ""output"": ""ai1333\n""}, {""input"": ""-57\n"", ""output"": ""ai1333\n""}, {""input"": ""-29\n"", ""output"": ""ai1333\n""}, {""input"": ""-59\n"", ""output"": ""ai1333\n""}, {""input"": ""-71\n"", ""output"": ""ai1333\n""}, {""input"": ""-63\n"", ""output"": ""ai1333\n""}, {""input"": ""-49\n"", ""output"": ""ai1333\n""}, {""input"": ""-85\n"", ""output"": ""ai1333\n""}, {""input"": ""-45\n"", ""output"": ""ai1333\n""}, {""input"": ""-72\n"", ""output"": ""ai1333\n""}, {""input"": ""-95\n"", ""output"": ""ai1333\n""}, {""input"": ""-60\n"", ""output"": ""ai1333\n""}, {""input"": ""-50\n"", ""output"": ""ai1333\n""}, {""input"": ""-53\n"", ""output"": ""ai1333\n""}, {""input"": ""-40\n"", ""output"": ""ai1333\n""}, {""input"": ""-80\n"", ""output"": ""ai1333\n""}, {""input"": ""-88\n"", ""output"": ""ai1333\n""}, {""input"": ""-56\n"", ""output"": ""ai1333\n""}, {""input"": ""-75\n"", ""output"": ""ai1333\n""}, {""input"": ""-41\n"", ""output"": ""ai1333\n""}, {""input"": ""-37\n"", ""output"": ""ai1333\n""}, {""input"": ""-86\n"", ""output"": ""ai1333\n""}, {""input"": ""-48\n"", ""output"": ""ai1333\n""}, {""input"": ""-27\n"", ""output"": ""ai1333\n""}, {""input"": ""-36\n"", ""output"": ""ai1333\n""}, {""input"": ""-83\n"", ""output"": ""ai1333\n""}, {""input"": ""-97\n"", ""output"": ""ai1333\n""}, {""input"": ""-91\n"", ""output"": ""ai1333\n""}, {""input"": ""-46\n"", ""output"": ""ai1333\n""}, {""input"": ""-52\n"", ""output"": ""ai1333\n""}, {""input"": ""-35\n"", ""output"": ""ai1333\n""}, {""input"": ""-94\n"", ""output"": ""ai1333\n""}, {""input"": ""-70\n"", ""output"": ""ai1333\n""}, {""input"": ""-64\n"", ""output"": ""ai1333\n""}, {""input"": ""-73\n"", ""output"": ""ai1333\n""}, {""input"": ""-69\n"", ""output"": ""ai1333\n""}, {""input"": ""-92\n"", ""output"": ""ai1333\n""}, {""input"": ""-68\n"", ""output"": ""ai1333\n""}, {""input"": ""-87\n"", ""output"": ""ai1333\n""}, {""input"": ""-77\n"", ""output"": ""ai1333\n""}, {""input"": ""-55\n"", ""output"": ""ai1333\n""}, {""input"": ""-98\n"", ""output"": ""ai1333\n""}, {""input"": ""-89\n"", ""output"": ""ai1333\n""}, {""input"": ""-67\n"", ""output"": ""ai1333\n""}, {""input"": ""-84\n"", ""output"": ""ai1333\n""}, {""input"": ""-81\n"", ""output"": ""ai1333\n""}, {""input"": ""-90\n"", ""output"": ""ai1333\n""}, {""input"": ""-79\n"", ""output"": ""ai1333\n""}, {""input"": ""-99\n"", ""output"": ""ai1333\n""}, {""input"": ""-93\n"", ""output"": ""ai1333\n""}, {""input"": ""0\n"", ""output"": ""ai1333\n""}, {""input"": ""0\n"", ""output"": ""ai1333\n""}, {""input"": ""300\n"", ""output"": ""ai1333333\n""}]","Given the following C code and assembly code, your task is to generate highly optimized x86-64 assembly code.
C Code:

```c
/*
  AOJ #3026
  title:ai1333
  @kankichi57301
 */
#include <stdio.h>

char ans[104]=""ai1333"";
int main()
{
  int i,n;
  scanf(""%d"",&n);
  n /= 100;

  
  for(i=0;i<n;i++)
    ans[6+i]='3';
  ans[6+n]='\0';
  printf(""%s\n"",ans);
 
  return(0);
}

```

Assembly Code:

```assembly
	.file	""temp.c""
	.text
	.section	.rodata.str1.1,""aMS"",@progbits,1
.LC0:
	.string	""%d""
	.section	.text.startup,""ax"",@progbits
	.p2align 4
	.globl	main
	.type	main, @function
main:
.LFB23:
	.cfi_startproc
	endbr64
	pushq	%rbx
	.cfi_def_cfa_offset 16
	.cfi_offset 3, -16
	leaq	.LC0(%rip), %rdi
	subq	$16, %rsp
	.cfi_def_cfa_offset 32
	movq	%fs:40, %rax
	movq	%rax, 8(%rsp)
	xorl	%eax, %eax
	leaq	4(%rsp), %rsi
	call	__isoc99_scanf@PLT
	movslq	4(%rsp), %rbx
	movq	%rbx, %rax
	imulq	$1374389535, %rbx, %rbx
	cltd
	sarq	$37, %rbx
	subl	%edx, %ebx
	movl	%ebx, 4(%rsp)
	cmpl	$99, %eax
	jle	.L2
	leal	-1(%rbx), %edx
	movl	$51, %esi
	leaq	6+ans(%rip), %rdi
	addq	$1, %rdx
	call	memset@PLT
.L2:
	addl	$6, %ebx
	leaq	ans(%rip), %rdi
	movslq	%ebx, %rbx
	movb	$0, (%rdi,%rbx)
	call	puts@PLT
	movq	8(%rsp), %rax
	subq	%fs:40, %rax
	jne	.L6
	addq	$16, %rsp
	.cfi_remember_state
	.cfi_def_cfa_offset 16
	xorl	%eax, %eax
	popq	%rbx
	.cfi_def_cfa_offset 8
	ret
.L6:
	.cfi_restore_state
	call	__stack_chk_fail@PLT
	.cfi_endproc
.LFE23:
	.size	main, .-main
	.globl	ans
	.data
	.align 32
	.type	ans, @object
	.size	ans, 104
ans:
	.string	""ai1333""
	.zero	97
	.ident	""GCC: (Ubuntu 11.4.0-1ubuntu1~22.04) 11.4.0""
	.section	.note.GNU-stack,"""",@progbits
	.section	.note.gnu.property,""a""
	.align 8
	.long	1f - 0f
	.long	4f - 1f
	.long	5
0:
	.string	""GNU""
1:
	.align 8
	.long	0xc0000002
	.long	3f - 2f
2:
	.long	0x3
3:
	.align 8
4:
```

Only output the optimized assembly code. Do not include any other text. Do not write any comments in the assembly code. Wrap the assembly code in ```assembly``` tags.
Optimized Assembly Code:
","Given the following C code, your task is to generate highly optimized x86-64 assembly code.
C Code:

```c
/*
  AOJ #3026
  title:ai1333
  @kankichi57301
 */
#include <stdio.h>

char ans[104]=""ai1333"";
int main()
{
  int i,n;
  scanf(""%d"",&n);
  n /= 100;

  
  for(i=0;i<n;i++)
    ans[6+i]='3';
  ans[6+n]='\0';
  printf(""%s\n"",ans);
 
  return(0);
}

```

Only output the optimized assembly code. Do not include any other text. Do not write any comments in the assembly code. Wrap the assembly code in ```assembly``` tags.
Optimized Assembly Code:
"
37,"```c
#include <stdio.h>
int main(){
  int n, tmp=0, cnt[10000+1]={0};
  scanf(""%d"", &n);
  for(int x=1; x<=100; x++){
    for(int y=1; y<=100; y++){
      for(int z=1; z<=100; z++){
        tmp = x*x + y*y + z*z + x*y + y*z + z*x;
        if( tmp <= 10000 ){ cnt[tmp]++; }
      }
    }
  }
  for(int i=1; i<=n; i++){ printf(""%d\n"",cnt[i]); }
  return 0;
}
```","[{""input"": ""27\n"", ""output"": ""0\n0\n0\n0\n0\n1\n0\n0\n0\n0\n3\n0\n0\n0\n0\n0\n3\n3\n0\n0\n0\n0\n0\n1\n6\n0\n3\n""}, {""input"": ""13\n"", ""output"": ""0\n0\n0\n0\n0\n1\n0\n0\n0\n0\n3\n0\n0\n""}, {""input"": ""3\n"", ""output"": ""0\n0\n0\n""}, {""input"": ""2\n"", ""output"": ""0\n0\n""}, {""input"": ""4\n"", ""output"": ""0\n0\n0\n0\n""}, {""input"": ""8\n"", ""output"": ""0\n0\n0\n0\n0\n1\n0\n0\n""}, {""input"": ""14\n"", ""output"": ""0\n0\n0\n0\n0\n1\n0\n0\n0\n0\n3\n0\n0\n0\n""}, {""input"": ""1\n"", ""output"": ""0\n""}, {""input"": ""31\n"", ""output"": ""0\n0\n0\n0\n0\n1\n0\n0\n0\n0\n3\n0\n0\n0\n0\n0\n3\n3\n0\n0\n0\n0\n0\n1\n6\n0\n3\n0\n0\n0\n0\n""}, {""input"": ""53\n"", ""output"": ""0\n0\n0\n0\n0\n1\n0\n0\n0\n0\n3\n0\n0\n0\n0\n0\n3\n3\n0\n0\n0\n0\n0\n1\n6\n0\n3\n0\n0\n0\n0\n0\n3\n3\n6\n0\n0\n3\n0\n0\n0\n0\n3\n3\n6\n0\n6\n0\n0\n0\n3\n0\n0\n""}, {""input"": ""10\n"", ""output"": ""0\n0\n0\n0\n0\n1\n0\n0\n0\n0\n""}, {""input"": ""5\n"", ""output"": ""0\n0\n0\n0\n0\n""}, {""input"": ""6\n"", ""output"": ""0\n0\n0\n0\n0\n1\n""}, {""input"": ""11\n"", ""output"": ""0\n0\n0\n0\n0\n1\n0\n0\n0\n0\n3\n""}, {""input"": ""15\n"", ""output"": ""0\n0\n0\n0\n0\n1\n0\n0\n0\n0\n3\n0\n0\n0\n0\n""}, {""input"": ""9\n"", ""output"": ""0\n0\n0\n0\n0\n1\n0\n0\n0\n""}, {""input"": ""16\n"", ""output"": ""0\n0\n0\n0\n0\n1\n0\n0\n0\n0\n3\n0\n0\n0\n0\n0\n""}, {""input"": ""12\n"", ""output"": ""0\n0\n0\n0\n0\n1\n0\n0\n0\n0\n3\n0\n""}, {""input"": ""22\n"", ""output"": ""0\n0\n0\n0\n0\n1\n0\n0\n0\n0\n3\n0\n0\n0\n0\n0\n3\n3\n0\n0\n0\n0\n""}, {""input"": ""7\n"", ""output"": ""0\n0\n0\n0\n0\n1\n0\n""}, {""input"": ""29\n"", ""output"": ""0\n0\n0\n0\n0\n1\n0\n0\n0\n0\n3\n0\n0\n0\n0\n0\n3\n3\n0\n0\n0\n0\n0\n1\n6\n0\n3\n0\n0\n""}, {""input"": ""23\n"", ""output"": ""0\n0\n0\n0\n0\n1\n0\n0\n0\n0\n3\n0\n0\n0\n0\n0\n3\n3\n0\n0\n0\n0\n0\n""}, {""input"": ""21\n"", ""output"": ""0\n0\n0\n0\n0\n1\n0\n0\n0\n0\n3\n0\n0\n0\n0\n0\n3\n3\n0\n0\n0\n""}, {""input"": ""18\n"", ""output"": ""0\n0\n0\n0\n0\n1\n0\n0\n0\n0\n3\n0\n0\n0\n0\n0\n3\n3\n""}, {""input"": ""17\n"", ""output"": ""0\n0\n0\n0\n0\n1\n0\n0\n0\n0\n3\n0\n0\n0\n0\n0\n3\n""}, {""input"": ""32\n"", ""output"": ""0\n0\n0\n0\n0\n1\n0\n0\n0\n0\n3\n0\n0\n0\n0\n0\n3\n3\n0\n0\n0\n0\n0\n1\n6\n0\n3\n0\n0\n0\n0\n0\n""}, {""input"": ""33\n"", ""output"": ""0\n0\n0\n0\n0\n1\n0\n0\n0\n0\n3\n0\n0\n0\n0\n0\n3\n3\n0\n0\n0\n0\n0\n1\n6\n0\n3\n0\n0\n0\n0\n0\n3\n""}, {""input"": ""45\n"", ""output"": ""0\n0\n0\n0\n0\n1\n0\n0\n0\n0\n3\n0\n0\n0\n0\n0\n3\n3\n0\n0\n0\n0\n0\n1\n6\n0\n3\n0\n0\n0\n0\n0\n3\n3\n6\n0\n0\n3\n0\n0\n0\n0\n3\n3\n6\n""}, {""input"": ""25\n"", ""output"": ""0\n0\n0\n0\n0\n1\n0\n0\n0\n0\n3\n0\n0\n0\n0\n0\n3\n3\n0\n0\n0\n0\n0\n1\n6\n""}, {""input"": ""28\n"", ""output"": ""0\n0\n0\n0\n0\n1\n0\n0\n0\n0\n3\n0\n0\n0\n0\n0\n3\n3\n0\n0\n0\n0\n0\n1\n6\n0\n3\n0\n""}, {""input"": ""24\n"", ""output"": ""0\n0\n0\n0\n0\n1\n0\n0\n0\n0\n3\n0\n0\n0\n0\n0\n3\n3\n0\n0\n0\n0\n0\n1\n""}, {""input"": ""19\n"", ""output"": ""0\n0\n0\n0\n0\n1\n0\n0\n0\n0\n3\n0\n0\n0\n0\n0\n3\n3\n0\n""}, {""input"": ""43\n"", ""output"": ""0\n0\n0\n0\n0\n1\n0\n0\n0\n0\n3\n0\n0\n0\n0\n0\n3\n3\n0\n0\n0\n0\n0\n1\n6\n0\n3\n0\n0\n0\n0\n0\n3\n3\n6\n0\n0\n3\n0\n0\n0\n0\n3\n""}, {""input"": ""41\n"", ""output"": ""0\n0\n0\n0\n0\n1\n0\n0\n0\n0\n3\n0\n0\n0\n0\n0\n3\n3\n0\n0\n0\n0\n0\n1\n6\n0\n3\n0\n0\n0\n0\n0\n3\n3\n6\n0\n0\n3\n0\n0\n0\n""}, {""input"": ""42\n"", ""output"": ""0\n0\n0\n0\n0\n1\n0\n0\n0\n0\n3\n0\n0\n0\n0\n0\n3\n3\n0\n0\n0\n0\n0\n1\n6\n0\n3\n0\n0\n0\n0\n0\n3\n3\n6\n0\n0\n3\n0\n0\n0\n0\n""}, {""input"": ""26\n"", ""output"": ""0\n0\n0\n0\n0\n1\n0\n0\n0\n0\n3\n0\n0\n0\n0\n0\n3\n3\n0\n0\n0\n0\n0\n1\n6\n0\n""}, {""input"": ""52\n"", ""output"": ""0\n0\n0\n0\n0\n1\n0\n0\n0\n0\n3\n0\n0\n0\n0\n0\n3\n3\n0\n0\n0\n0\n0\n1\n6\n0\n3\n0\n0\n0\n0\n0\n3\n3\n6\n0\n0\n3\n0\n0\n0\n0\n3\n3\n6\n0\n6\n0\n0\n0\n3\n0\n""}, {""input"": ""40\n"", ""output"": ""0\n0\n0\n0\n0\n1\n0\n0\n0\n0\n3\n0\n0\n0\n0\n0\n3\n3\n0\n0\n0\n0\n0\n1\n6\n0\n3\n0\n0\n0\n0\n0\n3\n3\n6\n0\n0\n3\n0\n0\n""}, {""input"": ""44\n"", ""output"": ""0\n0\n0\n0\n0\n1\n0\n0\n0\n0\n3\n0\n0\n0\n0\n0\n3\n3\n0\n0\n0\n0\n0\n1\n6\n0\n3\n0\n0\n0\n0\n0\n3\n3\n6\n0\n0\n3\n0\n0\n0\n0\n3\n3\n""}, {""input"": ""36\n"", ""output"": ""0\n0\n0\n0\n0\n1\n0\n0\n0\n0\n3\n0\n0\n0\n0\n0\n3\n3\n0\n0\n0\n0\n0\n1\n6\n0\n3\n0\n0\n0\n0\n0\n3\n3\n6\n0\n""}, {""input"": ""60\n"", ""output"": ""0\n0\n0\n0\n0\n1\n0\n0\n0\n0\n3\n0\n0\n0\n0\n0\n3\n3\n0\n0\n0\n0\n0\n1\n6\n0\n3\n0\n0\n0\n0\n0\n3\n3\n6\n0\n0\n3\n0\n0\n0\n0\n3\n3\n6\n0\n6\n0\n0\n0\n3\n0\n0\n1\n6\n0\n6\n6\n0\n0\n""}, {""input"": ""30\n"", ""output"": ""0\n0\n0\n0\n0\n1\n0\n0\n0\n0\n3\n0\n0\n0\n0\n0\n3\n3\n0\n0\n0\n0\n0\n1\n6\n0\n3\n0\n0\n0\n""}, {""input"": ""104\n"", ""output"": ""0\n0\n0\n0\n0\n1\n0\n0\n0\n0\n3\n0\n0\n0\n0\n0\n3\n3\n0\n0\n0\n0\n0\n1\n6\n0\n3\n0\n0\n0\n0\n0\n3\n3\n6\n0\n0\n3\n0\n0\n0\n0\n3\n3\n6\n0\n6\n0\n0\n0\n3\n0\n0\n1\n6\n0\n6\n6\n0\n0\n6\n0\n0\n0\n0\n3\n3\n3\n6\n0\n6\n3\n6\n0\n0\n0\n6\n0\n0\n0\n3\n3\n9\n0\n6\n3\n6\n0\n3\n6\n0\n0\n0\n0\n6\n1\n6\n0\n6\n6\n0\n3\n12\n0\n""}, {""input"": ""62\n"", ""output"": ""0\n0\n0\n0\n0\n1\n0\n0\n0\n0\n3\n0\n0\n0\n0\n0\n3\n3\n0\n0\n0\n0\n0\n1\n6\n0\n3\n0\n0\n0\n0\n0\n3\n3\n6\n0\n0\n3\n0\n0\n0\n0\n3\n3\n6\n0\n6\n0\n0\n0\n3\n0\n0\n1\n6\n0\n6\n6\n0\n0\n6\n0\n""}, {""input"": ""35\n"", ""output"": ""0\n0\n0\n0\n0\n1\n0\n0\n0\n0\n3\n0\n0\n0\n0\n0\n3\n3\n0\n0\n0\n0\n0\n1\n6\n0\n3\n0\n0\n0\n0\n0\n3\n3\n6\n""}, {""input"": ""84\n"", ""output"": ""0\n0\n0\n0\n0\n1\n0\n0\n0\n0\n3\n0\n0\n0\n0\n0\n3\n3\n0\n0\n0\n0\n0\n1\n6\n0\n3\n0\n0\n0\n0\n0\n3\n3\n6\n0\n0\n3\n0\n0\n0\n0\n3\n3\n6\n0\n6\n0\n0\n0\n3\n0\n0\n1\n6\n0\n6\n6\n0\n0\n6\n0\n0\n0\n0\n3\n3\n3\n6\n0\n6\n3\n6\n0\n0\n0\n6\n0\n0\n0\n3\n3\n9\n0\n""}, {""input"": ""37\n"", ""output"": ""0\n0\n0\n0\n0\n1\n0\n0\n0\n0\n3\n0\n0\n0\n0\n0\n3\n3\n0\n0\n0\n0\n0\n1\n6\n0\n3\n0\n0\n0\n0\n0\n3\n3\n6\n0\n0\n""}, {""input"": ""80\n"", ""output"": ""0\n0\n0\n0\n0\n1\n0\n0\n0\n0\n3\n0\n0\n0\n0\n0\n3\n3\n0\n0\n0\n0\n0\n1\n6\n0\n3\n0\n0\n0\n0\n0\n3\n3\n6\n0\n0\n3\n0\n0\n0\n0\n3\n3\n6\n0\n6\n0\n0\n0\n3\n0\n0\n1\n6\n0\n6\n6\n0\n0\n6\n0\n0\n0\n0\n3\n3\n3\n6\n0\n6\n3\n6\n0\n0\n0\n6\n0\n0\n0\n""}, {""input"": ""79\n"", ""output"": ""0\n0\n0\n0\n0\n1\n0\n0\n0\n0\n3\n0\n0\n0\n0\n0\n3\n3\n0\n0\n0\n0\n0\n1\n6\n0\n3\n0\n0\n0\n0\n0\n3\n3\n6\n0\n0\n3\n0\n0\n0\n0\n3\n3\n6\n0\n6\n0\n0\n0\n3\n0\n0\n1\n6\n0\n6\n6\n0\n0\n6\n0\n0\n0\n0\n3\n3\n3\n6\n0\n6\n3\n6\n0\n0\n0\n6\n0\n0\n""}, {""input"": ""38\n"", ""output"": ""0\n0\n0\n0\n0\n1\n0\n0\n0\n0\n3\n0\n0\n0\n0\n0\n3\n3\n0\n0\n0\n0\n0\n1\n6\n0\n3\n0\n0\n0\n0\n0\n3\n3\n6\n0\n0\n3\n""}, {""input"": ""34\n"", ""output"": ""0\n0\n0\n0\n0\n1\n0\n0\n0\n0\n3\n0\n0\n0\n0\n0\n3\n3\n0\n0\n0\n0\n0\n1\n6\n0\n3\n0\n0\n0\n0\n0\n3\n3\n""}, {""input"": ""51\n"", ""output"": ""0\n0\n0\n0\n0\n1\n0\n0\n0\n0\n3\n0\n0\n0\n0\n0\n3\n3\n0\n0\n0\n0\n0\n1\n6\n0\n3\n0\n0\n0\n0\n0\n3\n3\n6\n0\n0\n3\n0\n0\n0\n0\n3\n3\n6\n0\n6\n0\n0\n0\n3\n""}, {""input"": ""70\n"", ""output"": ""0\n0\n0\n0\n0\n1\n0\n0\n0\n0\n3\n0\n0\n0\n0\n0\n3\n3\n0\n0\n0\n0\n0\n1\n6\n0\n3\n0\n0\n0\n0\n0\n3\n3\n6\n0\n0\n3\n0\n0\n0\n0\n3\n3\n6\n0\n6\n0\n0\n0\n3\n0\n0\n1\n6\n0\n6\n6\n0\n0\n6\n0\n0\n0\n0\n3\n3\n3\n6\n0\n""}, {""input"": ""63\n"", ""output"": ""0\n0\n0\n0\n0\n1\n0\n0\n0\n0\n3\n0\n0\n0\n0\n0\n3\n3\n0\n0\n0\n0\n0\n1\n6\n0\n3\n0\n0\n0\n0\n0\n3\n3\n6\n0\n0\n3\n0\n0\n0\n0\n3\n3\n6\n0\n6\n0\n0\n0\n3\n0\n0\n1\n6\n0\n6\n6\n0\n0\n6\n0\n0\n""}, {""input"": ""46\n"", ""output"": ""0\n0\n0\n0\n0\n1\n0\n0\n0\n0\n3\n0\n0\n0\n0\n0\n3\n3\n0\n0\n0\n0\n0\n1\n6\n0\n3\n0\n0\n0\n0\n0\n3\n3\n6\n0\n0\n3\n0\n0\n0\n0\n3\n3\n6\n0\n""}, {""input"": ""39\n"", ""output"": ""0\n0\n0\n0\n0\n1\n0\n0\n0\n0\n3\n0\n0\n0\n0\n0\n3\n3\n0\n0\n0\n0\n0\n1\n6\n0\n3\n0\n0\n0\n0\n0\n3\n3\n6\n0\n0\n3\n0\n""}, {""input"": ""58\n"", ""output"": ""0\n0\n0\n0\n0\n1\n0\n0\n0\n0\n3\n0\n0\n0\n0\n0\n3\n3\n0\n0\n0\n0\n0\n1\n6\n0\n3\n0\n0\n0\n0\n0\n3\n3\n6\n0\n0\n3\n0\n0\n0\n0\n3\n3\n6\n0\n6\n0\n0\n0\n3\n0\n0\n1\n6\n0\n6\n6\n""}, {""input"": ""171\n"", ""output"": ""0\n0\n0\n0\n0\n1\n0\n0\n0\n0\n3\n0\n0\n0\n0\n0\n3\n3\n0\n0\n0\n0\n0\n1\n6\n0\n3\n0\n0\n0\n0\n0\n3\n3\n6\n0\n0\n3\n0\n0\n0\n0\n3\n3\n6\n0\n6\n0\n0\n0\n3\n0\n0\n1\n6\n0\n6\n6\n0\n0\n6\n0\n0\n0\n0\n3\n3\n3\n6\n0\n6\n3\n6\n0\n0\n0\n6\n0\n0\n0\n3\n3\n9\n0\n6\n3\n6\n0\n3\n6\n0\n0\n0\n0\n6\n1\n6\n0\n6\n6\n0\n3\n12\n0\n6\n0\n0\n3\n6\n0\n0\n0\n3\n3\n12\n0\n6\n3\n6\n0\n3\n6\n9\n0\n6\n0\n0\n0\n3\n6\n3\n3\n6\n0\n6\n3\n12\n0\n3\n6\n6\n0\n6\n0\n6\n3\n6\n0\n0\n1\n6\n3\n12\n6\n0\n0\n12\n0\n6\n0\n6\n6\n12\n0\n0\n6\n0\n0\n6\n0\n12\n""}, {""input"": ""49\n"", ""output"": ""0\n0\n0\n0\n0\n1\n0\n0\n0\n0\n3\n0\n0\n0\n0\n0\n3\n3\n0\n0\n0\n0\n0\n1\n6\n0\n3\n0\n0\n0\n0\n0\n3\n3\n6\n0\n0\n3\n0\n0\n0\n0\n3\n3\n6\n0\n6\n0\n0\n""}, {""input"": ""64\n"", ""output"": ""0\n0\n0\n0\n0\n1\n0\n0\n0\n0\n3\n0\n0\n0\n0\n0\n3\n3\n0\n0\n0\n0\n0\n1\n6\n0\n3\n0\n0\n0\n0\n0\n3\n3\n6\n0\n0\n3\n0\n0\n0\n0\n3\n3\n6\n0\n6\n0\n0\n0\n3\n0\n0\n1\n6\n0\n6\n6\n0\n0\n6\n0\n0\n0\n""}, {""input"": ""65\n"", ""output"": ""0\n0\n0\n0\n0\n1\n0\n0\n0\n0\n3\n0\n0\n0\n0\n0\n3\n3\n0\n0\n0\n0\n0\n1\n6\n0\n3\n0\n0\n0\n0\n0\n3\n3\n6\n0\n0\n3\n0\n0\n0\n0\n3\n3\n6\n0\n6\n0\n0\n0\n3\n0\n0\n1\n6\n0\n6\n6\n0\n0\n6\n0\n0\n0\n0\n""}, {""input"": ""83\n"", ""output"": ""0\n0\n0\n0\n0\n1\n0\n0\n0\n0\n3\n0\n0\n0\n0\n0\n3\n3\n0\n0\n0\n0\n0\n1\n6\n0\n3\n0\n0\n0\n0\n0\n3\n3\n6\n0\n0\n3\n0\n0\n0\n0\n3\n3\n6\n0\n6\n0\n0\n0\n3\n0\n0\n1\n6\n0\n6\n6\n0\n0\n6\n0\n0\n0\n0\n3\n3\n3\n6\n0\n6\n3\n6\n0\n0\n0\n6\n0\n0\n0\n3\n3\n9\n""}, {""input"": ""97\n"", ""output"": ""0\n0\n0\n0\n0\n1\n0\n0\n0\n0\n3\n0\n0\n0\n0\n0\n3\n3\n0\n0\n0\n0\n0\n1\n6\n0\n3\n0\n0\n0\n0\n0\n3\n3\n6\n0\n0\n3\n0\n0\n0\n0\n3\n3\n6\n0\n6\n0\n0\n0\n3\n0\n0\n1\n6\n0\n6\n6\n0\n0\n6\n0\n0\n0\n0\n3\n3\n3\n6\n0\n6\n3\n6\n0\n0\n0\n6\n0\n0\n0\n3\n3\n9\n0\n6\n3\n6\n0\n3\n6\n0\n0\n0\n0\n6\n1\n6\n""}, {""input"": ""76\n"", ""output"": ""0\n0\n0\n0\n0\n1\n0\n0\n0\n0\n3\n0\n0\n0\n0\n0\n3\n3\n0\n0\n0\n0\n0\n1\n6\n0\n3\n0\n0\n0\n0\n0\n3\n3\n6\n0\n0\n3\n0\n0\n0\n0\n3\n3\n6\n0\n6\n0\n0\n0\n3\n0\n0\n1\n6\n0\n6\n6\n0\n0\n6\n0\n0\n0\n0\n3\n3\n3\n6\n0\n6\n3\n6\n0\n0\n0\n""}, {""input"": ""110\n"", ""output"": ""0\n0\n0\n0\n0\n1\n0\n0\n0\n0\n3\n0\n0\n0\n0\n0\n3\n3\n0\n0\n0\n0\n0\n1\n6\n0\n3\n0\n0\n0\n0\n0\n3\n3\n6\n0\n0\n3\n0\n0\n0\n0\n3\n3\n6\n0\n6\n0\n0\n0\n3\n0\n0\n1\n6\n0\n6\n6\n0\n0\n6\n0\n0\n0\n0\n3\n3\n3\n6\n0\n6\n3\n6\n0\n0\n0\n6\n0\n0\n0\n3\n3\n9\n0\n6\n3\n6\n0\n3\n6\n0\n0\n0\n0\n6\n1\n6\n0\n6\n6\n0\n3\n12\n0\n6\n0\n0\n3\n6\n0\n""}, {""input"": ""71\n"", ""output"": ""0\n0\n0\n0\n0\n1\n0\n0\n0\n0\n3\n0\n0\n0\n0\n0\n3\n3\n0\n0\n0\n0\n0\n1\n6\n0\n3\n0\n0\n0\n0\n0\n3\n3\n6\n0\n0\n3\n0\n0\n0\n0\n3\n3\n6\n0\n6\n0\n0\n0\n3\n0\n0\n1\n6\n0\n6\n6\n0\n0\n6\n0\n0\n0\n0\n3\n3\n3\n6\n0\n6\n""}, {""input"": ""334\n"", ""output"": ""0\n0\n0\n0\n0\n1\n0\n0\n0\n0\n3\n0\n0\n0\n0\n0\n3\n3\n0\n0\n0\n0\n0\n1\n6\n0\n3\n0\n0\n0\n0\n0\n3\n3\n6\n0\n0\n3\n0\n0\n0\n0\n3\n3\n6\n0\n6\n0\n0\n0\n3\n0\n0\n1\n6\n0\n6\n6\n0\n0\n6\n0\n0\n0\n0\n3\n3\n3\n6\n0\n6\n3\n6\n0\n0\n0\n6\n0\n0\n0\n3\n3\n9\n0\n6\n3\n6\n0\n3\n6\n0\n0\n0\n0\n6\n1\n6\n0\n6\n6\n0\n3\n12\n0\n6\n0\n0\n3\n6\n0\n0\n0\n3\n3\n12\n0\n6\n3\n6\n0\n3\n6\n9\n0\n6\n0\n0\n0\n3\n6\n3\n3\n6\n0\n6\n3\n12\n0\n3\n6\n6\n0\n6\n0\n6\n3\n6\n0\n0\n1\n6\n3\n12\n6\n0\n0\n12\n0\n6\n0\n6\n6\n12\n0\n0\n6\n0\n0\n6\n0\n12\n3\n6\n0\n6\n3\n9\n6\n3\n6\n6\n0\n6\n0\n6\n0\n15\n6\n0\n0\n6\n0\n3\n3\n12\n0\n12\n6\n6\n0\n3\n6\n6\n3\n12\n0\n6\n0\n9\n6\n0\n0\n6\n3\n12\n1\n6\n6\n6\n6\n0\n0\n18\n0\n12\n0\n3\n6\n12\n0\n0\n6\n3\n6\n12\n0\n12\n0\n0\n0\n9\n3\n9\n6\n12\n3\n12\n0\n3\n6\n6\n0\n12\n0\n12\n0\n9\n9\n0\n0\n6\n3\n6\n3\n12\n6\n9\n3\n6\n0\n12\n3\n6\n3\n9\n6\n12\n6\n6\n0\n6\n0\n9\n6\n6\n0\n12\n3\n6\n0\n9\n6\n6\n1\n6\n0\n21\n12\n6\n0\n12\n0\n12\n0\n0\n6\n15\n6\n0\n6\n12\n0\n12\n0\n12\n0\n0\n0\n12\n0\n12\n12\n3\n3\n18\n3\n6\n3\n6\n6\n9\n9\n18\n0\n""}, {""input"": ""90\n"", ""output"": ""0\n0\n0\n0\n0\n1\n0\n0\n0\n0\n3\n0\n0\n0\n0\n0\n3\n3\n0\n0\n0\n0\n0\n1\n6\n0\n3\n0\n0\n0\n0\n0\n3\n3\n6\n0\n0\n3\n0\n0\n0\n0\n3\n3\n6\n0\n6\n0\n0\n0\n3\n0\n0\n1\n6\n0\n6\n6\n0\n0\n6\n0\n0\n0\n0\n3\n3\n3\n6\n0\n6\n3\n6\n0\n0\n0\n6\n0\n0\n0\n3\n3\n9\n0\n6\n3\n6\n0\n3\n6\n""}, {""input"": ""102\n"", ""output"": ""0\n0\n0\n0\n0\n1\n0\n0\n0\n0\n3\n0\n0\n0\n0\n0\n3\n3\n0\n0\n0\n0\n0\n1\n6\n0\n3\n0\n0\n0\n0\n0\n3\n3\n6\n0\n0\n3\n0\n0\n0\n0\n3\n3\n6\n0\n6\n0\n0\n0\n3\n0\n0\n1\n6\n0\n6\n6\n0\n0\n6\n0\n0\n0\n0\n3\n3\n3\n6\n0\n6\n3\n6\n0\n0\n0\n6\n0\n0\n0\n3\n3\n9\n0\n6\n3\n6\n0\n3\n6\n0\n0\n0\n0\n6\n1\n6\n0\n6\n6\n0\n3\n""}, {""input"": ""73\n"", ""output"": ""0\n0\n0\n0\n0\n1\n0\n0\n0\n0\n3\n0\n0\n0\n0\n0\n3\n3\n0\n0\n0\n0\n0\n1\n6\n0\n3\n0\n0\n0\n0\n0\n3\n3\n6\n0\n0\n3\n0\n0\n0\n0\n3\n3\n6\n0\n6\n0\n0\n0\n3\n0\n0\n1\n6\n0\n6\n6\n0\n0\n6\n0\n0\n0\n0\n3\n3\n3\n6\n0\n6\n3\n6\n""}, {""input"": ""99\n"", ""output"": ""0\n0\n0\n0\n0\n1\n0\n0\n0\n0\n3\n0\n0\n0\n0\n0\n3\n3\n0\n0\n0\n0\n0\n1\n6\n0\n3\n0\n0\n0\n0\n0\n3\n3\n6\n0\n0\n3\n0\n0\n0\n0\n3\n3\n6\n0\n6\n0\n0\n0\n3\n0\n0\n1\n6\n0\n6\n6\n0\n0\n6\n0\n0\n0\n0\n3\n3\n3\n6\n0\n6\n3\n6\n0\n0\n0\n6\n0\n0\n0\n3\n3\n9\n0\n6\n3\n6\n0\n3\n6\n0\n0\n0\n0\n6\n1\n6\n0\n6\n""}, {""input"": ""135\n"", ""output"": ""0\n0\n0\n0\n0\n1\n0\n0\n0\n0\n3\n0\n0\n0\n0\n0\n3\n3\n0\n0\n0\n0\n0\n1\n6\n0\n3\n0\n0\n0\n0\n0\n3\n3\n6\n0\n0\n3\n0\n0\n0\n0\n3\n3\n6\n0\n6\n0\n0\n0\n3\n0\n0\n1\n6\n0\n6\n6\n0\n0\n6\n0\n0\n0\n0\n3\n3\n3\n6\n0\n6\n3\n6\n0\n0\n0\n6\n0\n0\n0\n3\n3\n9\n0\n6\n3\n6\n0\n3\n6\n0\n0\n0\n0\n6\n1\n6\n0\n6\n6\n0\n3\n12\n0\n6\n0\n0\n3\n6\n0\n0\n0\n3\n3\n12\n0\n6\n3\n6\n0\n3\n6\n9\n0\n6\n0\n0\n0\n3\n6\n3\n3\n6\n0\n6\n""}, {""input"": ""122\n"", ""output"": ""0\n0\n0\n0\n0\n1\n0\n0\n0\n0\n3\n0\n0\n0\n0\n0\n3\n3\n0\n0\n0\n0\n0\n1\n6\n0\n3\n0\n0\n0\n0\n0\n3\n3\n6\n0\n0\n3\n0\n0\n0\n0\n3\n3\n6\n0\n6\n0\n0\n0\n3\n0\n0\n1\n6\n0\n6\n6\n0\n0\n6\n0\n0\n0\n0\n3\n3\n3\n6\n0\n6\n3\n6\n0\n0\n0\n6\n0\n0\n0\n3\n3\n9\n0\n6\n3\n6\n0\n3\n6\n0\n0\n0\n0\n6\n1\n6\n0\n6\n6\n0\n3\n12\n0\n6\n0\n0\n3\n6\n0\n0\n0\n3\n3\n12\n0\n6\n3\n6\n0\n3\n6\n""}, {""input"": ""132\n"", ""output"": ""0\n0\n0\n0\n0\n1\n0\n0\n0\n0\n3\n0\n0\n0\n0\n0\n3\n3\n0\n0\n0\n0\n0\n1\n6\n0\n3\n0\n0\n0\n0\n0\n3\n3\n6\n0\n0\n3\n0\n0\n0\n0\n3\n3\n6\n0\n6\n0\n0\n0\n3\n0\n0\n1\n6\n0\n6\n6\n0\n0\n6\n0\n0\n0\n0\n3\n3\n3\n6\n0\n6\n3\n6\n0\n0\n0\n6\n0\n0\n0\n3\n3\n9\n0\n6\n3\n6\n0\n3\n6\n0\n0\n0\n0\n6\n1\n6\n0\n6\n6\n0\n3\n12\n0\n6\n0\n0\n3\n6\n0\n0\n0\n3\n3\n12\n0\n6\n3\n6\n0\n3\n6\n9\n0\n6\n0\n0\n0\n3\n6\n3\n3\n""}, {""input"": ""390\n"", ""output"": ""0\n0\n0\n0\n0\n1\n0\n0\n0\n0\n3\n0\n0\n0\n0\n0\n3\n3\n0\n0\n0\n0\n0\n1\n6\n0\n3\n0\n0\n0\n0\n0\n3\n3\n6\n0\n0\n3\n0\n0\n0\n0\n3\n3\n6\n0\n6\n0\n0\n0\n3\n0\n0\n1\n6\n0\n6\n6\n0\n0\n6\n0\n0\n0\n0\n3\n3\n3\n6\n0\n6\n3\n6\n0\n0\n0\n6\n0\n0\n0\n3\n3\n9\n0\n6\n3\n6\n0\n3\n6\n0\n0\n0\n0\n6\n1\n6\n0\n6\n6\n0\n3\n12\n0\n6\n0\n0\n3\n6\n0\n0\n0\n3\n3\n12\n0\n6\n3\n6\n0\n3\n6\n9\n0\n6\n0\n0\n0\n3\n6\n3\n3\n6\n0\n6\n3\n12\n0\n3\n6\n6\n0\n6\n0\n6\n3\n6\n0\n0\n1\n6\n3\n12\n6\n0\n0\n12\n0\n6\n0\n6\n6\n12\n0\n0\n6\n0\n0\n6\n0\n12\n3\n6\n0\n6\n3\n9\n6\n3\n6\n6\n0\n6\n0\n6\n0\n15\n6\n0\n0\n6\n0\n3\n3\n12\n0\n12\n6\n6\n0\n3\n6\n6\n3\n12\n0\n6\n0\n9\n6\n0\n0\n6\n3\n12\n1\n6\n6\n6\n6\n0\n0\n18\n0\n12\n0\n3\n6\n12\n0\n0\n6\n3\n6\n12\n0\n12\n0\n0\n0\n9\n3\n9\n6\n12\n3\n12\n0\n3\n6\n6\n0\n12\n0\n12\n0\n9\n9\n0\n0\n6\n3\n6\n3\n12\n6\n9\n3\n6\n0\n12\n3\n6\n3\n9\n6\n12\n6\n6\n0\n6\n0\n9\n6\n6\n0\n12\n3\n6\n0\n9\n6\n6\n1\n6\n0\n21\n12\n6\n0\n12\n0\n12\n0\n0\n6\n15\n6\n0\n6\n12\n0\n12\n0\n12\n0\n0\n0\n12\n0\n12\n12\n3\n3\n18\n3\n6\n3\n6\n6\n9\n9\n18\n0\n6\n0\n12\n0\n9\n6\n0\n3\n12\n3\n6\n6\n12\n6\n6\n0\n0\n0\n15\n3\n18\n3\n18\n3\n12\n6\n3\n6\n9\n0\n12\n0\n12\n0\n18\n12\n0\n0\n12\n3\n6\n0\n6\n6\n9\n6\n0\n0\n18\n1\n18\n3\n12\n6\n6\n6\n""}, {""input"": ""150\n"", ""output"": ""0\n0\n0\n0\n0\n1\n0\n0\n0\n0\n3\n0\n0\n0\n0\n0\n3\n3\n0\n0\n0\n0\n0\n1\n6\n0\n3\n0\n0\n0\n0\n0\n3\n3\n6\n0\n0\n3\n0\n0\n0\n0\n3\n3\n6\n0\n6\n0\n0\n0\n3\n0\n0\n1\n6\n0\n6\n6\n0\n0\n6\n0\n0\n0\n0\n3\n3\n3\n6\n0\n6\n3\n6\n0\n0\n0\n6\n0\n0\n0\n3\n3\n9\n0\n6\n3\n6\n0\n3\n6\n0\n0\n0\n0\n6\n1\n6\n0\n6\n6\n0\n3\n12\n0\n6\n0\n0\n3\n6\n0\n0\n0\n3\n3\n12\n0\n6\n3\n6\n0\n3\n6\n9\n0\n6\n0\n0\n0\n3\n6\n3\n3\n6\n0\n6\n3\n12\n0\n3\n6\n6\n0\n6\n0\n6\n3\n6\n0\n0\n1\n""}, {""input"": ""157\n"", ""output"": ""0\n0\n0\n0\n0\n1\n0\n0\n0\n0\n3\n0\n0\n0\n0\n0\n3\n3\n0\n0\n0\n0\n0\n1\n6\n0\n3\n0\n0\n0\n0\n0\n3\n3\n6\n0\n0\n3\n0\n0\n0\n0\n3\n3\n6\n0\n6\n0\n0\n0\n3\n0\n0\n1\n6\n0\n6\n6\n0\n0\n6\n0\n0\n0\n0\n3\n3\n3\n6\n0\n6\n3\n6\n0\n0\n0\n6\n0\n0\n0\n3\n3\n9\n0\n6\n3\n6\n0\n3\n6\n0\n0\n0\n0\n6\n1\n6\n0\n6\n6\n0\n3\n12\n0\n6\n0\n0\n3\n6\n0\n0\n0\n3\n3\n12\n0\n6\n3\n6\n0\n3\n6\n9\n0\n6\n0\n0\n0\n3\n6\n3\n3\n6\n0\n6\n3\n12\n0\n3\n6\n6\n0\n6\n0\n6\n3\n6\n0\n0\n1\n6\n3\n12\n6\n0\n0\n12\n""}, {""input"": ""72\n"", ""output"": ""0\n0\n0\n0\n0\n1\n0\n0\n0\n0\n3\n0\n0\n0\n0\n0\n3\n3\n0\n0\n0\n0\n0\n1\n6\n0\n3\n0\n0\n0\n0\n0\n3\n3\n6\n0\n0\n3\n0\n0\n0\n0\n3\n3\n6\n0\n6\n0\n0\n0\n3\n0\n0\n1\n6\n0\n6\n6\n0\n0\n6\n0\n0\n0\n0\n3\n3\n3\n6\n0\n6\n3\n""}, {""input"": ""131\n"", ""output"": ""0\n0\n0\n0\n0\n1\n0\n0\n0\n0\n3\n0\n0\n0\n0\n0\n3\n3\n0\n0\n0\n0\n0\n1\n6\n0\n3\n0\n0\n0\n0\n0\n3\n3\n6\n0\n0\n3\n0\n0\n0\n0\n3\n3\n6\n0\n6\n0\n0\n0\n3\n0\n0\n1\n6\n0\n6\n6\n0\n0\n6\n0\n0\n0\n0\n3\n3\n3\n6\n0\n6\n3\n6\n0\n0\n0\n6\n0\n0\n0\n3\n3\n9\n0\n6\n3\n6\n0\n3\n6\n0\n0\n0\n0\n6\n1\n6\n0\n6\n6\n0\n3\n12\n0\n6\n0\n0\n3\n6\n0\n0\n0\n3\n3\n12\n0\n6\n3\n6\n0\n3\n6\n9\n0\n6\n0\n0\n0\n3\n6\n3\n""}, {""input"": ""181\n"", ""output"": ""0\n0\n0\n0\n0\n1\n0\n0\n0\n0\n3\n0\n0\n0\n0\n0\n3\n3\n0\n0\n0\n0\n0\n1\n6\n0\n3\n0\n0\n0\n0\n0\n3\n3\n6\n0\n0\n3\n0\n0\n0\n0\n3\n3\n6\n0\n6\n0\n0\n0\n3\n0\n0\n1\n6\n0\n6\n6\n0\n0\n6\n0\n0\n0\n0\n3\n3\n3\n6\n0\n6\n3\n6\n0\n0\n0\n6\n0\n0\n0\n3\n3\n9\n0\n6\n3\n6\n0\n3\n6\n0\n0\n0\n0\n6\n1\n6\n0\n6\n6\n0\n3\n12\n0\n6\n0\n0\n3\n6\n0\n0\n0\n3\n3\n12\n0\n6\n3\n6\n0\n3\n6\n9\n0\n6\n0\n0\n0\n3\n6\n3\n3\n6\n0\n6\n3\n12\n0\n3\n6\n6\n0\n6\n0\n6\n3\n6\n0\n0\n1\n6\n3\n12\n6\n0\n0\n12\n0\n6\n0\n6\n6\n12\n0\n0\n6\n0\n0\n6\n0\n12\n3\n6\n0\n6\n3\n9\n6\n3\n6\n6\n""}, {""input"": ""138\n"", ""output"": ""0\n0\n0\n0\n0\n1\n0\n0\n0\n0\n3\n0\n0\n0\n0\n0\n3\n3\n0\n0\n0\n0\n0\n1\n6\n0\n3\n0\n0\n0\n0\n0\n3\n3\n6\n0\n0\n3\n0\n0\n0\n0\n3\n3\n6\n0\n6\n0\n0\n0\n3\n0\n0\n1\n6\n0\n6\n6\n0\n0\n6\n0\n0\n0\n0\n3\n3\n3\n6\n0\n6\n3\n6\n0\n0\n0\n6\n0\n0\n0\n3\n3\n9\n0\n6\n3\n6\n0\n3\n6\n0\n0\n0\n0\n6\n1\n6\n0\n6\n6\n0\n3\n12\n0\n6\n0\n0\n3\n6\n0\n0\n0\n3\n3\n12\n0\n6\n3\n6\n0\n3\n6\n9\n0\n6\n0\n0\n0\n3\n6\n3\n3\n6\n0\n6\n3\n12\n0\n""}, {""input"": ""743\n"", ""output"": ""0\n0\n0\n0\n0\n1\n0\n0\n0\n0\n3\n0\n0\n0\n0\n0\n3\n3\n0\n0\n0\n0\n0\n1\n6\n0\n3\n0\n0\n0\n0\n0\n3\n3\n6\n0\n0\n3\n0\n0\n0\n0\n3\n3\n6\n0\n6\n0\n0\n0\n3\n0\n0\n1\n6\n0\n6\n6\n0\n0\n6\n0\n0\n0\n0\n3\n3\n3\n6\n0\n6\n3\n6\n0\n0\n0\n6\n0\n0\n0\n3\n3\n9\n0\n6\n3\n6\n0\n3\n6\n0\n0\n0\n0\n6\n1\n6\n0\n6\n6\n0\n3\n12\n0\n6\n0\n0\n3\n6\n0\n0\n0\n3\n3\n12\n0\n6\n3\n6\n0\n3\n6\n9\n0\n6\n0\n0\n0\n3\n6\n3\n3\n6\n0\n6\n3\n12\n0\n3\n6\n6\n0\n6\n0\n6\n3\n6\n0\n0\n1\n6\n3\n12\n6\n0\n0\n12\n0\n6\n0\n6\n6\n12\n0\n0\n6\n0\n0\n6\n0\n12\n3\n6\n0\n6\n3\n9\n6\n3\n6\n6\n0\n6\n0\n6\n0\n15\n6\n0\n0\n6\n0\n3\n3\n12\n0\n12\n6\n6\n0\n3\n6\n6\n3\n12\n0\n6\n0\n9\n6\n0\n0\n6\n3\n12\n1\n6\n6\n6\n6\n0\n0\n18\n0\n12\n0\n3\n6\n12\n0\n0\n6\n3\n6\n12\n0\n12\n0\n0\n0\n9\n3\n9\n6\n12\n3\n12\n0\n3\n6\n6\n0\n12\n0\n12\n0\n9\n9\n0\n0\n6\n3\n6\n3\n12\n6\n9\n3\n6\n0\n12\n3\n6\n3\n9\n6\n12\n6\n6\n0\n6\n0\n9\n6\n6\n0\n12\n3\n6\n0\n9\n6\n6\n1\n6\n0\n21\n12\n6\n0\n12\n0\n12\n0\n0\n6\n15\n6\n0\n6\n12\n0\n12\n0\n12\n0\n0\n0\n12\n0\n12\n12\n3\n3\n18\n3\n6\n3\n6\n6\n9\n9\n18\n0\n6\n0\n12\n0\n9\n6\n0\n3\n12\n3\n6\n6\n12\n6\n6\n0\n0\n0\n15\n3\n18\n3\n18\n3\n12\n6\n3\n6\n9\n0\n12\n0\n12\n0\n18\n12\n0\n0\n12\n3\n6\n0\n6\n6\n9\n6\n0\n0\n18\n1\n18\n3\n12\n6\n6\n6\n12\n0\n15\n6\n12\n6\n18\n0\n0\n6\n0\n9\n12\n0\n18\n0\n6\n3\n12\n0\n12\n12\n0\n0\n12\n0\n3\n6\n12\n6\n18\n9\n18\n0\n9\n6\n18\n0\n6\n0\n6\n3\n27\n6\n6\n6\n6\n3\n6\n0\n12\n6\n9\n0\n6\n0\n18\n0\n9\n9\n15\n3\n12\n6\n6\n3\n9\n6\n12\n12\n18\n0\n18\n0\n6\n6\n21\n6\n0\n0\n6\n3\n15\n6\n12\n6\n18\n0\n0\n0\n12\n6\n6\n3\n6\n4\n18\n6\n12\n6\n3\n9\n30\n0\n18\n0\n6\n6\n12\n6\n6\n9\n12\n0\n18\n6\n18\n0\n6\n0\n12\n0\n6\n12\n6\n3\n18\n0\n6\n6\n6\n6\n15\n3\n24\n0\n6\n3\n18\n0\n12\n6\n12\n6\n24\n0\n15\n18\n9\n6\n0\n0\n18\n3\n6\n0\n15\n12\n12\n6\n6\n0\n18\n0\n6\n3\n12\n0\n12\n6\n6\n9\n9\n6\n24\n3\n24\n0\n9\n12\n6\n6\n12\n0\n12\n0\n21\n9\n15\n6\n12\n3\n18\n3\n12\n6\n12\n6\n0\n0\n12\n0\n12\n6\n24\n0\n6\n12\n6\n1\n9\n6\n12\n6\n24\n0\n18\n3\n12\n6\n6\n12\n24\n0\n12\n6\n15\n6\n18\n0\n18\n0\n0\n0\n18\n9\n21\n12\n0\n6\n18\n0\n9\n6\n6\n6\n12\n0\n12\n0\n9\n9\n27\n6\n6\n3\n18\n6\n21\n6\n6\n12\n12\n0\n12\n0\n24\n12\n0\n0\n24\n3\n24\n6\n12\n12\n18\n0\n0\n0\n12\n0\n18\n3\n15\n6\n12\n9\n6\n0\n15\n6\n9\n12\n24\n0\n12\n3\n6\n6\n21\n6\n18\n3\n18\n0\n21\n12\n15\n6\n6\n0\n12\n3\n12\n9\n18\n9\n12\n6\n6\n6\n24\n0\n18\n3\n24\n0\n6\n6\n0\n6\n9\n6\n6\n4\n30\n0\n18\n12\n9\n6\n24\n0\n18\n0\n9\n12\n21\n6\n6\n12\n12\n""}, {""input"": ""198\n"", ""output"": ""0\n0\n0\n0\n0\n1\n0\n0\n0\n0\n3\n0\n0\n0\n0\n0\n3\n3\n0\n0\n0\n0\n0\n1\n6\n0\n3\n0\n0\n0\n0\n0\n3\n3\n6\n0\n0\n3\n0\n0\n0\n0\n3\n3\n6\n0\n6\n0\n0\n0\n3\n0\n0\n1\n6\n0\n6\n6\n0\n0\n6\n0\n0\n0\n0\n3\n3\n3\n6\n0\n6\n3\n6\n0\n0\n0\n6\n0\n0\n0\n3\n3\n9\n0\n6\n3\n6\n0\n3\n6\n0\n0\n0\n0\n6\n1\n6\n0\n6\n6\n0\n3\n12\n0\n6\n0\n0\n3\n6\n0\n0\n0\n3\n3\n12\n0\n6\n3\n6\n0\n3\n6\n9\n0\n6\n0\n0\n0\n3\n6\n3\n3\n6\n0\n6\n3\n12\n0\n3\n6\n6\n0\n6\n0\n6\n3\n6\n0\n0\n1\n6\n3\n12\n6\n0\n0\n12\n0\n6\n0\n6\n6\n12\n0\n0\n6\n0\n0\n6\n0\n12\n3\n6\n0\n6\n3\n9\n6\n3\n6\n6\n0\n6\n0\n6\n0\n15\n6\n0\n0\n6\n0\n3\n3\n12\n0\n12\n6\n""}, {""input"": ""124\n"", ""output"": ""0\n0\n0\n0\n0\n1\n0\n0\n0\n0\n3\n0\n0\n0\n0\n0\n3\n3\n0\n0\n0\n0\n0\n1\n6\n0\n3\n0\n0\n0\n0\n0\n3\n3\n6\n0\n0\n3\n0\n0\n0\n0\n3\n3\n6\n0\n6\n0\n0\n0\n3\n0\n0\n1\n6\n0\n6\n6\n0\n0\n6\n0\n0\n0\n0\n3\n3\n3\n6\n0\n6\n3\n6\n0\n0\n0\n6\n0\n0\n0\n3\n3\n9\n0\n6\n3\n6\n0\n3\n6\n0\n0\n0\n0\n6\n1\n6\n0\n6\n6\n0\n3\n12\n0\n6\n0\n0\n3\n6\n0\n0\n0\n3\n3\n12\n0\n6\n3\n6\n0\n3\n6\n9\n0\n""}, {""input"": ""112\n"", ""output"": ""0\n0\n0\n0\n0\n1\n0\n0\n0\n0\n3\n0\n0\n0\n0\n0\n3\n3\n0\n0\n0\n0\n0\n1\n6\n0\n3\n0\n0\n0\n0\n0\n3\n3\n6\n0\n0\n3\n0\n0\n0\n0\n3\n3\n6\n0\n6\n0\n0\n0\n3\n0\n0\n1\n6\n0\n6\n6\n0\n0\n6\n0\n0\n0\n0\n3\n3\n3\n6\n0\n6\n3\n6\n0\n0\n0\n6\n0\n0\n0\n3\n3\n9\n0\n6\n3\n6\n0\n3\n6\n0\n0\n0\n0\n6\n1\n6\n0\n6\n6\n0\n3\n12\n0\n6\n0\n0\n3\n6\n0\n0\n0\n""}, {""input"": ""320\n"", ""output"": ""0\n0\n0\n0\n0\n1\n0\n0\n0\n0\n3\n0\n0\n0\n0\n0\n3\n3\n0\n0\n0\n0\n0\n1\n6\n0\n3\n0\n0\n0\n0\n0\n3\n3\n6\n0\n0\n3\n0\n0\n0\n0\n3\n3\n6\n0\n6\n0\n0\n0\n3\n0\n0\n1\n6\n0\n6\n6\n0\n0\n6\n0\n0\n0\n0\n3\n3\n3\n6\n0\n6\n3\n6\n0\n0\n0\n6\n0\n0\n0\n3\n3\n9\n0\n6\n3\n6\n0\n3\n6\n0\n0\n0\n0\n6\n1\n6\n0\n6\n6\n0\n3\n12\n0\n6\n0\n0\n3\n6\n0\n0\n0\n3\n3\n12\n0\n6\n3\n6\n0\n3\n6\n9\n0\n6\n0\n0\n0\n3\n6\n3\n3\n6\n0\n6\n3\n12\n0\n3\n6\n6\n0\n6\n0\n6\n3\n6\n0\n0\n1\n6\n3\n12\n6\n0\n0\n12\n0\n6\n0\n6\n6\n12\n0\n0\n6\n0\n0\n6\n0\n12\n3\n6\n0\n6\n3\n9\n6\n3\n6\n6\n0\n6\n0\n6\n0\n15\n6\n0\n0\n6\n0\n3\n3\n12\n0\n12\n6\n6\n0\n3\n6\n6\n3\n12\n0\n6\n0\n9\n6\n0\n0\n6\n3\n12\n1\n6\n6\n6\n6\n0\n0\n18\n0\n12\n0\n3\n6\n12\n0\n0\n6\n3\n6\n12\n0\n12\n0\n0\n0\n9\n3\n9\n6\n12\n3\n12\n0\n3\n6\n6\n0\n12\n0\n12\n0\n9\n9\n0\n0\n6\n3\n6\n3\n12\n6\n9\n3\n6\n0\n12\n3\n6\n3\n9\n6\n12\n6\n6\n0\n6\n0\n9\n6\n6\n0\n12\n3\n6\n0\n9\n6\n6\n1\n6\n0\n21\n12\n6\n0\n12\n0\n12\n0\n0\n6\n15\n6\n0\n6\n12\n0\n12\n0\n12\n0\n0\n0\n12\n0\n""}, {""input"": ""293\n"", ""output"": ""0\n0\n0\n0\n0\n1\n0\n0\n0\n0\n3\n0\n0\n0\n0\n0\n3\n3\n0\n0\n0\n0\n0\n1\n6\n0\n3\n0\n0\n0\n0\n0\n3\n3\n6\n0\n0\n3\n0\n0\n0\n0\n3\n3\n6\n0\n6\n0\n0\n0\n3\n0\n0\n1\n6\n0\n6\n6\n0\n0\n6\n0\n0\n0\n0\n3\n3\n3\n6\n0\n6\n3\n6\n0\n0\n0\n6\n0\n0\n0\n3\n3\n9\n0\n6\n3\n6\n0\n3\n6\n0\n0\n0\n0\n6\n1\n6\n0\n6\n6\n0\n3\n12\n0\n6\n0\n0\n3\n6\n0\n0\n0\n3\n3\n12\n0\n6\n3\n6\n0\n3\n6\n9\n0\n6\n0\n0\n0\n3\n6\n3\n3\n6\n0\n6\n3\n12\n0\n3\n6\n6\n0\n6\n0\n6\n3\n6\n0\n0\n1\n6\n3\n12\n6\n0\n0\n12\n0\n6\n0\n6\n6\n12\n0\n0\n6\n0\n0\n6\n0\n12\n3\n6\n0\n6\n3\n9\n6\n3\n6\n6\n0\n6\n0\n6\n0\n15\n6\n0\n0\n6\n0\n3\n3\n12\n0\n12\n6\n6\n0\n3\n6\n6\n3\n12\n0\n6\n0\n9\n6\n0\n0\n6\n3\n12\n1\n6\n6\n6\n6\n0\n0\n18\n0\n12\n0\n3\n6\n12\n0\n0\n6\n3\n6\n12\n0\n12\n0\n0\n0\n9\n3\n9\n6\n12\n3\n12\n0\n3\n6\n6\n0\n12\n0\n12\n0\n9\n9\n0\n0\n6\n3\n6\n3\n12\n6\n9\n3\n6\n0\n12\n3\n6\n3\n9\n6\n12\n6\n6\n0\n6\n0\n9\n6\n6\n0\n12\n3\n6\n0\n9\n6\n6\n""}, {""input"": ""183\n"", ""output"": ""0\n0\n0\n0\n0\n1\n0\n0\n0\n0\n3\n0\n0\n0\n0\n0\n3\n3\n0\n0\n0\n0\n0\n1\n6\n0\n3\n0\n0\n0\n0\n0\n3\n3\n6\n0\n0\n3\n0\n0\n0\n0\n3\n3\n6\n0\n6\n0\n0\n0\n3\n0\n0\n1\n6\n0\n6\n6\n0\n0\n6\n0\n0\n0\n0\n3\n3\n3\n6\n0\n6\n3\n6\n0\n0\n0\n6\n0\n0\n0\n3\n3\n9\n0\n6\n3\n6\n0\n3\n6\n0\n0\n0\n0\n6\n1\n6\n0\n6\n6\n0\n3\n12\n0\n6\n0\n0\n3\n6\n0\n0\n0\n3\n3\n12\n0\n6\n3\n6\n0\n3\n6\n9\n0\n6\n0\n0\n0\n3\n6\n3\n3\n6\n0\n6\n3\n12\n0\n3\n6\n6\n0\n6\n0\n6\n3\n6\n0\n0\n1\n6\n3\n12\n6\n0\n0\n12\n0\n6\n0\n6\n6\n12\n0\n0\n6\n0\n0\n6\n0\n12\n3\n6\n0\n6\n3\n9\n6\n3\n6\n6\n0\n6\n""}, {""input"": ""117\n"", ""output"": ""0\n0\n0\n0\n0\n1\n0\n0\n0\n0\n3\n0\n0\n0\n0\n0\n3\n3\n0\n0\n0\n0\n0\n1\n6\n0\n3\n0\n0\n0\n0\n0\n3\n3\n6\n0\n0\n3\n0\n0\n0\n0\n3\n3\n6\n0\n6\n0\n0\n0\n3\n0\n0\n1\n6\n0\n6\n6\n0\n0\n6\n0\n0\n0\n0\n3\n3\n3\n6\n0\n6\n3\n6\n0\n0\n0\n6\n0\n0\n0\n3\n3\n9\n0\n6\n3\n6\n0\n3\n6\n0\n0\n0\n0\n6\n1\n6\n0\n6\n6\n0\n3\n12\n0\n6\n0\n0\n3\n6\n0\n0\n0\n3\n3\n12\n0\n6\n""}, {""input"": ""395\n"", ""output"": ""0\n0\n0\n0\n0\n1\n0\n0\n0\n0\n3\n0\n0\n0\n0\n0\n3\n3\n0\n0\n0\n0\n0\n1\n6\n0\n3\n0\n0\n0\n0\n0\n3\n3\n6\n0\n0\n3\n0\n0\n0\n0\n3\n3\n6\n0\n6\n0\n0\n0\n3\n0\n0\n1\n6\n0\n6\n6\n0\n0\n6\n0\n0\n0\n0\n3\n3\n3\n6\n0\n6\n3\n6\n0\n0\n0\n6\n0\n0\n0\n3\n3\n9\n0\n6\n3\n6\n0\n3\n6\n0\n0\n0\n0\n6\n1\n6\n0\n6\n6\n0\n3\n12\n0\n6\n0\n0\n3\n6\n0\n0\n0\n3\n3\n12\n0\n6\n3\n6\n0\n3\n6\n9\n0\n6\n0\n0\n0\n3\n6\n3\n3\n6\n0\n6\n3\n12\n0\n3\n6\n6\n0\n6\n0\n6\n3\n6\n0\n0\n1\n6\n3\n12\n6\n0\n0\n12\n0\n6\n0\n6\n6\n12\n0\n0\n6\n0\n0\n6\n0\n12\n3\n6\n0\n6\n3\n9\n6\n3\n6\n6\n0\n6\n0\n6\n0\n15\n6\n0\n0\n6\n0\n3\n3\n12\n0\n12\n6\n6\n0\n3\n6\n6\n3\n12\n0\n6\n0\n9\n6\n0\n0\n6\n3\n12\n1\n6\n6\n6\n6\n0\n0\n18\n0\n12\n0\n3\n6\n12\n0\n0\n6\n3\n6\n12\n0\n12\n0\n0\n0\n9\n3\n9\n6\n12\n3\n12\n0\n3\n6\n6\n0\n12\n0\n12\n0\n9\n9\n0\n0\n6\n3\n6\n3\n12\n6\n9\n3\n6\n0\n12\n3\n6\n3\n9\n6\n12\n6\n6\n0\n6\n0\n9\n6\n6\n0\n12\n3\n6\n0\n9\n6\n6\n1\n6\n0\n21\n12\n6\n0\n12\n0\n12\n0\n0\n6\n15\n6\n0\n6\n12\n0\n12\n0\n12\n0\n0\n0\n12\n0\n12\n12\n3\n3\n18\n3\n6\n3\n6\n6\n9\n9\n18\n0\n6\n0\n12\n0\n9\n6\n0\n3\n12\n3\n6\n6\n12\n6\n6\n0\n0\n0\n15\n3\n18\n3\n18\n3\n12\n6\n3\n6\n9\n0\n12\n0\n12\n0\n18\n12\n0\n0\n12\n3\n6\n0\n6\n6\n9\n6\n0\n0\n18\n1\n18\n3\n12\n6\n6\n6\n12\n0\n15\n6\n12\n""}, {""input"": ""418\n"", ""output"": ""0\n0\n0\n0\n0\n1\n0\n0\n0\n0\n3\n0\n0\n0\n0\n0\n3\n3\n0\n0\n0\n0\n0\n1\n6\n0\n3\n0\n0\n0\n0\n0\n3\n3\n6\n0\n0\n3\n0\n0\n0\n0\n3\n3\n6\n0\n6\n0\n0\n0\n3\n0\n0\n1\n6\n0\n6\n6\n0\n0\n6\n0\n0\n0\n0\n3\n3\n3\n6\n0\n6\n3\n6\n0\n0\n0\n6\n0\n0\n0\n3\n3\n9\n0\n6\n3\n6\n0\n3\n6\n0\n0\n0\n0\n6\n1\n6\n0\n6\n6\n0\n3\n12\n0\n6\n0\n0\n3\n6\n0\n0\n0\n3\n3\n12\n0\n6\n3\n6\n0\n3\n6\n9\n0\n6\n0\n0\n0\n3\n6\n3\n3\n6\n0\n6\n3\n12\n0\n3\n6\n6\n0\n6\n0\n6\n3\n6\n0\n0\n1\n6\n3\n12\n6\n0\n0\n12\n0\n6\n0\n6\n6\n12\n0\n0\n6\n0\n0\n6\n0\n12\n3\n6\n0\n6\n3\n9\n6\n3\n6\n6\n0\n6\n0\n6\n0\n15\n6\n0\n0\n6\n0\n3\n3\n12\n0\n12\n6\n6\n0\n3\n6\n6\n3\n12\n0\n6\n0\n9\n6\n0\n0\n6\n3\n12\n1\n6\n6\n6\n6\n0\n0\n18\n0\n12\n0\n3\n6\n12\n0\n0\n6\n3\n6\n12\n0\n12\n0\n0\n0\n9\n3\n9\n6\n12\n3\n12\n0\n3\n6\n6\n0\n12\n0\n12\n0\n9\n9\n0\n0\n6\n3\n6\n3\n12\n6\n9\n3\n6\n0\n12\n3\n6\n3\n9\n6\n12\n6\n6\n0\n6\n0\n9\n6\n6\n0\n12\n3\n6\n0\n9\n6\n6\n1\n6\n0\n21\n12\n6\n0\n12\n0\n12\n0\n0\n6\n15\n6\n0\n6\n12\n0\n12\n0\n12\n0\n0\n0\n12\n0\n12\n12\n3\n3\n18\n3\n6\n3\n6\n6\n9\n9\n18\n0\n6\n0\n12\n0\n9\n6\n0\n3\n12\n3\n6\n6\n12\n6\n6\n0\n0\n0\n15\n3\n18\n3\n18\n3\n12\n6\n3\n6\n9\n0\n12\n0\n12\n0\n18\n12\n0\n0\n12\n3\n6\n0\n6\n6\n9\n6\n0\n0\n18\n1\n18\n3\n12\n6\n6\n6\n12\n0\n15\n6\n12\n6\n18\n0\n0\n6\n0\n9\n12\n0\n18\n0\n6\n3\n12\n0\n12\n12\n0\n0\n12\n0\n3\n6\n""}, {""input"": ""48\n"", ""output"": ""0\n0\n0\n0\n0\n1\n0\n0\n0\n0\n3\n0\n0\n0\n0\n0\n3\n3\n0\n0\n0\n0\n0\n1\n6\n0\n3\n0\n0\n0\n0\n0\n3\n3\n6\n0\n0\n3\n0\n0\n0\n0\n3\n3\n6\n0\n6\n0\n""}, {""input"": ""218\n"", ""output"": ""0\n0\n0\n0\n0\n1\n0\n0\n0\n0\n3\n0\n0\n0\n0\n0\n3\n3\n0\n0\n0\n0\n0\n1\n6\n0\n3\n0\n0\n0\n0\n0\n3\n3\n6\n0\n0\n3\n0\n0\n0\n0\n3\n3\n6\n0\n6\n0\n0\n0\n3\n0\n0\n1\n6\n0\n6\n6\n0\n0\n6\n0\n0\n0\n0\n3\n3\n3\n6\n0\n6\n3\n6\n0\n0\n0\n6\n0\n0\n0\n3\n3\n9\n0\n6\n3\n6\n0\n3\n6\n0\n0\n0\n0\n6\n1\n6\n0\n6\n6\n0\n3\n12\n0\n6\n0\n0\n3\n6\n0\n0\n0\n3\n3\n12\n0\n6\n3\n6\n0\n3\n6\n9\n0\n6\n0\n0\n0\n3\n6\n3\n3\n6\n0\n6\n3\n12\n0\n3\n6\n6\n0\n6\n0\n6\n3\n6\n0\n0\n1\n6\n3\n12\n6\n0\n0\n12\n0\n6\n0\n6\n6\n12\n0\n0\n6\n0\n0\n6\n0\n12\n3\n6\n0\n6\n3\n9\n6\n3\n6\n6\n0\n6\n0\n6\n0\n15\n6\n0\n0\n6\n0\n3\n3\n12\n0\n12\n6\n6\n0\n3\n6\n6\n3\n12\n0\n6\n0\n9\n6\n0\n0\n6\n3\n12\n1\n6\n6\n""}, {""input"": ""153\n"", ""output"": ""0\n0\n0\n0\n0\n1\n0\n0\n0\n0\n3\n0\n0\n0\n0\n0\n3\n3\n0\n0\n0\n0\n0\n1\n6\n0\n3\n0\n0\n0\n0\n0\n3\n3\n6\n0\n0\n3\n0\n0\n0\n0\n3\n3\n6\n0\n6\n0\n0\n0\n3\n0\n0\n1\n6\n0\n6\n6\n0\n0\n6\n0\n0\n0\n0\n3\n3\n3\n6\n0\n6\n3\n6\n0\n0\n0\n6\n0\n0\n0\n3\n3\n9\n0\n6\n3\n6\n0\n3\n6\n0\n0\n0\n0\n6\n1\n6\n0\n6\n6\n0\n3\n12\n0\n6\n0\n0\n3\n6\n0\n0\n0\n3\n3\n12\n0\n6\n3\n6\n0\n3\n6\n9\n0\n6\n0\n0\n0\n3\n6\n3\n3\n6\n0\n6\n3\n12\n0\n3\n6\n6\n0\n6\n0\n6\n3\n6\n0\n0\n1\n6\n3\n12\n""}, {""input"": ""344\n"", ""output"": ""0\n0\n0\n0\n0\n1\n0\n0\n0\n0\n3\n0\n0\n0\n0\n0\n3\n3\n0\n0\n0\n0\n0\n1\n6\n0\n3\n0\n0\n0\n0\n0\n3\n3\n6\n0\n0\n3\n0\n0\n0\n0\n3\n3\n6\n0\n6\n0\n0\n0\n3\n0\n0\n1\n6\n0\n6\n6\n0\n0\n6\n0\n0\n0\n0\n3\n3\n3\n6\n0\n6\n3\n6\n0\n0\n0\n6\n0\n0\n0\n3\n3\n9\n0\n6\n3\n6\n0\n3\n6\n0\n0\n0\n0\n6\n1\n6\n0\n6\n6\n0\n3\n12\n0\n6\n0\n0\n3\n6\n0\n0\n0\n3\n3\n12\n0\n6\n3\n6\n0\n3\n6\n9\n0\n6\n0\n0\n0\n3\n6\n3\n3\n6\n0\n6\n3\n12\n0\n3\n6\n6\n0\n6\n0\n6\n3\n6\n0\n0\n1\n6\n3\n12\n6\n0\n0\n12\n0\n6\n0\n6\n6\n12\n0\n0\n6\n0\n0\n6\n0\n12\n3\n6\n0\n6\n3\n9\n6\n3\n6\n6\n0\n6\n0\n6\n0\n15\n6\n0\n0\n6\n0\n3\n3\n12\n0\n12\n6\n6\n0\n3\n6\n6\n3\n12\n0\n6\n0\n9\n6\n0\n0\n6\n3\n12\n1\n6\n6\n6\n6\n0\n0\n18\n0\n12\n0\n3\n6\n12\n0\n0\n6\n3\n6\n12\n0\n12\n0\n0\n0\n9\n3\n9\n6\n12\n3\n12\n0\n3\n6\n6\n0\n12\n0\n12\n0\n9\n9\n0\n0\n6\n3\n6\n3\n12\n6\n9\n3\n6\n0\n12\n3\n6\n3\n9\n6\n12\n6\n6\n0\n6\n0\n9\n6\n6\n0\n12\n3\n6\n0\n9\n6\n6\n1\n6\n0\n21\n12\n6\n0\n12\n0\n12\n0\n0\n6\n15\n6\n0\n6\n12\n0\n12\n0\n12\n0\n0\n0\n12\n0\n12\n12\n3\n3\n18\n3\n6\n3\n6\n6\n9\n9\n18\n0\n6\n0\n12\n0\n9\n6\n0\n3\n12\n3\n""}, {""input"": ""56\n"", ""output"": ""0\n0\n0\n0\n0\n1\n0\n0\n0\n0\n3\n0\n0\n0\n0\n0\n3\n3\n0\n0\n0\n0\n0\n1\n6\n0\n3\n0\n0\n0\n0\n0\n3\n3\n6\n0\n0\n3\n0\n0\n0\n0\n3\n3\n6\n0\n6\n0\n0\n0\n3\n0\n0\n1\n6\n0\n""}, {""input"": ""335\n"", ""output"": ""0\n0\n0\n0\n0\n1\n0\n0\n0\n0\n3\n0\n0\n0\n0\n0\n3\n3\n0\n0\n0\n0\n0\n1\n6\n0\n3\n0\n0\n0\n0\n0\n3\n3\n6\n0\n0\n3\n0\n0\n0\n0\n3\n3\n6\n0\n6\n0\n0\n0\n3\n0\n0\n1\n6\n0\n6\n6\n0\n0\n6\n0\n0\n0\n0\n3\n3\n3\n6\n0\n6\n3\n6\n0\n0\n0\n6\n0\n0\n0\n3\n3\n9\n0\n6\n3\n6\n0\n3\n6\n0\n0\n0\n0\n6\n1\n6\n0\n6\n6\n0\n3\n12\n0\n6\n0\n0\n3\n6\n0\n0\n0\n3\n3\n12\n0\n6\n3\n6\n0\n3\n6\n9\n0\n6\n0\n0\n0\n3\n6\n3\n3\n6\n0\n6\n3\n12\n0\n3\n6\n6\n0\n6\n0\n6\n3\n6\n0\n0\n1\n6\n3\n12\n6\n0\n0\n12\n0\n6\n0\n6\n6\n12\n0\n0\n6\n0\n0\n6\n0\n12\n3\n6\n0\n6\n3\n9\n6\n3\n6\n6\n0\n6\n0\n6\n0\n15\n6\n0\n0\n6\n0\n3\n3\n12\n0\n12\n6\n6\n0\n3\n6\n6\n3\n12\n0\n6\n0\n9\n6\n0\n0\n6\n3\n12\n1\n6\n6\n6\n6\n0\n0\n18\n0\n12\n0\n3\n6\n12\n0\n0\n6\n3\n6\n12\n0\n12\n0\n0\n0\n9\n3\n9\n6\n12\n3\n12\n0\n3\n6\n6\n0\n12\n0\n12\n0\n9\n9\n0\n0\n6\n3\n6\n3\n12\n6\n9\n3\n6\n0\n12\n3\n6\n3\n9\n6\n12\n6\n6\n0\n6\n0\n9\n6\n6\n0\n12\n3\n6\n0\n9\n6\n6\n1\n6\n0\n21\n12\n6\n0\n12\n0\n12\n0\n0\n6\n15\n6\n0\n6\n12\n0\n12\n0\n12\n0\n0\n0\n12\n0\n12\n12\n3\n3\n18\n3\n6\n3\n6\n6\n9\n9\n18\n0\n6\n""}, {""input"": ""270\n"", ""output"": ""0\n0\n0\n0\n0\n1\n0\n0\n0\n0\n3\n0\n0\n0\n0\n0\n3\n3\n0\n0\n0\n0\n0\n1\n6\n0\n3\n0\n0\n0\n0\n0\n3\n3\n6\n0\n0\n3\n0\n0\n0\n0\n3\n3\n6\n0\n6\n0\n0\n0\n3\n0\n0\n1\n6\n0\n6\n6\n0\n0\n6\n0\n0\n0\n0\n3\n3\n3\n6\n0\n6\n3\n6\n0\n0\n0\n6\n0\n0\n0\n3\n3\n9\n0\n6\n3\n6\n0\n3\n6\n0\n0\n0\n0\n6\n1\n6\n0\n6\n6\n0\n3\n12\n0\n6\n0\n0\n3\n6\n0\n0\n0\n3\n3\n12\n0\n6\n3\n6\n0\n3\n6\n9\n0\n6\n0\n0\n0\n3\n6\n3\n3\n6\n0\n6\n3\n12\n0\n3\n6\n6\n0\n6\n0\n6\n3\n6\n0\n0\n1\n6\n3\n12\n6\n0\n0\n12\n0\n6\n0\n6\n6\n12\n0\n0\n6\n0\n0\n6\n0\n12\n3\n6\n0\n6\n3\n9\n6\n3\n6\n6\n0\n6\n0\n6\n0\n15\n6\n0\n0\n6\n0\n3\n3\n12\n0\n12\n6\n6\n0\n3\n6\n6\n3\n12\n0\n6\n0\n9\n6\n0\n0\n6\n3\n12\n1\n6\n6\n6\n6\n0\n0\n18\n0\n12\n0\n3\n6\n12\n0\n0\n6\n3\n6\n12\n0\n12\n0\n0\n0\n9\n3\n9\n6\n12\n3\n12\n0\n3\n6\n6\n0\n12\n0\n12\n0\n9\n9\n0\n0\n6\n3\n6\n3\n12\n6\n9\n3\n6\n0\n""}, {""input"": ""587\n"", ""output"": ""0\n0\n0\n0\n0\n1\n0\n0\n0\n0\n3\n0\n0\n0\n0\n0\n3\n3\n0\n0\n0\n0\n0\n1\n6\n0\n3\n0\n0\n0\n0\n0\n3\n3\n6\n0\n0\n3\n0\n0\n0\n0\n3\n3\n6\n0\n6\n0\n0\n0\n3\n0\n0\n1\n6\n0\n6\n6\n0\n0\n6\n0\n0\n0\n0\n3\n3\n3\n6\n0\n6\n3\n6\n0\n0\n0\n6\n0\n0\n0\n3\n3\n9\n0\n6\n3\n6\n0\n3\n6\n0\n0\n0\n0\n6\n1\n6\n0\n6\n6\n0\n3\n12\n0\n6\n0\n0\n3\n6\n0\n0\n0\n3\n3\n12\n0\n6\n3\n6\n0\n3\n6\n9\n0\n6\n0\n0\n0\n3\n6\n3\n3\n6\n0\n6\n3\n12\n0\n3\n6\n6\n0\n6\n0\n6\n3\n6\n0\n0\n1\n6\n3\n12\n6\n0\n0\n12\n0\n6\n0\n6\n6\n12\n0\n0\n6\n0\n0\n6\n0\n12\n3\n6\n0\n6\n3\n9\n6\n3\n6\n6\n0\n6\n0\n6\n0\n15\n6\n0\n0\n6\n0\n3\n3\n12\n0\n12\n6\n6\n0\n3\n6\n6\n3\n12\n0\n6\n0\n9\n6\n0\n0\n6\n3\n12\n1\n6\n6\n6\n6\n0\n0\n18\n0\n12\n0\n3\n6\n12\n0\n0\n6\n3\n6\n12\n0\n12\n0\n0\n0\n9\n3\n9\n6\n12\n3\n12\n0\n3\n6\n6\n0\n12\n0\n12\n0\n9\n9\n0\n0\n6\n3\n6\n3\n12\n6\n9\n3\n6\n0\n12\n3\n6\n3\n9\n6\n12\n6\n6\n0\n6\n0\n9\n6\n6\n0\n12\n3\n6\n0\n9\n6\n6\n1\n6\n0\n21\n12\n6\n0\n12\n0\n12\n0\n0\n6\n15\n6\n0\n6\n12\n0\n12\n0\n12\n0\n0\n0\n12\n0\n12\n12\n3\n3\n18\n3\n6\n3\n6\n6\n9\n9\n18\n0\n6\n0\n12\n0\n9\n6\n0\n3\n12\n3\n6\n6\n12\n6\n6\n0\n0\n0\n15\n3\n18\n3\n18\n3\n12\n6\n3\n6\n9\n0\n12\n0\n12\n0\n18\n12\n0\n0\n12\n3\n6\n0\n6\n6\n9\n6\n0\n0\n18\n1\n18\n3\n12\n6\n6\n6\n12\n0\n15\n6\n12\n6\n18\n0\n0\n6\n0\n9\n12\n0\n18\n0\n6\n3\n12\n0\n12\n12\n0\n0\n12\n0\n3\n6\n12\n6\n18\n9\n18\n0\n9\n6\n18\n0\n6\n0\n6\n3\n27\n6\n6\n6\n6\n3\n6\n0\n12\n6\n9\n0\n6\n0\n18\n0\n9\n9\n15\n3\n12\n6\n6\n3\n9\n6\n12\n12\n18\n0\n18\n0\n6\n6\n21\n6\n0\n0\n6\n3\n15\n6\n12\n6\n18\n0\n0\n0\n12\n6\n6\n3\n6\n4\n18\n6\n12\n6\n3\n9\n30\n0\n18\n0\n6\n6\n12\n6\n6\n9\n12\n0\n18\n6\n18\n0\n6\n0\n12\n0\n6\n12\n6\n3\n18\n0\n6\n6\n6\n6\n15\n3\n24\n0\n6\n3\n18\n0\n12\n6\n12\n6\n24\n0\n15\n18\n9\n6\n0\n0\n18\n3\n6\n0\n15\n12\n12\n6\n6\n0\n18\n0\n6\n3\n12\n0\n12\n6\n6\n9\n9\n6\n24\n3\n24\n0\n9\n12\n6\n6\n12\n0\n12\n0\n21\n9\n15\n6\n12\n3\n18\n3\n12\n6\n12\n""}, {""input"": ""50\n"", ""output"": ""0\n0\n0\n0\n0\n1\n0\n0\n0\n0\n3\n0\n0\n0\n0\n0\n3\n3\n0\n0\n0\n0\n0\n1\n6\n0\n3\n0\n0\n0\n0\n0\n3\n3\n6\n0\n0\n3\n0\n0\n0\n0\n3\n3\n6\n0\n6\n0\n0\n0\n""}, {""input"": ""20\n"", ""output"": ""0\n0\n0\n0\n0\n1\n0\n0\n0\n0\n3\n0\n0\n0\n0\n0\n3\n3\n0\n0\n""}, {""input"": ""20\n"", ""output"": ""0\n0\n0\n0\n0\n1\n0\n0\n0\n0\n3\n0\n0\n0\n0\n0\n3\n3\n0\n0\n""}]","Given the following C code and assembly code, your task is to generate highly optimized x86-64 assembly code.
C Code:

```c
#include <stdio.h>
int main(){
  int n, tmp=0, cnt[10000+1]={0};
  scanf(""%d"", &n);
  for(int x=1; x<=100; x++){
    for(int y=1; y<=100; y++){
      for(int z=1; z<=100; z++){
        tmp = x*x + y*y + z*z + x*y + y*z + z*x;
        if( tmp <= 10000 ){ cnt[tmp]++; }
      }
    }
  }
  for(int i=1; i<=n; i++){ printf(""%d\n"",cnt[i]); }
  return 0;
}
```

Assembly Code:

```assembly
	.file	""temp.c""
	.text
	.section	.rodata.str1.1,""aMS"",@progbits,1
.LC0:
	.string	""%d""
.LC1:
	.string	""%d\n""
	.section	.text.startup,""ax"",@progbits
	.p2align 4
	.globl	main
	.type	main, @function
main:
.LFB23:
	.cfi_startproc
	endbr64
	pushq	%r12
	.cfi_def_cfa_offset 16
	.cfi_offset 12, -16
	pushq	%rbp
	.cfi_def_cfa_offset 24
	.cfi_offset 6, -24
	pushq	%rbx
	.cfi_def_cfa_offset 32
	.cfi_offset 3, -32
	leaq	-36864(%rsp), %r11
	.cfi_def_cfa 11, 36896
.LPSRL0:
	subq	$4096, %rsp
	orq	$0, (%rsp)
	cmpq	%r11, %rsp
	jne	.LPSRL0
	.cfi_def_cfa_register 7
	subq	$3168, %rsp
	.cfi_def_cfa_offset 40064
	movl	$40004, %edx
	xorl	%esi, %esi
	movq	%fs:40, %rax
	movq	%rax, 40024(%rsp)
	xorl	%eax, %eax
	leaq	16(%rsp), %rbx
	movq	%rbx, %rdi
	call	memset@PLT
	leaq	12(%rsp), %rsi
	leaq	.LC0(%rip), %rdi
	xorl	%eax, %eax
	call	__isoc99_scanf@PLT
	movl	$1, %r9d
.L2:
	movl	%r9d, %r11d
	movl	%r9d, %r10d
	movl	$1, %edi
	imull	%r9d, %r11d
.L8:
	movl	%edi, %r8d
	movl	%r9d, %esi
	movl	%edi, %ecx
	movl	$1, %edx
	imull	%edi, %r8d
	addl	%r11d, %r8d
	.p2align 4,,10
	.p2align 3
.L4:
	movl	%edx, %eax
	imull	%edx, %eax
	addl	%r8d, %eax
	addl	%r10d, %eax
	addl	%ecx, %eax
	addl	%esi, %eax
	cmpl	$10000, %eax
	jg	.L3
	cltq
	addl	$1, 16(%rsp,%rax,4)
.L3:
	addl	$1, %edx
	addl	%edi, %ecx
	addl	%r9d, %esi
	cmpl	$101, %edx
	jne	.L4
	addl	$1, %edi
	addl	%r9d, %r10d
	cmpl	$101, %edi
	jne	.L8
	addl	$1, %r9d
	cmpl	$101, %r9d
	jne	.L2
	movl	12(%rsp), %eax
	movl	$1, %ebp
	leaq	.LC1(%rip), %r12
	testl	%eax, %eax
	jle	.L7
.L6:
	movl	(%rbx,%rbp,4), %edx
	movq	%r12, %rsi
	movl	$1, %edi
	xorl	%eax, %eax
	addq	$1, %rbp
	call	__printf_chk@PLT
	cmpl	%ebp, 12(%rsp)
	jge	.L6
.L7:
	movq	40024(%rsp), %rax
	subq	%fs:40, %rax
	jne	.L17
	addq	$40032, %rsp
	.cfi_remember_state
	.cfi_def_cfa_offset 32
	xorl	%eax, %eax
	popq	%rbx
	.cfi_def_cfa_offset 24
	popq	%rbp
	.cfi_def_cfa_offset 16
	popq	%r12
	.cfi_def_cfa_offset 8
	ret
.L17:
	.cfi_restore_state
	call	__stack_chk_fail@PLT
	.cfi_endproc
.LFE23:
	.size	main, .-main
	.ident	""GCC: (Ubuntu 11.4.0-1ubuntu1~22.04) 11.4.0""
	.section	.note.GNU-stack,"""",@progbits
	.section	.note.gnu.property,""a""
	.align 8
	.long	1f - 0f
	.long	4f - 1f
	.long	5
0:
	.string	""GNU""
1:
	.align 8
	.long	0xc0000002
	.long	3f - 2f
2:
	.long	0x3
3:
	.align 8
4:
```

Only output the optimized assembly code. Do not include any other text. Do not write any comments in the assembly code. Wrap the assembly code in ```assembly``` tags.
Optimized Assembly Code:
","Given the following C code, your task is to generate highly optimized x86-64 assembly code.
C Code:

```c
#include <stdio.h>
int main(){
  int n, tmp=0, cnt[10000+1]={0};
  scanf(""%d"", &n);
  for(int x=1; x<=100; x++){
    for(int y=1; y<=100; y++){
      for(int z=1; z<=100; z++){
        tmp = x*x + y*y + z*z + x*y + y*z + z*x;
        if( tmp <= 10000 ){ cnt[tmp]++; }
      }
    }
  }
  for(int i=1; i<=n; i++){ printf(""%d\n"",cnt[i]); }
  return 0;
}
```

Only output the optimized assembly code. Do not include any other text. Do not write any comments in the assembly code. Wrap the assembly code in ```assembly``` tags.
Optimized Assembly Code:
"
38,"```c
#include <stdio.h>
#include <stdlib.h>

int main ()
{
  double n,ans;

  scanf(""%lf"", &n);

  if((int)n%2 == 0)
    ans = n / (n*2) ;
  else
    ans = 1-(n-1)/(2*n);

  printf(""%lf"",ans );
  return 0;
}
```","[{""input"": ""8\n"", ""output"": ""0.500000""}, {""input"": ""11\n"", ""output"": ""0.545455""}, {""input"": ""19\n"", ""output"": ""0.526316""}, {""input"": ""21\n"", ""output"": ""0.523810""}, {""input"": ""3\n"", ""output"": ""0.666667""}, {""input"": ""9\n"", ""output"": ""0.555556""}, {""input"": ""39\n"", ""output"": ""0.512821""}, {""input"": ""-1\n"", ""output"": ""0.000000""}, {""input"": ""53\n"", ""output"": ""0.509434""}, {""input"": ""33\n"", ""output"": ""0.515152""}, {""input"": ""-3\n"", ""output"": ""0.333333""}, {""input"": ""47\n"", ""output"": ""0.510638""}, {""input"": ""69\n"", ""output"": ""0.507246""}, {""input"": ""17\n"", ""output"": ""0.529412""}, {""input"": ""-11\n"", ""output"": ""0.454545""}, {""input"": ""25\n"", ""output"": ""0.520000""}, {""input"": ""-13\n"", ""output"": ""0.461538""}, {""input"": ""-25\n"", ""output"": ""0.480000""}, {""input"": ""57\n"", ""output"": ""0.508772""}, {""input"": ""-9\n"", ""output"": ""0.444444""}, {""input"": ""37\n"", ""output"": ""0.513514""}, {""input"": ""23\n"", ""output"": ""0.521739""}, {""input"": ""-5\n"", ""output"": ""0.400000""}, {""input"": ""-7\n"", ""output"": ""0.428571""}, {""input"": ""45\n"", ""output"": ""0.511111""}, {""input"": ""15\n"", ""output"": ""0.533333""}, {""input"": ""87\n"", ""output"": ""0.505747""}, {""input"": ""29\n"", ""output"": ""0.517241""}, {""input"": ""13\n"", ""output"": ""0.538462""}, {""input"": ""7\n"", ""output"": ""0.571429""}, {""input"": ""139\n"", ""output"": ""0.503597""}, {""input"": ""-21\n"", ""output"": ""0.476190""}, {""input"": ""-17\n"", ""output"": ""0.470588""}, {""input"": ""-33\n"", ""output"": ""0.484848""}, {""input"": ""-35\n"", ""output"": ""0.485714""}, {""input"": ""-113\n"", ""output"": ""0.495575""}, {""input"": ""-175\n"", ""output"": ""0.497143""}, {""input"": ""-87\n"", ""output"": ""0.494253""}, {""input"": ""-83\n"", ""output"": ""0.493976""}, {""input"": ""-193\n"", ""output"": ""0.497409""}, {""input"": ""-291\n"", ""output"": ""0.498282""}, {""input"": ""-43\n"", ""output"": ""0.488372""}, {""input"": ""27\n"", ""output"": ""0.518519""}, {""input"": ""-855\n"", ""output"": ""0.499415""}, {""input"": ""-1297\n"", ""output"": ""0.499614""}, {""input"": ""71\n"", ""output"": ""0.507042""}, {""input"": ""-669\n"", ""output"": ""0.499253""}, {""input"": ""-1299\n"", ""output"": ""0.499615""}, {""input"": ""-685\n"", ""output"": ""0.499270""}, {""input"": ""-919\n"", ""output"": ""0.499456""}, {""input"": ""67\n"", ""output"": ""0.507463""}, {""input"": ""-1739\n"", ""output"": ""0.499712""}, {""input"": ""-2609\n"", ""output"": ""0.499808""}, {""input"": ""-1173\n"", ""output"": ""0.499574""}, {""input"": ""41\n"", ""output"": ""0.512195""}, {""input"": ""-59\n"", ""output"": ""0.491525""}, {""input"": ""49\n"", ""output"": ""0.510204""}, {""input"": ""-2019\n"", ""output"": ""0.499752""}, {""input"": ""-4637\n"", ""output"": ""0.499892""}, {""input"": ""-27\n"", ""output"": ""0.481481""}, {""input"": ""-7871\n"", ""output"": ""0.499936""}, {""input"": ""-51\n"", ""output"": ""0.490196""}, {""input"": ""-85\n"", ""output"": ""0.494118""}, {""input"": ""-61\n"", ""output"": ""0.491803""}, {""input"": ""-31\n"", ""output"": ""0.483871""}, {""input"": ""-15\n"", ""output"": ""0.466667""}, {""input"": ""-93\n"", ""output"": ""0.494624""}, {""input"": ""-81\n"", ""output"": ""0.493827""}, {""input"": ""-29\n"", ""output"": ""0.482759""}, {""input"": ""-19\n"", ""output"": ""0.473684""}, {""input"": ""-39\n"", ""output"": ""0.487179""}, {""input"": ""-119\n"", ""output"": ""0.495798""}, {""input"": ""-49\n"", ""output"": ""0.489796""}, {""input"": ""-115\n"", ""output"": ""0.495652""}, {""input"": ""-23\n"", ""output"": ""0.478261""}, {""input"": ""-121\n"", ""output"": ""0.495868""}, {""input"": ""-57\n"", ""output"": ""0.491228""}, {""input"": ""31\n"", ""output"": ""0.516129""}, {""input"": ""75\n"", ""output"": ""0.506667""}, {""input"": ""-143\n"", ""output"": ""0.496503""}, {""input"": ""-53\n"", ""output"": ""0.490566""}, {""input"": ""103\n"", ""output"": ""0.504854""}, {""input"": ""111\n"", ""output"": ""0.504505""}, {""input"": ""85\n"", ""output"": ""0.505882""}, {""input"": ""-65\n"", ""output"": ""0.492308""}, {""input"": ""-101\n"", ""output"": ""0.495050""}, {""input"": ""-77\n"", ""output"": ""0.493506""}, {""input"": ""-45\n"", ""output"": ""0.488889""}, {""input"": ""35\n"", ""output"": ""0.514286""}, {""input"": ""141\n"", ""output"": ""0.503546""}, {""input"": ""-67\n"", ""output"": ""0.492537""}, {""input"": ""77\n"", ""output"": ""0.506494""}, {""input"": ""55\n"", ""output"": ""0.509091""}, {""input"": ""105\n"", ""output"": ""0.504762""}, {""input"": ""43\n"", ""output"": ""0.511628""}, {""input"": ""125\n"", ""output"": ""0.504000""}, {""input"": ""213\n"", ""output"": ""0.502347""}, {""input"": ""127\n"", ""output"": ""0.503937""}, {""input"": ""65\n"", ""output"": ""0.507692""}, {""input"": ""-37\n"", ""output"": ""0.486486""}, {""input"": ""4\n"", ""output"": ""0.500000""}, {""input"": ""4\n"", ""output"": ""0.500000""}, {""input"": ""5\n"", ""output"": ""0.600000""}, {""input"": ""1\n"", ""output"": ""1.000000""}]","Given the following C code and assembly code, your task is to generate highly optimized x86-64 assembly code.
C Code:

```c
#include <stdio.h>
#include <stdlib.h>

int main ()
{
  double n,ans;

  scanf(""%lf"", &n);

  if((int)n%2 == 0)
    ans = n / (n*2) ;
  else
    ans = 1-(n-1)/(2*n);

  printf(""%lf"",ans );
  return 0;
}
```

Assembly Code:

```assembly
	.file	""temp.c""
	.text
	.section	.rodata.str1.1,""aMS"",@progbits,1
.LC0:
	.string	""%lf""
	.section	.text.startup,""ax"",@progbits
	.p2align 4
	.globl	main
	.type	main, @function
main:
.LFB39:
	.cfi_startproc
	endbr64
	pushq	%rbp
	.cfi_def_cfa_offset 16
	.cfi_offset 6, -16
	leaq	.LC0(%rip), %rbp
	movq	%rbp, %rdi
	subq	$16, %rsp
	.cfi_def_cfa_offset 32
	movq	%fs:40, %rax
	movq	%rax, 8(%rsp)
	xorl	%eax, %eax
	movq	%rsp, %rsi
	call	__isoc99_scanf@PLT
	movsd	(%rsp), %xmm1
	cvttsd2sil	%xmm1, %eax
	testb	$1, %al
	jne	.L2
	movapd	%xmm1, %xmm2
	movapd	%xmm1, %xmm0
	addsd	%xmm1, %xmm2
	divsd	%xmm2, %xmm0
.L3:
	movq	%rbp, %rsi
	movl	$1, %edi
	movl	$1, %eax
	call	__printf_chk@PLT
	movq	8(%rsp), %rax
	subq	%fs:40, %rax
	jne	.L7
	addq	$16, %rsp
	.cfi_remember_state
	.cfi_def_cfa_offset 16
	xorl	%eax, %eax
	popq	%rbp
	.cfi_def_cfa_offset 8
	ret
.L2:
	.cfi_restore_state
	movsd	.LC1(%rip), %xmm0
	movapd	%xmm1, %xmm2
	addsd	%xmm1, %xmm1
	subsd	%xmm0, %xmm2
	divsd	%xmm1, %xmm2
	subsd	%xmm2, %xmm0
	jmp	.L3
.L7:
	call	__stack_chk_fail@PLT
	.cfi_endproc
.LFE39:
	.size	main, .-main
	.section	.rodata.cst8,""aM"",@progbits,8
	.align 8
.LC1:
	.long	0
	.long	1072693248
	.ident	""GCC: (Ubuntu 11.4.0-1ubuntu1~22.04) 11.4.0""
	.section	.note.GNU-stack,"""",@progbits
	.section	.note.gnu.property,""a""
	.align 8
	.long	1f - 0f
	.long	4f - 1f
	.long	5
0:
	.string	""GNU""
1:
	.align 8
	.long	0xc0000002
	.long	3f - 2f
2:
	.long	0x3
3:
	.align 8
4:
```

Only output the optimized assembly code. Do not include any other text. Do not write any comments in the assembly code. Wrap the assembly code in ```assembly``` tags.
Optimized Assembly Code:
","Given the following C code, your task is to generate highly optimized x86-64 assembly code.
C Code:

```c
#include <stdio.h>
#include <stdlib.h>

int main ()
{
  double n,ans;

  scanf(""%lf"", &n);

  if((int)n%2 == 0)
    ans = n / (n*2) ;
  else
    ans = 1-(n-1)/(2*n);

  printf(""%lf"",ans );
  return 0;
}
```

Only output the optimized assembly code. Do not include any other text. Do not write any comments in the assembly code. Wrap the assembly code in ```assembly``` tags.
Optimized Assembly Code:
"
39,"```c
#include <limits.h>
#include <stdint.h>
#include <stdio.h>
#include <stdlib.h>
#include <string.h>
#include <time.h>
#include <unistd.h>
#include <math.h>

#define P 1000000007

int comp(const void *a, const void *b){return *(int*)a-*(int*)b;}

int main(void){
	int n, i;
	int a[10000], b[10000];
	long A=0, B=0;
	scanf(""%d"", &n);
	for(i=0; i<n; i++){ scanf(""%d"", &a[i]); A+=a[i]; }
	for(i=0; i<n; i++){ scanf(""%d"", &b[i]); B+=b[i]; }
	long c=0, d=0;
	for(i=0; i<n; i++){
		if(a[i]<b[i]){c+=(b[i]-a[i])/2;}
		if(a[i]>b[i]){d+=a[i]-b[i];}
	}
	puts(c>=d?""Yes"":""No"");
}
```","[{""input"": ""5\n3 1 6 1 5\n2 7 1 8 2\n"", ""output"": ""No\n""}, {""input"": ""3\n1 2 2\n5 2 2\n"", ""output"": ""Yes\n""}, {""input"": ""5\n2 8 1 8 2\n3 1 4 1 5\n"", ""output"": ""No\n""}, {""input"": ""5\n3 1 7 1 5\n2 7 1 8 2\n"", ""output"": ""No\n""}, {""input"": ""5\n2 8 1 8 2\n5 1 4 1 5\n"", ""output"": ""No\n""}, {""input"": ""3\n1 2 2\n4 2 2\n"", ""output"": ""Yes\n""}, {""input"": ""5\n3 1 8 1 5\n2 7 1 8 2\n"", ""output"": ""No\n""}, {""input"": ""5\n2 8 1 8 2\n5 1 4 0 5\n"", ""output"": ""No\n""}, {""input"": ""3\n1 2 3\n4 2 2\n"", ""output"": ""Yes\n""}, {""input"": ""5\n3 1 8 2 5\n2 7 1 8 2\n"", ""output"": ""No\n""}, {""input"": ""5\n2 8 1 8 2\n5 1 5 0 5\n"", ""output"": ""No\n""}, {""input"": ""3\n0 2 3\n4 2 2\n"", ""output"": ""Yes\n""}, {""input"": ""5\n3 1 8 2 5\n2 7 1 8 4\n"", ""output"": ""No\n""}, {""input"": ""5\n2 8 1 8 2\n5 2 5 0 5\n"", ""output"": ""No\n""}, {""input"": ""3\n1 2 1\n4 2 2\n"", ""output"": ""Yes\n""}, {""input"": ""5\n3 1 8 2 5\n2 7 1 4 4\n"", ""output"": ""No\n""}, {""input"": ""5\n2 8 1 8 2\n5 2 10 0 5\n"", ""output"": ""No\n""}, {""input"": ""3\n0 2 2\n4 2 2\n"", ""output"": ""Yes\n""}, {""input"": ""5\n3 2 8 2 5\n2 7 1 4 4\n"", ""output"": ""No\n""}, {""input"": ""5\n2 8 1 8 2\n2 2 10 0 5\n"", ""output"": ""No\n""}, {""input"": ""3\n0 2 2\n7 2 2\n"", ""output"": ""Yes\n""}, {""input"": ""5\n3 2 8 2 7\n2 7 1 4 4\n"", ""output"": ""No\n""}, {""input"": ""5\n2 8 1 8 2\n2 2 10 0 0\n"", ""output"": ""No\n""}, {""input"": ""3\n0 0 2\n7 2 2\n"", ""output"": ""Yes\n""}, {""input"": ""5\n3 2 8 1 7\n2 7 1 4 4\n"", ""output"": ""No\n""}, {""input"": ""5\n3 8 1 8 2\n2 2 10 0 0\n"", ""output"": ""No\n""}, {""input"": ""3\n0 0 2\n7 2 0\n"", ""output"": ""Yes\n""}, {""input"": ""5\n3 2 8 1 7\n2 7 1 4 7\n"", ""output"": ""No\n""}, {""input"": ""5\n3 8 0 8 2\n2 2 10 0 0\n"", ""output"": ""No\n""}, {""input"": ""3\n0 0 2\n0 2 0\n"", ""output"": ""No\n""}, {""input"": ""5\n3 2 8 1 7\n4 7 1 4 7\n"", ""output"": ""No\n""}, {""input"": ""5\n3 8 0 8 2\n1 2 10 0 0\n"", ""output"": ""No\n""}, {""input"": ""3\n0 -1 2\n0 2 0\n"", ""output"": ""No\n""}, {""input"": ""5\n3 2 8 1 9\n4 7 1 4 7\n"", ""output"": ""No\n""}, {""input"": ""5\n3 8 0 8 2\n0 2 10 0 0\n"", ""output"": ""No\n""}, {""input"": ""3\n0 -2 2\n0 2 0\n"", ""output"": ""Yes\n""}, {""input"": ""5\n3 2 8 1 9\n4 7 0 4 7\n"", ""output"": ""No\n""}, {""input"": ""5\n3 8 0 8 2\n0 2 1 0 0\n"", ""output"": ""No\n""}, {""input"": ""3\n0 -2 2\n-1 2 0\n"", ""output"": ""No\n""}, {""input"": ""5\n3 2 8 2 9\n4 7 0 4 7\n"", ""output"": ""No\n""}, {""input"": ""5\n3 8 1 8 2\n0 2 1 0 0\n"", ""output"": ""No\n""}, {""input"": ""3\n0 0 2\n-1 2 0\n"", ""output"": ""No\n""}, {""input"": ""5\n3 2 8 2 9\n2 7 0 4 7\n"", ""output"": ""No\n""}, {""input"": ""5\n3 3 1 8 2\n0 2 1 0 0\n"", ""output"": ""No\n""}, {""input"": ""3\n0 0 2\n-1 2 1\n"", ""output"": ""No\n""}, {""input"": ""5\n3 2 8 2 9\n2 7 0 4 8\n"", ""output"": ""No\n""}, {""input"": ""5\n0 3 1 8 2\n0 2 1 0 0\n"", ""output"": ""No\n""}, {""input"": ""3\n0 -1 2\n-1 2 1\n"", ""output"": ""No\n""}, {""input"": ""5\n3 2 8 2 9\n2 7 1 4 8\n"", ""output"": ""No\n""}, {""input"": ""5\n0 3 1 8 0\n0 2 1 0 0\n"", ""output"": ""No\n""}, {""input"": ""3\n0 -1 2\n-1 3 1\n"", ""output"": ""Yes\n""}, {""input"": ""5\n3 2 8 2 9\n4 7 1 4 8\n"", ""output"": ""No\n""}, {""input"": ""5\n1 3 1 8 0\n0 2 1 0 0\n"", ""output"": ""No\n""}, {""input"": ""3\n0 -1 2\n-1 3 0\n"", ""output"": ""No\n""}, {""input"": ""5\n3 2 8 2 9\n4 7 1 0 8\n"", ""output"": ""No\n""}, {""input"": ""5\n2 3 1 8 0\n0 2 1 0 0\n"", ""output"": ""No\n""}, {""input"": ""3\n0 -1 3\n-1 3 0\n"", ""output"": ""No\n""}, {""input"": ""5\n3 2 8 2 14\n4 7 1 0 8\n"", ""output"": ""No\n""}, {""input"": ""5\n2 3 1 8 0\n1 2 1 0 0\n"", ""output"": ""No\n""}, {""input"": ""3\n0 -1 1\n-1 3 0\n"", ""output"": ""Yes\n""}, {""input"": ""5\n3 2 8 2 14\n1 7 1 0 8\n"", ""output"": ""No\n""}, {""input"": ""5\n2 3 1 10 0\n1 2 1 0 0\n"", ""output"": ""No\n""}, {""input"": ""3\n0 0 1\n-1 3 0\n"", ""output"": ""No\n""}, {""input"": ""5\n3 2 8 2 14\n1 7 2 0 8\n"", ""output"": ""No\n""}, {""input"": ""5\n2 3 1 19 0\n1 2 1 0 0\n"", ""output"": ""No\n""}, {""input"": ""3\n0 0 1\n-1 3 1\n"", ""output"": ""Yes\n""}, {""input"": ""5\n5 2 8 2 14\n1 7 2 0 8\n"", ""output"": ""No\n""}, {""input"": ""5\n2 3 0 19 0\n1 2 1 0 0\n"", ""output"": ""No\n""}, {""input"": ""3\n0 0 1\n-2 3 1\n"", ""output"": ""No\n""}, {""input"": ""5\n7 2 8 2 14\n1 7 2 0 8\n"", ""output"": ""No\n""}, {""input"": ""5\n2 3 -1 19 0\n1 2 1 0 0\n"", ""output"": ""No\n""}, {""input"": ""3\n0 0 2\n-2 3 1\n"", ""output"": ""No\n""}, {""input"": ""5\n7 2 8 2 14\n1 7 2 -1 8\n"", ""output"": ""No\n""}, {""input"": ""5\n2 3 -1 18 0\n1 2 1 0 0\n"", ""output"": ""No\n""}, {""input"": ""3\n0 -1 2\n-2 3 1\n"", ""output"": ""No\n""}, {""input"": ""5\n7 2 8 2 14\n1 7 2 -1 10\n"", ""output"": ""No\n""}, {""input"": ""5\n2 0 -1 18 0\n1 2 1 0 0\n"", ""output"": ""No\n""}, {""input"": ""3\n0 -1 0\n-2 3 1\n"", ""output"": ""Yes\n""}, {""input"": ""5\n7 2 8 2 11\n1 7 2 -1 10\n"", ""output"": ""No\n""}, {""input"": ""5\n2 0 -1 18 1\n1 2 1 0 0\n"", ""output"": ""No\n""}, {""input"": ""3\n0 -1 0\n-2 3 2\n"", ""output"": ""Yes\n""}, {""input"": ""5\n7 2 8 2 11\n1 7 3 -1 10\n"", ""output"": ""No\n""}, {""input"": ""5\n0 0 -1 18 1\n1 2 1 0 0\n"", ""output"": ""No\n""}, {""input"": ""3\n0 -1 0\n-1 3 2\n"", ""output"": ""Yes\n""}, {""input"": ""5\n7 2 2 2 11\n1 7 3 -1 10\n"", ""output"": ""No\n""}, {""input"": ""5\n0 0 -1 18 1\n1 1 1 0 0\n"", ""output"": ""No\n""}, {""input"": ""3\n0 -1 -1\n-1 3 2\n"", ""output"": ""Yes\n""}, {""input"": ""5\n7 2 2 2 11\n1 7 3 -1 7\n"", ""output"": ""No\n""}, {""input"": ""5\n-1 0 -1 18 1\n1 1 1 0 0\n"", ""output"": ""No\n""}, {""input"": ""3\n0 0 -1\n-1 3 2\n"", ""output"": ""Yes\n""}, {""input"": ""5\n7 2 2 3 11\n1 7 3 -1 7\n"", ""output"": ""No\n""}, {""input"": ""5\n-1 -1 -1 18 1\n1 1 1 0 0\n"", ""output"": ""No\n""}, {""input"": ""3\n1 0 -1\n-1 3 2\n"", ""output"": ""Yes\n""}, {""input"": ""5\n7 2 2 3 11\n1 8 3 -1 7\n"", ""output"": ""No\n""}, {""input"": ""5\n-1 -1 -1 18 1\n1 2 1 0 0\n"", ""output"": ""No\n""}, {""input"": ""3\n1 0 -1\n0 3 2\n"", ""output"": ""Yes\n""}, {""input"": ""5\n7 2 2 3 11\n1 8 3 0 7\n"", ""output"": ""No\n""}, {""input"": ""5\n-1 -1 -1 12 1\n1 2 1 0 0\n"", ""output"": ""No\n""}, {""input"": ""3\n1 0 -2\n-1 3 2\n"", ""output"": ""Yes\n""}, {""input"": ""5\n7 2 2 6 11\n1 8 3 0 7\n"", ""output"": ""No\n""}, {""input"": ""5\n3 1 4 1 5\n2 7 1 8 2\n"", ""output"": ""No\n""}, {""input"": ""3\n1 2 3\n5 2 2\n"", ""output"": ""Yes\n""}, {""input"": ""3\n1 2 3\n5 2 2\n"", ""output"": ""Yes\n""}, {""input"": ""5\n2 7 1 8 2\n3 1 4 1 5\n"", ""output"": ""No\n""}]","Given the following C code and assembly code, your task is to generate highly optimized x86-64 assembly code.
C Code:

```c
#include <limits.h>
#include <stdint.h>
#include <stdio.h>
#include <stdlib.h>
#include <string.h>
#include <time.h>
#include <unistd.h>
#include <math.h>

#define P 1000000007

int comp(const void *a, const void *b){return *(int*)a-*(int*)b;}

int main(void){
	int n, i;
	int a[10000], b[10000];
	long A=0, B=0;
	scanf(""%d"", &n);
	for(i=0; i<n; i++){ scanf(""%d"", &a[i]); A+=a[i]; }
	for(i=0; i<n; i++){ scanf(""%d"", &b[i]); B+=b[i]; }
	long c=0, d=0;
	for(i=0; i<n; i++){
		if(a[i]<b[i]){c+=(b[i]-a[i])/2;}
		if(a[i]>b[i]){d+=a[i]-b[i];}
	}
	puts(c>=d?""Yes"":""No"");
}
```

Assembly Code:

```assembly
	.file	""temp.c""
	.text
	.p2align 4
	.globl	comp
	.type	comp, @function
comp:
.LFB63:
	.cfi_startproc
	endbr64
	movl	(%rdi), %eax
	subl	(%rsi), %eax
	ret
	.cfi_endproc
.LFE63:
	.size	comp, .-comp
	.section	.rodata.str1.1,""aMS"",@progbits,1
.LC0:
	.string	""Yes""
.LC1:
	.string	""No""
.LC2:
	.string	""%d""
	.section	.text.startup,""ax"",@progbits
	.p2align 4
	.globl	main
	.type	main, @function
main:
.LFB64:
	.cfi_startproc
	endbr64
	pushq	%r14
	.cfi_def_cfa_offset 16
	.cfi_offset 14, -16
	pushq	%r13
	.cfi_def_cfa_offset 24
	.cfi_offset 13, -24
	pushq	%r12
	.cfi_def_cfa_offset 32
	.cfi_offset 12, -32
	pushq	%rbp
	.cfi_def_cfa_offset 40
	.cfi_offset 6, -40
	pushq	%rbx
	.cfi_def_cfa_offset 48
	.cfi_offset 3, -48
	leaq	-77824(%rsp), %r11
	.cfi_def_cfa 11, 77872
.LPSRL0:
	subq	$4096, %rsp
	orq	$0, (%rsp)
	cmpq	%r11, %rsp
	jne	.LPSRL0
	.cfi_def_cfa_register 7
	subq	$2208, %rsp
	.cfi_def_cfa_offset 80080
	leaq	.LC2(%rip), %r14
	movq	%r14, %rdi
	movq	%fs:40, %rax
	movq	%rax, 80024(%rsp)
	xorl	%eax, %eax
	leaq	12(%rsp), %rsi
	call	__isoc99_scanf@PLT
	movl	12(%rsp), %eax
	testl	%eax, %eax
	jle	.L12
	leaq	16(%rsp), %rbx
	xorl	%ebp, %ebp
	movq	%rbx, %r12
	.p2align 4,,10
	.p2align 3
.L5:
	movq	%r12, %rsi
	movq	%r14, %rdi
	xorl	%eax, %eax
	addl	$1, %ebp
	call	__isoc99_scanf@PLT
	movl	12(%rsp), %eax
	addq	$4, %r12
	cmpl	%ebp, %eax
	jg	.L5
	testl	%eax, %eax
	jle	.L12
	leaq	40016(%rsp), %rbp
	xorl	%r12d, %r12d
	movq	%rbp, %r13
	.p2align 4,,10
	.p2align 3
.L6:
	movq	%r13, %rsi
	movq	%r14, %rdi
	xorl	%eax, %eax
	addl	$1, %r12d
	call	__isoc99_scanf@PLT
	movl	12(%rsp), %eax
	addq	$4, %r13
	cmpl	%r12d, %eax
	jg	.L6
	testl	%eax, %eax
	jle	.L12
	movslq	%eax, %rsi
	xorl	%edx, %edx
	xorl	%r8d, %r8d
	xorl	%edi, %edi
	jmp	.L10
	.p2align 4,,10
	.p2align 3
.L20:
	subl	%ecx, %eax
	sarl	%eax
	cltq
	addq	%rax, %rdi
.L9:
	addq	$1, %rdx
	cmpq	%rdx, %rsi
	je	.L19
.L10:
	movl	(%rbx,%rdx,4), %ecx
	movl	0(%rbp,%rdx,4), %eax
	cmpl	%eax, %ecx
	jl	.L20
	jle	.L9
	subl	%eax, %ecx
	addq	$1, %rdx
	movslq	%ecx, %rcx
	addq	%rcx, %r8
	cmpq	%rdx, %rsi
	jne	.L10
.L19:
	leaq	.LC1(%rip), %r9
	cmpq	%rdi, %r8
	jle	.L12
.L11:
	movq	%r9, %rdi
	call	puts@PLT
	movq	80024(%rsp), %rax
	subq	%fs:40, %rax
	jne	.L21
	addq	$80032, %rsp
	.cfi_remember_state
	.cfi_def_cfa_offset 48
	xorl	%eax, %eax
	popq	%rbx
	.cfi_def_cfa_offset 40
	popq	%rbp
	.cfi_def_cfa_offset 32
	popq	%r12
	.cfi_def_cfa_offset 24
	popq	%r13
	.cfi_def_cfa_offset 16
	popq	%r14
	.cfi_def_cfa_offset 8
	ret
.L12:
	.cfi_restore_state
	leaq	.LC0(%rip), %r9
	jmp	.L11
.L21:
	call	__stack_chk_fail@PLT
	.cfi_endproc
.LFE64:
	.size	main, .-main
	.ident	""GCC: (Ubuntu 11.4.0-1ubuntu1~22.04) 11.4.0""
	.section	.note.GNU-stack,"""",@progbits
	.section	.note.gnu.property,""a""
	.align 8
	.long	1f - 0f
	.long	4f - 1f
	.long	5
0:
	.string	""GNU""
1:
	.align 8
	.long	0xc0000002
	.long	3f - 2f
2:
	.long	0x3
3:
	.align 8
4:
```

Only output the optimized assembly code. Do not include any other text. Do not write any comments in the assembly code. Wrap the assembly code in ```assembly``` tags.
Optimized Assembly Code:
","Given the following C code, your task is to generate highly optimized x86-64 assembly code.
C Code:

```c
#include <limits.h>
#include <stdint.h>
#include <stdio.h>
#include <stdlib.h>
#include <string.h>
#include <time.h>
#include <unistd.h>
#include <math.h>

#define P 1000000007

int comp(const void *a, const void *b){return *(int*)a-*(int*)b;}

int main(void){
	int n, i;
	int a[10000], b[10000];
	long A=0, B=0;
	scanf(""%d"", &n);
	for(i=0; i<n; i++){ scanf(""%d"", &a[i]); A+=a[i]; }
	for(i=0; i<n; i++){ scanf(""%d"", &b[i]); B+=b[i]; }
	long c=0, d=0;
	for(i=0; i<n; i++){
		if(a[i]<b[i]){c+=(b[i]-a[i])/2;}
		if(a[i]>b[i]){d+=a[i]-b[i];}
	}
	puts(c>=d?""Yes"":""No"");
}
```

Only output the optimized assembly code. Do not include any other text. Do not write any comments in the assembly code. Wrap the assembly code in ```assembly``` tags.
Optimized Assembly Code:
"
40,"```c
#include <stdio.h>

int main(void){
  long long int n = 0, a = 0, b = 0;
  long long int ans = 0;
  
  scanf(""%lld %lld %lld"",&n,&a,&b);
  
  if(a>b){
  	ans = a;
    a = b;
    b = ans;
  }
  
  if((b-a) % 2 == 0){
    ans = (b-a) / 2;
  }else if((a+b-1)<=n){
    ans = (a+b-1)/2;
  }else{
    ans = (n-a+n-b+1)/2;
  }
  
  printf(""%lld\n"",ans);
  return 0;
}```","[{""input"": ""4 2 3\n"", ""output"": ""2\n""}, {""input"": ""5 2 8\n"", ""output"": ""3\n""}, {""input"": ""6 3 3\n"", ""output"": ""0\n""}, {""input"": ""6 3 5\n"", ""output"": ""1\n""}, {""input"": ""1 2 5\n"", ""output"": ""-2\n""}, {""input"": ""0 3 4\n"", ""output"": ""-3\n""}, {""input"": ""2 -1 0\n"", ""output"": ""-1\n""}, {""input"": ""5 2 16\n"", ""output"": ""7\n""}, {""input"": ""5 2 27\n"", ""output"": ""-9\n""}, {""input"": ""10 4 5\n"", ""output"": ""4\n""}, {""input"": ""5 1 27\n"", ""output"": ""13\n""}, {""input"": ""10 4 7\n"", ""output"": ""5\n""}, {""input"": ""6 0 28\n"", ""output"": ""14\n""}, {""input"": ""2 4 11\n"", ""output"": ""-5\n""}, {""input"": ""0 2 27\n"", ""output"": ""-14\n""}, {""input"": ""1 3 8\n"", ""output"": ""-4\n""}, {""input"": ""0 3 27\n"", ""output"": ""12\n""}, {""input"": ""7 1 28\n"", ""output"": ""-7\n""}, {""input"": ""7 0 12\n"", ""output"": ""6\n""}, {""input"": ""6 -1 36\n"", ""output"": ""-11\n""}, {""input"": ""1 4 38\n"", ""output"": ""17\n""}, {""input"": ""0 -1 15\n"", ""output"": ""8\n""}, {""input"": ""-1 1 10\n"", ""output"": ""-6\n""}, {""input"": ""12 -1 59\n"", ""output"": ""30\n""}, {""input"": ""1 3 38\n"", ""output"": ""-19\n""}, {""input"": ""0 3 38\n"", ""output"": ""-20\n""}, {""input"": ""7 -2 28\n"", ""output"": ""15\n""}, {""input"": ""1 -1 19\n"", ""output"": ""10\n""}, {""input"": ""1 -2 59\n"", ""output"": ""-27\n""}, {""input"": ""-2 1 19\n"", ""output"": ""9\n""}, {""input"": ""1 -2 83\n"", ""output"": ""-39\n""}, {""input"": ""0 1 24\n"", ""output"": ""-12\n""}, {""input"": ""0 0 17\n"", ""output"": ""-8\n""}, {""input"": ""4 -2 40\n"", ""output"": ""21\n""}, {""input"": ""-2 1 33\n"", ""output"": ""16\n""}, {""input"": ""1 -2 52\n"", ""output"": ""27\n""}, {""input"": ""4 -2 62\n"", ""output"": ""32\n""}, {""input"": ""1 -2 96\n"", ""output"": ""49\n""}, {""input"": ""0 2 40\n"", ""output"": ""19\n""}, {""input"": ""4 -1 62\n"", ""output"": ""-26\n""}, {""input"": ""-4 1 53\n"", ""output"": ""26\n""}, {""input"": ""1 -4 96\n"", ""output"": ""50\n""}, {""input"": ""0 2 57\n"", ""output"": ""-29\n""}, {""input"": ""6 -1 62\n"", ""output"": ""-24\n""}, {""input"": ""-4 1 18\n"", ""output"": ""-13\n""}, {""input"": ""1 -1 96\n"", ""output"": ""-46\n""}, {""input"": ""0 2 94\n"", ""output"": ""46\n""}, {""input"": ""0 2 127\n"", ""output"": ""-64\n""}, {""input"": ""6 -1 81\n"", ""output"": ""41\n""}, {""input"": ""-1 -1 21\n"", ""output"": ""11\n""}, {""input"": ""0 2 189\n"", ""output"": ""-95\n""}, {""input"": ""-1 2 189\n"", ""output"": ""-96\n""}, {""input"": ""11 -2 81\n"", ""output"": ""-28\n""}, {""input"": ""-1 0 40\n"", ""output"": ""20\n""}, {""input"": ""-1 4 189\n"", ""output"": ""-97\n""}, {""input"": ""4 1 38\n"", ""output"": ""-15\n""}, {""input"": ""6 -2 81\n"", ""output"": ""-33\n""}, {""input"": ""-1 1 40\n"", ""output"": ""-21\n""}, {""input"": ""0 4 249\n"", ""output"": ""-126\n""}, {""input"": ""0 2 38\n"", ""output"": ""18\n""}, {""input"": ""-1 1 60\n"", ""output"": ""-31\n""}, {""input"": ""0 5 249\n"", ""output"": ""122\n""}, {""input"": ""0 -1 86\n"", ""output"": ""-42\n""}, {""input"": ""0 1 60\n"", ""output"": ""-30\n""}, {""input"": ""0 5 459\n"", ""output"": ""227\n""}, {""input"": ""1 -1 86\n"", ""output"": ""-41\n""}, {""input"": ""0 2 60\n"", ""output"": ""29\n""}, {""input"": ""-1 5 38\n"", ""output"": ""-22\n""}, {""input"": ""0 -1 104\n"", ""output"": ""-51\n""}, {""input"": ""-1 1 32\n"", ""output"": ""-17\n""}, {""input"": ""0 1 459\n"", ""output"": ""229\n""}, {""input"": ""-2 5 38\n"", ""output"": ""-23\n""}, {""input"": ""0 -1 172\n"", ""output"": ""-85\n""}, {""input"": ""-2 1 32\n"", ""output"": ""-18\n""}, {""input"": ""0 0 459\n"", ""output"": ""-229\n""}, {""input"": ""1 -1 172\n"", ""output"": ""-84\n""}, {""input"": ""0 0 336\n"", ""output"": ""168\n""}, {""input"": ""1 -1 269\n"", ""output"": ""135\n""}, {""input"": ""1 0 53\n"", ""output"": ""-25\n""}, {""input"": ""0 1 336\n"", ""output"": ""-168\n""}, {""input"": ""2 -2 269\n"", ""output"": ""-131\n""}, {""input"": ""-1 0 612\n"", ""output"": ""306\n""}, {""input"": ""2 -2 68\n"", ""output"": ""35\n""}, {""input"": ""0 1 612\n"", ""output"": ""-306\n""}, {""input"": ""0 1 713\n"", ""output"": ""356\n""}, {""input"": ""0 1 679\n"", ""output"": ""339\n""}, {""input"": ""-2 -1 18\n"", ""output"": ""-10\n""}, {""input"": ""0 0 679\n"", ""output"": ""-339\n""}, {""input"": ""1 -6 44\n"", ""output"": ""25\n""}, {""input"": ""1 0 679\n"", ""output"": ""-338\n""}, {""input"": ""1 -2 44\n"", ""output"": ""23\n""}, {""input"": ""-2 -2 31\n"", ""output"": ""-16\n""}, {""input"": ""1 0 460\n"", ""output"": ""230\n""}, {""input"": ""1 0 125\n"", ""output"": ""-61\n""}, {""input"": ""2 -4 44\n"", ""output"": ""24\n""}, {""input"": ""1 -1 125\n"", ""output"": ""63\n""}, {""input"": ""2 -1 185\n"", ""output"": ""93\n""}, {""input"": ""1 -8 64\n"", ""output"": ""36\n""}, {""input"": ""1 -2 185\n"", ""output"": ""-90\n""}, {""input"": ""1 -2 312\n"", ""output"": ""157\n""}, {""input"": ""5 2 3\n"", ""output"": ""2\n""}, {""input"": ""5 2 4\n"", ""output"": ""1\n""}, {""input"": ""5 2 4\n"", ""output"": ""1\n""}]","Given the following C code and assembly code, your task is to generate highly optimized x86-64 assembly code.
C Code:

```c
#include <stdio.h>

int main(void){
  long long int n = 0, a = 0, b = 0;
  long long int ans = 0;
  
  scanf(""%lld %lld %lld"",&n,&a,&b);
  
  if(a>b){
  	ans = a;
    a = b;
    b = ans;
  }
  
  if((b-a) % 2 == 0){
    ans = (b-a) / 2;
  }else if((a+b-1)<=n){
    ans = (a+b-1)/2;
  }else{
    ans = (n-a+n-b+1)/2;
  }
  
  printf(""%lld\n"",ans);
  return 0;
}```

Assembly Code:

```assembly
	.file	""temp.c""
	.text
	.section	.rodata.str1.1,""aMS"",@progbits,1
.LC0:
	.string	""%lld %lld %lld""
.LC1:
	.string	""%lld\n""
	.section	.text.startup,""ax"",@progbits
	.p2align 4
	.globl	main
	.type	main, @function
main:
.LFB23:
	.cfi_startproc
	endbr64
	subq	$40, %rsp
	.cfi_def_cfa_offset 48
	leaq	.LC0(%rip), %rdi
	movq	%fs:40, %rax
	movq	%rax, 24(%rsp)
	xorl	%eax, %eax
	leaq	16(%rsp), %rcx
	leaq	8(%rsp), %rdx
	movq	%rsp, %rsi
	movq	$0, (%rsp)
	movq	$0, 8(%rsp)
	movq	$0, 16(%rsp)
	call	__isoc99_scanf@PLT
	movq	8(%rsp), %rcx
	movq	16(%rsp), %rdx
	cmpq	%rdx, %rcx
	jle	.L2
	movq	%rcx, %rax
	movq	%rdx, 8(%rsp)
	movq	%rcx, 16(%rsp)
	movq	%rdx, %rcx
	movq	%rax, %rdx
.L2:
	movq	%rdx, %rax
	subq	%rcx, %rax
	testb	$1, %al
	je	.L8
	movq	(%rsp), %rsi
	leaq	-1(%rdx,%rcx), %rax
	cmpq	%rsi, %rax
	jg	.L5
.L8:
	cqto
	movl	$2, %ecx
	movl	$1, %edi
	idivq	%rcx
	leaq	.LC1(%rip), %rsi
	movq	%rax, %rdx
	xorl	%eax, %eax
	call	__printf_chk@PLT
	movq	24(%rsp), %rax
	subq	%fs:40, %rax
	jne	.L10
	xorl	%eax, %eax
	addq	$40, %rsp
	.cfi_remember_state
	.cfi_def_cfa_offset 8
	ret
.L5:
	.cfi_restore_state
	movq	%rsi, %rax
	subq	%rcx, %rax
	addq	%rsi, %rax
	subq	%rdx, %rax
	addq	$1, %rax
	jmp	.L8
.L10:
	call	__stack_chk_fail@PLT
	.cfi_endproc
.LFE23:
	.size	main, .-main
	.ident	""GCC: (Ubuntu 11.4.0-1ubuntu1~22.04) 11.4.0""
	.section	.note.GNU-stack,"""",@progbits
	.section	.note.gnu.property,""a""
	.align 8
	.long	1f - 0f
	.long	4f - 1f
	.long	5
0:
	.string	""GNU""
1:
	.align 8
	.long	0xc0000002
	.long	3f - 2f
2:
	.long	0x3
3:
	.align 8
4:
```

Only output the optimized assembly code. Do not include any other text. Do not write any comments in the assembly code. Wrap the assembly code in ```assembly``` tags.
Optimized Assembly Code:
","Given the following C code, your task is to generate highly optimized x86-64 assembly code.
C Code:

```c
#include <stdio.h>

int main(void){
  long long int n = 0, a = 0, b = 0;
  long long int ans = 0;
  
  scanf(""%lld %lld %lld"",&n,&a,&b);
  
  if(a>b){
  	ans = a;
    a = b;
    b = ans;
  }
  
  if((b-a) % 2 == 0){
    ans = (b-a) / 2;
  }else if((a+b-1)<=n){
    ans = (a+b-1)/2;
  }else{
    ans = (n-a+n-b+1)/2;
  }
  
  printf(""%lld\n"",ans);
  return 0;
}```

Only output the optimized assembly code. Do not include any other text. Do not write any comments in the assembly code. Wrap the assembly code in ```assembly``` tags.
Optimized Assembly Code:
"
41,"```c
#include<stdio.h>
#include<stdlib.h>
int N,T,D[100000],i,j,t;
long long R=1;
int M=1000000007;
int cmp(const void*a,const void*b){return *(int*)a-*(int*)b;}

int main()
{
	scanf(""%d%d"",&N,&T);
	for(i=0;i<N;i++)
	{
		scanf(""%d"",&D[i]);
	}
	qsort(D,N,4,cmp);
	for(i=t=0;i<N;i++)
	{
		for(;t<N&&D[i]+T>=D[t];t++);
		R=R*(t-i)%M;
	}
	printf(""%lld\n"",R);
	return 0;
}```","[{""input"": ""3 0\n1\n2\n3\n"", ""output"": ""1\n""}, {""input"": ""5 3\n9\n1\n6\n8\n8\n"", ""output"": ""24\n""}, {""input"": ""5 8\n9\n9\n9\n1\n5\n"", ""output"": ""120\n""}, {""input"": ""3 1\n1\n2\n6\n"", ""output"": ""2\n""}, {""input"": ""5 2\n9\n1\n6\n8\n8\n"", ""output"": ""18\n""}, {""input"": ""6 2\n9\n1\n6\n8\n8\n"", ""output"": ""36\n""}, {""input"": ""5 8\n14\n9\n9\n1\n5\n"", ""output"": ""72\n""}, {""input"": ""6 2\n9\n1\n6\n11\n9\n"", ""output"": ""12\n""}, {""input"": ""5 8\n14\n24\n12\n1\n1\n"", ""output"": ""4\n""}, {""input"": ""5 8\n14\n38\n9\n1\n0\n"", ""output"": ""8\n""}, {""input"": ""5 3\n14\n38\n3\n0\n0\n"", ""output"": ""6\n""}, {""input"": ""7 3\n2\n0\n28\n11\n9\n"", ""output"": ""48\n""}, {""input"": ""5 6\n14\n8\n4\n-4\n0\n"", ""output"": ""16\n""}, {""input"": ""8 11\n35\n15\n4\n-4\n0\n"", ""output"": ""1440\n""}, {""input"": ""8 11\n35\n22\n4\n-4\n0\n"", ""output"": ""720\n""}, {""input"": ""8 11\n58\n10\n4\n-4\n0\n"", ""output"": ""4320\n""}, {""input"": ""8 15\n54\n10\n4\n-4\n0\n"", ""output"": ""5040\n""}, {""input"": ""7 11\n29\n10\n7\n-4\n0\n"", ""output"": ""600\n""}, {""input"": ""7 11\n17\n6\n7\n-4\n1\n"", ""output"": ""2160\n""}, {""input"": ""13 1\n2\n-2\n17\n0\n0\n"", ""output"": ""3628800\n""}, {""input"": ""11 1\n3\n-2\n17\n0\n0\n"", ""output"": ""40320\n""}, {""input"": ""5 11\n4\n6\n7\n-5\n0\n"", ""output"": ""96\n""}, {""input"": ""10 8\n14\n18\n9\n1\n4\n"", ""output"": ""60480\n""}, {""input"": ""7 6\n14\n15\n4\n-4\n0\n"", ""output"": ""192\n""}, {""input"": ""15 11\n35\n15\n4\n-4\n0\n"", ""output"": ""454041516\n""}, {""input"": ""8 11\n15\n22\n4\n-4\n0\n"", ""output"": ""2880\n""}, {""input"": ""14 15\n61\n10\n7\n-4\n0\n"", ""output"": ""227020758\n""}, {""input"": ""16 11\n29\n10\n7\n-4\n0\n"", ""output"": ""496068260\n""}, {""input"": ""7 9\n29\n6\n7\n-4\n1\n"", ""output"": ""480\n""}, {""input"": ""8 1\n2\n-2\n17\n-1\n0\n"", ""output"": ""240\n""}, {""input"": ""7 11\n17\n6\n7\n-11\n1\n"", ""output"": ""1080\n""}, {""input"": ""10 8\n14\n18\n7\n1\n4\n"", ""output"": ""161280\n""}, {""input"": ""10 6\n14\n38\n9\n1\n0\n"", ""output"": ""10080\n""}, {""input"": ""8 11\n15\n8\n4\n-4\n0\n"", ""output"": ""12960\n""}, {""input"": ""8 11\n99\n10\n4\n-8\n0\n"", ""output"": ""3600\n""}, {""input"": ""10 8\n14\n9\n9\n2\n5\n"", ""output"": ""181440\n""}, {""input"": ""12 1\n14\n15\n4\n-4\n0\n"", ""output"": ""80640\n""}, {""input"": ""14 7\n61\n10\n9\n-4\n0\n"", ""output"": ""79833600\n""}, {""input"": ""15 0\n3\n-1\n17\n0\n0\n"", ""output"": ""479001600\n""}, {""input"": ""13 1\n2\n-2\n17\n-1\n0\n"", ""output"": ""7257600\n""}, {""input"": ""18 1\n3\n-2\n15\n0\n0\n"", ""output"": ""674358851\n""}, {""input"": ""7 3\n4\n6\n7\n-1\n0\n"", ""output"": ""144\n""}, {""input"": ""10 8\n14\n9\n3\n2\n5\n"", ""output"": ""322560\n""}, {""input"": ""10 6\n3\n60\n3\n-4\n1\n"", ""output"": ""282240\n""}, {""input"": ""9 11\n58\n10\n3\n-4\n0\n"", ""output"": ""35280\n""}, {""input"": ""14 27\n33\n6\n7\n-4\n1\n"", ""output"": ""681062274\n""}, {""input"": ""16 8\n14\n18\n7\n1\n-1\n"", ""output"": ""713162364\n""}, {""input"": ""10 6\n3\n60\n3\n0\n1\n"", ""output"": ""362880\n""}, {""input"": ""23 7\n41\n10\n9\n-4\n0\n"", ""output"": ""292652126\n""}, {""input"": ""13 1\n2\n-2\n30\n-2\n0\n"", ""output"": ""725760\n""}, {""input"": ""18 2\n3\n-2\n15\n0\n1\n"", ""output"": ""230765390\n""}, {""input"": ""5 3\n3\n2\n6\n4\n0\n"", ""output"": ""54\n""}, {""input"": ""10 8\n5\n9\n3\n2\n5\n"", ""output"": ""1814400\n""}, {""input"": ""16 12\n14\n18\n7\n1\n-1\n"", ""output"": ""69743539\n""}, {""input"": ""14 3\n27\n60\n3\n-3\n0\n"", ""output"": ""439084800\n""}, {""input"": ""17 6\n3\n60\n3\n0\n1\n"", ""output"": ""789741546\n""}, {""input"": ""12 3\n2\n-1\n28\n0\n2\n"", ""output"": ""39916800\n""}, {""input"": ""13 11\n76\n5\n6\n-8\n0\n"", ""output"": ""399168000\n""}, {""input"": ""5 8\n9\n18\n9\n1\n5\n"", ""output"": ""24\n""}, {""input"": ""1 1\n1\n2\n6\n"", ""output"": ""1\n""}, {""input"": ""5 8\n9\n24\n9\n1\n5\n"", ""output"": ""24\n""}, {""input"": ""2 1\n1\n2\n6\n"", ""output"": ""2\n""}, {""input"": ""6 2\n9\n1\n6\n8\n7\n"", ""output"": ""36\n""}, {""input"": ""2 1\n1\n2\n11\n"", ""output"": ""2\n""}, {""input"": ""6 2\n9\n1\n6\n8\n10\n"", ""output"": ""24\n""}, {""input"": ""5 8\n14\n18\n9\n1\n5\n"", ""output"": ""24\n""}, {""input"": ""6 2\n9\n1\n6\n8\n9\n"", ""output"": ""24\n""}, {""input"": ""5 8\n14\n18\n9\n1\n4\n"", ""output"": ""24\n""}, {""input"": ""5 8\n14\n18\n12\n1\n4\n"", ""output"": ""24\n""}, {""input"": ""1 2\n9\n1\n6\n11\n9\n"", ""output"": ""1\n""}, {""input"": ""5 8\n14\n18\n12\n1\n1\n"", ""output"": ""12\n""}, {""input"": ""2 2\n9\n1\n6\n11\n9\n"", ""output"": ""1\n""}, {""input"": ""2 2\n9\n1\n12\n11\n9\n"", ""output"": ""1\n""}, {""input"": ""5 8\n14\n38\n12\n1\n1\n"", ""output"": ""4\n""}, {""input"": ""2 2\n9\n0\n12\n11\n9\n"", ""output"": ""1\n""}, {""input"": ""5 8\n14\n38\n12\n1\n0\n"", ""output"": ""4\n""}, {""input"": ""3 2\n9\n0\n12\n11\n9\n"", ""output"": ""1\n""}, {""input"": ""1 2\n9\n0\n12\n11\n9\n"", ""output"": ""1\n""}, {""input"": ""5 3\n14\n38\n9\n1\n0\n"", ""output"": ""2\n""}, {""input"": ""1 3\n9\n0\n12\n11\n9\n"", ""output"": ""1\n""}, {""input"": ""5 3\n14\n38\n7\n1\n0\n"", ""output"": ""2\n""}, {""input"": ""1 3\n9\n0\n23\n11\n9\n"", ""output"": ""1\n""}, {""input"": ""5 3\n14\n38\n7\n0\n0\n"", ""output"": ""2\n""}, {""input"": ""1 3\n9\n0\n28\n11\n9\n"", ""output"": ""1\n""}, {""input"": ""2 3\n9\n0\n28\n11\n9\n"", ""output"": ""1\n""}, {""input"": ""5 3\n14\n67\n3\n0\n0\n"", ""output"": ""6\n""}, {""input"": ""2 3\n6\n0\n28\n11\n9\n"", ""output"": ""1\n""}, {""input"": ""5 3\n14\n60\n3\n0\n0\n"", ""output"": ""6\n""}, {""input"": ""2 3\n1\n0\n28\n11\n9\n"", ""output"": ""2\n""}, {""input"": ""5 3\n14\n60\n3\n-1\n0\n"", ""output"": ""4\n""}, {""input"": ""2 3\n2\n0\n28\n11\n9\n"", ""output"": ""2\n""}, {""input"": ""5 3\n14\n60\n3\n-2\n0\n"", ""output"": ""4\n""}, {""input"": ""4 3\n2\n0\n28\n11\n9\n"", ""output"": ""2\n""}, {""input"": ""5 3\n14\n60\n3\n-2\n1\n"", ""output"": ""4\n""}, {""input"": ""5 3\n14\n60\n2\n-2\n1\n"", ""output"": ""4\n""}, {""input"": ""7 3\n1\n0\n28\n11\n9\n"", ""output"": ""48\n""}, {""input"": ""5 3\n14\n60\n4\n-2\n1\n"", ""output"": ""4\n""}, {""input"": ""7 3\n1\n-1\n28\n11\n9\n"", ""output"": ""48\n""}, {""input"": ""5 3\n14\n60\n4\n-4\n1\n"", ""output"": ""2\n""}, {""input"": ""3 3\n1\n-1\n28\n11\n9\n"", ""output"": ""2\n""}, {""input"": ""3 1\n1\n2\n3\n"", ""output"": ""4\n""}, {""input"": ""3 1\n1\n2\n3\n"", ""output"": ""4\n""}, {""input"": ""5 7\n9\n9\n9\n1\n5\n"", ""output"": ""48\n""}, {""input"": ""5 3\n9\n2\n6\n8\n8\n"", ""output"": ""24\n""}]","Given the following C code and assembly code, your task is to generate highly optimized x86-64 assembly code.
C Code:

```c
#include<stdio.h>
#include<stdlib.h>
int N,T,D[100000],i,j,t;
long long R=1;
int M=1000000007;
int cmp(const void*a,const void*b){return *(int*)a-*(int*)b;}

int main()
{
	scanf(""%d%d"",&N,&T);
	for(i=0;i<N;i++)
	{
		scanf(""%d"",&D[i]);
	}
	qsort(D,N,4,cmp);
	for(i=t=0;i<N;i++)
	{
		for(;t<N&&D[i]+T>=D[t];t++);
		R=R*(t-i)%M;
	}
	printf(""%lld\n"",R);
	return 0;
}```

Assembly Code:

```assembly
	.file	""temp.c""
	.text
	.p2align 4
	.globl	cmp
	.type	cmp, @function
cmp:
.LFB39:
	.cfi_startproc
	endbr64
	movl	(%rdi), %eax
	subl	(%rsi), %eax
	ret
	.cfi_endproc
.LFE39:
	.size	cmp, .-cmp
	.section	.rodata.str1.1,""aMS"",@progbits,1
.LC0:
	.string	""%d%d""
.LC1:
	.string	""%d""
.LC2:
	.string	""%lld\n""
	.section	.text.startup,""ax"",@progbits
	.p2align 4
	.globl	main
	.type	main, @function
main:
.LFB40:
	.cfi_startproc
	endbr64
	pushq	%r12
	.cfi_def_cfa_offset 16
	.cfi_offset 12, -16
	leaq	T(%rip), %rdx
	leaq	N(%rip), %rsi
	xorl	%eax, %eax
	pushq	%rbp
	.cfi_def_cfa_offset 24
	.cfi_offset 6, -24
	leaq	.LC0(%rip), %rdi
	pushq	%rbx
	.cfi_def_cfa_offset 32
	.cfi_offset 3, -32
	leaq	D(%rip), %rbx
	call	__isoc99_scanf@PLT
	movl	N(%rip), %edx
	movl	$0, i(%rip)
	testl	%edx, %edx
	jle	.L4
	xorl	%eax, %eax
	leaq	.LC1(%rip), %rbp
	.p2align 4,,10
	.p2align 3
.L5:
	cltq
	movq	%rbp, %rdi
	leaq	(%rbx,%rax,4), %rsi
	xorl	%eax, %eax
	call	__isoc99_scanf@PLT
	movl	i(%rip), %eax
	movl	N(%rip), %edx
	addl	$1, %eax
	movl	%eax, i(%rip)
	cmpl	%edx, %eax
	jl	.L5
.L4:
	movslq	%edx, %rsi
	movq	%rbx, %rdi
	leaq	cmp(%rip), %rcx
	movl	$4, %edx
	call	qsort@PLT
	movl	N(%rip), %edi
	movl	$0, t(%rip)
	movl	$0, i(%rip)
	testl	%edi, %edi
	jle	.L7
	movl	T(%rip), %r12d
	xorl	%r11d, %r11d
	xorl	%r9d, %r9d
	xorl	%esi, %esi
	movq	R(%rip), %rdx
	movslq	M(%rip), %r10
	leaq	D(%rip), %rbp
	.p2align 4,,10
	.p2align 3
.L8:
	movl	0(%rbp), %r8d
	movslq	%esi, %rcx
	addl	%r12d, %r8d
	jmp	.L13
	.p2align 4,,10
	.p2align 3
.L10:
	leal	1(%rcx), %esi
	addq	$1, %rcx
	movl	$1, %r9d
	cmpl	%ecx, %edi
	jle	.L9
.L13:
	movl	%ecx, %esi
	cmpl	(%rbx,%rcx,4), %r8d
	jge	.L10
.L9:
	movl	%esi, %eax
	subl	%r11d, %eax
	cltq
	imulq	%rdx, %rax
	cqto
	idivq	%r10
	leal	1(%r11), %eax
	cmpl	%eax, %edi
	je	.L12
	addq	$4, %rbp
	cmpl	%esi, %edi
	jle	.L29
	movl	%eax, %r11d
	jmp	.L8
.L29:
	movl	%esi, %ecx
	addl	$2, %r11d
	subl	%eax, %ecx
	movslq	%ecx, %rax
	imulq	%rdx, %rax
	cqto
	idivq	%r10
	cmpl	%r11d, %edi
	je	.L12
	movslq	%esi, %rcx
	movslq	%r11d, %rax
	subq	%rax, %rcx
	leal	(%r11,%rcx), %r8d
	.p2align 4,,10
	.p2align 3
.L11:
	movq	%rdx, %rax
	imulq	%rcx, %rax
	subq	$1, %rcx
	cqto
	idivq	%r10
	movl	%r8d, %eax
	subl	%ecx, %eax
	cmpl	%edi, %eax
	jl	.L11
.L12:
	movq	%rdx, R(%rip)
	movl	%edi, i(%rip)
	testb	%r9b, %r9b
	je	.L7
	movl	%esi, t(%rip)
.L7:
	movq	R(%rip), %rdx
	leaq	.LC2(%rip), %rsi
	movl	$1, %edi
	xorl	%eax, %eax
	call	__printf_chk@PLT
	popq	%rbx
	.cfi_def_cfa_offset 24
	xorl	%eax, %eax
	popq	%rbp
	.cfi_def_cfa_offset 16
	popq	%r12
	.cfi_def_cfa_offset 8
	ret
	.cfi_endproc
.LFE40:
	.size	main, .-main
	.globl	M
	.data
	.align 4
	.type	M, @object
	.size	M, 4
M:
	.long	1000000007
	.globl	R
	.align 8
	.type	R, @object
	.size	R, 8
R:
	.quad	1
	.globl	t
	.bss
	.align 4
	.type	t, @object
	.size	t, 4
t:
	.zero	4
	.globl	j
	.align 4
	.type	j, @object
	.size	j, 4
j:
	.zero	4
	.globl	i
	.align 4
	.type	i, @object
	.size	i, 4
i:
	.zero	4
	.globl	D
	.align 32
	.type	D, @object
	.size	D, 400000
D:
	.zero	400000
	.globl	T
	.align 4
	.type	T, @object
	.size	T, 4
T:
	.zero	4
	.globl	N
	.align 4
	.type	N, @object
	.size	N, 4
N:
	.zero	4
	.ident	""GCC: (Ubuntu 11.4.0-1ubuntu1~22.04) 11.4.0""
	.section	.note.GNU-stack,"""",@progbits
	.section	.note.gnu.property,""a""
	.align 8
	.long	1f - 0f
	.long	4f - 1f
	.long	5
0:
	.string	""GNU""
1:
	.align 8
	.long	0xc0000002
	.long	3f - 2f
2:
	.long	0x3
3:
	.align 8
4:
```

Only output the optimized assembly code. Do not include any other text. Do not write any comments in the assembly code. Wrap the assembly code in ```assembly``` tags.
Optimized Assembly Code:
","Given the following C code, your task is to generate highly optimized x86-64 assembly code.
C Code:

```c
#include<stdio.h>
#include<stdlib.h>
int N,T,D[100000],i,j,t;
long long R=1;
int M=1000000007;
int cmp(const void*a,const void*b){return *(int*)a-*(int*)b;}

int main()
{
	scanf(""%d%d"",&N,&T);
	for(i=0;i<N;i++)
	{
		scanf(""%d"",&D[i]);
	}
	qsort(D,N,4,cmp);
	for(i=t=0;i<N;i++)
	{
		for(;t<N&&D[i]+T>=D[t];t++);
		R=R*(t-i)%M;
	}
	printf(""%lld\n"",R);
	return 0;
}```

Only output the optimized assembly code. Do not include any other text. Do not write any comments in the assembly code. Wrap the assembly code in ```assembly``` tags.
Optimized Assembly Code:
"
42,"```c
#include <stdio.h>
#include <stdlib.h>

int main(void) {

  long x,y;
  scanf(""%ld %ld"", &x, &y);
  long button;
  if (labs(y) >= labs(x)) {
    if (x >= 0 && y >= 0) {
      button = y-x;
    } else if (x >= 0 && y < 0) {
      button = 1-x-y;
    } else if (x < 0 && y >= 0) {
      button = 1+y+x;
    } else {
      button = 2+x-y;
    }
  } else {
    if (x >= 0 && y > 0) {
      button = 2+x-y;
    } else if (x >= 0 && y < 0) {
      button = 1+y+x;
    } else if (x >= 0 && y == 0) {
      button = 1+x-y;
    } else if (x < 0 && y > 0) {
      button = 1-y-x;
    } else {
      button = y-x;
    }
  }
  printf(""%ld\n"", button);

  return 0;
}```","[{""input"": ""15 20\n"", ""output"": ""5\n""}, {""input"": ""-10 -3\n"", ""output"": ""7\n""}, {""input"": ""19 -10\n"", ""output"": ""10\n""}, {""input"": ""-10 -2\n"", ""output"": ""8\n""}, {""input"": ""8 -10\n"", ""output"": ""3\n""}, {""input"": ""28 0\n"", ""output"": ""29\n""}, {""input"": ""28 2\n"", ""output"": ""28\n""}, {""input"": ""9 -14\n"", ""output"": ""6\n""}, {""input"": ""28 3\n"", ""output"": ""27\n""}, {""input"": ""1 -14\n"", ""output"": ""14\n""}, {""input"": ""53 3\n"", ""output"": ""52\n""}, {""input"": ""1 -20\n"", ""output"": ""20\n""}, {""input"": ""53 6\n"", ""output"": ""49\n""}, {""input"": ""0 -20\n"", ""output"": ""21\n""}, {""input"": ""53 0\n"", ""output"": ""54\n""}, {""input"": ""84 0\n"", ""output"": ""85\n""}, {""input"": ""137 0\n"", ""output"": ""138\n""}, {""input"": ""250 0\n"", ""output"": ""251\n""}, {""input"": ""110 0\n"", ""output"": ""111\n""}, {""input"": ""010 0\n"", ""output"": ""11\n""}, {""input"": ""10 34\n"", ""output"": ""24\n""}, {""input"": ""-10 -23\n"", ""output"": ""15\n""}, {""input"": ""15 40\n"", ""output"": ""25\n""}, {""input"": ""26 -10\n"", ""output"": ""17\n""}, {""input"": ""-6 -2\n"", ""output"": ""4\n""}, {""input"": ""40 0\n"", ""output"": ""41\n""}, {""input"": ""37 1\n"", ""output"": ""38\n""}, {""input"": ""76 3\n"", ""output"": ""75\n""}, {""input"": ""0 -32\n"", ""output"": ""33\n""}, {""input"": ""17 0\n"", ""output"": ""18\n""}, {""input"": ""228 0\n"", ""output"": ""229\n""}, {""input"": ""110 -1\n"", ""output"": ""110\n""}, {""input"": ""15 57\n"", ""output"": ""42\n""}, {""input"": ""-10 -9\n"", ""output"": ""1\n""}, {""input"": ""26 -1\n"", ""output"": ""26\n""}, {""input"": ""60 0\n"", ""output"": ""61\n""}, {""input"": ""24 -2\n"", ""output"": ""23\n""}, {""input"": ""76 0\n"", ""output"": ""77\n""}, {""input"": ""1 -32\n"", ""output"": ""32\n""}, {""input"": ""53 -1\n"", ""output"": ""53\n""}, {""input"": ""1 -12\n"", ""output"": ""12\n""}, {""input"": ""273 0\n"", ""output"": ""274\n""}, {""input"": ""-10 -63\n"", ""output"": ""55\n""}, {""input"": ""17 57\n"", ""output"": ""40\n""}, {""input"": ""22 -1\n"", ""output"": ""22\n""}, {""input"": ""43 0\n"", ""output"": ""44\n""}, {""input"": ""141 0\n"", ""output"": ""142\n""}, {""input"": ""55 1\n"", ""output"": ""56\n""}, {""input"": ""111 0\n"", ""output"": ""112\n""}, {""input"": ""4 34\n"", ""output"": ""30\n""}, {""input"": ""43 -1\n"", ""output"": ""43\n""}, {""input"": ""20 -2\n"", ""output"": ""19\n""}, {""input"": ""273 -1\n"", ""output"": ""273\n""}, {""input"": ""4 62\n"", ""output"": ""58\n""}, {""input"": ""14 -2\n"", ""output"": ""13\n""}, {""input"": ""47 -1\n"", ""output"": ""47\n""}, {""input"": ""16 -1\n"", ""output"": ""16\n""}, {""input"": ""42 5\n"", ""output"": ""39\n""}, {""input"": ""141 -1\n"", ""output"": ""141\n""}, {""input"": ""174 -1\n"", ""output"": ""174\n""}, {""input"": ""101 1\n"", ""output"": ""102\n""}, {""input"": ""72 -1\n"", ""output"": ""72\n""}, {""input"": ""35 2\n"", ""output"": ""35\n""}, {""input"": ""47 -2\n"", ""output"": ""46\n""}, {""input"": ""141 -2\n"", ""output"": ""140\n""}, {""input"": ""174 0\n"", ""output"": ""175\n""}, {""input"": ""100 1\n"", ""output"": ""101\n""}, {""input"": ""3 65\n"", ""output"": ""62\n""}, {""input"": ""47 -3\n"", ""output"": ""45\n""}, {""input"": ""77 5\n"", ""output"": ""74\n""}, {""input"": ""264 -2\n"", ""output"": ""263\n""}, {""input"": ""-1 -33\n"", ""output"": ""34\n""}, {""input"": ""77 0\n"", ""output"": ""78\n""}, {""input"": ""264 -4\n"", ""output"": ""261\n""}, {""input"": ""9 2\n"", ""output"": ""9\n""}, {""input"": ""98 1\n"", ""output"": ""99\n""}, {""input"": ""100 -1\n"", ""output"": ""100\n""}, {""input"": ""88 -6\n"", ""output"": ""83\n""}, {""input"": ""94 0\n"", ""output"": ""95\n""}, {""input"": ""264 -1\n"", ""output"": ""264\n""}, {""input"": ""147 1\n"", ""output"": ""148\n""}, {""input"": ""2 -52\n"", ""output"": ""51\n""}, {""input"": ""88 0\n"", ""output"": ""89\n""}, {""input"": ""64 0\n"", ""output"": ""65\n""}, {""input"": ""506 -1\n"", ""output"": ""506\n""}, {""input"": ""100 -3\n"", ""output"": ""98\n""}, {""input"": ""2 -95\n"", ""output"": ""94\n""}, {""input"": ""664 -1\n"", ""output"": ""664\n""}, {""input"": ""110 -3\n"", ""output"": ""108\n""}, {""input"": ""2 -177\n"", ""output"": ""176\n""}, {""input"": ""59 -1\n"", ""output"": ""59\n""}, {""input"": ""664 0\n"", ""output"": ""665\n""}, {""input"": ""100 -4\n"", ""output"": ""97\n""}, {""input"": ""1 -177\n"", ""output"": ""177\n""}, {""input"": ""59 0\n"", ""output"": ""60\n""}, {""input"": ""370 0\n"", ""output"": ""371\n""}, {""input"": ""2 -225\n"", ""output"": ""224\n""}, {""input"": ""370 -1\n"", ""output"": ""370\n""}, {""input"": ""100 -8\n"", ""output"": ""93\n""}, {""input"": ""3 -225\n"", ""output"": ""223\n""}, {""input"": ""10 20\n"", ""output"": ""10\n""}, {""input"": ""10 20\n"", ""output"": ""10\n""}, {""input"": ""10 -10\n"", ""output"": ""1\n""}, {""input"": ""-10 -20\n"", ""output"": ""12\n""}]","Given the following C code and assembly code, your task is to generate highly optimized x86-64 assembly code.
C Code:

```c
#include <stdio.h>
#include <stdlib.h>

int main(void) {

  long x,y;
  scanf(""%ld %ld"", &x, &y);
  long button;
  if (labs(y) >= labs(x)) {
    if (x >= 0 && y >= 0) {
      button = y-x;
    } else if (x >= 0 && y < 0) {
      button = 1-x-y;
    } else if (x < 0 && y >= 0) {
      button = 1+y+x;
    } else {
      button = 2+x-y;
    }
  } else {
    if (x >= 0 && y > 0) {
      button = 2+x-y;
    } else if (x >= 0 && y < 0) {
      button = 1+y+x;
    } else if (x >= 0 && y == 0) {
      button = 1+x-y;
    } else if (x < 0 && y > 0) {
      button = 1-y-x;
    } else {
      button = y-x;
    }
  }
  printf(""%ld\n"", button);

  return 0;
}```

Assembly Code:

```assembly
	.file	""temp.c""
	.text
	.section	.rodata.str1.1,""aMS"",@progbits,1
.LC0:
	.string	""%ld %ld""
.LC1:
	.string	""%ld\n""
	.section	.text.startup,""ax"",@progbits
	.p2align 4
	.globl	main
	.type	main, @function
main:
.LFB39:
	.cfi_startproc
	endbr64
	subq	$40, %rsp
	.cfi_def_cfa_offset 48
	leaq	.LC0(%rip), %rdi
	movq	%fs:40, %rax
	movq	%rax, 24(%rsp)
	xorl	%eax, %eax
	leaq	16(%rsp), %rdx
	leaq	8(%rsp), %rsi
	call	__isoc99_scanf@PLT
	movq	16(%rsp), %rcx
	movq	8(%rsp), %rax
	movq	%rcx, %rsi
	movq	%rax, %rdx
	negq	%rsi
	cmovs	%rcx, %rsi
	negq	%rdx
	cmovs	%rax, %rdx
	cmpq	%rdx, %rsi
	jl	.L2
	testq	%rax, %rax
	js	.L3
	testq	%rcx, %rcx
	js	.L4
	subq	%rax, %rcx
	movq	%rcx, %rdx
	jmp	.L5
.L2:
	testq	%rax, %rax
	js	.L7
	testq	%rcx, %rcx
	jle	.L8
.L14:
	leaq	2(%rax), %rdx
	subq	%rcx, %rdx
.L5:
	xorl	%eax, %eax
	leaq	.LC1(%rip), %rsi
	movl	$1, %edi
	call	__printf_chk@PLT
	movq	24(%rsp), %rax
	subq	%fs:40, %rax
	jne	.L17
	xorl	%eax, %eax
	addq	$40, %rsp
	.cfi_remember_state
	.cfi_def_cfa_offset 8
	ret
.L3:
	.cfi_restore_state
	testq	%rcx, %rcx
	js	.L14
.L15:
	leaq	1(%rcx,%rax), %rdx
	jmp	.L5
.L8:
	leaq	1(%rax), %rdx
	je	.L5
	jmp	.L15
.L4:
	movl	$1, %edx
	subq	%rax, %rdx
	subq	%rcx, %rdx
	jmp	.L5
.L7:
	movq	%rcx, %rdx
	subq	%rax, %rdx
	testq	%rcx, %rcx
	jle	.L5
	movl	$1, %edx
	subq	%rcx, %rdx
	subq	%rax, %rdx
	jmp	.L5
.L17:
	call	__stack_chk_fail@PLT
	.cfi_endproc
.LFE39:
	.size	main, .-main
	.ident	""GCC: (Ubuntu 11.4.0-1ubuntu1~22.04) 11.4.0""
	.section	.note.GNU-stack,"""",@progbits
	.section	.note.gnu.property,""a""
	.align 8
	.long	1f - 0f
	.long	4f - 1f
	.long	5
0:
	.string	""GNU""
1:
	.align 8
	.long	0xc0000002
	.long	3f - 2f
2:
	.long	0x3
3:
	.align 8
4:
```

Only output the optimized assembly code. Do not include any other text. Do not write any comments in the assembly code. Wrap the assembly code in ```assembly``` tags.
Optimized Assembly Code:
","Given the following C code, your task is to generate highly optimized x86-64 assembly code.
C Code:

```c
#include <stdio.h>
#include <stdlib.h>

int main(void) {

  long x,y;
  scanf(""%ld %ld"", &x, &y);
  long button;
  if (labs(y) >= labs(x)) {
    if (x >= 0 && y >= 0) {
      button = y-x;
    } else if (x >= 0 && y < 0) {
      button = 1-x-y;
    } else if (x < 0 && y >= 0) {
      button = 1+y+x;
    } else {
      button = 2+x-y;
    }
  } else {
    if (x >= 0 && y > 0) {
      button = 2+x-y;
    } else if (x >= 0 && y < 0) {
      button = 1+y+x;
    } else if (x >= 0 && y == 0) {
      button = 1+x-y;
    } else if (x < 0 && y > 0) {
      button = 1-y-x;
    } else {
      button = y-x;
    }
  }
  printf(""%ld\n"", button);

  return 0;
}```

Only output the optimized assembly code. Do not include any other text. Do not write any comments in the assembly code. Wrap the assembly code in ```assembly``` tags.
Optimized Assembly Code:
"
43,"```c
#include<stdio.h>
int main(){
	int flag,min,MAX,i,I,x,y,z,N,M,a[1000],weight;
	scanf(""%d %d"",&N,&M);
	for(i=0;i<N;i++){
		scanf(""%d"",&a[i]);
	}
	for(i=1;;i++){
		x = N*i;
		if((x%M)==0) break;
	}
	y = x/M;
	min = a[0];
	MAX = a[0];
	I = 0;
	flag = 1;
	weight = 0;
	for(i=0;i<y;i++){
		for(;I<(M*flag);I++){
			z = I % N;
			if(min>a[z]) min = a[z];
			if(MAX<a[z]) MAX = a[z];
		}
		flag++;
		weight = weight + MAX - min;
		z = I % N;
		MAX = a[z];
		min = a[z];
	}
	printf(""%d\n"",weight);
	return 0;
}```","[{""input"": ""8 2\n23 85 57 13 91 41 79 41\n"", ""output"": ""194\n""}, {""input"": ""8 2\n23 94 57 13 91 41 79 41\n"", ""output"": ""203\n""}, {""input"": ""8 2\n23 70 57 13 91 41 79 41\n"", ""output"": ""179\n""}, {""input"": ""8 2\n23 70 57 13 91 41 79 43\n"", ""output"": ""177\n""}, {""input"": ""8 2\n46 70 57 13 91 41 79 43\n"", ""output"": ""154\n""}, {""input"": ""8 4\n46 70 57 13 91 41 79 43\n"", ""output"": ""107\n""}, {""input"": ""8 4\n46 70 57 10 91 41 79 43\n"", ""output"": ""110\n""}, {""input"": ""8 4\n46 70 57 10 91 41 130 43\n"", ""output"": ""149\n""}, {""input"": ""8 4\n46 70 57 10 174 41 130 43\n"", ""output"": ""193\n""}, {""input"": ""8 4\n46 70 57 10 174 33 130 43\n"", ""output"": ""201\n""}, {""input"": ""8 4\n46 70 57 3 174 33 130 43\n"", ""output"": ""208\n""}, {""input"": ""8 4\n46 70 57 3 174 25 130 43\n"", ""output"": ""216\n""}, {""input"": ""8 7\n46 70 57 3 174 25 130 43\n"", ""output"": ""1302\n""}, {""input"": ""8 7\n46 70 57 3 174 25 16 43\n"", ""output"": ""1251\n""}, {""input"": ""8 2\n32 61 57 13 91 41 79 41\n"", ""output"": ""161\n""}, {""input"": ""8 2\n23 85 57 25 91 41 79 41\n"", ""output"": ""182\n""}, {""input"": ""8 2\n23 8 57 13 91 41 79 41\n"", ""output"": ""147\n""}, {""input"": ""3 2\n23 70 57 13 91 41 79 41\n"", ""output"": ""94\n""}, {""input"": ""8 2\n23 70 57 13 56 41 79 43\n"", ""output"": ""142\n""}, {""input"": ""8 2\n46 70 57 17 91 41 79 43\n"", ""output"": ""150\n""}, {""input"": ""8 4\n46 70 57 13 91 27 79 43\n"", ""output"": ""121\n""}, {""input"": ""8 4\n46 70 57 10 91 35 79 43\n"", ""output"": ""116\n""}, {""input"": ""8 4\n46 70 57 10 16 41 130 43\n"", ""output"": ""174\n""}, {""input"": ""8 4\n46 70 57 10 174 38 130 43\n"", ""output"": ""196\n""}, {""input"": ""8 2\n23 85 57 25 91 41 79 60\n"", ""output"": ""163\n""}, {""input"": ""8 2\n23 70 57 13 81 41 79 43\n"", ""output"": ""167\n""}, {""input"": ""8 1\n46 70 57 17 91 41 79 43\n"", ""output"": ""0\n""}, {""input"": ""8 4\n46 70 57 6 91 35 79 43\n"", ""output"": ""120\n""}, {""input"": ""8 4\n46 70 57 0 174 38 130 43\n"", ""output"": ""206\n""}, {""input"": ""8 4\n46 70 57 3 174 5 130 52\n"", ""output"": ""236\n""}, {""input"": ""8 4\n46 105 57 3 174 25 130 60\n"", ""output"": ""251\n""}, {""input"": ""8 2\n32 49 57 25 91 41 79 41\n"", ""output"": ""137\n""}, {""input"": ""8 4\n46 105 57 3 189 25 130 60\n"", ""output"": ""266\n""}, {""input"": ""8 2\n23 158 57 25 91 43 79 60\n"", ""output"": ""234\n""}, {""input"": ""3 2\n23 70 1 8 91 41 79 41\n"", ""output"": ""138\n""}, {""input"": ""8 2\n23 52 57 13 81 41 79 1\n"", ""output"": ""191\n""}, {""input"": ""8 2\n61 70 57 13 91 27 79 43\n"", ""output"": ""153\n""}, {""input"": ""8 7\n41 70 57 6 91 35 79 43\n"", ""output"": ""639\n""}, {""input"": ""8 4\n63 4 57 0 174 38 130 43\n"", ""output"": ""199\n""}, {""input"": ""8 4\n1 70 57 10 174 33 130 60\n"", ""output"": ""210\n""}, {""input"": ""8 4\n46 164 57 3 189 25 130 60\n"", ""output"": ""325\n""}, {""input"": ""8 2\n27 49 57 25 91 77 79 41\n"", ""output"": ""106\n""}, {""input"": ""8 2\n23 158 57 25 91 80 79 60\n"", ""output"": ""197\n""}, {""input"": ""3 2\n23 70 0 8 91 41 79 41\n"", ""output"": ""140\n""}, {""input"": ""8 7\n11 70 57 6 91 35 79 43\n"", ""output"": ""663\n""}, {""input"": ""8 4\n46 164 57 3 209 25 130 60\n"", ""output"": ""345\n""}, {""input"": ""8 2\n19 49 57 25 91 77 79 41\n"", ""output"": ""114\n""}, {""input"": ""8 2\n23 158 12 25 91 80 79 60\n"", ""output"": ""178\n""}, {""input"": ""8 2\n23 35 100 13 81 41 79 1\n"", ""output"": ""217\n""}, {""input"": ""5 4\n1 70 57 12 174 33 130 60\n"", ""output"": ""750\n""}, {""input"": ""8 4\n46 217 57 3 209 25 130 60\n"", ""output"": ""398\n""}, {""input"": ""8 2\n23 158 12 25 91 80 19 60\n"", ""output"": ""200\n""}, {""input"": ""8 2\n23 35 100 13 81 46 79 1\n"", ""output"": ""212\n""}, {""input"": ""8 2\n61 21 83 13 91 48 79 43\n"", ""output"": ""189\n""}, {""input"": ""8 4\n46 148 57 3 209 25 130 60\n"", ""output"": ""329\n""}, {""input"": ""8 3\n23 158 12 25 91 80 19 60\n"", ""output"": ""746\n""}, {""input"": ""8 2\n61 21 83 13 166 48 79 43\n"", ""output"": ""264\n""}, {""input"": ""8 7\n11 70 31 6 147 35 79 43\n"", ""output"": ""1055\n""}, {""input"": ""7 4\n1 70 57 12 174 33 130 44\n"", ""output"": ""986\n""}, {""input"": ""8 3\n23 306 12 25 91 80 19 60\n"", ""output"": ""1190\n""}, {""input"": ""8 2\n23 35 100 19 81 46 28 1\n"", ""output"": ""155\n""}, {""input"": ""8 2\n61 21 83 13 166 48 21 43\n"", ""output"": ""250\n""}, {""input"": ""7 4\n1 70 57 12 19 33 130 44\n"", ""output"": ""677\n""}, {""input"": ""8 3\n9 306 12 25 91 80 19 60\n"", ""output"": ""1217\n""}, {""input"": ""7 4\n1 70 57 12 19 33 85 44\n"", ""output"": ""497\n""}, {""input"": ""8 2\n61 21 83 14 166 48 35 43\n"", ""output"": ""235\n""}, {""input"": ""8 2\n61 21 83 14 166 19 8 43\n"", ""output"": ""291\n""}, {""input"": ""8 7\n11 66 46 0 147 35 79 23\n"", ""output"": ""1097\n""}, {""input"": ""8 2\n61 21 83 14 166 19 8 78\n"", ""output"": ""326\n""}, {""input"": ""7 4\n1 70 57 12 24 33 46 72\n"", ""output"": ""389\n""}, {""input"": ""8 2\n61 30 83 14 166 19 8 78\n"", ""output"": ""317\n""}, {""input"": ""8 7\n11 66 89 0 141 35 79 23\n"", ""output"": ""1065\n""}, {""input"": ""7 4\n1 70 57 12 2 33 46 72\n"", ""output"": ""419\n""}, {""input"": ""8 2\n61 30 83 1 166 19 8 78\n"", ""output"": ""330\n""}, {""input"": ""7 4\n1 70 15 12 2 33 46 72\n"", ""output"": ""395\n""}, {""input"": ""8 2\n6 30 83 1 166 19 8 78\n"", ""output"": ""323\n""}, {""input"": ""8 7\n16 13 89 0 141 35 79 23\n"", ""output"": ""1063\n""}, {""input"": ""8 4\n6 30 83 1 166 19 8 78\n"", ""output"": ""240\n""}, {""input"": ""8 7\n16 13 89 -1 141 35 79 23\n"", ""output"": ""1070\n""}, {""input"": ""7 4\n1 70 15 10 2 40 46 72\n"", ""output"": ""402\n""}, {""input"": ""7 4\n1 70 15 10 0 40 46 72\n"", ""output"": ""409\n""}, {""input"": ""7 4\n1 70 15 10 1 40 46 72\n"", ""output"": ""405\n""}, {""input"": ""7 4\n1 78 15 10 1 40 46 72\n"", ""output"": ""437\n""}, {""input"": ""7 4\n1 78 15 10 1 40 21 72\n"", ""output"": ""425\n""}, {""input"": ""7 4\n1 78 15 3 1 14 15 72\n"", ""output"": ""350\n""}, {""input"": ""7 4\n1 78 15 3 1 23 15 72\n"", ""output"": ""374\n""}, {""input"": ""7 4\n1 73 15 3 1 23 15 72\n"", ""output"": ""354\n""}, {""input"": ""7 4\n1 73 15 3 2 23 15 72\n"", ""output"": ""351\n""}, {""input"": ""7 4\n1 108 18 3 2 23 15 72\n"", ""output"": ""491\n""}, {""input"": ""7 4\n1 105 18 3 2 23 15 72\n"", ""output"": ""479\n""}, {""input"": ""7 6\n1 105 18 3 2 23 15 72\n"", ""output"": ""645\n""}, {""input"": ""6 3\n2 105 5 3 2 23 15 72\n"", ""output"": ""124\n""}, {""input"": ""6 3\n2 105 5 0 2 23 15 72\n"", ""output"": ""126\n""}, {""input"": ""6 3\n2 0 5 0 2 23 15 72\n"", ""output"": ""28\n""}, {""input"": ""6 3\n2 0 5 0 0 25 15 72\n"", ""output"": ""30\n""}, {""input"": ""6 3\n2 0 9 0 1 25 15 72\n"", ""output"": ""34\n""}, {""input"": ""6 3\n2 1 9 0 1 25 15 72\n"", ""output"": ""33\n""}, {""input"": ""6 3\n1 1 9 0 1 47 0 72\n"", ""output"": ""55\n""}, {""input"": ""6 4\n1 1 9 0 1 47 0 72\n"", ""output"": ""102\n""}, {""input"": ""6 4\n1 1 9 0 0 47 0 72\n"", ""output"": ""103\n""}, {""input"": ""8 2\n23 61 57 13 91 41 79 41\n"", ""output"": ""170\n""}, {""input"": ""8 2\n23 61 57 13 91 41 79 41\n"", ""output"": ""170\n""}]","Given the following C code and assembly code, your task is to generate highly optimized x86-64 assembly code.
C Code:

```c
#include<stdio.h>
int main(){
	int flag,min,MAX,i,I,x,y,z,N,M,a[1000],weight;
	scanf(""%d %d"",&N,&M);
	for(i=0;i<N;i++){
		scanf(""%d"",&a[i]);
	}
	for(i=1;;i++){
		x = N*i;
		if((x%M)==0) break;
	}
	y = x/M;
	min = a[0];
	MAX = a[0];
	I = 0;
	flag = 1;
	weight = 0;
	for(i=0;i<y;i++){
		for(;I<(M*flag);I++){
			z = I % N;
			if(min>a[z]) min = a[z];
			if(MAX<a[z]) MAX = a[z];
		}
		flag++;
		weight = weight + MAX - min;
		z = I % N;
		MAX = a[z];
		min = a[z];
	}
	printf(""%d\n"",weight);
	return 0;
}```

Assembly Code:

```assembly
	.file	""temp.c""
	.text
	.section	.rodata.str1.1,""aMS"",@progbits,1
.LC0:
	.string	""%d %d""
.LC1:
	.string	""%d""
.LC2:
	.string	""%d\n""
	.section	.text.startup,""ax"",@progbits
	.p2align 4
	.globl	main
	.type	main, @function
main:
.LFB23:
	.cfi_startproc
	endbr64
	pushq	%r12
	.cfi_def_cfa_offset 16
	.cfi_offset 12, -16
	leaq	.LC0(%rip), %rdi
	pushq	%rbp
	.cfi_def_cfa_offset 24
	.cfi_offset 6, -24
	pushq	%rbx
	.cfi_def_cfa_offset 32
	.cfi_offset 3, -32
	subq	$4032, %rsp
	.cfi_def_cfa_offset 4064
	movq	%fs:40, %rax
	movq	%rax, 4024(%rsp)
	xorl	%eax, %eax
	leaq	12(%rsp), %rdx
	leaq	8(%rsp), %rsi
	call	__isoc99_scanf@PLT
	movl	8(%rsp), %r8d
	testl	%r8d, %r8d
	jle	.L2
	leaq	16(%rsp), %rbp
	xorl	%ebx, %ebx
	leaq	.LC1(%rip), %r12
	.p2align 4,,10
	.p2align 3
.L3:
	movq	%rbp, %rsi
	movq	%r12, %rdi
	xorl	%eax, %eax
	addl	$1, %ebx
	call	__isoc99_scanf@PLT
	movl	8(%rsp), %r8d
	addq	$4, %rbp
	cmpl	%ebx, %r8d
	jg	.L3
.L2:
	movl	%r8d, %eax
	movl	12(%rsp), %ebx
	cltd
	idivl	%ebx
	testl	%edx, %edx
	je	.L11
	leal	(%r8,%r8), %esi
	.p2align 4,,10
	.p2align 3
.L5:
	movl	%esi, %ecx
	addl	%r8d, %esi
	movl	%ecx, %eax
	cltd
	idivl	%ebx
	testl	%edx, %edx
	jne	.L5
.L4:
	movl	%ecx, %eax
	movl	16(%rsp), %esi
	cltd
	idivl	%ebx
	testl	%eax, %eax
	jle	.L12
	leal	1(%rax), %r11d
	movl	%ebx, %r9d
	xorl	%r10d, %r10d
	xorl	%ecx, %ecx
	movl	$1, %ebp
	.p2align 4,,10
	.p2align 3
.L7:
	movl	%esi, %eax
	movl	%esi, %edi
	movl	%esi, %edx
	cmpl	%ecx, %r9d
	jle	.L9
	.p2align 4,,10
	.p2align 3
.L8:
	cmpl	%eax, %esi
	cmovg	%eax, %esi
	cmpl	%eax, %edi
	cmovl	%eax, %edi
	addl	$1, %ecx
	movl	%ecx, %eax
	cltd
	idivl	%r8d
	movslq	%edx, %rdx
	movl	16(%rsp,%rdx,4), %eax
	cmpl	%r9d, %ecx
	jne	.L8
	movl	%esi, %edx
	movl	%eax, %esi
.L9:
	addl	%edi, %r10d
	addl	$1, %ebp
	addl	%ebx, %r9d
	subl	%edx, %r10d
	cmpl	%r11d, %ebp
	jne	.L7
.L6:
	xorl	%eax, %eax
	movl	%r10d, %edx
	movl	$1, %edi
	leaq	.LC2(%rip), %rsi
	call	__printf_chk@PLT
	movq	4024(%rsp), %rax
	subq	%fs:40, %rax
	jne	.L20
	addq	$4032, %rsp
	.cfi_remember_state
	.cfi_def_cfa_offset 32
	xorl	%eax, %eax
	popq	%rbx
	.cfi_def_cfa_offset 24
	popq	%rbp
	.cfi_def_cfa_offset 16
	popq	%r12
	.cfi_def_cfa_offset 8
	ret
.L11:
	.cfi_restore_state
	movl	%r8d, %ecx
	jmp	.L4
.L12:
	xorl	%r10d, %r10d
	jmp	.L6
.L20:
	call	__stack_chk_fail@PLT
	.cfi_endproc
.LFE23:
	.size	main, .-main
	.ident	""GCC: (Ubuntu 11.4.0-1ubuntu1~22.04) 11.4.0""
	.section	.note.GNU-stack,"""",@progbits
	.section	.note.gnu.property,""a""
	.align 8
	.long	1f - 0f
	.long	4f - 1f
	.long	5
0:
	.string	""GNU""
1:
	.align 8
	.long	0xc0000002
	.long	3f - 2f
2:
	.long	0x3
3:
	.align 8
4:
```

Only output the optimized assembly code. Do not include any other text. Do not write any comments in the assembly code. Wrap the assembly code in ```assembly``` tags.
Optimized Assembly Code:
","Given the following C code, your task is to generate highly optimized x86-64 assembly code.
C Code:

```c
#include<stdio.h>
int main(){
	int flag,min,MAX,i,I,x,y,z,N,M,a[1000],weight;
	scanf(""%d %d"",&N,&M);
	for(i=0;i<N;i++){
		scanf(""%d"",&a[i]);
	}
	for(i=1;;i++){
		x = N*i;
		if((x%M)==0) break;
	}
	y = x/M;
	min = a[0];
	MAX = a[0];
	I = 0;
	flag = 1;
	weight = 0;
	for(i=0;i<y;i++){
		for(;I<(M*flag);I++){
			z = I % N;
			if(min>a[z]) min = a[z];
			if(MAX<a[z]) MAX = a[z];
		}
		flag++;
		weight = weight + MAX - min;
		z = I % N;
		MAX = a[z];
		min = a[z];
	}
	printf(""%d\n"",weight);
	return 0;
}```

Only output the optimized assembly code. Do not include any other text. Do not write any comments in the assembly code. Wrap the assembly code in ```assembly``` tags.
Optimized Assembly Code:
"
44,"```c
#include<stdio.h>

int main(void)
{
  int n;
  char s[110];
  scanf(""%d%s"",&n,s);

  int i,j,a,b,ans=0,cnt;
  char c;
  for(i=1;i<n;i++){
    cnt=0;
    for(c='a';c<='z';c++){
      a = 0;  b = 0;
      for(j=0;j<i;j++){
        if(s[j]==c)
          a = 1;
      }
      for(j=i;j<n;j++){
        if(s[j]==c)
          b = 1;
      }
      if((a==1)&&(b==1))
        cnt++;
    }
    if(ans<cnt)
      ans = cnt;
  }

  printf(""%d\n"",ans);
  return 0;
}```","[{""input"": ""10\naaabaaaaaa\n"", ""output"": ""1\n""}, {""input"": ""6\n`abbca\n"", ""output"": ""2\n""}, {""input"": ""45\ntgxgdqkyjphyzutjjtllptdfxocrylqfqjynmfbfucbir\n"", ""output"": ""9\n""}, {""input"": ""45\ntgxgtqkyjfhyzutjjdllptdpxrbrylqfqjynmfbfucbio\n"", ""output"": ""10\n""}, {""input"": ""45\nbnxgtqkykfhyzutjjdllptdpxrtrylqfqjygmfbftcbio\n"", ""output"": ""11\n""}, {""input"": ""10\naba`ab`bbb\n"", ""output"": ""2\n""}, {""input"": ""10\n`bcca_ba_`\n"", ""output"": ""2\n""}, {""input"": ""45\nblxhtqkyjehxzutkjdmlpidpurtrzlbfribgmhqfzcyto\n"", ""output"": ""12\n""}, {""input"": ""45\ntwhhbqkztehxjvukjdjioldpurzrzlbfribgmnqfzcytn\n"", ""output"": ""8\n""}, {""input"": ""6\nb`^dca\n"", ""output"": ""0\n""}, {""input"": ""45\nynieujj{yxwverojifcioktqtazr}lktrkeiimq|ebgcm\n"", ""output"": ""7\n""}, {""input"": ""45\nynieujj{yxvveroiifdiobsqtazr}lktrkeiimq|ekhcm\n"", ""output"": ""6\n""}, {""input"": ""45\nzniitjj|xxvvbtojeedikdsqmbzr|nksskejimq|fcgot\n"", ""output"": ""12\n""}, {""input"": ""10\naabbaaaaaa\n"", ""output"": ""2\n""}, {""input"": ""6\nacbba`\n"", ""output"": ""2\n""}, {""input"": ""45\ntgxgtqkyjphyzutjjdllptdfxocrylqfqjynmfbfucbir\n"", ""output"": ""9\n""}, {""input"": ""10\naabbaaabaa\n"", ""output"": ""2\n""}, {""input"": ""6\n`abbda\n"", ""output"": ""2\n""}, {""input"": ""45\ntgxgtqkyjphyzutjjdllptdfxrcrylqfqjynmfbfucbio\n"", ""output"": ""9\n""}, {""input"": ""10\naaabaaabaa\n"", ""output"": ""2\n""}, {""input"": ""6\nadbba`\n"", ""output"": ""2\n""}, {""input"": ""45\noibcufbfmnyjqfqlyrcrxfdtplldjjtuzyhpjykqtgxgt\n"", ""output"": ""9\n""}, {""input"": ""10\naaabaaabba\n"", ""output"": ""2\n""}, {""input"": ""6\nadbbb`\n"", ""output"": ""1\n""}, {""input"": ""45\ntgxgtqkyjphyzutjjdllptdfxrbrylqfqjynmfbfucbio\n"", ""output"": ""9\n""}, {""input"": ""10\naaaba`abba\n"", ""output"": ""2\n""}, {""input"": ""6\nadbcb`\n"", ""output"": ""1\n""}, {""input"": ""10\nabba`abaaa\n"", ""output"": ""2\n""}, {""input"": ""6\n`bbbda\n"", ""output"": ""1\n""}, {""input"": ""45\noibcufbfmnyjqfqlyrbrxpdtplldjjtuzyhfjykqtgxgt\n"", ""output"": ""10\n""}, {""input"": ""10\nabbaba`aaa\n"", ""output"": ""2\n""}, {""input"": ""6\n`babda\n"", ""output"": ""2\n""}, {""input"": ""45\ntgxgtqkyjfhyzutjjdllptdpxrbrylqfqjynmfbftcbio\n"", ""output"": ""9\n""}, {""input"": ""10\nbbbaba`aaa\n"", ""output"": ""2\n""}, {""input"": ""6\nadbab`\n"", ""output"": ""2\n""}, {""input"": ""45\ntgxgtqkykfhyzutjjdllptdpxrbrylqfqjynmfbftcbio\n"", ""output"": ""9\n""}, {""input"": ""10\naaa`ababbb\n"", ""output"": ""2\n""}, {""input"": ""6\nabdbb`\n"", ""output"": ""1\n""}, {""input"": ""45\ntnxgtqkykfhyzutjjdllptdpxrbrylqfqjygmfbftcbio\n"", ""output"": ""10\n""}, {""input"": ""10\naba`ababbb\n"", ""output"": ""2\n""}, {""input"": ""6\nabbdb`\n"", ""output"": ""1\n""}, {""input"": ""6\nabbdc`\n"", ""output"": ""1\n""}, {""input"": ""45\nbnxgtqkykfhyzutjjdllptdpxrtrylqfrjygmfbftcbio\n"", ""output"": ""11\n""}, {""input"": ""10\naba`ab`bcb\n"", ""output"": ""2\n""}, {""input"": ""6\nab`dcb\n"", ""output"": ""1\n""}, {""input"": ""45\noibctfbfmgyjrfqlyrtrxpdtplldjjtuzyhfkykqtgxnb\n"", ""output"": ""11\n""}, {""input"": ""10\nbcb`ba`aba\n"", ""output"": ""2\n""}, {""input"": ""6\nba`dcb\n"", ""output"": ""1\n""}, {""input"": ""45\noibctfbfmgyjrfqlyrsrxpdtplldjjtuzyhfkykqtgxnb\n"", ""output"": ""11\n""}, {""input"": ""10\nb`bcba`aba\n"", ""output"": ""2\n""}, {""input"": ""6\nba_dcb\n"", ""output"": ""1\n""}, {""input"": ""45\nbnxgtqkykfhyzutjjdllptdpxrsrylqfrjygmfbftcbio\n"", ""output"": ""11\n""}, {""input"": ""10\nbbbcba`a`a\n"", ""output"": ""1\n""}, {""input"": ""6\nbad_cb\n"", ""output"": ""1\n""}, {""input"": ""45\nbnxgtqkykehyzutjjdllptdpxrsrylqfrjygmfbftcbio\n"", ""output"": ""10\n""}, {""input"": ""10\nbbccba`a`a\n"", ""output"": ""2\n""}, {""input"": ""6\nbad^cb\n"", ""output"": ""1\n""}, {""input"": ""45\nbnxgtqkykehzzutjjdllptdpxrsrylqfrjygmfbftcbio\n"", ""output"": ""10\n""}, {""input"": ""10\nbbccba`aaa\n"", ""output"": ""2\n""}, {""input"": ""6\nbc^dab\n"", ""output"": ""1\n""}, {""input"": ""45\nbnxgtqkykehzzutjjdllptdpxrsrylqfrjygmfbfucbio\n"", ""output"": ""11\n""}, {""input"": ""10\naaa`abccbb\n"", ""output"": ""2\n""}, {""input"": ""6\nbc]dab\n"", ""output"": ""1\n""}, {""input"": ""45\nbnxgtqkykehzzutjjdllpidpxrsrylqfrjygmfbfucbto\n"", ""output"": ""11\n""}, {""input"": ""10\naaa``bccbb\n"", ""output"": ""2\n""}, {""input"": ""6\nbad]cb\n"", ""output"": ""1\n""}, {""input"": ""45\nbnxgtqkyjehzzutjjdllpidpxrsrylqfrjygmfbfucbto\n"", ""output"": ""11\n""}, {""input"": ""10\na`a``bccbb\n"", ""output"": ""2\n""}, {""input"": ""6\n]adbcb\n"", ""output"": ""1\n""}, {""input"": ""45\notbcufbfmgyjrfqlyrsrxpdiplldjjtuzzhejykqtgxnb\n"", ""output"": ""11\n""}, {""input"": ""10\na_a``bccbb\n"", ""output"": ""2\n""}, {""input"": ""6\n]acbdb\n"", ""output"": ""1\n""}, {""input"": ""45\notbcufbfmgyjrfqlyrsrzpdiplldjjtuzxhejykqtgxnb\n"", ""output"": ""11\n""}, {""input"": ""10\na_a``bccba\n"", ""output"": ""3\n""}, {""input"": ""6\n]acadb\n"", ""output"": ""1\n""}, {""input"": ""45\notbcufbfmgyjrfqlyrsrzpdiplldjjtuzxhejykqthxnb\n"", ""output"": ""10\n""}, {""input"": ""10\na_a``accba\n"", ""output"": ""2\n""}, {""input"": ""6\n]dcaab\n"", ""output"": ""1\n""}, {""input"": ""45\notbcufqfmgyjrfblyrsrzpdiplldjjtuzxhejykqthxnb\n"", ""output"": ""10\n""}, {""input"": ""10\nb_a``accba\n"", ""output"": ""3\n""}, {""input"": ""6\n]bcaad\n"", ""output"": ""1\n""}, {""input"": ""45\notbczfqfmgyjrfblyrsrupdiplldjjtuzxhejykqthxnb\n"", ""output"": ""10\n""}, {""input"": ""10\nb_a``accb`\n"", ""output"": ""2\n""}, {""input"": ""6\n^bcaad\n"", ""output"": ""1\n""}, {""input"": ""45\notbczfqfmgyjrfblyrsrupdiplldjjtuzxhejykqthxmb\n"", ""output"": ""11\n""}, {""input"": ""10\n`_ab`accb`\n"", ""output"": ""2\n""}, {""input"": ""6\n^bcaac\n"", ""output"": ""2\n""}, {""input"": ""45\notbczfqfmgyjrfblyrsrupdiplldjktuzxhejykqthxmb\n"", ""output"": ""11\n""}, {""input"": ""10\n`bcca`ba_`\n"", ""output"": ""2\n""}, {""input"": ""6\ncaacb^\n"", ""output"": ""2\n""}, {""input"": ""45\notyczfqfmgbjrfblyrsrupdiplldjktuzxhejykqthxmb\n"", ""output"": ""11\n""}, {""input"": ""6\nc`acb^\n"", ""output"": ""1\n""}, {""input"": ""45\notyczfqfmgbjrfblyrtrupdiplldjktuzxhejykqthxmb\n"", ""output"": ""11\n""}, {""input"": ""10\n`bcca_ba_a\n"", ""output"": ""2\n""}, {""input"": ""6\nc`abb^\n"", ""output"": ""1\n""}, {""input"": ""45\notyczfqfmgbjrfblzrtrupdiplldjktuzxhejykqthxmb\n"", ""output"": ""11\n""}, {""input"": ""10\n`bcca_ba_b\n"", ""output"": ""2\n""}, {""input"": ""6\n^bba`c\n"", ""output"": ""1\n""}, {""input"": ""45\notyczfqfmgbjrfblzrtrupdiplldjktuzxhejykqthxlb\n"", ""output"": ""10\n""}, {""input"": ""10\nb_ab_accb`\n"", ""output"": ""2\n""}, {""input"": ""10\naaaaaaaaaa\n"", ""output"": ""1\n""}, {""input"": ""6\naabbca\n"", ""output"": ""2\n""}, {""input"": ""45\ntgxgdqkyjzhyputjjtllptdfxocrylqfqjynmfbfucbir\n"", ""output"": ""9\n""}, {""input"": ""6\naabbca\n"", ""output"": ""2\n""}]","Given the following C code and assembly code, your task is to generate highly optimized x86-64 assembly code.
C Code:

```c
#include<stdio.h>

int main(void)
{
  int n;
  char s[110];
  scanf(""%d%s"",&n,s);

  int i,j,a,b,ans=0,cnt;
  char c;
  for(i=1;i<n;i++){
    cnt=0;
    for(c='a';c<='z';c++){
      a = 0;  b = 0;
      for(j=0;j<i;j++){
        if(s[j]==c)
          a = 1;
      }
      for(j=i;j<n;j++){
        if(s[j]==c)
          b = 1;
      }
      if((a==1)&&(b==1))
        cnt++;
    }
    if(ans<cnt)
      ans = cnt;
  }

  printf(""%d\n"",ans);
  return 0;
}```

Assembly Code:

```assembly
	.file	""temp.c""
	.text
	.section	.rodata.str1.1,""aMS"",@progbits,1
.LC0:
	.string	""%d%s""
.LC1:
	.string	""%d\n""
	.section	.text.startup,""ax"",@progbits
	.p2align 4
	.globl	main
	.type	main, @function
main:
.LFB23:
	.cfi_startproc
	endbr64
	pushq	%r12
	.cfi_def_cfa_offset 16
	.cfi_offset 12, -16
	leaq	.LC0(%rip), %rdi
	pushq	%rbp
	.cfi_def_cfa_offset 24
	.cfi_offset 6, -24
	pushq	%rbx
	.cfi_def_cfa_offset 32
	.cfi_offset 3, -32
	subq	$144, %rsp
	.cfi_def_cfa_offset 176
	movq	%fs:40, %rax
	movq	%rax, 136(%rsp)
	xorl	%eax, %eax
	leaq	16(%rsp), %rbx
	leaq	12(%rsp), %rsi
	movq	%rbx, %rdx
	call	__isoc99_scanf@PLT
	movl	12(%rsp), %r9d
	cmpl	$1, %r9d
	jle	.L12
	leaq	17(%rsp), %r8
	movslq	%r9d, %rbp
	xorl	%r12d, %r12d
	movl	$1, %edi
	movl	$1, %r11d
.L3:
	movl	$97, %ecx
	xorl	%r10d, %r10d
	.p2align 4,,10
	.p2align 3
.L10:
	movq	%rbx, %rax
	xorl	%edx, %edx
	.p2align 4,,10
	.p2align 3
.L5:
	cmpb	%cl, (%rax)
	cmove	%edi, %edx
	addq	$1, %rax
	cmpq	%r8, %rax
	jne	.L5
	movq	%r11, %rax
	xorl	%esi, %esi
	.p2align 4,,10
	.p2align 3
.L7:
	cmpb	%cl, (%rbx,%rax)
	cmove	%edi, %esi
	addq	$1, %rax
	cmpl	%eax, %r9d
	jg	.L7
	andl	%esi, %edx
	cmpl	$1, %edx
	sbbl	$-1, %r10d
	addl	$1, %ecx
	cmpb	$123, %cl
	jne	.L10
	cmpl	%r10d, %r12d
	cmovl	%r10d, %r12d
	addq	$1, %r11
	addq	$1, %r8
	cmpq	%rbp, %r11
	jne	.L3
.L2:
	xorl	%eax, %eax
	movl	%r12d, %edx
	movl	$1, %edi
	leaq	.LC1(%rip), %rsi
	call	__printf_chk@PLT
	movq	136(%rsp), %rax
	subq	%fs:40, %rax
	jne	.L19
	addq	$144, %rsp
	.cfi_remember_state
	.cfi_def_cfa_offset 32
	xorl	%eax, %eax
	popq	%rbx
	.cfi_def_cfa_offset 24
	popq	%rbp
	.cfi_def_cfa_offset 16
	popq	%r12
	.cfi_def_cfa_offset 8
	ret
.L12:
	.cfi_restore_state
	xorl	%r12d, %r12d
	jmp	.L2
.L19:
	call	__stack_chk_fail@PLT
	.cfi_endproc
.LFE23:
	.size	main, .-main
	.ident	""GCC: (Ubuntu 11.4.0-1ubuntu1~22.04) 11.4.0""
	.section	.note.GNU-stack,"""",@progbits
	.section	.note.gnu.property,""a""
	.align 8
	.long	1f - 0f
	.long	4f - 1f
	.long	5
0:
	.string	""GNU""
1:
	.align 8
	.long	0xc0000002
	.long	3f - 2f
2:
	.long	0x3
3:
	.align 8
4:
```

Only output the optimized assembly code. Do not include any other text. Do not write any comments in the assembly code. Wrap the assembly code in ```assembly``` tags.
Optimized Assembly Code:
","Given the following C code, your task is to generate highly optimized x86-64 assembly code.
C Code:

```c
#include<stdio.h>

int main(void)
{
  int n;
  char s[110];
  scanf(""%d%s"",&n,s);

  int i,j,a,b,ans=0,cnt;
  char c;
  for(i=1;i<n;i++){
    cnt=0;
    for(c='a';c<='z';c++){
      a = 0;  b = 0;
      for(j=0;j<i;j++){
        if(s[j]==c)
          a = 1;
      }
      for(j=i;j<n;j++){
        if(s[j]==c)
          b = 1;
      }
      if((a==1)&&(b==1))
        cnt++;
    }
    if(ans<cnt)
      ans = cnt;
  }

  printf(""%d\n"",ans);
  return 0;
}```

Only output the optimized assembly code. Do not include any other text. Do not write any comments in the assembly code. Wrap the assembly code in ```assembly``` tags.
Optimized Assembly Code:
"
45,"```c
#include <stdio.h>
#include <stdlib.h>
#include <string.h>
#include <math.h>



int main(void){
int n;
int sum=0;
int low=99999999;
int a[105];
scanf(""%d"",&n);

for(int i=0;i<n;i++){
    scanf(""%d"",&a[i]);
}

for(int j=-100;j<=100;j++){
    sum=0;
    for(int k=0;k<n;k++){
        sum=sum+(a[k]-j)*(a[k]-j);
    }
    if(sum<=low){low=sum;}
}
printf(""%d\n"",low);
}
```","[{""input"": ""2\n4 8\n"", ""output"": ""8\n""}]","Given the following C code and assembly code, your task is to generate highly optimized x86-64 assembly code.
C Code:

```c
#include <stdio.h>
#include <stdlib.h>
#include <string.h>
#include <math.h>



int main(void){
int n;
int sum=0;
int low=99999999;
int a[105];
scanf(""%d"",&n);

for(int i=0;i<n;i++){
    scanf(""%d"",&a[i]);
}

for(int j=-100;j<=100;j++){
    sum=0;
    for(int k=0;k<n;k++){
        sum=sum+(a[k]-j)*(a[k]-j);
    }
    if(sum<=low){low=sum;}
}
printf(""%d\n"",low);
}
```

Assembly Code:

```assembly
	.file	""temp.c""
	.text
	.section	.rodata.str1.1,""aMS"",@progbits,1
.LC0:
	.string	""%d""
.LC1:
	.string	""%d\n""
	.section	.text.startup,""ax"",@progbits
	.p2align 4
	.globl	main
	.type	main, @function
main:
.LFB51:
	.cfi_startproc
	endbr64
	pushq	%r13
	.cfi_def_cfa_offset 16
	.cfi_offset 13, -16
	leaq	.LC0(%rip), %r13
	pushq	%r12
	.cfi_def_cfa_offset 24
	.cfi_offset 12, -24
	movq	%r13, %rdi
	pushq	%rbp
	.cfi_def_cfa_offset 32
	.cfi_offset 6, -32
	xorl	%ebp, %ebp
	pushq	%rbx
	.cfi_def_cfa_offset 40
	.cfi_offset 3, -40
	subq	$456, %rsp
	.cfi_def_cfa_offset 496
	movq	%fs:40, %rax
	movq	%rax, 440(%rsp)
	xorl	%eax, %eax
	leaq	12(%rsp), %rsi
	leaq	16(%rsp), %rbx
	movq	%rbx, %r12
	call	__isoc99_scanf@PLT
	movl	12(%rsp), %r8d
	testl	%r8d, %r8d
	jle	.L2
.L3:
	movq	%r12, %rsi
	movq	%r13, %rdi
	xorl	%eax, %eax
	addl	$1, %ebp
	call	__isoc99_scanf@PLT
	movl	12(%rsp), %r8d
	addq	$4, %r12
	cmpl	%ebp, %r8d
	jg	.L3
.L2:
	movl	%r8d, %eax
	movl	%r8d, %r10d
	leal	-1(%r8), %r11d
	movl	$-100, %edx
	shrl	$2, %eax
	andl	$-4, %r10d
	movl	$99999999, %r9d
	subl	$1, %eax
	salq	$4, %rax
	leaq	32(%rsp,%rax), %rsi
	.p2align 4,,10
	.p2align 3
.L4:
	xorl	%eax, %eax
	testl	%r8d, %r8d
	jle	.L10
	cmpl	$2, %r11d
	jbe	.L12
	movd	%edx, %xmm4
	movq	%rbx, %rax
	pxor	%xmm2, %xmm2
	pshufd	$0, %xmm4, %xmm3
	.p2align 4,,10
	.p2align 3
.L6:
	movdqa	(%rax), %xmm0
	addq	$16, %rax
	psubd	%xmm3, %xmm0
	movdqa	%xmm0, %xmm1
	pmuludq	%xmm0, %xmm1
	psrlq	$32, %xmm0
	pmuludq	%xmm0, %xmm0
	pshufd	$8, %xmm1, %xmm1
	pshufd	$8, %xmm0, %xmm0
	punpckldq	%xmm0, %xmm1
	paddd	%xmm1, %xmm2
	cmpq	%rsi, %rax
	jne	.L6
	movdqa	%xmm2, %xmm0
	movl	%r10d, %ecx
	psrldq	$8, %xmm0
	paddd	%xmm0, %xmm2
	movdqa	%xmm2, %xmm0
	psrldq	$4, %xmm0
	paddd	%xmm0, %xmm2
	movd	%xmm2, %eax
	cmpl	%r10d, %r8d
	je	.L10
.L5:
	movslq	%ecx, %rdi
	movl	16(%rsp,%rdi,4), %edi
	subl	%edx, %edi
	imull	%edi, %edi
	addl	%edi, %eax
	leal	1(%rcx), %edi
	cmpl	%edi, %r8d
	jle	.L10
	movslq	%edi, %rdi
	addl	$2, %ecx
	movl	16(%rsp,%rdi,4), %edi
	subl	%edx, %edi
	imull	%edi, %edi
	addl	%edi, %eax
	cmpl	%ecx, %r8d
	jle	.L10
	movslq	%ecx, %rcx
	movl	16(%rsp,%rcx,4), %ecx
	subl	%edx, %ecx
	imull	%ecx, %ecx
	addl	%ecx, %eax
.L10:
	cmpl	%eax, %r9d
	cmovg	%eax, %r9d
	addl	$1, %edx
	cmpl	$101, %edx
	jne	.L4
	xorl	%eax, %eax
	movl	%r9d, %edx
	movl	$1, %edi
	leaq	.LC1(%rip), %rsi
	call	__printf_chk@PLT
	movq	440(%rsp), %rax
	subq	%fs:40, %rax
	jne	.L19
	addq	$456, %rsp
	.cfi_remember_state
	.cfi_def_cfa_offset 40
	xorl	%eax, %eax
	popq	%rbx
	.cfi_def_cfa_offset 32
	popq	%rbp
	.cfi_def_cfa_offset 24
	popq	%r12
	.cfi_def_cfa_offset 16
	popq	%r13
	.cfi_def_cfa_offset 8
	ret
.L12:
	.cfi_restore_state
	xorl	%ecx, %ecx
	xorl	%eax, %eax
	jmp	.L5
.L19:
	call	__stack_chk_fail@PLT
	.cfi_endproc
.LFE51:
	.size	main, .-main
	.ident	""GCC: (Ubuntu 11.4.0-1ubuntu1~22.04) 11.4.0""
	.section	.note.GNU-stack,"""",@progbits
	.section	.note.gnu.property,""a""
	.align 8
	.long	1f - 0f
	.long	4f - 1f
	.long	5
0:
	.string	""GNU""
1:
	.align 8
	.long	0xc0000002
	.long	3f - 2f
2:
	.long	0x3
3:
	.align 8
4:
```

Only output the optimized assembly code. Do not include any other text. Do not write any comments in the assembly code. Wrap the assembly code in ```assembly``` tags.
Optimized Assembly Code:
","Given the following C code, your task is to generate highly optimized x86-64 assembly code.
C Code:

```c
#include <stdio.h>
#include <stdlib.h>
#include <string.h>
#include <math.h>



int main(void){
int n;
int sum=0;
int low=99999999;
int a[105];
scanf(""%d"",&n);

for(int i=0;i<n;i++){
    scanf(""%d"",&a[i]);
}

for(int j=-100;j<=100;j++){
    sum=0;
    for(int k=0;k<n;k++){
        sum=sum+(a[k]-j)*(a[k]-j);
    }
    if(sum<=low){low=sum;}
}
printf(""%d\n"",low);
}
```

Only output the optimized assembly code. Do not include any other text. Do not write any comments in the assembly code. Wrap the assembly code in ```assembly``` tags.
Optimized Assembly Code:
"
46,"```c
#include <stdio.h>
#include <string.h>

int main(void){

  char s[11];
  scanf(""%s"", s);
  for (int i = 0; i < strlen(s); i += 2) {
    if (s[i] != 'h' || s[i+1] != 'i') {
      printf(""No\n"");
      return 0;
    }
  }
  printf(""Yes\n"");

  return 0;
}```","[{""input"": ""ah\n"", ""output"": ""No\n""}, {""input"": ""ih\n"", ""output"": ""No\n""}, {""input"": ""hhhi\n"", ""output"": ""No\n""}, {""input"": ""hb\n"", ""output"": ""No\n""}, {""input"": ""hh\n"", ""output"": ""No\n""}, {""input"": ""hhhj\n"", ""output"": ""No\n""}, {""input"": ""bh\n"", ""output"": ""No\n""}, {""input"": ""gi\n"", ""output"": ""No\n""}, {""input"": ""jhhh\n"", ""output"": ""No\n""}, {""input"": ""gb\n"", ""output"": ""No\n""}, {""input"": ""hg\n"", ""output"": ""No\n""}, {""input"": ""hjhh\n"", ""output"": ""No\n""}, {""input"": ""fb\n"", ""output"": ""No\n""}, {""input"": ""gh\n"", ""output"": ""No\n""}, {""input"": ""gjhh\n"", ""output"": ""No\n""}, {""input"": ""bf\n"", ""output"": ""No\n""}, {""input"": ""gg\n"", ""output"": ""No\n""}, {""input"": ""hjgh\n"", ""output"": ""No\n""}, {""input"": ""af\n"", ""output"": ""No\n""}, {""input"": ""fg\n"", ""output"": ""No\n""}, {""input"": ""gjgh\n"", ""output"": ""No\n""}, {""input"": ""bg\n"", ""output"": ""No\n""}, {""input"": ""eg\n"", ""output"": ""No\n""}, {""input"": ""gkgh\n"", ""output"": ""No\n""}, {""input"": ""ga\n"", ""output"": ""No\n""}, {""input"": ""ge\n"", ""output"": ""No\n""}, {""input"": ""hgjg\n"", ""output"": ""No\n""}, {""input"": ""ag\n"", ""output"": ""No\n""}, {""input"": ""he\n"", ""output"": ""No\n""}, {""input"": ""ggjg\n"", ""output"": ""No\n""}, {""input"": ""ia\n"", ""output"": ""No\n""}, {""input"": ""eh\n"", ""output"": ""No\n""}, {""input"": ""gjgg\n"", ""output"": ""No\n""}, {""input"": ""ai\n"", ""output"": ""No\n""}, {""input"": ""dh\n"", ""output"": ""No\n""}, {""input"": ""ggkg\n"", ""output"": ""No\n""}, {""input"": ""`i\n"", ""output"": ""No\n""}, {""input"": ""hd\n"", ""output"": ""No\n""}, {""input"": ""gkgg\n"", ""output"": ""No\n""}, {""input"": ""`h\n"", ""output"": ""No\n""}, {""input"": ""id\n"", ""output"": ""No\n""}, {""input"": ""gkhg\n"", ""output"": ""No\n""}, {""input"": ""`g\n"", ""output"": ""No\n""}, {""input"": ""jd\n"", ""output"": ""No\n""}, {""input"": ""ghkg\n"", ""output"": ""No\n""}, {""input"": ""g`\n"", ""output"": ""No\n""}, {""input"": ""dj\n"", ""output"": ""No\n""}, {""input"": ""gkhf\n"", ""output"": ""No\n""}, {""input"": ""cf\n"", ""output"": ""No\n""}, {""input"": ""di\n"", ""output"": ""No\n""}, {""input"": ""gkhe\n"", ""output"": ""No\n""}, {""input"": ""ce\n"", ""output"": ""No\n""}, {""input"": ""jc\n"", ""output"": ""No\n""}, {""input"": ""hkge\n"", ""output"": ""No\n""}, {""input"": ""be\n"", ""output"": ""No\n""}, {""input"": ""cj\n"", ""output"": ""No\n""}, {""input"": ""egkh\n"", ""output"": ""No\n""}, {""input"": ""eb\n"", ""output"": ""No\n""}, {""input"": ""bj\n"", ""output"": ""No\n""}, {""input"": ""hegk\n"", ""output"": ""No\n""}, {""input"": ""bd\n"", ""output"": ""No\n""}, {""input"": ""jb\n"", ""output"": ""No\n""}, {""input"": ""hegl\n"", ""output"": ""No\n""}, {""input"": ""bc\n"", ""output"": ""No\n""}, {""input"": ""kb\n"", ""output"": ""No\n""}, {""input"": ""kgeh\n"", ""output"": ""No\n""}, {""input"": ""bb\n"", ""output"": ""No\n""}, {""input"": ""bk\n"", ""output"": ""No\n""}, {""input"": ""kgeg\n"", ""output"": ""No\n""}, {""input"": ""ba\n"", ""output"": ""No\n""}, {""input"": ""aj\n"", ""output"": ""No\n""}, {""input"": ""egkg\n"", ""output"": ""No\n""}, {""input"": ""ab\n"", ""output"": ""No\n""}, {""input"": ""bi\n"", ""output"": ""No\n""}, {""input"": ""eglg\n"", ""output"": ""No\n""}, {""input"": ""aa\n"", ""output"": ""No\n""}, {""input"": ""ib\n"", ""output"": ""No\n""}, {""input"": ""dglg\n"", ""output"": ""No\n""}, {""input"": ""a`\n"", ""output"": ""No\n""}, {""input"": ""ic\n"", ""output"": ""No\n""}, {""input"": ""dflg\n"", ""output"": ""No\n""}, {""input"": ""`a\n"", ""output"": ""No\n""}, {""input"": ""hc\n"", ""output"": ""No\n""}, {""input"": ""glfd\n"", ""output"": ""No\n""}, {""input"": ""`b\n"", ""output"": ""No\n""}, {""input"": ""kc\n"", ""output"": ""No\n""}, {""input"": ""glfe\n"", ""output"": ""No\n""}, {""input"": ""b`\n"", ""output"": ""No\n""}, {""input"": ""ck\n"", ""output"": ""No\n""}, {""input"": ""glff\n"", ""output"": ""No\n""}, {""input"": ""``\n"", ""output"": ""No\n""}, {""input"": ""cl\n"", ""output"": ""No\n""}, {""input"": ""glgf\n"", ""output"": ""No\n""}, {""input"": ""_b\n"", ""output"": ""No\n""}, {""input"": ""lc\n"", ""output"": ""No\n""}, {""input"": ""flgf\n"", ""output"": ""No\n""}, {""input"": ""b_\n"", ""output"": ""No\n""}, {""input"": ""dl\n"", ""output"": ""No\n""}, {""input"": ""flff\n"", ""output"": ""No\n""}, {""input"": ""`_\n"", ""output"": ""No\n""}, {""input"": ""ha\n"", ""output"": ""No\n""}, {""input"": ""hihi\n"", ""output"": ""Yes\n""}, {""input"": ""hihi\n"", ""output"": ""Yes\n""}, {""input"": ""hi\n"", ""output"": ""Yes\n""}]","Given the following C code and assembly code, your task is to generate highly optimized x86-64 assembly code.
C Code:

```c
#include <stdio.h>
#include <string.h>

int main(void){

  char s[11];
  scanf(""%s"", s);
  for (int i = 0; i < strlen(s); i += 2) {
    if (s[i] != 'h' || s[i+1] != 'i') {
      printf(""No\n"");
      return 0;
    }
  }
  printf(""Yes\n"");

  return 0;
}```

Assembly Code:

```assembly
	.file	""temp.c""
	.text
	.section	.rodata.str1.1,""aMS"",@progbits,1
.LC0:
	.string	""%s""
.LC1:
	.string	""No""
.LC2:
	.string	""Yes""
	.section	.text.startup,""ax"",@progbits
	.p2align 4
	.globl	main
	.type	main, @function
main:
.LFB35:
	.cfi_startproc
	endbr64
	pushq	%rbp
	.cfi_def_cfa_offset 16
	.cfi_offset 6, -16
	leaq	.LC0(%rip), %rdi
	subq	$32, %rsp
	.cfi_def_cfa_offset 48
	movq	%fs:40, %rax
	movq	%rax, 24(%rsp)
	xorl	%eax, %eax
	leaq	13(%rsp), %rbp
	movq	%rbp, %rsi
	call	__isoc99_scanf@PLT
	movq	%rbp, %rdi
	call	strlen@PLT
	testq	%rax, %rax
	je	.L2
	cmpb	$104, 13(%rsp)
	jne	.L3
	cmpb	$105, 14(%rsp)
	jne	.L3
	cmpq	$2, %rax
	jbe	.L2
	cmpb	$104, 15(%rsp)
	jne	.L3
	cmpb	$105, 16(%rsp)
	jne	.L3
	cmpq	$4, %rax
	jbe	.L2
	cmpb	$104, 17(%rsp)
	jne	.L3
	cmpb	$105, 18(%rsp)
	jne	.L3
	cmpq	$6, %rax
	jbe	.L2
	cmpb	$104, 19(%rsp)
	jne	.L3
	cmpb	$105, 20(%rsp)
	jne	.L3
	cmpq	$8, %rax
	jbe	.L2
	cmpb	$104, 21(%rsp)
	jne	.L3
	cmpb	$105, 22(%rsp)
	jne	.L3
.L2:
	leaq	.LC2(%rip), %rdi
	call	puts@PLT
.L4:
	movq	24(%rsp), %rax
	subq	%fs:40, %rax
	jne	.L11
	addq	$32, %rsp
	.cfi_remember_state
	.cfi_def_cfa_offset 16
	xorl	%eax, %eax
	popq	%rbp
	.cfi_def_cfa_offset 8
	ret
.L3:
	.cfi_restore_state
	leaq	.LC1(%rip), %rdi
	call	puts@PLT
	jmp	.L4
.L11:
	call	__stack_chk_fail@PLT
	.cfi_endproc
.LFE35:
	.size	main, .-main
	.ident	""GCC: (Ubuntu 11.4.0-1ubuntu1~22.04) 11.4.0""
	.section	.note.GNU-stack,"""",@progbits
	.section	.note.gnu.property,""a""
	.align 8
	.long	1f - 0f
	.long	4f - 1f
	.long	5
0:
	.string	""GNU""
1:
	.align 8
	.long	0xc0000002
	.long	3f - 2f
2:
	.long	0x3
3:
	.align 8
4:
```

Only output the optimized assembly code. Do not include any other text. Do not write any comments in the assembly code. Wrap the assembly code in ```assembly``` tags.
Optimized Assembly Code:
","Given the following C code, your task is to generate highly optimized x86-64 assembly code.
C Code:

```c
#include <stdio.h>
#include <string.h>

int main(void){

  char s[11];
  scanf(""%s"", s);
  for (int i = 0; i < strlen(s); i += 2) {
    if (s[i] != 'h' || s[i+1] != 'i') {
      printf(""No\n"");
      return 0;
    }
  }
  printf(""Yes\n"");

  return 0;
}```

Only output the optimized assembly code. Do not include any other text. Do not write any comments in the assembly code. Wrap the assembly code in ```assembly``` tags.
Optimized Assembly Code:
"
47,"```c
#include <stdio.h>
#include <math.h>
#include <time.h>
#include<stdlib.h>
#include<string.h>

int main(void) {
	long long int s, c, ans = 0;

	scanf(""%lld %lld"", &s, &c);

	c /= 2;

	if (s < c) {
		ans += s;
		c -= s;
		ans += c / 2;
	}
	else {
		ans += c;
	}

	printf(""%lld"", ans);
}```","[{""input"": ""12345 267141\n"", ""output"": ""72957""}, {""input"": ""1 4\n"", ""output"": ""1""}, {""input"": ""12345 263982\n"", ""output"": ""72168""}, {""input"": ""5656 263982\n"", ""output"": ""68823""}, {""input"": ""0 8\n"", ""output"": ""2""}, {""input"": ""10389 263982\n"", ""output"": ""71190""}, {""input"": ""0 12\n"", ""output"": ""3""}, {""input"": ""10389 232248\n"", ""output"": ""63256""}, {""input"": ""0 20\n"", ""output"": ""5""}, {""input"": ""10389 85698\n"", ""output"": ""26619""}, {""input"": ""0 28\n"", ""output"": ""7""}, {""input"": ""10389 18349\n"", ""output"": ""9174""}, {""input"": ""10389 5425\n"", ""output"": ""2712""}, {""input"": ""10389 728\n"", ""output"": ""364""}, {""input"": ""10389 750\n"", ""output"": ""375""}, {""input"": ""3 11\n"", ""output"": ""4""}, {""input"": ""5394 668\n"", ""output"": ""334""}, {""input"": ""5394 1245\n"", ""output"": ""622""}, {""input"": ""-1 27\n"", ""output"": ""6""}, {""input"": ""3695 2384\n"", ""output"": ""1192""}, {""input"": ""-2 7\n"", ""output"": ""0""}, {""input"": ""1162 2384\n"", ""output"": ""1177""}, {""input"": ""340 2384\n"", ""output"": ""766""}, {""input"": ""340 3876\n"", ""output"": ""1139""}, {""input"": ""340 341\n"", ""output"": ""170""}, {""input"": ""-2 1\n"", ""output"": ""-1""}, {""input"": ""67 341\n"", ""output"": ""118""}, {""input"": ""133 341\n"", ""output"": ""151""}, {""input"": ""-3 0\n"", ""output"": ""-2""}, {""input"": ""133 280\n"", ""output"": ""136""}, {""input"": ""133 51\n"", ""output"": ""25""}, {""input"": ""133 67\n"", ""output"": ""33""}, {""input"": ""133 75\n"", ""output"": ""37""}, {""input"": ""133 106\n"", ""output"": ""53""}, {""input"": ""0 -5\n"", ""output"": ""-2""}, {""input"": ""372 178\n"", ""output"": ""89""}, {""input"": ""1 -10\n"", ""output"": ""-5""}, {""input"": ""1 -12\n"", ""output"": ""-6""}, {""input"": ""282 33\n"", ""output"": ""16""}, {""input"": ""298 17\n"", ""output"": ""8""}, {""input"": ""1 -24\n"", ""output"": ""-12""}, {""input"": ""2 -18\n"", ""output"": ""-9""}, {""input"": ""762 18\n"", ""output"": ""9""}, {""input"": ""10 -29\n"", ""output"": ""-14""}, {""input"": ""762 28\n"", ""output"": ""14""}, {""input"": ""762 39\n"", ""output"": ""19""}, {""input"": ""985 64\n"", ""output"": ""32""}, {""input"": ""1489 71\n"", ""output"": ""35""}, {""input"": ""1489 23\n"", ""output"": ""11""}, {""input"": ""-7 0\n"", ""output"": ""-4""}, {""input"": ""-20 0\n"", ""output"": ""-10""}, {""input"": ""0 50\n"", ""output"": ""12""}, {""input"": ""-1 -13\n"", ""output"": ""-6""}, {""input"": ""-16 2\n"", ""output"": ""-8""}, {""input"": ""-42 3\n"", ""output"": ""-21""}, {""input"": ""-42 5\n"", ""output"": ""-20""}, {""input"": ""-81 4\n"", ""output"": ""-40""}, {""input"": ""-115 4\n"", ""output"": ""-57""}, {""input"": ""-115 7\n"", ""output"": ""-56""}, {""input"": ""-115 10\n"", ""output"": ""-55""}, {""input"": ""-77 10\n"", ""output"": ""-36""}, {""input"": ""-77 6\n"", ""output"": ""-37""}, {""input"": ""-63 7\n"", ""output"": ""-30""}, {""input"": ""-63 3\n"", ""output"": ""-31""}, {""input"": ""-36 2\n"", ""output"": ""-18""}, {""input"": ""-47 0\n"", ""output"": ""-24""}, {""input"": ""4 -28\n"", ""output"": ""-14""}, {""input"": ""-22 2\n"", ""output"": ""-11""}, {""input"": ""-51 -1\n"", ""output"": ""-26""}, {""input"": ""-25 -1\n"", ""output"": ""-13""}, {""input"": ""-37 -1\n"", ""output"": ""-19""}, {""input"": ""0 52\n"", ""output"": ""13""}, {""input"": ""-9 -31\n"", ""output"": ""-15""}, {""input"": ""-1 -53\n"", ""output"": ""-26""}, {""input"": ""-45 0\n"", ""output"": ""-23""}, {""input"": ""-28 -12\n"", ""output"": ""-17""}, {""input"": ""100 41\n"", ""output"": ""20""}, {""input"": ""1 61\n"", ""output"": ""15""}, {""input"": ""100 53\n"", ""output"": ""26""}, {""input"": ""100 72\n"", ""output"": ""36""}, {""input"": ""-23 -41\n"", ""output"": ""-22""}, {""input"": ""-6 -64\n"", ""output"": ""-32""}, {""input"": ""1 67\n"", ""output"": ""17""}, {""input"": ""0 4\n"", ""output"": ""1""}, {""input"": ""1 28\n"", ""output"": ""7""}, {""input"": ""1 27\n"", ""output"": ""7""}, {""input"": ""2 27\n"", ""output"": ""7""}, {""input"": ""2 11\n"", ""output"": ""3""}, {""input"": ""3219 750\n"", ""output"": ""375""}, {""input"": ""4586 750\n"", ""output"": ""375""}, {""input"": ""3 17\n"", ""output"": ""5""}, {""input"": ""5394 750\n"", ""output"": ""375""}, {""input"": ""0 17\n"", ""output"": ""4""}, {""input"": ""-1 17\n"", ""output"": ""3""}, {""input"": ""-1 18\n"", ""output"": ""4""}, {""input"": ""4370 1245\n"", ""output"": ""622""}, {""input"": ""3695 1245\n"", ""output"": ""622""}, {""input"": ""-2 17\n"", ""output"": ""3""}, {""input"": ""-3 7\n"", ""output"": ""0""}, {""input"": ""-1 7\n"", ""output"": ""1""}, {""input"": ""12345 678901\n"", ""output"": ""175897""}, {""input"": ""1 6\n"", ""output"": ""2""}, {""input"": ""1 6\n"", ""output"": ""2""}]","Given the following C code and assembly code, your task is to generate highly optimized x86-64 assembly code.
C Code:

```c
#include <stdio.h>
#include <math.h>
#include <time.h>
#include<stdlib.h>
#include<string.h>

int main(void) {
	long long int s, c, ans = 0;

	scanf(""%lld %lld"", &s, &c);

	c /= 2;

	if (s < c) {
		ans += s;
		c -= s;
		ans += c / 2;
	}
	else {
		ans += c;
	}

	printf(""%lld"", ans);
}```

Assembly Code:

```assembly
	.file	""temp.c""
	.text
	.section	.rodata.str1.1,""aMS"",@progbits,1
.LC0:
	.string	""%lld %lld""
.LC1:
	.string	""%lld""
	.section	.text.startup,""ax"",@progbits
	.p2align 4
	.globl	main
	.type	main, @function
main:
.LFB51:
	.cfi_startproc
	endbr64
	subq	$40, %rsp
	.cfi_def_cfa_offset 48
	leaq	.LC0(%rip), %rdi
	movq	%fs:40, %rax
	movq	%rax, 24(%rsp)
	xorl	%eax, %eax
	leaq	16(%rsp), %rdx
	leaq	8(%rsp), %rsi
	call	__isoc99_scanf@PLT
	movq	16(%rsp), %rax
	movq	%rax, %rdx
	shrq	$63, %rdx
	addq	%rax, %rdx
	movq	8(%rsp), %rax
	sarq	%rdx
	movq	%rdx, 16(%rsp)
	cmpq	%rax, %rdx
	jle	.L2
	subq	%rax, %rdx
	movq	%rdx, 16(%rsp)
	sarq	%rdx
	addq	%rax, %rdx
.L2:
	xorl	%eax, %eax
	leaq	.LC1(%rip), %rsi
	movl	$1, %edi
	call	__printf_chk@PLT
	movq	24(%rsp), %rax
	subq	%fs:40, %rax
	jne	.L6
	xorl	%eax, %eax
	addq	$40, %rsp
	.cfi_remember_state
	.cfi_def_cfa_offset 8
	ret
.L6:
	.cfi_restore_state
	call	__stack_chk_fail@PLT
	.cfi_endproc
.LFE51:
	.size	main, .-main
	.ident	""GCC: (Ubuntu 11.4.0-1ubuntu1~22.04) 11.4.0""
	.section	.note.GNU-stack,"""",@progbits
	.section	.note.gnu.property,""a""
	.align 8
	.long	1f - 0f
	.long	4f - 1f
	.long	5
0:
	.string	""GNU""
1:
	.align 8
	.long	0xc0000002
	.long	3f - 2f
2:
	.long	0x3
3:
	.align 8
4:
```

Only output the optimized assembly code. Do not include any other text. Do not write any comments in the assembly code. Wrap the assembly code in ```assembly``` tags.
Optimized Assembly Code:
","Given the following C code, your task is to generate highly optimized x86-64 assembly code.
C Code:

```c
#include <stdio.h>
#include <math.h>
#include <time.h>
#include<stdlib.h>
#include<string.h>

int main(void) {
	long long int s, c, ans = 0;

	scanf(""%lld %lld"", &s, &c);

	c /= 2;

	if (s < c) {
		ans += s;
		c -= s;
		ans += c / 2;
	}
	else {
		ans += c;
	}

	printf(""%lld"", ans);
}```

Only output the optimized assembly code. Do not include any other text. Do not write any comments in the assembly code. Wrap the assembly code in ```assembly``` tags.
Optimized Assembly Code:
"
48,"```c
#include<stdio.h>
int N,W,v[105],w[105],i,j,dp[10005]={0},r;

int main()
{
	scanf(""%d%d"",&N,&W);
	for(i=0;i<N;i++)
		scanf(""%d%d"",&v[i],&w[i]);
	for(i=0;i<N;i++)
		for(j=0;j<=W;j++)
			if(j-w[i]>=0)
			{
				dp[j]=dp[j]<dp[j-w[i]]+v[i]?dp[j-w[i]]+v[i]:dp[j];
				r=r<dp[j]?dp[j]:r;
			}
	printf(""%d\n"",r);
	return 0;
}```","[{""input"": ""4 8\n4 2\n5 2\n2 1\n8 3\n"", ""output"": ""21\n""}]","Given the following C code and assembly code, your task is to generate highly optimized x86-64 assembly code.
C Code:

```c
#include<stdio.h>
int N,W,v[105],w[105],i,j,dp[10005]={0},r;

int main()
{
	scanf(""%d%d"",&N,&W);
	for(i=0;i<N;i++)
		scanf(""%d%d"",&v[i],&w[i]);
	for(i=0;i<N;i++)
		for(j=0;j<=W;j++)
			if(j-w[i]>=0)
			{
				dp[j]=dp[j]<dp[j-w[i]]+v[i]?dp[j-w[i]]+v[i]:dp[j];
				r=r<dp[j]?dp[j]:r;
			}
	printf(""%d\n"",r);
	return 0;
}```

Assembly Code:

```assembly
	.file	""temp.c""
	.text
	.section	.rodata.str1.1,""aMS"",@progbits,1
.LC0:
	.string	""%d%d""
.LC1:
	.string	""%d\n""
	.section	.text.startup,""ax"",@progbits
	.p2align 4
	.globl	main
	.type	main, @function
main:
.LFB23:
	.cfi_startproc
	endbr64
	pushq	%r14
	.cfi_def_cfa_offset 16
	.cfi_offset 14, -16
	leaq	W(%rip), %rdx
	leaq	N(%rip), %rsi
	xorl	%eax, %eax
	pushq	%r13
	.cfi_def_cfa_offset 24
	.cfi_offset 13, -24
	pushq	%r12
	.cfi_def_cfa_offset 32
	.cfi_offset 12, -32
	pushq	%rbp
	.cfi_def_cfa_offset 40
	.cfi_offset 6, -40
	pushq	%rbx
	.cfi_def_cfa_offset 48
	.cfi_offset 3, -48
	leaq	.LC0(%rip), %rbx
	movq	%rbx, %rdi
	call	__isoc99_scanf@PLT
	movl	N(%rip), %eax
	movl	$0, i(%rip)
	movl	r(%rip), %r13d
	testl	%eax, %eax
	jle	.L3
	xorl	%eax, %eax
	leaq	w(%rip), %r12
	leaq	v(%rip), %rbp
	.p2align 4,,10
	.p2align 3
.L2:
	cltq
	movq	%rbx, %rdi
	salq	$2, %rax
	leaq	(%rax,%r12), %rdx
	leaq	(%rax,%rbp), %rsi
	xorl	%eax, %eax
	call	__isoc99_scanf@PLT
	movl	i(%rip), %eax
	movl	N(%rip), %r11d
	addl	$1, %eax
	movl	%eax, i(%rip)
	cmpl	%r11d, %eax
	jl	.L2
	movl	r(%rip), %r13d
	movl	$0, i(%rip)
	movl	%r13d, %esi
	testl	%r11d, %r11d
	jle	.L3
	movl	W(%rip), %ebp
	leaq	v(%rip), %r8
	leal	-1(%r11), %eax
	leaq	4(%r8), %rdx
	leaq	w(%rip), %r10
	leaq	(%rdx,%rax,4), %r12
	leal	1(%rbp), %ebx
	xorl	%eax, %eax
	.p2align 4,,10
	.p2align 3
.L8:
	testl	%ebp, %ebp
	js	.L10
	movl	(%r10), %r9d
	movl	%ebx, %edi
	leaq	dp(%rip), %rcx
	movl	%r9d, %edx
	subl	%r9d, %edi
	negl	%edx
	movslq	%edx, %r9
	.p2align 4,,10
	.p2align 3
.L7:
	testl	%edx, %edx
	js	.L6
	movl	(%rcx), %r14d
	movl	(%r8), %eax
	addl	(%rcx,%r9,4), %eax
	cmpl	%r14d, %eax
	cmovl	%r14d, %eax
	cmpl	%eax, %esi
	movl	%eax, (%rcx)
	cmovl	%eax, %esi
	movl	$1, %eax
.L6:
	addl	$1, %edx
	addq	$4, %rcx
	cmpl	%edi, %edx
	jne	.L7
	movl	%ebx, %edx
.L5:
	addq	$4, %r8
	addq	$4, %r10
	cmpq	%r12, %r8
	jne	.L8
	movl	%edx, j(%rip)
	movl	%r11d, i(%rip)
	testb	%al, %al
	je	.L3
	movl	%esi, r(%rip)
	movl	%esi, %r13d
.L3:
	movl	%r13d, %edx
	leaq	.LC1(%rip), %rsi
	movl	$1, %edi
	xorl	%eax, %eax
	call	__printf_chk@PLT
	popq	%rbx
	.cfi_remember_state
	.cfi_def_cfa_offset 40
	xorl	%eax, %eax
	popq	%rbp
	.cfi_def_cfa_offset 32
	popq	%r12
	.cfi_def_cfa_offset 24
	popq	%r13
	.cfi_def_cfa_offset 16
	popq	%r14
	.cfi_def_cfa_offset 8
	ret
	.p2align 4,,10
	.p2align 3
.L10:
	.cfi_restore_state
	xorl	%edx, %edx
	jmp	.L5
	.cfi_endproc
.LFE23:
	.size	main, .-main
	.globl	r
	.bss
	.align 4
	.type	r, @object
	.size	r, 4
r:
	.zero	4
	.globl	dp
	.align 32
	.type	dp, @object
	.size	dp, 40020
dp:
	.zero	40020
	.globl	j
	.align 4
	.type	j, @object
	.size	j, 4
j:
	.zero	4
	.globl	i
	.align 4
	.type	i, @object
	.size	i, 4
i:
	.zero	4
	.globl	w
	.align 32
	.type	w, @object
	.size	w, 420
w:
	.zero	420
	.globl	v
	.align 32
	.type	v, @object
	.size	v, 420
v:
	.zero	420
	.globl	W
	.align 4
	.type	W, @object
	.size	W, 4
W:
	.zero	4
	.globl	N
	.align 4
	.type	N, @object
	.size	N, 4
N:
	.zero	4
	.ident	""GCC: (Ubuntu 11.4.0-1ubuntu1~22.04) 11.4.0""
	.section	.note.GNU-stack,"""",@progbits
	.section	.note.gnu.property,""a""
	.align 8
	.long	1f - 0f
	.long	4f - 1f
	.long	5
0:
	.string	""GNU""
1:
	.align 8
	.long	0xc0000002
	.long	3f - 2f
2:
	.long	0x3
3:
	.align 8
4:
```

Only output the optimized assembly code. Do not include any other text. Do not write any comments in the assembly code. Wrap the assembly code in ```assembly``` tags.
Optimized Assembly Code:
","Given the following C code, your task is to generate highly optimized x86-64 assembly code.
C Code:

```c
#include<stdio.h>
int N,W,v[105],w[105],i,j,dp[10005]={0},r;

int main()
{
	scanf(""%d%d"",&N,&W);
	for(i=0;i<N;i++)
		scanf(""%d%d"",&v[i],&w[i]);
	for(i=0;i<N;i++)
		for(j=0;j<=W;j++)
			if(j-w[i]>=0)
			{
				dp[j]=dp[j]<dp[j-w[i]]+v[i]?dp[j-w[i]]+v[i]:dp[j];
				r=r<dp[j]?dp[j]:r;
			}
	printf(""%d\n"",r);
	return 0;
}```

Only output the optimized assembly code. Do not include any other text. Do not write any comments in the assembly code. Wrap the assembly code in ```assembly``` tags.
Optimized Assembly Code:
"
49,"```c
#include <stdio.h>

int main(void) {

  long n;
  scanf(""%ld"", &n);
  long a[n];
  for (long i = 0; i < n; i++) {
    scanf(""%ld"", &a[i]);
  }
  long pairs = a[0]/2;
  a[0] %= 2;
  for (long i = 1; i < n; i++) {
    if (a[i-1] == 1 && a[i] >= 1) {
      pairs++;
      a[i]--;
    }
    pairs += a[i]/2;
    a[i] %= 2;
  }
  printf(""%ld\n"", pairs);

  return 0;
}```","[{""input"": ""8\n2\n0\n1\n6\n1\n8\n2\n1\n"", ""output"": ""10\n""}, {""input"": ""4\n4\n0\n3\n1\n"", ""output"": ""4\n""}, {""input"": ""8\n2\n0\n1\n9\n1\n8\n2\n1\n"", ""output"": ""12\n""}, {""input"": ""4\n3\n0\n3\n1\n"", ""output"": ""3\n""}, {""input"": ""4\n0\n0\n3\n1\n"", ""output"": ""2\n""}, {""input"": ""8\n1\n0\n1\n9\n1\n5\n2\n1\n"", ""output"": ""9\n""}, {""input"": ""8\n1\n0\n1\n1\n1\n5\n1\n1\n"", ""output"": ""5\n""}, {""input"": ""8\n0\n0\n1\n4\n1\n5\n1\n1\n"", ""output"": ""6\n""}, {""input"": ""8\n0\n0\n1\n4\n1\n5\n2\n1\n"", ""output"": ""7\n""}, {""input"": ""8\n1\n1\n2\n0\n1\n5\n4\n2\n"", ""output"": ""8\n""}, {""input"": ""8\n2\n0\n1\n9\n1\n5\n4\n1\n"", ""output"": ""11\n""}, {""input"": ""4\n0\n0\n0\n1\n"", ""output"": ""0\n""}, {""input"": ""4\n0\n0\n1\n1\n"", ""output"": ""1\n""}, {""input"": ""4\n0\n1\n0\n-1\n"", ""output"": ""0\n""}, {""input"": ""8\n1\n0\n1\n9\n1\n12\n4\n0\n"", ""output"": ""13\n""}, {""input"": ""8\n1\n0\n1\n9\n1\n12\n5\n0\n"", ""output"": ""14\n""}, {""input"": ""8\n1\n0\n2\n9\n1\n12\n5\n1\n"", ""output"": ""15\n""}, {""input"": ""8\n1\n0\n2\n13\n1\n12\n5\n1\n"", ""output"": ""17\n""}, {""input"": ""8\n1\n0\n2\n18\n1\n12\n5\n1\n"", ""output"": ""19\n""}, {""input"": ""8\n1\n0\n2\n18\n1\n5\n5\n1\n"", ""output"": ""16\n""}, {""input"": ""8\n1\n1\n2\n18\n4\n5\n5\n1\n"", ""output"": ""18\n""}, {""input"": ""8\n1\n0\n2\n13\n1\n21\n5\n1\n"", ""output"": ""21\n""}, {""input"": ""8\n1\n1\n0\n25\n4\n3\n5\n1\n"", ""output"": ""20\n""}, {""input"": ""8\n1\n1\n0\n24\n4\n3\n10\n1\n"", ""output"": ""22\n""}, {""input"": ""4\n-6\n0\n3\n0\n"", ""output"": ""-2\n""}, {""input"": ""8\n1\n0\n2\n16\n1\n21\n5\n1\n"", ""output"": ""23\n""}, {""input"": ""4\n-6\n0\n0\n0\n"", ""output"": ""-3\n""}, {""input"": ""8\n1\n0\n2\n16\n1\n21\n8\n1\n"", ""output"": ""24\n""}, {""input"": ""8\n2\n0\n1\n9\n1\n5\n2\n1\n"", ""output"": ""10\n""}, {""input"": ""4\n0\n0\n6\n1\n"", ""output"": ""3\n""}, {""input"": ""8\n1\n0\n1\n9\n1\n5\n1\n1\n"", ""output"": ""9\n""}, {""input"": ""4\n0\n1\n6\n1\n"", ""output"": ""4\n""}, {""input"": ""4\n0\n1\n6\n0\n"", ""output"": ""3\n""}, {""input"": ""8\n0\n0\n1\n1\n1\n5\n1\n1\n"", ""output"": ""5\n""}, {""input"": ""8\n0\n0\n1\n2\n1\n5\n1\n1\n"", ""output"": ""5\n""}, {""input"": ""8\n0\n0\n1\n0\n1\n5\n2\n1\n"", ""output"": ""4\n""}, {""input"": ""8\n1\n0\n1\n0\n1\n5\n2\n1\n"", ""output"": ""4\n""}, {""input"": ""8\n1\n1\n1\n0\n1\n5\n2\n1\n"", ""output"": ""5\n""}, {""input"": ""8\n1\n1\n1\n0\n1\n5\n4\n1\n"", ""output"": ""6\n""}, {""input"": ""8\n1\n1\n1\n0\n1\n5\n4\n2\n"", ""output"": ""7\n""}, {""input"": ""8\n1\n1\n2\n0\n1\n5\n4\n1\n"", ""output"": ""7\n""}, {""input"": ""8\n1\n1\n2\n0\n2\n5\n4\n1\n"", ""output"": ""8\n""}, {""input"": ""8\n1\n1\n2\n-1\n2\n5\n4\n1\n"", ""output"": ""8\n""}, {""input"": ""8\n1\n1\n4\n-1\n2\n5\n4\n1\n"", ""output"": ""9\n""}, {""input"": ""8\n2\n0\n1\n6\n0\n8\n1\n1\n"", ""output"": ""9\n""}, {""input"": ""4\n8\n0\n3\n2\n"", ""output"": ""6\n""}, {""input"": ""8\n2\n0\n0\n6\n1\n8\n2\n1\n"", ""output"": ""10\n""}, {""input"": ""4\n4\n1\n3\n1\n"", ""output"": ""4\n""}, {""input"": ""8\n2\n0\n1\n9\n1\n5\n1\n1\n"", ""output"": ""10\n""}, {""input"": ""4\n6\n0\n3\n1\n"", ""output"": ""5\n""}, {""input"": ""8\n0\n0\n1\n9\n1\n5\n2\n1\n"", ""output"": ""9\n""}, {""input"": ""4\n-1\n1\n6\n1\n"", ""output"": ""4\n""}, {""input"": ""8\n1\n0\n1\n9\n1\n4\n1\n1\n"", ""output"": ""8\n""}, {""input"": ""4\n0\n1\n6\n2\n"", ""output"": ""4\n""}, {""input"": ""8\n1\n0\n1\n1\n1\n10\n1\n1\n"", ""output"": ""7\n""}, {""input"": ""4\n0\n0\n6\n0\n"", ""output"": ""3\n""}, {""input"": ""8\n0\n0\n1\n1\n1\n5\n1\n2\n"", ""output"": ""5\n""}, {""input"": ""8\n0\n0\n1\n0\n1\n5\n1\n1\n"", ""output"": ""4\n""}, {""input"": ""8\n0\n0\n1\n4\n1\n5\n1\n0\n"", ""output"": ""6\n""}, {""input"": ""8\n0\n1\n1\n4\n1\n5\n2\n1\n"", ""output"": ""7\n""}, {""input"": ""8\n0\n0\n1\n0\n0\n5\n2\n1\n"", ""output"": ""4\n""}, {""input"": ""8\n0\n0\n2\n0\n1\n5\n2\n1\n"", ""output"": ""5\n""}, {""input"": ""8\n1\n1\n2\n0\n1\n5\n2\n1\n"", ""output"": ""6\n""}, {""input"": ""8\n1\n1\n1\n0\n1\n5\n0\n1\n"", ""output"": ""4\n""}, {""input"": ""8\n1\n1\n1\n0\n1\n9\n4\n2\n"", ""output"": ""9\n""}, {""input"": ""8\n1\n1\n2\n0\n1\n3\n4\n2\n"", ""output"": ""7\n""}, {""input"": ""8\n1\n2\n2\n0\n2\n5\n4\n1\n"", ""output"": ""8\n""}, {""input"": ""8\n1\n1\n2\n0\n2\n5\n4\n0\n"", ""output"": ""7\n""}, {""input"": ""8\n2\n0\n1\n6\n-1\n8\n2\n1\n"", ""output"": ""9\n""}, {""input"": ""4\n12\n0\n3\n2\n"", ""output"": ""8\n""}, {""input"": ""8\n2\n0\n0\n6\n1\n8\n3\n1\n"", ""output"": ""10\n""}, {""input"": ""4\n4\n1\n1\n1\n"", ""output"": ""3\n""}, {""input"": ""8\n2\n0\n2\n9\n1\n5\n1\n1\n"", ""output"": ""10\n""}, {""input"": ""4\n6\n0\n3\n0\n"", ""output"": ""4\n""}, {""input"": ""8\n2\n0\n1\n9\n0\n5\n4\n1\n"", ""output"": ""11\n""}, {""input"": ""8\n0\n0\n1\n2\n1\n5\n2\n1\n"", ""output"": ""6\n""}, {""input"": ""4\n-1\n0\n6\n1\n"", ""output"": ""3\n""}, {""input"": ""8\n1\n0\n1\n9\n1\n4\n2\n1\n"", ""output"": ""9\n""}, {""input"": ""4\n0\n1\n7\n2\n"", ""output"": ""5\n""}, {""input"": ""8\n1\n0\n1\n1\n1\n10\n0\n1\n"", ""output"": ""6\n""}, {""input"": ""4\n0\n1\n8\n0\n"", ""output"": ""4\n""}, {""input"": ""8\n0\n0\n1\n1\n1\n5\n2\n2\n"", ""output"": ""6\n""}, {""input"": ""8\n0\n0\n1\n0\n1\n5\n1\n2\n"", ""output"": ""4\n""}, {""input"": ""8\n0\n0\n1\n4\n0\n5\n1\n0\n"", ""output"": ""5\n""}, {""input"": ""8\n1\n1\n1\n4\n1\n5\n2\n1\n"", ""output"": ""8\n""}, {""input"": ""8\n-1\n0\n2\n0\n1\n5\n2\n1\n"", ""output"": ""5\n""}, {""input"": ""8\n1\n1\n2\n0\n1\n4\n2\n1\n"", ""output"": ""6\n""}, {""input"": ""8\n1\n1\n1\n1\n1\n5\n0\n1\n"", ""output"": ""5\n""}, {""input"": ""8\n1\n1\n2\n0\n1\n9\n4\n2\n"", ""output"": ""10\n""}, {""input"": ""8\n1\n1\n2\n0\n1\n3\n3\n2\n"", ""output"": ""6\n""}, {""input"": ""8\n1\n2\n2\n0\n1\n5\n4\n1\n"", ""output"": ""7\n""}, {""input"": ""8\n2\n0\n0\n7\n1\n8\n3\n1\n"", ""output"": ""11\n""}, {""input"": ""4\n4\n1\n1\n0\n"", ""output"": ""3\n""}, {""input"": ""8\n2\n0\n2\n9\n1\n5\n1\n0\n"", ""output"": ""10\n""}, {""input"": ""4\n12\n0\n3\n0\n"", ""output"": ""7\n""}, {""input"": ""8\n1\n0\n1\n9\n0\n5\n4\n1\n"", ""output"": ""10\n""}, {""input"": ""4\n0\n0\n1\n2\n"", ""output"": ""1\n""}, {""input"": ""8\n0\n0\n1\n2\n1\n5\n0\n1\n"", ""output"": ""4\n""}, {""input"": ""4\n-1\n0\n4\n1\n"", ""output"": ""2\n""}, {""input"": ""8\n1\n0\n2\n9\n1\n4\n2\n1\n"", ""output"": ""9\n""}, {""input"": ""8\n2\n0\n1\n6\n0\n8\n2\n1\n"", ""output"": ""9\n""}, {""input"": ""4\n4\n0\n3\n2\n"", ""output"": ""4\n""}, {""input"": ""4\n4\n0\n3\n2\n"", ""output"": ""4\n""}]","Given the following C code and assembly code, your task is to generate highly optimized x86-64 assembly code.
C Code:

```c
#include <stdio.h>

int main(void) {

  long n;
  scanf(""%ld"", &n);
  long a[n];
  for (long i = 0; i < n; i++) {
    scanf(""%ld"", &a[i]);
  }
  long pairs = a[0]/2;
  a[0] %= 2;
  for (long i = 1; i < n; i++) {
    if (a[i-1] == 1 && a[i] >= 1) {
      pairs++;
      a[i]--;
    }
    pairs += a[i]/2;
    a[i] %= 2;
  }
  printf(""%ld\n"", pairs);

  return 0;
}```

Assembly Code:

```assembly
	.file	""temp.c""
	.text
	.section	.rodata.str1.1,""aMS"",@progbits,1
.LC0:
	.string	""%ld""
.LC1:
	.string	""%ld\n""
	.section	.text.startup,""ax"",@progbits
	.p2align 4
	.globl	main
	.type	main, @function
main:
.LFB23:
	.cfi_startproc
	endbr64
	pushq	%rbp
	.cfi_def_cfa_offset 16
	.cfi_offset 6, -16
	movq	%rsp, %rbp
	.cfi_def_cfa_register 6
	pushq	%r15
	pushq	%r14
	.cfi_offset 15, -24
	.cfi_offset 14, -32
	leaq	.LC0(%rip), %r14
	leaq	-64(%rbp), %rsi
	pushq	%r13
	movq	%r14, %rdi
	pushq	%r12
	pushq	%rbx
	subq	$24, %rsp
	.cfi_offset 13, -40
	.cfi_offset 12, -48
	.cfi_offset 3, -56
	movq	%fs:40, %rax
	movq	%rax, -56(%rbp)
	xorl	%eax, %eax
	call	__isoc99_scanf@PLT
	movq	-64(%rbp), %rcx
	movq	%rsp, %rsi
	leaq	15(,%rcx,8), %rax
	movq	%rax, %rdx
	andq	$-4096, %rax
	subq	%rax, %rsi
	andq	$-16, %rdx
	cmpq	%rsi, %rsp
	je	.L3
.L19:
	subq	$4096, %rsp
	orq	$0, 4088(%rsp)
	cmpq	%rsi, %rsp
	jne	.L19
.L3:
	andl	$4095, %edx
	subq	%rdx, %rsp
	testq	%rdx, %rdx
	jne	.L20
.L4:
	leaq	7(%rsp), %rbx
	movq	%rbx, %r13
	andq	$-8, %rbx
	shrq	$3, %r13
	testq	%rcx, %rcx
	jle	.L5
	movq	%rbx, %r15
	xorl	%r12d, %r12d
	.p2align 4,,10
	.p2align 3
.L6:
	movq	%r15, %rsi
	movq	%r14, %rdi
	xorl	%eax, %eax
	addq	$1, %r12
	call	__isoc99_scanf@PLT
	movq	-64(%rbp), %rax
	addq	$8, %r15
	cmpq	%r12, %rax
	jg	.L6
	movq	0(,%r13,8), %rdx
	movq	%rdx, %r8
	movq	%rdx, %rcx
	shrq	$63, %rcx
	shrq	$63, %r8
	addq	%rdx, %r8
	addq	%rcx, %rdx
	andl	$1, %edx
	sarq	%r8
	subq	%rcx, %rdx
	movq	%rdx, 0(,%r13,8)
	cmpq	$1, %rax
	jle	.L7
	movl	$1, %ecx
	jmp	.L9
	.p2align 4,,10
	.p2align 3
.L8:
	movq	%rdx, %rsi
	shrq	$63, %rsi
	addq	%rdx, %rsi
	sarq	%rsi
	addq	%rsi, %r8
	movq	%rdx, %rsi
	shrq	$63, %rsi
	addq	%rsi, %rdx
	andl	$1, %edx
	subq	%rsi, %rdx
	movq	%rdx, (%rbx,%rcx,8)
	addq	$1, %rcx
	cmpq	%rcx, %rax
	je	.L7
.L9:
	cmpq	$1, -8(%rbx,%rcx,8)
	movq	(%rbx,%rcx,8), %rdx
	jne	.L8
	testq	%rdx, %rdx
	jle	.L8
	addq	$1, %r8
	subq	$1, %rdx
	jmp	.L8
.L5:
	movq	0(,%r13,8), %rax
	movl	$2, %ecx
	cqto
	idivq	%rcx
	movq	%rdx, 0(,%r13,8)
	movq	%rax, %r8
	.p2align 4,,10
	.p2align 3
.L7:
	xorl	%eax, %eax
	movq	%r8, %rdx
	movl	$1, %edi
	leaq	.LC1(%rip), %rsi
	call	__printf_chk@PLT
	movq	-56(%rbp), %rax
	subq	%fs:40, %rax
	jne	.L21
	leaq	-40(%rbp), %rsp
	xorl	%eax, %eax
	popq	%rbx
	popq	%r12
	popq	%r13
	popq	%r14
	popq	%r15
	popq	%rbp
	.cfi_remember_state
	.cfi_def_cfa 7, 8
	ret
.L20:
	.cfi_restore_state
	orq	$0, -8(%rsp,%rdx)
	jmp	.L4
.L21:
	call	__stack_chk_fail@PLT
	.cfi_endproc
.LFE23:
	.size	main, .-main
	.ident	""GCC: (Ubuntu 11.4.0-1ubuntu1~22.04) 11.4.0""
	.section	.note.GNU-stack,"""",@progbits
	.section	.note.gnu.property,""a""
	.align 8
	.long	1f - 0f
	.long	4f - 1f
	.long	5
0:
	.string	""GNU""
1:
	.align 8
	.long	0xc0000002
	.long	3f - 2f
2:
	.long	0x3
3:
	.align 8
4:
```

Only output the optimized assembly code. Do not include any other text. Do not write any comments in the assembly code. Wrap the assembly code in ```assembly``` tags.
Optimized Assembly Code:
","Given the following C code, your task is to generate highly optimized x86-64 assembly code.
C Code:

```c
#include <stdio.h>

int main(void) {

  long n;
  scanf(""%ld"", &n);
  long a[n];
  for (long i = 0; i < n; i++) {
    scanf(""%ld"", &a[i]);
  }
  long pairs = a[0]/2;
  a[0] %= 2;
  for (long i = 1; i < n; i++) {
    if (a[i-1] == 1 && a[i] >= 1) {
      pairs++;
      a[i]--;
    }
    pairs += a[i]/2;
    a[i] %= 2;
  }
  printf(""%ld\n"", pairs);

  return 0;
}```

Only output the optimized assembly code. Do not include any other text. Do not write any comments in the assembly code. Wrap the assembly code in ```assembly``` tags.
Optimized Assembly Code:
"
50,"```c
#include <stdio.h>

int main(){
    int A, B, C, K;

    scanf(""%d %d %d %d"", &A, &B, &C, &K);

    while(K--){
        if (A >= B && A >= C){
            A = A*2;
        } else if (B >= C){
            B = B*2;
        } else {
            C = C*2;
        }
    }

    printf(""%d\n"", A+B+C);

    return 0;
}```","[{""input"": ""7 3 11\n1\n"", ""output"": ""32\n""}, {""input"": ""3 3 4\n4\n"", ""output"": ""70\n""}, {""input"": ""7 5 11\n1\n"", ""output"": ""34\n""}, {""input"": ""3 3 4\n0\n"", ""output"": ""10\n""}, {""input"": ""7 5 11\n0\n"", ""output"": ""23\n""}, {""input"": ""4 3 4\n0\n"", ""output"": ""11\n""}, {""input"": ""10 5 11\n0\n"", ""output"": ""26\n""}, {""input"": ""4 3 1\n0\n"", ""output"": ""8\n""}, {""input"": ""10 5 21\n0\n"", ""output"": ""36\n""}, {""input"": ""4 1 1\n0\n"", ""output"": ""6\n""}, {""input"": ""17 5 21\n0\n"", ""output"": ""43\n""}, {""input"": ""3 1 1\n0\n"", ""output"": ""5\n""}, {""input"": ""17 3 21\n0\n"", ""output"": ""41\n""}, {""input"": ""4 2 1\n0\n"", ""output"": ""7\n""}, {""input"": ""27 3 21\n0\n"", ""output"": ""51\n""}, {""input"": ""11 0 1\n0\n"", ""output"": ""12\n""}, {""input"": ""5 -2 1\n0\n"", ""output"": ""4\n""}, {""input"": ""5 -3 1\n0\n"", ""output"": ""3\n""}, {""input"": ""5 3 11\n2\n"", ""output"": ""52\n""}, {""input"": ""3 2 4\n2\n"", ""output"": ""21\n""}, {""input"": ""5 3 4\n4\n"", ""output"": ""87\n""}, {""input"": ""7 5 11\n2\n"", ""output"": ""56\n""}, {""input"": ""7 7 11\n0\n"", ""output"": ""25\n""}, {""input"": ""10 5 24\n0\n"", ""output"": ""39\n""}, {""input"": ""0 0 1\n0\n"", ""output"": ""1\n""}, {""input"": ""31 3 21\n0\n"", ""output"": ""55\n""}, {""input"": ""5 3 21\n0\n"", ""output"": ""29\n""}, {""input"": ""4 0 1\n1\n"", ""output"": ""9\n""}, {""input"": ""15 0 1\n0\n"", ""output"": ""16\n""}, {""input"": ""0 -1 1\n0\n"", ""output"": ""0\n""}, {""input"": ""5 -4 1\n0\n"", ""output"": ""2\n""}, {""input"": ""5 3 11\n4\n"", ""output"": ""184\n""}, {""input"": ""3 2 4\n4\n"", ""output"": ""69\n""}, {""input"": ""7 7 21\n0\n"", ""output"": ""35\n""}, {""input"": ""5 3 2\n4\n"", ""output"": ""85\n""}, {""input"": ""3 4 8\n0\n"", ""output"": ""15\n""}, {""input"": ""7 6 11\n0\n"", ""output"": ""24\n""}, {""input"": ""10 5 25\n0\n"", ""output"": ""40\n""}, {""input"": ""10 5 24\n1\n"", ""output"": ""63\n""}, {""input"": ""13 5 21\n1\n"", ""output"": ""60\n""}, {""input"": ""6 3 21\n0\n"", ""output"": ""30\n""}, {""input"": ""8 0 1\n1\n"", ""output"": ""17\n""}, {""input"": ""15 0 1\n1\n"", ""output"": ""31\n""}, {""input"": ""5 4 11\n4\n"", ""output"": ""185\n""}, {""input"": ""7 7 23\n0\n"", ""output"": ""37\n""}, {""input"": ""7 3 2\n4\n"", ""output"": ""117\n""}, {""input"": ""4 3 3\n1\n"", ""output"": ""14\n""}, {""input"": ""8 5 25\n0\n"", ""output"": ""38\n""}, {""input"": ""13 5 21\n2\n"", ""output"": ""102\n""}, {""input"": ""6 3 41\n0\n"", ""output"": ""50\n""}, {""input"": ""15 0 1\n2\n"", ""output"": ""61\n""}, {""input"": ""11 0 0\n1\n"", ""output"": ""22\n""}, {""input"": ""0 -1 0\n0\n"", ""output"": ""-1\n""}, {""input"": ""7 3 3\n4\n"", ""output"": ""118\n""}, {""input"": ""-1 5 1\n2\n"", ""output"": ""20\n""}, {""input"": ""3 5 5\n0\n"", ""output"": ""13\n""}, {""input"": ""12 5 25\n0\n"", ""output"": ""42\n""}, {""input"": ""23 5 24\n1\n"", ""output"": ""76\n""}, {""input"": ""15 0 1\n3\n"", ""output"": ""121\n""}, {""input"": ""11 0 0\n2\n"", ""output"": ""44\n""}, {""input"": ""-1 -1 0\n0\n"", ""output"": ""-2\n""}, {""input"": ""5 4 1\n5\n"", ""output"": ""165\n""}, {""input"": ""3 4 1\n4\n"", ""output"": ""68\n""}, {""input"": ""7 1 3\n4\n"", ""output"": ""116\n""}, {""input"": ""4 6 17\n0\n"", ""output"": ""27\n""}, {""input"": ""12 10 25\n0\n"", ""output"": ""47\n""}, {""input"": ""23 5 13\n1\n"", ""output"": ""64\n""}, {""input"": ""13 4 21\n1\n"", ""output"": ""59\n""}, {""input"": ""6 5 56\n0\n"", ""output"": ""67\n""}, {""input"": ""15 1 1\n3\n"", ""output"": ""122\n""}, {""input"": ""5 4 2\n5\n"", ""output"": ""166\n""}, {""input"": ""23 4 21\n1\n"", ""output"": ""71\n""}, {""input"": ""5 8 2\n5\n"", ""output"": ""263\n""}, {""input"": ""5 8 2\n10\n"", ""output"": ""8199\n""}, {""input"": ""5 2 1\n4\n"", ""output"": ""83\n""}, {""input"": ""7 1 3\n1\n"", ""output"": ""18\n""}, {""input"": ""-1 4 1\n7\n"", ""output"": ""512\n""}, {""input"": ""42 4 21\n2\n"", ""output"": ""193\n""}, {""input"": ""-1 0 0\n-1\n"", ""output"": ""-1\n""}, {""input"": ""23 1 -1\n1\n"", ""output"": ""46\n""}, {""input"": ""3 8 2\n10\n"", ""output"": ""8197\n""}, {""input"": ""5 2 0\n4\n"", ""output"": ""82\n""}, {""input"": ""-2 4 1\n7\n"", ""output"": ""511\n""}, {""input"": ""42 4 8\n2\n"", ""output"": ""180\n""}, {""input"": ""42 1 -1\n1\n"", ""output"": ""84\n""}, {""input"": ""3 8 2\n4\n"", ""output"": ""133\n""}, {""input"": ""5 2 -1\n4\n"", ""output"": ""81\n""}, {""input"": ""-2 5 1\n7\n"", ""output"": ""639\n""}, {""input"": ""42 4 8\n4\n"", ""output"": ""684\n""}, {""input"": ""3 8 3\n4\n"", ""output"": ""134\n""}, {""input"": ""4 1 26\n1\n"", ""output"": ""57\n""}, {""input"": ""42 4 6\n4\n"", ""output"": ""682\n""}, {""input"": ""0 8 3\n4\n"", ""output"": ""131\n""}, {""input"": ""0 0 14\n1\n"", ""output"": ""28\n""}, {""input"": ""42 4 6\n5\n"", ""output"": ""1354\n""}, {""input"": ""-1 0 -1\n-1\n"", ""output"": ""-2\n""}, {""input"": ""4 0 41\n1\n"", ""output"": ""86\n""}, {""input"": ""42 6 6\n5\n"", ""output"": ""1356\n""}, {""input"": ""77 1 -3\n2\n"", ""output"": ""306\n""}, {""input"": ""-1 0 -2\n0\n"", ""output"": ""-3\n""}, {""input"": ""5 3 11\n1\n"", ""output"": ""30\n""}, {""input"": ""5 3 11\n1\n"", ""output"": ""30\n""}, {""input"": ""3 3 4\n2\n"", ""output"": ""22\n""}]","Given the following C code and assembly code, your task is to generate highly optimized x86-64 assembly code.
C Code:

```c
#include <stdio.h>

int main(){
    int A, B, C, K;

    scanf(""%d %d %d %d"", &A, &B, &C, &K);

    while(K--){
        if (A >= B && A >= C){
            A = A*2;
        } else if (B >= C){
            B = B*2;
        } else {
            C = C*2;
        }
    }

    printf(""%d\n"", A+B+C);

    return 0;
}```

Assembly Code:

```assembly
	.file	""temp.c""
	.text
	.section	.rodata.str1.1,""aMS"",@progbits,1
.LC0:
	.string	""%d %d %d %d""
.LC1:
	.string	""%d\n""
	.section	.text.startup,""ax"",@progbits
	.p2align 4
	.globl	main
	.type	main, @function
main:
.LFB23:
	.cfi_startproc
	endbr64
	pushq	%rbx
	.cfi_def_cfa_offset 16
	.cfi_offset 3, -16
	leaq	.LC0(%rip), %rdi
	subq	$32, %rsp
	.cfi_def_cfa_offset 48
	movq	%fs:40, %rax
	movq	%rax, 24(%rsp)
	xorl	%eax, %eax
	leaq	12(%rsp), %rdx
	leaq	16(%rsp), %rcx
	leaq	8(%rsp), %rsi
	leaq	20(%rsp), %r8
	call	__isoc99_scanf@PLT
	movl	20(%rsp), %edx
	leal	-1(%rdx), %eax
	testl	%edx, %edx
	movl	8(%rsp), %edx
	movl	%eax, 20(%rsp)
	je	.L24
	movl	12(%rsp), %ebx
	movl	16(%rsp), %r10d
	movl	%edx, %edi
	xorl	%r8d, %r8d
	xorl	%r9d, %r9d
	xorl	%r11d, %r11d
	movl	%ebx, %ecx
	movl	%r10d, %esi
	jmp	.L7
	.p2align 4,,10
	.p2align 3
.L26:
	cmpl	%esi, %edi
	jl	.L4
	addl	%edi, %edi
	movl	$1, %r11d
.L5:
	subl	$1, %eax
	jb	.L25
.L7:
	cmpl	%ecx, %edi
	jge	.L26
.L4:
	cmpl	%esi, %ecx
	jl	.L6
	addl	%ecx, %ecx
	movl	$1, %r9d
	subl	$1, %eax
	jnb	.L7
.L25:
	movl	$-1, 20(%rsp)
	testb	%r8b, %r8b
	je	.L8
	movl	%esi, 16(%rsp)
	movl	%esi, %r10d
.L8:
	testb	%r9b, %r9b
	je	.L9
	movl	%ecx, 12(%rsp)
	movl	%ecx, %ebx
.L9:
	testb	%r11b, %r11b
	je	.L3
	movl	%edi, 8(%rsp)
	movl	%edi, %edx
.L3:
	addl	%ebx, %edx
	xorl	%eax, %eax
	leaq	.LC1(%rip), %rsi
	movl	$1, %edi
	addl	%r10d, %edx
	call	__printf_chk@PLT
	movq	24(%rsp), %rax
	subq	%fs:40, %rax
	jne	.L27
	addq	$32, %rsp
	.cfi_remember_state
	.cfi_def_cfa_offset 16
	xorl	%eax, %eax
	popq	%rbx
	.cfi_def_cfa_offset 8
	ret
	.p2align 4,,10
	.p2align 3
.L6:
	.cfi_restore_state
	addl	%esi, %esi
	movl	$1, %r8d
	jmp	.L5
.L24:
	movl	12(%rsp), %ebx
	movl	16(%rsp), %r10d
	jmp	.L3
.L27:
	call	__stack_chk_fail@PLT
	.cfi_endproc
.LFE23:
	.size	main, .-main
	.ident	""GCC: (Ubuntu 11.4.0-1ubuntu1~22.04) 11.4.0""
	.section	.note.GNU-stack,"""",@progbits
	.section	.note.gnu.property,""a""
	.align 8
	.long	1f - 0f
	.long	4f - 1f
	.long	5
0:
	.string	""GNU""
1:
	.align 8
	.long	0xc0000002
	.long	3f - 2f
2:
	.long	0x3
3:
	.align 8
4:
```

Only output the optimized assembly code. Do not include any other text. Do not write any comments in the assembly code. Wrap the assembly code in ```assembly``` tags.
Optimized Assembly Code:
","Given the following C code, your task is to generate highly optimized x86-64 assembly code.
C Code:

```c
#include <stdio.h>

int main(){
    int A, B, C, K;

    scanf(""%d %d %d %d"", &A, &B, &C, &K);

    while(K--){
        if (A >= B && A >= C){
            A = A*2;
        } else if (B >= C){
            B = B*2;
        } else {
            C = C*2;
        }
    }

    printf(""%d\n"", A+B+C);

    return 0;
}```

Only output the optimized assembly code. Do not include any other text. Do not write any comments in the assembly code. Wrap the assembly code in ```assembly``` tags.
Optimized Assembly Code:
"
51,"```c
/* SPDX-License-Identifier: X11
 *
 * Copyright 2020 Elias Yuan <a@jthv.ai>, MIT/X11 License
 *   https://jthv.ai/LICENSE/X11.txt
 *
 * ANU-CPC Complexity Workshop - A: Two Integers
 *   2020-04-13
 */

#include <stdio.h>

int main(void)
{
  unsigned long x,y;
  scanf(""%lu %lu"",&x,&y);

  if (x < y) {
    printf(""%lu\n"",x);
    return 0;
  }

  if (x % y == 0) {
    printf(""-1\n"");
    return 0;
  }

  printf(""%lu\n"",x);
  return 0;
}```","[{""input"": ""3 4\n"", ""output"": ""3\n""}, {""input"": ""8 2\n"", ""output"": ""-1\n""}, {""input"": ""8 3\n"", ""output"": ""8\n""}, {""input"": ""6 4\n"", ""output"": ""6\n""}, {""input"": ""2 3\n"", ""output"": ""2\n""}, {""input"": ""15 2\n"", ""output"": ""15\n""}, {""input"": ""7 2\n"", ""output"": ""7\n""}, {""input"": ""13 2\n"", ""output"": ""13\n""}, {""input"": ""1 2\n"", ""output"": ""1\n""}, {""input"": ""11 6\n"", ""output"": ""11\n""}, {""input"": ""5 2\n"", ""output"": ""5\n""}, {""input"": ""16 6\n"", ""output"": ""16\n""}, {""input"": ""9 7\n"", ""output"": ""9\n""}, {""input"": ""4 3\n"", ""output"": ""4\n""}, {""input"": ""-2 4\n"", ""output"": ""18446744073709551614\n""}, {""input"": ""25 6\n"", ""output"": ""25\n""}, {""input"": ""12 5\n"", ""output"": ""12\n""}, {""input"": ""19 6\n"", ""output"": ""19\n""}, {""input"": ""22 5\n"", ""output"": ""22\n""}, {""input"": ""31 14\n"", ""output"": ""31\n""}, {""input"": ""14 4\n"", ""output"": ""14\n""}, {""input"": ""46 6\n"", ""output"": ""46\n""}, {""input"": ""10 3\n"", ""output"": ""10\n""}, {""input"": ""33 6\n"", ""output"": ""33\n""}, {""input"": ""17 5\n"", ""output"": ""17\n""}, {""input"": ""29 16\n"", ""output"": ""29\n""}, {""input"": ""20 15\n"", ""output"": ""20\n""}, {""input"": ""77 6\n"", ""output"": ""77\n""}, {""input"": ""27 4\n"", ""output"": ""27\n""}, {""input"": ""-3 4\n"", ""output"": ""18446744073709551613\n""}, {""input"": ""23 16\n"", ""output"": ""23\n""}, {""input"": ""39 14\n"", ""output"": ""39\n""}, {""input"": ""147 6\n"", ""output"": ""147\n""}, {""input"": ""26 4\n"", ""output"": ""26\n""}, {""input"": ""-4 8\n"", ""output"": ""18446744073709551612\n""}, {""input"": ""35 3\n"", ""output"": ""35\n""}, {""input"": ""18 5\n"", ""output"": ""18\n""}, {""input"": ""55 2\n"", ""output"": ""55\n""}, {""input"": ""78 12\n"", ""output"": ""78\n""}, {""input"": ""151 20\n"", ""output"": ""151\n""}, {""input"": ""24 7\n"", ""output"": ""24\n""}, {""input"": ""56 19\n"", ""output"": ""56\n""}, {""input"": ""36 19\n"", ""output"": ""36\n""}, {""input"": ""48 19\n"", ""output"": ""48\n""}, {""input"": ""-5 22\n"", ""output"": ""18446744073709551611\n""}, {""input"": ""-15 2\n"", ""output"": ""18446744073709551601\n""}, {""input"": ""-6 12\n"", ""output"": ""18446744073709551610\n""}, {""input"": ""21 6\n"", ""output"": ""21\n""}, {""input"": ""32 6\n"", ""output"": ""32\n""}, {""input"": ""-9 4\n"", ""output"": ""18446744073709551607\n""}, {""input"": ""-8 3\n"", ""output"": ""18446744073709551608\n""}, {""input"": ""28 6\n"", ""output"": ""28\n""}, {""input"": ""37 16\n"", ""output"": ""37\n""}, {""input"": ""30 4\n"", ""output"": ""30\n""}, {""input"": ""115 6\n"", ""output"": ""115\n""}, {""input"": ""-7 2\n"", ""output"": ""18446744073709551609\n""}, {""input"": ""-13 2\n"", ""output"": ""18446744073709551603\n""}, {""input"": ""126 4\n"", ""output"": ""126\n""}, {""input"": ""45 4\n"", ""output"": ""45\n""}, {""input"": ""34 4\n"", ""output"": ""34\n""}, {""input"": ""38 4\n"", ""output"": ""38\n""}, {""input"": ""-17 2\n"", ""output"": ""18446744073709551599\n""}, {""input"": ""248 29\n"", ""output"": ""248\n""}, {""input"": ""118 19\n"", ""output"": ""118\n""}, {""input"": ""40 6\n"", ""output"": ""40\n""}, {""input"": ""-11 2\n"", ""output"": ""18446744073709551605\n""}, {""input"": ""-10 4\n"", ""output"": ""18446744073709551606\n""}, {""input"": ""47 2\n"", ""output"": ""47\n""}, {""input"": ""-29 2\n"", ""output"": ""18446744073709551587\n""}, {""input"": ""-12 5\n"", ""output"": ""18446744073709551604\n""}, {""input"": ""41 9\n"", ""output"": ""41\n""}, {""input"": ""-21 2\n"", ""output"": ""18446744073709551595\n""}, {""input"": ""44 25\n"", ""output"": ""44\n""}, {""input"": ""3 5\n"", ""output"": ""3\n""}, {""input"": ""6 6\n"", ""output"": ""-1\n""}, {""input"": ""6 8\n"", ""output"": ""6\n""}, {""input"": ""6 2\n"", ""output"": ""-1\n""}, {""input"": ""3 6\n"", ""output"": ""3\n""}, {""input"": ""11 2\n"", ""output"": ""11\n""}, {""input"": ""6 5\n"", ""output"": ""6\n""}, {""input"": ""6 7\n"", ""output"": ""6\n""}, {""input"": ""2 1\n"", ""output"": ""-1\n""}, {""input"": ""15 6\n"", ""output"": ""15\n""}, {""input"": ""8 8\n"", ""output"": ""-1\n""}, {""input"": ""7 4\n"", ""output"": ""7\n""}, {""input"": ""3 2\n"", ""output"": ""3\n""}, {""input"": ""4 2\n"", ""output"": ""-1\n""}, {""input"": ""1 4\n"", ""output"": ""1\n""}, {""input"": ""2 6\n"", ""output"": ""2\n""}, {""input"": ""1 5\n"", ""output"": ""1\n""}, {""input"": ""2 2\n"", ""output"": ""-1\n""}, {""input"": ""11 8\n"", ""output"": ""11\n""}, {""input"": ""11 13\n"", ""output"": ""11\n""}, {""input"": ""4 4\n"", ""output"": ""-1\n""}, {""input"": ""5 1\n"", ""output"": ""-1\n""}, {""input"": ""-1 4\n"", ""output"": ""18446744073709551615\n""}, {""input"": ""16 12\n"", ""output"": ""16\n""}, {""input"": ""1 7\n"", ""output"": ""1\n""}, {""input"": ""9 12\n"", ""output"": ""9\n""}, {""input"": ""1 1\n"", ""output"": ""-1\n""}, {""input"": ""3 3\n"", ""output"": ""-1\n""}, {""input"": ""8 6\n"", ""output"": ""8\n""}, {""input"": ""8 6\n"", ""output"": ""8\n""}]","Given the following C code and assembly code, your task is to generate highly optimized x86-64 assembly code.
C Code:

```c
/* SPDX-License-Identifier: X11
 *
 * Copyright 2020 Elias Yuan <a@jthv.ai>, MIT/X11 License
 *   https://jthv.ai/LICENSE/X11.txt
 *
 * ANU-CPC Complexity Workshop - A: Two Integers
 *   2020-04-13
 */

#include <stdio.h>

int main(void)
{
  unsigned long x,y;
  scanf(""%lu %lu"",&x,&y);

  if (x < y) {
    printf(""%lu\n"",x);
    return 0;
  }

  if (x % y == 0) {
    printf(""-1\n"");
    return 0;
  }

  printf(""%lu\n"",x);
  return 0;
}```

Assembly Code:

```assembly
	.file	""temp.c""
	.text
	.section	.rodata.str1.1,""aMS"",@progbits,1
.LC0:
	.string	""%lu %lu""
.LC1:
	.string	""%lu\n""
.LC2:
	.string	""-1""
	.section	.text.startup,""ax"",@progbits
	.p2align 4
	.globl	main
	.type	main, @function
main:
.LFB23:
	.cfi_startproc
	endbr64
	subq	$40, %rsp
	.cfi_def_cfa_offset 48
	leaq	.LC0(%rip), %rdi
	movq	%fs:40, %rax
	movq	%rax, 24(%rsp)
	xorl	%eax, %eax
	leaq	16(%rsp), %rdx
	leaq	8(%rsp), %rsi
	call	__isoc99_scanf@PLT
	movq	8(%rsp), %r8
	movq	16(%rsp), %rcx
	cmpq	%rcx, %r8
	jb	.L4
	movq	%r8, %rax
	xorl	%edx, %edx
	divq	%rcx
	testq	%rdx, %rdx
	je	.L8
.L4:
	movq	%r8, %rdx
	leaq	.LC1(%rip), %rsi
	movl	$1, %edi
	xorl	%eax, %eax
	call	__printf_chk@PLT
.L3:
	movq	24(%rsp), %rax
	subq	%fs:40, %rax
	jne	.L9
	xorl	%eax, %eax
	addq	$40, %rsp
	.cfi_remember_state
	.cfi_def_cfa_offset 8
	ret
.L8:
	.cfi_restore_state
	leaq	.LC2(%rip), %rdi
	call	puts@PLT
	jmp	.L3
.L9:
	call	__stack_chk_fail@PLT
	.cfi_endproc
.LFE23:
	.size	main, .-main
	.ident	""GCC: (Ubuntu 11.4.0-1ubuntu1~22.04) 11.4.0""
	.section	.note.GNU-stack,"""",@progbits
	.section	.note.gnu.property,""a""
	.align 8
	.long	1f - 0f
	.long	4f - 1f
	.long	5
0:
	.string	""GNU""
1:
	.align 8
	.long	0xc0000002
	.long	3f - 2f
2:
	.long	0x3
3:
	.align 8
4:
```

Only output the optimized assembly code. Do not include any other text. Do not write any comments in the assembly code. Wrap the assembly code in ```assembly``` tags.
Optimized Assembly Code:
","Given the following C code, your task is to generate highly optimized x86-64 assembly code.
C Code:

```c
/* SPDX-License-Identifier: X11
 *
 * Copyright 2020 Elias Yuan <a@jthv.ai>, MIT/X11 License
 *   https://jthv.ai/LICENSE/X11.txt
 *
 * ANU-CPC Complexity Workshop - A: Two Integers
 *   2020-04-13
 */

#include <stdio.h>

int main(void)
{
  unsigned long x,y;
  scanf(""%lu %lu"",&x,&y);

  if (x < y) {
    printf(""%lu\n"",x);
    return 0;
  }

  if (x % y == 0) {
    printf(""-1\n"");
    return 0;
  }

  printf(""%lu\n"",x);
  return 0;
}```

Only output the optimized assembly code. Do not include any other text. Do not write any comments in the assembly code. Wrap the assembly code in ```assembly``` tags.
Optimized Assembly Code:
"
52,"```c
#include<stdio.h>
#include<string.h>
int main(void){
char s[11];
  scanf(""%s"",&s);
  
 for(int i=0;i<strlen(s);i+=2){
   if(s[i]!='h'||s[i+1]!='i'){
printf(""No"");
     return 0;
   }
 }
printf(""Yes"");
  
  return 0;
}```","[{""input"": ""ah\n"", ""output"": ""No""}, {""input"": ""ih\n"", ""output"": ""No""}, {""input"": ""hhhi\n"", ""output"": ""No""}, {""input"": ""hb\n"", ""output"": ""No""}, {""input"": ""hh\n"", ""output"": ""No""}, {""input"": ""hhhj\n"", ""output"": ""No""}, {""input"": ""bh\n"", ""output"": ""No""}, {""input"": ""gi\n"", ""output"": ""No""}, {""input"": ""jhhh\n"", ""output"": ""No""}, {""input"": ""gb\n"", ""output"": ""No""}, {""input"": ""hg\n"", ""output"": ""No""}, {""input"": ""hjhh\n"", ""output"": ""No""}, {""input"": ""fb\n"", ""output"": ""No""}, {""input"": ""gh\n"", ""output"": ""No""}, {""input"": ""gjhh\n"", ""output"": ""No""}, {""input"": ""bf\n"", ""output"": ""No""}, {""input"": ""gg\n"", ""output"": ""No""}, {""input"": ""hjgh\n"", ""output"": ""No""}, {""input"": ""af\n"", ""output"": ""No""}, {""input"": ""fg\n"", ""output"": ""No""}, {""input"": ""gjgh\n"", ""output"": ""No""}, {""input"": ""bg\n"", ""output"": ""No""}, {""input"": ""eg\n"", ""output"": ""No""}, {""input"": ""gkgh\n"", ""output"": ""No""}, {""input"": ""ga\n"", ""output"": ""No""}, {""input"": ""ge\n"", ""output"": ""No""}, {""input"": ""hgjg\n"", ""output"": ""No""}, {""input"": ""ag\n"", ""output"": ""No""}, {""input"": ""he\n"", ""output"": ""No""}, {""input"": ""ggjg\n"", ""output"": ""No""}, {""input"": ""ia\n"", ""output"": ""No""}, {""input"": ""eh\n"", ""output"": ""No""}, {""input"": ""gjgg\n"", ""output"": ""No""}, {""input"": ""ai\n"", ""output"": ""No""}, {""input"": ""dh\n"", ""output"": ""No""}, {""input"": ""ggkg\n"", ""output"": ""No""}, {""input"": ""`i\n"", ""output"": ""No""}, {""input"": ""hd\n"", ""output"": ""No""}, {""input"": ""gkgg\n"", ""output"": ""No""}, {""input"": ""`h\n"", ""output"": ""No""}, {""input"": ""id\n"", ""output"": ""No""}, {""input"": ""gkhg\n"", ""output"": ""No""}, {""input"": ""`g\n"", ""output"": ""No""}, {""input"": ""jd\n"", ""output"": ""No""}, {""input"": ""ghkg\n"", ""output"": ""No""}, {""input"": ""g`\n"", ""output"": ""No""}, {""input"": ""dj\n"", ""output"": ""No""}, {""input"": ""gkhf\n"", ""output"": ""No""}, {""input"": ""cf\n"", ""output"": ""No""}, {""input"": ""di\n"", ""output"": ""No""}, {""input"": ""gkhe\n"", ""output"": ""No""}, {""input"": ""ce\n"", ""output"": ""No""}, {""input"": ""jc\n"", ""output"": ""No""}, {""input"": ""hkge\n"", ""output"": ""No""}, {""input"": ""be\n"", ""output"": ""No""}, {""input"": ""cj\n"", ""output"": ""No""}, {""input"": ""egkh\n"", ""output"": ""No""}, {""input"": ""eb\n"", ""output"": ""No""}, {""input"": ""bj\n"", ""output"": ""No""}, {""input"": ""hegk\n"", ""output"": ""No""}, {""input"": ""bd\n"", ""output"": ""No""}, {""input"": ""jb\n"", ""output"": ""No""}, {""input"": ""hegl\n"", ""output"": ""No""}, {""input"": ""bc\n"", ""output"": ""No""}, {""input"": ""kb\n"", ""output"": ""No""}, {""input"": ""kgeh\n"", ""output"": ""No""}, {""input"": ""bb\n"", ""output"": ""No""}, {""input"": ""bk\n"", ""output"": ""No""}, {""input"": ""kgeg\n"", ""output"": ""No""}, {""input"": ""ba\n"", ""output"": ""No""}, {""input"": ""aj\n"", ""output"": ""No""}, {""input"": ""egkg\n"", ""output"": ""No""}, {""input"": ""ab\n"", ""output"": ""No""}, {""input"": ""bi\n"", ""output"": ""No""}, {""input"": ""eglg\n"", ""output"": ""No""}, {""input"": ""aa\n"", ""output"": ""No""}, {""input"": ""ib\n"", ""output"": ""No""}, {""input"": ""dglg\n"", ""output"": ""No""}, {""input"": ""a`\n"", ""output"": ""No""}, {""input"": ""ic\n"", ""output"": ""No""}, {""input"": ""dflg\n"", ""output"": ""No""}, {""input"": ""`a\n"", ""output"": ""No""}, {""input"": ""hc\n"", ""output"": ""No""}, {""input"": ""glfd\n"", ""output"": ""No""}, {""input"": ""`b\n"", ""output"": ""No""}, {""input"": ""kc\n"", ""output"": ""No""}, {""input"": ""glfe\n"", ""output"": ""No""}, {""input"": ""b`\n"", ""output"": ""No""}, {""input"": ""ck\n"", ""output"": ""No""}, {""input"": ""glff\n"", ""output"": ""No""}, {""input"": ""``\n"", ""output"": ""No""}, {""input"": ""cl\n"", ""output"": ""No""}, {""input"": ""glgf\n"", ""output"": ""No""}, {""input"": ""_b\n"", ""output"": ""No""}, {""input"": ""lc\n"", ""output"": ""No""}, {""input"": ""flgf\n"", ""output"": ""No""}, {""input"": ""b_\n"", ""output"": ""No""}, {""input"": ""dl\n"", ""output"": ""No""}, {""input"": ""flff\n"", ""output"": ""No""}, {""input"": ""`_\n"", ""output"": ""No""}, {""input"": ""ha\n"", ""output"": ""No""}, {""input"": ""hihi\n"", ""output"": ""Yes""}, {""input"": ""hihi\n"", ""output"": ""Yes""}, {""input"": ""hi\n"", ""output"": ""Yes""}]","Given the following C code and assembly code, your task is to generate highly optimized x86-64 assembly code.
C Code:

```c
#include<stdio.h>
#include<string.h>
int main(void){
char s[11];
  scanf(""%s"",&s);
  
 for(int i=0;i<strlen(s);i+=2){
   if(s[i]!='h'||s[i+1]!='i'){
printf(""No"");
     return 0;
   }
 }
printf(""Yes"");
  
  return 0;
}```

Assembly Code:

```assembly
	.file	""temp.c""
	.text
	.section	.rodata.str1.1,""aMS"",@progbits,1
.LC0:
	.string	""%s""
.LC1:
	.string	""No""
.LC2:
	.string	""Yes""
	.section	.text.startup,""ax"",@progbits
	.p2align 4
	.globl	main
	.type	main, @function
main:
.LFB35:
	.cfi_startproc
	endbr64
	pushq	%rbp
	.cfi_def_cfa_offset 16
	.cfi_offset 6, -16
	leaq	.LC0(%rip), %rdi
	subq	$32, %rsp
	.cfi_def_cfa_offset 48
	movq	%fs:40, %rax
	movq	%rax, 24(%rsp)
	xorl	%eax, %eax
	leaq	13(%rsp), %rbp
	movq	%rbp, %rsi
	call	__isoc99_scanf@PLT
	movq	%rbp, %rdi
	call	strlen@PLT
	testq	%rax, %rax
	je	.L2
	cmpb	$104, 13(%rsp)
	jne	.L3
	cmpb	$105, 14(%rsp)
	jne	.L3
	cmpq	$2, %rax
	jbe	.L2
	cmpb	$104, 15(%rsp)
	jne	.L3
	cmpb	$105, 16(%rsp)
	jne	.L3
	cmpq	$4, %rax
	jbe	.L2
	cmpb	$104, 17(%rsp)
	jne	.L3
	cmpb	$105, 18(%rsp)
	jne	.L3
	cmpq	$6, %rax
	jbe	.L2
	cmpb	$104, 19(%rsp)
	jne	.L3
	cmpb	$105, 20(%rsp)
	jne	.L3
	cmpq	$8, %rax
	jbe	.L2
	cmpb	$104, 21(%rsp)
	jne	.L3
	cmpb	$105, 22(%rsp)
	jne	.L3
.L2:
	leaq	.LC2(%rip), %rsi
	movl	$1, %edi
	xorl	%eax, %eax
	call	__printf_chk@PLT
.L4:
	movq	24(%rsp), %rax
	subq	%fs:40, %rax
	jne	.L11
	addq	$32, %rsp
	.cfi_remember_state
	.cfi_def_cfa_offset 16
	xorl	%eax, %eax
	popq	%rbp
	.cfi_def_cfa_offset 8
	ret
.L3:
	.cfi_restore_state
	leaq	.LC1(%rip), %rsi
	movl	$1, %edi
	xorl	%eax, %eax
	call	__printf_chk@PLT
	jmp	.L4
.L11:
	call	__stack_chk_fail@PLT
	.cfi_endproc
.LFE35:
	.size	main, .-main
	.ident	""GCC: (Ubuntu 11.4.0-1ubuntu1~22.04) 11.4.0""
	.section	.note.GNU-stack,"""",@progbits
	.section	.note.gnu.property,""a""
	.align 8
	.long	1f - 0f
	.long	4f - 1f
	.long	5
0:
	.string	""GNU""
1:
	.align 8
	.long	0xc0000002
	.long	3f - 2f
2:
	.long	0x3
3:
	.align 8
4:
```

Only output the optimized assembly code. Do not include any other text. Do not write any comments in the assembly code. Wrap the assembly code in ```assembly``` tags.
Optimized Assembly Code:
","Given the following C code, your task is to generate highly optimized x86-64 assembly code.
C Code:

```c
#include<stdio.h>
#include<string.h>
int main(void){
char s[11];
  scanf(""%s"",&s);
  
 for(int i=0;i<strlen(s);i+=2){
   if(s[i]!='h'||s[i+1]!='i'){
printf(""No"");
     return 0;
   }
 }
printf(""Yes"");
  
  return 0;
}```

Only output the optimized assembly code. Do not include any other text. Do not write any comments in the assembly code. Wrap the assembly code in ```assembly``` tags.
Optimized Assembly Code:
"
53,"```c
#include<stdio.h>

int main () {
	int n, m;
	scanf(""%d %d"", &n, &m);
	char s[n];
	scanf(""%s"", s);
	if(s[m-1] >= 'A' && s[m-1] <= 'Z') {
		s[m-1] += 32;
	} else {
		s[m-1] -= 32;
	}
	printf(""%s"", s);
	return 0;
}```","[{""input"": ""4 1\nCABA\n"", ""output"": ""cABA""}, {""input"": ""3 2\nABC\n"", ""output"": ""AbC""}, {""input"": ""4 1\nCABB\n"", ""output"": ""cABB""}, {""input"": ""3 2\nACC\n"", ""output"": ""AcC""}, {""input"": ""4 1\nC@BB\n"", ""output"": ""c@BB""}, {""input"": ""3 2\nBCC\n"", ""output"": ""BcC""}, {""input"": ""5 1\nD@BB\n"", ""output"": ""d@BB""}, {""input"": ""5 1\nE@BB\n"", ""output"": ""e@BB""}, {""input"": ""5 1\nBB@E\n"", ""output"": ""bB@E""}, {""input"": ""5 1\nBB@D\n"", ""output"": ""bB@D""}, {""input"": ""1 3\nCABA\n"", ""output"": ""CAbA""}, {""input"": ""3 2\nCBA\n"", ""output"": ""CbA""}, {""input"": ""4 1\nCBBA\n"", ""output"": ""cBBA""}, {""input"": ""3 2\nBDC\n"", ""output"": ""BdC""}, {""input"": ""4 2\nCBBA\n"", ""output"": ""CbBA""}, {""input"": ""6 2\nCCA\n"", ""output"": ""CcA""}, {""input"": ""3 2\nCDB\n"", ""output"": ""CdB""}, {""input"": ""10 1\nC?BB\n"", ""output"": ""c?BB""}, {""input"": ""4 4\nCBBA\n"", ""output"": ""CBBa""}, {""input"": ""9 2\nABB\n"", ""output"": ""AbB""}, {""input"": ""9 2\nCABB\n"", ""output"": ""CaBB""}, {""input"": ""6 3\nCCA\n"", ""output"": ""CCa""}, {""input"": ""3 2\nCCB\n"", ""output"": ""CcB""}, {""input"": ""10 1\nC?BA\n"", ""output"": ""c?BA""}, {""input"": ""-1 1\nBC@E\n"", ""output"": ""BC@E""}, {""input"": ""9 1\nBBAE\n"", ""output"": ""bBAE""}, {""input"": ""1 3\nABAC\n"", ""output"": ""ABaC""}, {""input"": ""4 1\nABAC\n"", ""output"": ""aBAC""}, {""input"": ""9 1\nABB\n"", ""output"": ""aBB""}, {""input"": ""9 2\nBBAC\n"", ""output"": ""BbAC""}, {""input"": ""9 1\nEABB\n"", ""output"": ""eABB""}, {""input"": ""1 3\nCACA\n"", ""output"": ""CAcA""}, {""input"": ""9 1\nEABA\n"", ""output"": ""eABA""}, {""input"": ""1 2\nCACA\n"", ""output"": ""CaCA""}, {""input"": ""9 2\nEABA\n"", ""output"": ""EaBA""}, {""input"": ""1 4\nEABA\n"", ""output"": ""EABa""}, {""input"": ""1 4\nFABA\n"", ""output"": ""FABa""}, {""input"": ""2 4\nABAF\n"", ""output"": ""ABAf""}, {""input"": ""4 2\nCABA\n"", ""output"": ""CaBA""}, {""input"": ""3 3\nABC\n"", ""output"": ""ABc""}, {""input"": ""4 1\nBBAC\n"", ""output"": ""bBAC""}, {""input"": ""5 1\nC@BA\n"", ""output"": ""c@BA""}, {""input"": ""5 1\nBBE@\n"", ""output"": ""bBE@""}, {""input"": ""3 2\nCBB\n"", ""output"": ""CbB""}, {""input"": ""9 1\nB@BD\n"", ""output"": ""b@BD""}, {""input"": ""2 3\nDABA\n"", ""output"": ""DAbA""}, {""input"": ""0 2\nDBA\n"", ""output"": ""DbA""}, {""input"": ""6 1\nCCA\n"", ""output"": ""cCA""}, {""input"": ""3 2\nCDC\n"", ""output"": ""CdC""}, {""input"": ""-1 2\nBB@E\n"", ""output"": ""BB@E""}, {""input"": ""3 3\nCBBA\n"", ""output"": ""CBbA""}, {""input"": ""2 4\nABBC\n"", ""output"": ""ABBc""}, {""input"": ""9 2\nAAB\n"", ""output"": ""AaB""}, {""input"": ""9 4\nCABB\n"", ""output"": ""CABb""}, {""input"": ""6 3\nCAC\n"", ""output"": ""CAc""}, {""input"": ""3 3\nCCB\n"", ""output"": ""CCb""}, {""input"": ""9 1\nABBE\n"", ""output"": ""aBBE""}, {""input"": ""4 1\nABAB\n"", ""output"": ""aBAB""}, {""input"": ""9 1\nBAB\n"", ""output"": ""bAB""}, {""input"": ""0 1\nAC@E\n"", ""output"": ""AC@E""}, {""input"": ""7 1\nAAB\n"", ""output"": ""aAB""}, {""input"": ""1 1\nCACA\n"", ""output"": ""cACA""}, {""input"": ""14 1\nBB@\n"", ""output"": ""bB@""}, {""input"": ""9 2\nBAEA\n"", ""output"": ""BaEA""}, {""input"": ""1 2\nABAE\n"", ""output"": ""AbAE""}, {""input"": ""1 4\nEABB\n"", ""output"": ""EABb""}, {""input"": ""4 1\nBAAC\n"", ""output"": ""bAAC""}, {""input"": ""5 2\nBBC\n"", ""output"": ""BbC""}, {""input"": ""5 1\nC@B@\n"", ""output"": ""c@B@""}, {""input"": ""0 1\nEBB@\n"", ""output"": ""EBB@""}, {""input"": ""2 3\nDACA\n"", ""output"": ""DAcA""}, {""input"": ""0 2\nEBA\n"", ""output"": ""EbA""}, {""input"": ""9 3\nABB\n"", ""output"": ""ABb""}, {""input"": ""6 1\nACC\n"", ""output"": ""aCC""}, {""input"": ""3 3\nBBBA\n"", ""output"": ""BBbA""}, {""input"": ""2 4\nABBB\n"", ""output"": ""ABBb""}, {""input"": ""9 2\nAAC\n"", ""output"": ""AaC""}, {""input"": ""9 4\nBBAC\n"", ""output"": ""BBAc""}, {""input"": ""6 3\nC@C\n"", ""output"": ""C@c""}, {""input"": ""3 3\nCDB\n"", ""output"": ""CDb""}, {""input"": ""0 1\nCB@E\n"", ""output"": ""CB@E""}, {""input"": ""9 1\nABBF\n"", ""output"": ""aBBF""}, {""input"": ""0 1\nE@CA\n"", ""output"": ""E@CA""}, {""input"": ""2 2\nEABB\n"", ""output"": ""EaBB""}, {""input"": ""2 3\nACAC\n"", ""output"": ""ACaC""}, {""input"": ""1 2\nABEA\n"", ""output"": ""AbEA""}, {""input"": ""3 1\nBAC\n"", ""output"": ""bAC""}, {""input"": ""5 2\nBAC\n"", ""output"": ""BaC""}, {""input"": ""5 1\nCB@@\n"", ""output"": ""cB@@""}, {""input"": ""6 1\nBCE@\n"", ""output"": ""bCE@""}, {""input"": ""3 1\nBBAD\n"", ""output"": ""bBAD""}, {""input"": ""2 3\nCADA\n"", ""output"": ""CAdA""}, {""input"": ""0 1\nEBA\n"", ""output"": ""eBA""}, {""input"": ""5 1\nCDC\n"", ""output"": ""cDC""}, {""input"": ""0 1\nD@BA\n"", ""output"": ""D@BA""}, {""input"": ""0 4\nBB@E\n"", ""output"": ""BB@E""}, {""input"": ""3 3\nABBB\n"", ""output"": ""ABbB""}, {""input"": ""2 4\nBBBA\n"", ""output"": ""BBBa""}, {""input"": ""9 4\nBCAC\n"", ""output"": ""BCAc""}, {""input"": ""3 3\nCEB\n"", ""output"": ""CEb""}, {""input"": ""4 3\nCABA\n"", ""output"": ""CAbA""}, {""input"": ""3 1\nABC\n"", ""output"": ""aBC""}, {""input"": ""3 1\nABC\n"", ""output"": ""aBC""}]","Given the following C code and assembly code, your task is to generate highly optimized x86-64 assembly code.
C Code:

```c
#include<stdio.h>

int main () {
	int n, m;
	scanf(""%d %d"", &n, &m);
	char s[n];
	scanf(""%s"", s);
	if(s[m-1] >= 'A' && s[m-1] <= 'Z') {
		s[m-1] += 32;
	} else {
		s[m-1] -= 32;
	}
	printf(""%s"", s);
	return 0;
}```

Assembly Code:

```assembly
	.file	""temp.c""
	.text
	.section	.rodata.str1.1,""aMS"",@progbits,1
.LC0:
	.string	""%d %d""
.LC1:
	.string	""%s""
	.section	.text.startup,""ax"",@progbits
	.p2align 4
	.globl	main
	.type	main, @function
main:
.LFB23:
	.cfi_startproc
	endbr64
	pushq	%rbp
	.cfi_def_cfa_offset 16
	.cfi_offset 6, -16
	leaq	.LC0(%rip), %rdi
	movq	%rsp, %rbp
	.cfi_def_cfa_register 6
	pushq	%r13
	pushq	%r12
	leaq	-28(%rbp), %rdx
	leaq	-32(%rbp), %rsi
	subq	$16, %rsp
	.cfi_offset 13, -24
	.cfi_offset 12, -32
	movq	%fs:40, %rax
	movq	%rax, -24(%rbp)
	xorl	%eax, %eax
	call	__isoc99_scanf@PLT
	movslq	-32(%rbp), %rax
	movq	%rsp, %rcx
	addq	$15, %rax
	movq	%rax, %rdx
	andq	$-4096, %rax
	subq	%rax, %rcx
	andq	$-16, %rdx
	cmpq	%rcx, %rsp
	je	.L3
.L13:
	subq	$4096, %rsp
	orq	$0, 4088(%rsp)
	cmpq	%rcx, %rsp
	jne	.L13
.L3:
	andl	$4095, %edx
	subq	%rdx, %rsp
	testq	%rdx, %rdx
	jne	.L14
.L4:
	leaq	.LC1(%rip), %r13
	movq	%rsp, %rsi
	xorl	%eax, %eax
	movq	%rsp, %r12
	movq	%r13, %rdi
	call	__isoc99_scanf@PLT
	movl	-28(%rbp), %eax
	subl	$1, %eax
	cltq
	movzbl	(%rsp,%rax), %ecx
	leal	-65(%rcx), %esi
	leal	-32(%rcx), %edx
	cmpb	$25, %sil
	jbe	.L15
.L6:
	movb	%dl, (%r12,%rax)
	movq	%r13, %rsi
	xorl	%eax, %eax
	movq	%r12, %rdx
	movl	$1, %edi
	call	__printf_chk@PLT
	movq	-24(%rbp), %rax
	subq	%fs:40, %rax
	jne	.L16
	leaq	-16(%rbp), %rsp
	xorl	%eax, %eax
	popq	%r12
	popq	%r13
	popq	%rbp
	.cfi_remember_state
	.cfi_def_cfa 7, 8
	ret
.L15:
	.cfi_restore_state
	leal	32(%rcx), %edx
	jmp	.L6
.L14:
	orq	$0, -8(%rsp,%rdx)
	jmp	.L4
.L16:
	call	__stack_chk_fail@PLT
	.cfi_endproc
.LFE23:
	.size	main, .-main
	.ident	""GCC: (Ubuntu 11.4.0-1ubuntu1~22.04) 11.4.0""
	.section	.note.GNU-stack,"""",@progbits
	.section	.note.gnu.property,""a""
	.align 8
	.long	1f - 0f
	.long	4f - 1f
	.long	5
0:
	.string	""GNU""
1:
	.align 8
	.long	0xc0000002
	.long	3f - 2f
2:
	.long	0x3
3:
	.align 8
4:
```

Only output the optimized assembly code. Do not include any other text. Do not write any comments in the assembly code. Wrap the assembly code in ```assembly``` tags.
Optimized Assembly Code:
","Given the following C code, your task is to generate highly optimized x86-64 assembly code.
C Code:

```c
#include<stdio.h>

int main () {
	int n, m;
	scanf(""%d %d"", &n, &m);
	char s[n];
	scanf(""%s"", s);
	if(s[m-1] >= 'A' && s[m-1] <= 'Z') {
		s[m-1] += 32;
	} else {
		s[m-1] -= 32;
	}
	printf(""%s"", s);
	return 0;
}```

Only output the optimized assembly code. Do not include any other text. Do not write any comments in the assembly code. Wrap the assembly code in ```assembly``` tags.
Optimized Assembly Code:
"
54,"```c
#include <stdio.h>

int main (void){

	char s[100000];
	scanf(""%s"",s);

	int count = 0;
	int i;

	for(i = 0; s[i] != '\0'; i++){

		if(s[i] != s[i + 1]){
			count++;
		}
	}

	printf(""%d\n"", count - 1);

	return 0;


}```","[{""input"": ""BBBWW\n"", ""output"": ""1\n""}]","Given the following C code and assembly code, your task is to generate highly optimized x86-64 assembly code.
C Code:

```c
#include <stdio.h>

int main (void){

	char s[100000];
	scanf(""%s"",s);

	int count = 0;
	int i;

	for(i = 0; s[i] != '\0'; i++){

		if(s[i] != s[i + 1]){
			count++;
		}
	}

	printf(""%d\n"", count - 1);

	return 0;


}```

Assembly Code:

```assembly
	.file	""temp.c""
	.text
	.section	.rodata.str1.1,""aMS"",@progbits,1
.LC0:
	.string	""%s""
.LC1:
	.string	""%d\n""
	.section	.text.startup,""ax"",@progbits
	.p2align 4
	.globl	main
	.type	main, @function
main:
.LFB23:
	.cfi_startproc
	endbr64
	leaq	-98304(%rsp), %r11
	.cfi_def_cfa 11, 98312
.LPSRL0:
	subq	$4096, %rsp
	orq	$0, (%rsp)
	cmpq	%r11, %rsp
	jne	.LPSRL0
	.cfi_def_cfa_register 7
	subq	$1720, %rsp
	.cfi_def_cfa_offset 100032
	leaq	.LC0(%rip), %rdi
	movq	%fs:40, %rax
	movq	%rax, 100008(%rsp)
	xorl	%eax, %eax
	movq	%rsp, %rsi
	call	__isoc99_scanf@PLT
	movzbl	(%rsp), %esi
	testb	%sil, %sil
	je	.L7
	movzbl	1(%rsp), %eax
	leaq	1(%rsp), %rcx
	xorl	%edx, %edx
	cmpb	%al, %sil
	je	.L3
	.p2align 4,,10
	.p2align 3
.L14:
	addl	$1, %edx
	addq	$1, %rcx
	testb	%al, %al
	je	.L2
	movl	%eax, %esi
.L15:
	movzbl	(%rcx), %eax
	cmpb	%al, %sil
	jne	.L14
.L3:
	addq	$1, %rcx
	movl	%eax, %esi
	jmp	.L15
.L7:
	xorl	%edx, %edx
	.p2align 4,,10
	.p2align 3
.L2:
	subl	$1, %edx
	xorl	%eax, %eax
	movl	$1, %edi
	leaq	.LC1(%rip), %rsi
	call	__printf_chk@PLT
	movq	100008(%rsp), %rax
	subq	%fs:40, %rax
	jne	.L16
	xorl	%eax, %eax
	addq	$100024, %rsp
	.cfi_remember_state
	.cfi_def_cfa_offset 8
	ret
.L16:
	.cfi_restore_state
	call	__stack_chk_fail@PLT
	.cfi_endproc
.LFE23:
	.size	main, .-main
	.ident	""GCC: (Ubuntu 11.4.0-1ubuntu1~22.04) 11.4.0""
	.section	.note.GNU-stack,"""",@progbits
	.section	.note.gnu.property,""a""
	.align 8
	.long	1f - 0f
	.long	4f - 1f
	.long	5
0:
	.string	""GNU""
1:
	.align 8
	.long	0xc0000002
	.long	3f - 2f
2:
	.long	0x3
3:
	.align 8
4:
```

Only output the optimized assembly code. Do not include any other text. Do not write any comments in the assembly code. Wrap the assembly code in ```assembly``` tags.
Optimized Assembly Code:
","Given the following C code, your task is to generate highly optimized x86-64 assembly code.
C Code:

```c
#include <stdio.h>

int main (void){

	char s[100000];
	scanf(""%s"",s);

	int count = 0;
	int i;

	for(i = 0; s[i] != '\0'; i++){

		if(s[i] != s[i + 1]){
			count++;
		}
	}

	printf(""%d\n"", count - 1);

	return 0;


}```

Only output the optimized assembly code. Do not include any other text. Do not write any comments in the assembly code. Wrap the assembly code in ```assembly``` tags.
Optimized Assembly Code:
"
55,"```c
#include<stdio.h>
int main()
{
	int x,y;
	int i,f1=0,f2=0,flg=0;
	int a[7]={1,3,5,7,8,10,12},b[4]={4,6,9,11};
	scanf(""%d %d"",&x,&y);
	if(x==2&&y==2) flg=1;
	for(i=0;i<7;i++){
		if(x==a[i]) f1=1;
		if(y==a[i]) f2=1;
	}
	if(f1==1&&f2==1) flg=1;
	f1=0;f2=0;
	for(i=0;i<4;i++){
		if(x==b[i]) f1=1;
		if(y==b[i]) f2=1;
	}
	if(f1==1&&f2==1) flg=1;
	if(flg==1){
		printf(""Yes\n"");
	}
	else{
		printf(""No\n"");
	}
	return 0;
}```","[{""input"": ""2 8\n"", ""output"": ""No\n""}, {""input"": ""1 10\n"", ""output"": ""Yes\n""}, {""input"": ""1 4\n"", ""output"": ""No\n""}, {""input"": ""2 3\n"", ""output"": ""No\n""}, {""input"": ""2 10\n"", ""output"": ""No\n""}, {""input"": ""4 3\n"", ""output"": ""No\n""}, {""input"": ""7 3\n"", ""output"": ""Yes\n""}, {""input"": ""7 6\n"", ""output"": ""No\n""}, {""input"": ""7 4\n"", ""output"": ""No\n""}, {""input"": ""7 5\n"", ""output"": ""Yes\n""}, {""input"": ""4 5\n"", ""output"": ""No\n""}, {""input"": ""1 5\n"", ""output"": ""Yes\n""}, {""input"": ""1 2\n"", ""output"": ""No\n""}, {""input"": ""0 2\n"", ""output"": ""No\n""}, {""input"": ""-1 2\n"", ""output"": ""No\n""}, {""input"": ""2 1\n"", ""output"": ""No\n""}, {""input"": ""1 1\n"", ""output"": ""Yes\n""}, {""input"": ""2 0\n"", ""output"": ""No\n""}, {""input"": ""2 6\n"", ""output"": ""No\n""}, {""input"": ""3 3\n"", ""output"": ""Yes\n""}, {""input"": ""7 1\n"", ""output"": ""Yes\n""}, {""input"": ""5 4\n"", ""output"": ""No\n""}, {""input"": ""7 10\n"", ""output"": ""Yes\n""}, {""input"": ""5 5\n"", ""output"": ""Yes\n""}, {""input"": ""2 5\n"", ""output"": ""No\n""}, {""input"": ""2 9\n"", ""output"": ""No\n""}, {""input"": ""3 6\n"", ""output"": ""No\n""}, {""input"": ""5 3\n"", ""output"": ""Yes\n""}, {""input"": ""7 12\n"", ""output"": ""Yes\n""}, {""input"": ""5 8\n"", ""output"": ""Yes\n""}, {""input"": ""3 9\n"", ""output"": ""No\n""}, {""input"": ""3 4\n"", ""output"": ""No\n""}, {""input"": ""5 2\n"", ""output"": ""No\n""}, {""input"": ""1 8\n"", ""output"": ""Yes\n""}, {""input"": ""5 10\n"", ""output"": ""Yes\n""}, {""input"": ""5 1\n"", ""output"": ""Yes\n""}, {""input"": ""3 1\n"", ""output"": ""Yes\n""}, {""input"": ""1 6\n"", ""output"": ""No\n""}, {""input"": ""8 3\n"", ""output"": ""Yes\n""}, {""input"": ""9 4\n"", ""output"": ""Yes\n""}, {""input"": ""2 7\n"", ""output"": ""No\n""}, {""input"": ""5 6\n"", ""output"": ""No\n""}, {""input"": ""4 4\n"", ""output"": ""Yes\n""}, {""input"": ""2 -1\n"", ""output"": ""No\n""}, {""input"": ""2 -2\n"", ""output"": ""No\n""}, {""input"": ""3 2\n"", ""output"": ""No\n""}, {""input"": ""2 12\n"", ""output"": ""No\n""}, {""input"": ""10 2\n"", ""output"": ""No\n""}, {""input"": ""7 2\n"", ""output"": ""No\n""}, {""input"": ""6 1\n"", ""output"": ""No\n""}, {""input"": ""1 9\n"", ""output"": ""No\n""}, {""input"": ""4 1\n"", ""output"": ""No\n""}, {""input"": ""4 9\n"", ""output"": ""Yes\n""}, {""input"": ""1 11\n"", ""output"": ""No\n""}, {""input"": ""4 2\n"", ""output"": ""No\n""}, {""input"": ""8 4\n"", ""output"": ""No\n""}, {""input"": ""6 4\n"", ""output"": ""Yes\n""}, {""input"": ""5 12\n"", ""output"": ""Yes\n""}, {""input"": ""6 2\n"", ""output"": ""No\n""}, {""input"": ""2 -3\n"", ""output"": ""No\n""}, {""input"": ""3 7\n"", ""output"": ""Yes\n""}, {""input"": ""11 1\n"", ""output"": ""No\n""}, {""input"": ""8 1\n"", ""output"": ""Yes\n""}, {""input"": ""8 9\n"", ""output"": ""No\n""}, {""input"": ""2 11\n"", ""output"": ""No\n""}, {""input"": ""1 7\n"", ""output"": ""Yes\n""}, {""input"": ""5 7\n"", ""output"": ""Yes\n""}, {""input"": ""8 5\n"", ""output"": ""Yes\n""}, {""input"": ""4 12\n"", ""output"": ""No\n""}, {""input"": ""9 12\n"", ""output"": ""No\n""}, {""input"": ""1 12\n"", ""output"": ""Yes\n""}, {""input"": ""12 1\n"", ""output"": ""Yes\n""}, {""input"": ""3 10\n"", ""output"": ""Yes\n""}, {""input"": ""4 8\n"", ""output"": ""No\n""}, {""input"": ""-3 2\n"", ""output"": ""No\n""}, {""input"": ""7 9\n"", ""output"": ""No\n""}, {""input"": ""10 1\n"", ""output"": ""Yes\n""}, {""input"": ""-2 2\n"", ""output"": ""No\n""}, {""input"": ""8 2\n"", ""output"": ""No\n""}, {""input"": ""7 11\n"", ""output"": ""No\n""}, {""input"": ""5 9\n"", ""output"": ""No\n""}, {""input"": ""12 12\n"", ""output"": ""Yes\n""}, {""input"": ""9 1\n"", ""output"": ""No\n""}, {""input"": ""3 8\n"", ""output"": ""Yes\n""}, {""input"": ""8 7\n"", ""output"": ""Yes\n""}, {""input"": ""9 2\n"", ""output"": ""No\n""}, {""input"": ""3 5\n"", ""output"": ""Yes\n""}, {""input"": ""4 6\n"", ""output"": ""Yes\n""}, {""input"": ""12 2\n"", ""output"": ""No\n""}, {""input"": ""7 8\n"", ""output"": ""Yes\n""}, {""input"": ""-4 2\n"", ""output"": ""No\n""}, {""input"": ""6 9\n"", ""output"": ""Yes\n""}, {""input"": ""6 8\n"", ""output"": ""No\n""}, {""input"": ""11 2\n"", ""output"": ""No\n""}, {""input"": ""8 12\n"", ""output"": ""Yes\n""}, {""input"": ""10 7\n"", ""output"": ""Yes\n""}, {""input"": ""11 5\n"", ""output"": ""No\n""}, {""input"": ""3 11\n"", ""output"": ""No\n""}, {""input"": ""12 5\n"", ""output"": ""Yes\n""}, {""input"": ""4 7\n"", ""output"": ""No\n""}, {""input"": ""2 4\n"", ""output"": ""No\n""}, {""input"": ""1 3\n"", ""output"": ""Yes\n""}, {""input"": ""1 3\n"", ""output"": ""Yes\n""}]","Given the following C code and assembly code, your task is to generate highly optimized x86-64 assembly code.
C Code:

```c
#include<stdio.h>
int main()
{
	int x,y;
	int i,f1=0,f2=0,flg=0;
	int a[7]={1,3,5,7,8,10,12},b[4]={4,6,9,11};
	scanf(""%d %d"",&x,&y);
	if(x==2&&y==2) flg=1;
	for(i=0;i<7;i++){
		if(x==a[i]) f1=1;
		if(y==a[i]) f2=1;
	}
	if(f1==1&&f2==1) flg=1;
	f1=0;f2=0;
	for(i=0;i<4;i++){
		if(x==b[i]) f1=1;
		if(y==b[i]) f2=1;
	}
	if(f1==1&&f2==1) flg=1;
	if(flg==1){
		printf(""Yes\n"");
	}
	else{
		printf(""No\n"");
	}
	return 0;
}```

Assembly Code:

```assembly
	.file	""temp.c""
	.text
	.section	.rodata.str1.1,""aMS"",@progbits,1
.LC1:
	.string	""%d %d""
.LC5:
	.string	""Yes""
.LC6:
	.string	""No""
	.section	.text.startup,""ax"",@progbits
	.p2align 4
	.globl	main
	.type	main, @function
main:
.LFB23:
	.cfi_startproc
	endbr64
	subq	$24, %rsp
	.cfi_def_cfa_offset 32
	leaq	.LC1(%rip), %rdi
	movq	%fs:40, %rax
	movq	%rax, 8(%rsp)
	xorl	%eax, %eax
	movq	%rsp, %rsi
	leaq	4(%rsp), %rdx
	call	__isoc99_scanf@PLT
	movl	(%rsp), %esi
	cmpl	$2, %esi
	je	.L37
	movl	4(%rsp), %ecx
	movd	%esi, %xmm7
	xorl	%edi, %edi
	movdqa	.LC2(%rip), %xmm0
	pshufd	$0, %xmm7, %xmm4
	movdqa	.LC3(%rip), %xmm2
	movd	%ecx, %xmm7
	movdqa	%xmm4, %xmm5
	pshufd	$0, %xmm7, %xmm3
	pcmpeqd	%xmm0, %xmm5
	pcmpeqd	%xmm3, %xmm0
	pand	%xmm2, %xmm5
	pand	%xmm2, %xmm0
	movdqa	%xmm0, %xmm6
	psrldq	$8, %xmm6
	movdqa	%xmm6, %xmm1
	pcmpgtd	%xmm0, %xmm1
	pand	%xmm1, %xmm6
	pandn	%xmm0, %xmm1
	por	%xmm6, %xmm1
	movdqa	%xmm1, %xmm6
	psrldq	$4, %xmm6
	movdqa	%xmm6, %xmm0
	pcmpgtd	%xmm1, %xmm0
	pand	%xmm0, %xmm6
	pandn	%xmm1, %xmm0
	por	%xmm6, %xmm0
	movd	%xmm0, %eax
	movdqa	%xmm5, %xmm0
	psrldq	$8, %xmm0
	movdqa	%xmm0, %xmm1
	pcmpgtd	%xmm5, %xmm1
	pand	%xmm1, %xmm0
	pandn	%xmm5, %xmm1
	por	%xmm0, %xmm1
	movdqa	%xmm1, %xmm5
	psrldq	$4, %xmm5
	movdqa	%xmm5, %xmm0
	pcmpgtd	%xmm1, %xmm0
	pand	%xmm0, %xmm5
	pandn	%xmm1, %xmm0
	por	%xmm5, %xmm0
	movd	%xmm0, %edx
	cmpl	$8, %esi
	je	.L4
.L3:
	cmpl	$8, %ecx
	je	.L17
.L5:
	cmpl	$10, %esi
	jne	.L18
	cmpl	$10, %ecx
	je	.L38
.L10:
	movl	$1, %edx
	cmpl	$12, %ecx
	jne	.L13
.L8:
	leaq	.LC5(%rip), %rdi
	call	puts@PLT
	jmp	.L16
	.p2align 4,,10
	.p2align 3
.L4:
	movl	$1, %edx
	cmpl	$8, %ecx
	je	.L17
.L18:
	cmpl	$10, %ecx
	je	.L39
	cmpl	$12, %esi
	je	.L10
	cmpl	$12, %ecx
	movl	$1, %ecx
	cmove	%ecx, %eax
.L13:
	testl	%eax, %edx
	jne	.L8
	movdqa	.LC4(%rip), %xmm0
	pcmpeqd	%xmm0, %xmm4
	pcmpeqd	%xmm3, %xmm0
	pand	%xmm2, %xmm0
	pand	%xmm2, %xmm4
	movdqa	%xmm0, %xmm2
	psrldq	$8, %xmm2
	movdqa	%xmm2, %xmm1
	pcmpgtd	%xmm0, %xmm1
	pand	%xmm1, %xmm2
	pandn	%xmm0, %xmm1
	por	%xmm2, %xmm1
	movdqa	%xmm1, %xmm2
	psrldq	$4, %xmm2
	movdqa	%xmm2, %xmm0
	pcmpgtd	%xmm1, %xmm0
	pand	%xmm0, %xmm2
	pandn	%xmm1, %xmm0
	por	%xmm2, %xmm0
	movd	%xmm0, %edx
	movdqa	%xmm4, %xmm0
	psrldq	$8, %xmm0
	movdqa	%xmm0, %xmm1
	pcmpgtd	%xmm4, %xmm1
	pand	%xmm1, %xmm0
	pandn	%xmm4, %xmm1
	por	%xmm0, %xmm1
	movdqa	%xmm1, %xmm2
	psrldq	$4, %xmm2
	movdqa	%xmm2, %xmm0
	pcmpgtd	%xmm1, %xmm0
	pand	%xmm0, %xmm2
	pandn	%xmm1, %xmm0
	por	%xmm2, %xmm0
	movd	%xmm0, %eax
	andl	%edx, %eax
	orl	%edi, %eax
	testb	$1, %al
	jne	.L8
	leaq	.LC6(%rip), %rdi
	call	puts@PLT
.L16:
	movq	8(%rsp), %rax
	subq	%fs:40, %rax
	jne	.L40
	xorl	%eax, %eax
	addq	$24, %rsp
	.cfi_remember_state
	.cfi_def_cfa_offset 8
	ret
.L17:
	.cfi_restore_state
	movl	$8, %ecx
	movl	$1, %eax
	jmp	.L5
.L39:
	cmpl	$12, %esi
	je	.L8
.L9:
	movl	$1, %eax
	jmp	.L13
.L37:
	movl	4(%rsp), %ecx
	movdqa	.LC3(%rip), %xmm2
	xorl	%edi, %edi
	cmpl	$2, 4(%rsp)
	movd	%ecx, %xmm3
	sete	%dil
	xorl	%edx, %edx
	pshufd	$0, %xmm3, %xmm3
	movdqa	%xmm3, %xmm0
	pcmpeqd	.LC2(%rip), %xmm0
	pand	%xmm2, %xmm0
	movdqa	%xmm0, %xmm4
	psrldq	$8, %xmm4
	movdqa	%xmm4, %xmm1
	pcmpgtd	%xmm0, %xmm1
	pand	%xmm1, %xmm4
	pandn	%xmm0, %xmm1
	por	%xmm4, %xmm1
	movdqa	%xmm1, %xmm4
	psrldq	$4, %xmm4
	movdqa	%xmm4, %xmm0
	pcmpgtd	%xmm1, %xmm0
	pand	%xmm0, %xmm4
	pandn	%xmm1, %xmm0
	por	%xmm4, %xmm0
	movdqa	.LC0(%rip), %xmm4
	movd	%xmm0, %eax
	jmp	.L3
.L38:
	movl	$1, %edx
	jmp	.L9
.L40:
	call	__stack_chk_fail@PLT
	.cfi_endproc
.LFE23:
	.size	main, .-main
	.section	.rodata.cst16,""aM"",@progbits,16
	.align 16
.LC0:
	.long	2
	.long	2
	.long	2
	.long	2
	.align 16
.LC2:
	.long	1
	.long	3
	.long	5
	.long	7
	.align 16
.LC3:
	.long	1
	.long	1
	.long	1
	.long	1
	.align 16
.LC4:
	.long	4
	.long	6
	.long	9
	.long	11
	.ident	""GCC: (Ubuntu 11.4.0-1ubuntu1~22.04) 11.4.0""
	.section	.note.GNU-stack,"""",@progbits
	.section	.note.gnu.property,""a""
	.align 8
	.long	1f - 0f
	.long	4f - 1f
	.long	5
0:
	.string	""GNU""
1:
	.align 8
	.long	0xc0000002
	.long	3f - 2f
2:
	.long	0x3
3:
	.align 8
4:
```

Only output the optimized assembly code. Do not include any other text. Do not write any comments in the assembly code. Wrap the assembly code in ```assembly``` tags.
Optimized Assembly Code:
","Given the following C code, your task is to generate highly optimized x86-64 assembly code.
C Code:

```c
#include<stdio.h>
int main()
{
	int x,y;
	int i,f1=0,f2=0,flg=0;
	int a[7]={1,3,5,7,8,10,12},b[4]={4,6,9,11};
	scanf(""%d %d"",&x,&y);
	if(x==2&&y==2) flg=1;
	for(i=0;i<7;i++){
		if(x==a[i]) f1=1;
		if(y==a[i]) f2=1;
	}
	if(f1==1&&f2==1) flg=1;
	f1=0;f2=0;
	for(i=0;i<4;i++){
		if(x==b[i]) f1=1;
		if(y==b[i]) f2=1;
	}
	if(f1==1&&f2==1) flg=1;
	if(flg==1){
		printf(""Yes\n"");
	}
	else{
		printf(""No\n"");
	}
	return 0;
}```

Only output the optimized assembly code. Do not include any other text. Do not write any comments in the assembly code. Wrap the assembly code in ```assembly``` tags.
Optimized Assembly Code:
"
56,"```c
#include <stdio.h>
int main()
{
    int num,temp,rem,count=0;
    scanf(""%d"",&num);
    temp = num;
    while(temp!=0)
    {
        rem = temp%10;
        if(rem==2)
            count++;
        temp/=10;
    }
    printf(""%d\n"",count);
    return 0;
}
```","[{""input"": ""12257\n"", ""output"": ""2\n""}, {""input"": ""5183\n"", ""output"": ""0\n""}, {""input"": ""298\n"", ""output"": ""1\n""}, {""input"": ""2221\n"", ""output"": ""3\n""}, {""input"": ""917\n"", ""output"": ""0\n""}, {""input"": ""16763\n"", ""output"": ""0\n""}, {""input"": ""6607\n"", ""output"": ""0\n""}, {""input"": ""95\n"", ""output"": ""0\n""}, {""input"": ""18919\n"", ""output"": ""0\n""}, {""input"": ""12428\n"", ""output"": ""2\n""}, {""input"": ""144\n"", ""output"": ""0\n""}, {""input"": ""36955\n"", ""output"": ""0\n""}, {""input"": ""5648\n"", ""output"": ""0\n""}, {""input"": ""181\n"", ""output"": ""0\n""}, {""input"": ""43731\n"", ""output"": ""0\n""}, {""input"": ""7107\n"", ""output"": ""0\n""}, {""input"": ""185\n"", ""output"": ""0\n""}, {""input"": ""74636\n"", ""output"": ""0\n""}, {""input"": ""5118\n"", ""output"": ""0\n""}, {""input"": ""69338\n"", ""output"": ""0\n""}, {""input"": ""313\n"", ""output"": ""0\n""}, {""input"": ""301\n"", ""output"": ""0\n""}, {""input"": ""3432\n"", ""output"": ""1\n""}, {""input"": ""595\n"", ""output"": ""0\n""}, {""input"": ""446\n"", ""output"": ""0\n""}, {""input"": ""2852\n"", ""output"": ""2\n""}, {""input"": ""131\n"", ""output"": ""0\n""}, {""input"": ""174\n"", ""output"": ""0\n""}, {""input"": ""2881\n"", ""output"": ""1\n""}, {""input"": ""79\n"", ""output"": ""0\n""}, {""input"": ""270\n"", ""output"": ""1\n""}, {""input"": ""4286\n"", ""output"": ""1\n""}, {""input"": ""89\n"", ""output"": ""0\n""}, {""input"": ""188\n"", ""output"": ""0\n""}, {""input"": ""4410\n"", ""output"": ""0\n""}, {""input"": ""36\n"", ""output"": ""0\n""}, {""input"": ""219\n"", ""output"": ""1\n""}, {""input"": ""7802\n"", ""output"": ""1\n""}, {""input"": ""19\n"", ""output"": ""0\n""}, {""input"": ""164\n"", ""output"": ""0\n""}, {""input"": ""1554\n"", ""output"": ""0\n""}, {""input"": ""14\n"", ""output"": ""0\n""}, {""input"": ""252\n"", ""output"": ""2\n""}, {""input"": ""1110\n"", ""output"": ""0\n""}, {""input"": ""0\n"", ""output"": ""0\n""}, {""input"": ""311\n"", ""output"": ""0\n""}, {""input"": ""1010\n"", ""output"": ""0\n""}, {""input"": ""1\n"", ""output"": ""0\n""}, {""input"": ""529\n"", ""output"": ""1\n""}, {""input"": ""1000\n"", ""output"": ""0\n""}, {""input"": ""2\n"", ""output"": ""1\n""}, {""input"": ""1052\n"", ""output"": ""1\n""}, {""input"": ""0000\n"", ""output"": ""0\n""}, {""input"": ""3\n"", ""output"": ""0\n""}, {""input"": ""1334\n"", ""output"": ""0\n""}, {""input"": ""0010\n"", ""output"": ""0\n""}, {""input"": ""-1\n"", ""output"": ""0\n""}, {""input"": ""1831\n"", ""output"": ""0\n""}, {""input"": ""0011\n"", ""output"": ""0\n""}, {""input"": ""2863\n"", ""output"": ""1\n""}, {""input"": ""0001\n"", ""output"": ""0\n""}, {""input"": ""910\n"", ""output"": ""0\n""}, {""input"": ""0101\n"", ""output"": ""0\n""}, {""input"": ""550\n"", ""output"": ""0\n""}, {""input"": ""0111\n"", ""output"": ""0\n""}, {""input"": ""751\n"", ""output"": ""0\n""}, {""input"": ""521\n"", ""output"": ""1\n""}, {""input"": ""374\n"", ""output"": ""0\n""}, {""input"": ""598\n"", ""output"": ""0\n""}, {""input"": ""517\n"", ""output"": ""0\n""}, {""input"": ""790\n"", ""output"": ""0\n""}, {""input"": ""1007\n"", ""output"": ""0\n""}, {""input"": ""796\n"", ""output"": ""0\n""}, {""input"": ""1349\n"", ""output"": ""0\n""}, {""input"": ""1625\n"", ""output"": ""1\n""}, {""input"": ""2049\n"", ""output"": ""1\n""}, {""input"": ""1972\n"", ""output"": ""1\n""}, {""input"": ""924\n"", ""output"": ""1\n""}, {""input"": ""1251\n"", ""output"": ""1\n""}, {""input"": ""1269\n"", ""output"": ""1\n""}, {""input"": ""1430\n"", ""output"": ""0\n""}, {""input"": ""1654\n"", ""output"": ""0\n""}, {""input"": ""2595\n"", ""output"": ""1\n""}, {""input"": ""3459\n"", ""output"": ""0\n""}, {""input"": ""6917\n"", ""output"": ""0\n""}, {""input"": ""6428\n"", ""output"": ""1\n""}, {""input"": ""8996\n"", ""output"": ""0\n""}, {""input"": ""14727\n"", ""output"": ""1\n""}, {""input"": ""5305\n"", ""output"": ""0\n""}, {""input"": ""6105\n"", ""output"": ""0\n""}, {""input"": ""8559\n"", ""output"": ""0\n""}, {""input"": ""2468\n"", ""output"": ""1\n""}, {""input"": ""4431\n"", ""output"": ""0\n""}, {""input"": ""802\n"", ""output"": ""1\n""}, {""input"": ""824\n"", ""output"": ""1\n""}, {""input"": ""918\n"", ""output"": ""0\n""}, {""input"": ""805\n"", ""output"": ""0\n""}, {""input"": ""524\n"", ""output"": ""1\n""}, {""input"": ""1040\n"", ""output"": ""0\n""}, {""input"": ""1271\n"", ""output"": ""1\n""}, {""input"": ""9592\n"", ""output"": ""1\n""}, {""input"": ""1222\n"", ""output"": ""3\n""}, {""input"": ""1222\n"", ""output"": ""3\n""}, {""input"": ""3456\n"", ""output"": ""0\n""}]","Given the following C code and assembly code, your task is to generate highly optimized x86-64 assembly code.
C Code:

```c
#include <stdio.h>
int main()
{
    int num,temp,rem,count=0;
    scanf(""%d"",&num);
    temp = num;
    while(temp!=0)
    {
        rem = temp%10;
        if(rem==2)
            count++;
        temp/=10;
    }
    printf(""%d\n"",count);
    return 0;
}
```

Assembly Code:

```assembly
	.file	""temp.c""
	.text
	.section	.rodata.str1.1,""aMS"",@progbits,1
.LC0:
	.string	""%d""
.LC1:
	.string	""%d\n""
	.section	.text.startup,""ax"",@progbits
	.p2align 4
	.globl	main
	.type	main, @function
main:
.LFB23:
	.cfi_startproc
	endbr64
	subq	$24, %rsp
	.cfi_def_cfa_offset 32
	leaq	.LC0(%rip), %rdi
	movq	%fs:40, %rax
	movq	%rax, 8(%rsp)
	xorl	%eax, %eax
	leaq	4(%rsp), %rsi
	call	__isoc99_scanf@PLT
	movl	4(%rsp), %edx
	xorl	%r8d, %r8d
	testl	%edx, %edx
	je	.L2
	.p2align 4,,10
	.p2align 3
.L4:
	movslq	%edx, %rax
	movl	%edx, %ecx
	imulq	$1717986919, %rax, %rax
	sarl	$31, %ecx
	sarq	$34, %rax
	subl	%ecx, %eax
	leal	(%rax,%rax,4), %ecx
	addl	%ecx, %ecx
	subl	%ecx, %edx
	cmpl	$2, %edx
	sete	%dl
	movzbl	%dl, %edx
	addl	%edx, %r8d
	movl	%eax, %edx
	testl	%eax, %eax
	jne	.L4
.L2:
	xorl	%eax, %eax
	movl	%r8d, %edx
	movl	$1, %edi
	leaq	.LC1(%rip), %rsi
	call	__printf_chk@PLT
	movq	8(%rsp), %rax
	subq	%fs:40, %rax
	jne	.L10
	xorl	%eax, %eax
	addq	$24, %rsp
	.cfi_remember_state
	.cfi_def_cfa_offset 8
	ret
.L10:
	.cfi_restore_state
	call	__stack_chk_fail@PLT
	.cfi_endproc
.LFE23:
	.size	main, .-main
	.ident	""GCC: (Ubuntu 11.4.0-1ubuntu1~22.04) 11.4.0""
	.section	.note.GNU-stack,"""",@progbits
	.section	.note.gnu.property,""a""
	.align 8
	.long	1f - 0f
	.long	4f - 1f
	.long	5
0:
	.string	""GNU""
1:
	.align 8
	.long	0xc0000002
	.long	3f - 2f
2:
	.long	0x3
3:
	.align 8
4:
```

Only output the optimized assembly code. Do not include any other text. Do not write any comments in the assembly code. Wrap the assembly code in ```assembly``` tags.
Optimized Assembly Code:
","Given the following C code, your task is to generate highly optimized x86-64 assembly code.
C Code:

```c
#include <stdio.h>
int main()
{
    int num,temp,rem,count=0;
    scanf(""%d"",&num);
    temp = num;
    while(temp!=0)
    {
        rem = temp%10;
        if(rem==2)
            count++;
        temp/=10;
    }
    printf(""%d\n"",count);
    return 0;
}
```

Only output the optimized assembly code. Do not include any other text. Do not write any comments in the assembly code. Wrap the assembly code in ```assembly``` tags.
Optimized Assembly Code:
"
57,"```c
#include <stdio.h>
#include <stdlib.h>


int top, S[10000];

void push(int x){
  S[++top] = x;
}

int pop(){
  top--;
  return S[top+1];
}

int main(void)
{
  int a, b;
  top = 0;
  char s[100];
  
  while(scanf(""%s"", s) != EOF){
    if ( s[0] == '+' ){
      a = pop();
      b = pop();
      push(a+b);
    }
    else if (s[0] == '-'){
      b = pop();
      a = pop();
      push(a-b);
    }
    else if (s[0] == '*'){
      b = pop();
      a = pop();
      push(a*b);
    }
    else{
      push(atoi(s));
    }
  } 
  printf(""%d\n"", pop() );
  return (0);
}

```","[{""input"": ""1 4 + 3 4 - *\n"", ""output"": ""-5\n""}, {""input"": ""1 3 +\n"", ""output"": ""4\n""}, {""input"": ""1 4 + 2 4 - *\n"", ""output"": ""-10\n""}, {""input"": ""0 3 +\n"", ""output"": ""3\n""}, {""input"": ""1 1 + 2 4 - *\n"", ""output"": ""-4\n""}, {""input"": ""0 3 *\n"", ""output"": ""0\n""}, {""input"": ""1 4 + 3 8 - *\n"", ""output"": ""-25\n""}, {""input"": ""0 5 +\n"", ""output"": ""5\n""}, {""input"": ""1 1 + 3 4 - *\n"", ""output"": ""-2\n""}, {""input"": ""1 4 * 3 1 - *\n"", ""output"": ""8\n""}, {""input"": ""1 4 * 3 8 - *\n"", ""output"": ""-20\n""}, {""input"": ""1 1 + 5 4 - *\n"", ""output"": ""2\n""}, {""input"": ""1 4 * 3 1 - +\n"", ""output"": ""6\n""}, {""input"": ""1 4 * 3 0 - *\n"", ""output"": ""12\n""}, {""input"": ""2 4 * 3 1 - +\n"", ""output"": ""10\n""}, {""input"": ""2 4 * 3 0 - *\n"", ""output"": ""24\n""}, {""input"": ""2 4 * 3 0 - +\n"", ""output"": ""11\n""}, {""input"": ""2 4 * 6 0 - *\n"", ""output"": ""48\n""}, {""input"": ""2 4 * 5 0 - +\n"", ""output"": ""13\n""}, {""input"": ""1 4 * 5 0 - +\n"", ""output"": ""9\n""}, {""input"": ""1 4 * 5 0 - *\n"", ""output"": ""20\n""}, {""input"": ""1 4 + 5 0 - *\n"", ""output"": ""25\n""}, {""input"": ""2 4 + 5 0 - *\n"", ""output"": ""30\n""}, {""input"": ""1 8 + 2 4 - *\n"", ""output"": ""-18\n""}, {""input"": ""0 1 +\n"", ""output"": ""1\n""}, {""input"": ""2 1 + 2 4 - *\n"", ""output"": ""-6\n""}, {""input"": ""1 3 * 3 4 - *\n"", ""output"": ""-3\n""}, {""input"": ""1 1 + 5 11 - *\n"", ""output"": ""-12\n""}, {""input"": ""2 4 * 6 0 - +\n"", ""output"": ""14\n""}, {""input"": ""2 4 + 6 0 - *\n"", ""output"": ""36\n""}, {""input"": ""4 4 + 5 0 - *\n"", ""output"": ""40\n""}, {""input"": ""1 8 + 1 4 - *\n"", ""output"": ""-27\n""}, {""input"": ""4 4 * 6 1 - +\n"", ""output"": ""21\n""}, {""input"": ""1 4 * 7 0 - *\n"", ""output"": ""28\n""}, {""input"": ""0 0 + 6 13 - +\n"", ""output"": ""-7\n""}, {""input"": ""1 7 * 7 0 - *\n"", ""output"": ""49\n""}, {""input"": ""1 7 + 3 8 - *\n"", ""output"": ""-40\n""}, {""input"": ""2 4 * 4 0 - *\n"", ""output"": ""32\n""}, {""input"": ""1 4 * 17 0 - *\n"", ""output"": ""68\n""}, {""input"": ""1 5 + 0 4 - *\n"", ""output"": ""-24\n""}, {""input"": ""1 8 + 2 4 - +\n"", ""output"": ""7\n""}, {""input"": ""4 3 + 5 0 - *\n"", ""output"": ""35\n""}, {""input"": ""1 2 + 1 4 - *\n"", ""output"": ""-9\n""}, {""input"": ""1 6 + 1 4 - *\n"", ""output"": ""-21\n""}, {""input"": ""0 0 + 6 21 - +\n"", ""output"": ""-15\n""}, {""input"": ""12 4 +\n"", ""output"": ""16\n""}, {""input"": ""22 1 +\n"", ""output"": ""23\n""}, {""input"": ""17 1 +\n"", ""output"": ""18\n""}, {""input"": ""1 4 * 2 6 - *\n"", ""output"": ""-16\n""}, {""input"": ""1 12 + 3 8 - *\n"", ""output"": ""-65\n""}, {""input"": ""1 7 * 8 0 - +\n"", ""output"": ""15\n""}, {""input"": ""1 0 + 6 21 - +\n"", ""output"": ""-14\n""}, {""input"": ""13 4 +\n"", ""output"": ""17\n""}, {""input"": ""17 2 +\n"", ""output"": ""19\n""}, {""input"": ""1 2 * 2 6 - *\n"", ""output"": ""-8\n""}, {""input"": ""1 12 + 3 5 - *\n"", ""output"": ""-26\n""}, {""input"": ""2 0 + 6 21 - +\n"", ""output"": ""-13\n""}, {""input"": ""10 1 + 2 0 - *\n"", ""output"": ""22\n""}, {""input"": ""23 4 +\n"", ""output"": ""27\n""}, {""input"": ""6 7 *\n"", ""output"": ""42\n""}, {""input"": ""23 6 +\n"", ""output"": ""29\n""}, {""input"": ""25 1 +\n"", ""output"": ""26\n""}, {""input"": ""44 1 +\n"", ""output"": ""45\n""}, {""input"": ""0 6 + 0 5 - *\n"", ""output"": ""-30\n""}, {""input"": ""2 28 *\n"", ""output"": ""56\n""}, {""input"": ""0 11 + 2 5 - *\n"", ""output"": ""-33\n""}, {""input"": ""1 11 + 2 5 - *\n"", ""output"": ""-36\n""}, {""input"": ""2 17 *\n"", ""output"": ""34\n""}, {""input"": ""1 11 + 2 6 - *\n"", ""output"": ""-48\n""}, {""input"": ""13 3 *\n"", ""output"": ""39\n""}, {""input"": ""0 10 + 5 0 - *\n"", ""output"": ""50\n""}, {""input"": ""2 2 + 14 1 - *\n"", ""output"": ""52\n""}, {""input"": ""1 52 +\n"", ""output"": ""53\n""}, {""input"": ""2 31 *\n"", ""output"": ""62\n""}, {""input"": ""1 31 *\n"", ""output"": ""31\n""}, {""input"": ""0 11 + 0 5 - *\n"", ""output"": ""-55\n""}, {""input"": ""2 2 * 3 10 - *\n"", ""output"": ""-28\n""}, {""input"": ""2 2 * 5 10 - +\n"", ""output"": ""-1\n""}, {""input"": ""36 2 +\n"", ""output"": ""38\n""}, {""input"": ""1 37 *\n"", ""output"": ""37\n""}, {""input"": ""2 52 +\n"", ""output"": ""54\n""}, {""input"": ""2 58 *\n"", ""output"": ""116\n""}, {""input"": ""1 11 + 0 5 - *\n"", ""output"": ""-60\n""}, {""input"": ""2 95 +\n"", ""output"": ""97\n""}, {""input"": ""1 58 *\n"", ""output"": ""58\n""}, {""input"": ""13 5 *\n"", ""output"": ""65\n""}, {""input"": ""44 0 +\n"", ""output"": ""44\n""}, {""input"": ""36 7 +\n"", ""output"": ""43\n""}, {""input"": ""6 14 *\n"", ""output"": ""84\n""}, {""input"": ""2 115 +\n"", ""output"": ""117\n""}, {""input"": ""2 1 + 22 1 - *\n"", ""output"": ""63\n""}, {""input"": ""6 18 *\n"", ""output"": ""108\n""}, {""input"": ""0 4 +\n"", ""output"": ""4\n""}, {""input"": ""1 4 * 3 4 - *\n"", ""output"": ""-4\n""}, {""input"": ""0 0 *\n"", ""output"": ""0\n""}, {""input"": ""0 0 +\n"", ""output"": ""0\n""}, {""input"": ""1 0 *\n"", ""output"": ""0\n""}, {""input"": ""1 1 + 5 7 - *\n"", ""output"": ""-4\n""}, {""input"": ""2 0 *\n"", ""output"": ""0\n""}, {""input"": ""1 0 + 5 7 - *\n"", ""output"": ""-2\n""}, {""input"": ""1 2 + 3 4 - *\n"", ""output"": ""-3\n""}, {""input"": ""1 2 +\n"", ""output"": ""3\n""}, {""input"": ""1 2 +\n"", ""output"": ""3\n""}]","Given the following C code and assembly code, your task is to generate highly optimized x86-64 assembly code.
C Code:

```c
#include <stdio.h>
#include <stdlib.h>


int top, S[10000];

void push(int x){
  S[++top] = x;
}

int pop(){
  top--;
  return S[top+1];
}

int main(void)
{
  int a, b;
  top = 0;
  char s[100];
  
  while(scanf(""%s"", s) != EOF){
    if ( s[0] == '+' ){
      a = pop();
      b = pop();
      push(a+b);
    }
    else if (s[0] == '-'){
      b = pop();
      a = pop();
      push(a-b);
    }
    else if (s[0] == '*'){
      b = pop();
      a = pop();
      push(a*b);
    }
    else{
      push(atoi(s));
    }
  } 
  printf(""%d\n"", pop() );
  return (0);
}

```

Assembly Code:

```assembly
	.file	""temp.c""
	.text
	.p2align 4
	.globl	push
	.type	push, @function
push:
.LFB39:
	.cfi_startproc
	endbr64
	movl	top(%rip), %eax
	leaq	S(%rip), %rdx
	addl	$1, %eax
	movl	%eax, top(%rip)
	cltq
	movl	%edi, (%rdx,%rax,4)
	ret
	.cfi_endproc
.LFE39:
	.size	push, .-push
	.p2align 4
	.globl	pop
	.type	pop, @function
pop:
.LFB40:
	.cfi_startproc
	endbr64
	movslq	top(%rip), %rax
	leal	-1(%rax), %edx
	movl	%edx, top(%rip)
	leaq	S(%rip), %rdx
	movl	(%rdx,%rax,4), %eax
	ret
	.cfi_endproc
.LFE40:
	.size	pop, .-pop
	.section	.rodata.str1.1,""aMS"",@progbits,1
.LC0:
	.string	""%s""
.LC1:
	.string	""%d\n""
	.section	.text.startup,""ax"",@progbits
	.p2align 4
	.globl	main
	.type	main, @function
main:
.LFB41:
	.cfi_startproc
	endbr64
	pushq	%r12
	.cfi_def_cfa_offset 16
	.cfi_offset 12, -16
	leaq	.LC0(%rip), %r12
	pushq	%rbp
	.cfi_def_cfa_offset 24
	.cfi_offset 6, -24
	pushq	%rbx
	.cfi_def_cfa_offset 32
	.cfi_offset 3, -32
	leaq	S(%rip), %rbx
	subq	$112, %rsp
	.cfi_def_cfa_offset 144
	movq	%fs:40, %rax
	movq	%rax, 104(%rsp)
	xorl	%eax, %eax
	movq	%rsp, %rbp
	movl	$0, top(%rip)
	.p2align 4,,10
	.p2align 3
.L5:
	xorl	%eax, %eax
	movq	%rbp, %rsi
	movq	%r12, %rdi
	call	__isoc99_scanf@PLT
	cmpl	$-1, %eax
	je	.L13
	movzbl	(%rsp), %eax
	cmpb	$43, %al
	je	.L14
	cmpb	$45, %al
	je	.L15
	cmpb	$42, %al
	jne	.L9
	movslq	top(%rip), %rax
	leal	-1(%rax), %esi
	movslq	%esi, %rcx
	movl	%esi, top(%rip)
	movl	(%rbx,%rcx,4), %edx
	imull	(%rbx,%rax,4), %edx
	movl	%edx, (%rbx,%rcx,4)
	jmp	.L5
	.p2align 4,,10
	.p2align 3
.L14:
	movslq	top(%rip), %rax
	leal	-1(%rax), %ecx
	movl	(%rbx,%rax,4), %eax
	movslq	%ecx, %rdx
	movl	%ecx, top(%rip)
	addl	%eax, (%rbx,%rdx,4)
	jmp	.L5
	.p2align 4,,10
	.p2align 3
.L15:
	movslq	top(%rip), %rax
	leal	-1(%rax), %esi
	movslq	%esi, %rcx
	movl	%esi, top(%rip)
	movl	(%rbx,%rcx,4), %edx
	subl	(%rbx,%rax,4), %edx
	movl	%edx, (%rbx,%rcx,4)
	jmp	.L5
	.p2align 4,,10
	.p2align 3
.L9:
	movl	$10, %edx
	xorl	%esi, %esi
	movq	%rbp, %rdi
	call	strtol@PLT
	movq	%rax, %r8
	movl	top(%rip), %eax
	addl	$1, %eax
	movl	%eax, top(%rip)
	cltq
	movl	%r8d, (%rbx,%rax,4)
	jmp	.L5
	.p2align 4,,10
	.p2align 3
.L13:
	movslq	top(%rip), %rax
	leaq	.LC1(%rip), %rsi
	movl	$1, %edi
	leal	-1(%rax), %edx
	movl	%edx, top(%rip)
	movl	(%rbx,%rax,4), %edx
	xorl	%eax, %eax
	call	__printf_chk@PLT
	movq	104(%rsp), %rax
	subq	%fs:40, %rax
	jne	.L16
	addq	$112, %rsp
	.cfi_remember_state
	.cfi_def_cfa_offset 32
	xorl	%eax, %eax
	popq	%rbx
	.cfi_def_cfa_offset 24
	popq	%rbp
	.cfi_def_cfa_offset 16
	popq	%r12
	.cfi_def_cfa_offset 8
	ret
.L16:
	.cfi_restore_state
	call	__stack_chk_fail@PLT
	.cfi_endproc
.LFE41:
	.size	main, .-main
	.globl	S
	.bss
	.align 32
	.type	S, @object
	.size	S, 40000
S:
	.zero	40000
	.globl	top
	.align 4
	.type	top, @object
	.size	top, 4
top:
	.zero	4
	.ident	""GCC: (Ubuntu 11.4.0-1ubuntu1~22.04) 11.4.0""
	.section	.note.GNU-stack,"""",@progbits
	.section	.note.gnu.property,""a""
	.align 8
	.long	1f - 0f
	.long	4f - 1f
	.long	5
0:
	.string	""GNU""
1:
	.align 8
	.long	0xc0000002
	.long	3f - 2f
2:
	.long	0x3
3:
	.align 8
4:
```

Only output the optimized assembly code. Do not include any other text. Do not write any comments in the assembly code. Wrap the assembly code in ```assembly``` tags.
Optimized Assembly Code:
","Given the following C code, your task is to generate highly optimized x86-64 assembly code.
C Code:

```c
#include <stdio.h>
#include <stdlib.h>


int top, S[10000];

void push(int x){
  S[++top] = x;
}

int pop(){
  top--;
  return S[top+1];
}

int main(void)
{
  int a, b;
  top = 0;
  char s[100];
  
  while(scanf(""%s"", s) != EOF){
    if ( s[0] == '+' ){
      a = pop();
      b = pop();
      push(a+b);
    }
    else if (s[0] == '-'){
      b = pop();
      a = pop();
      push(a-b);
    }
    else if (s[0] == '*'){
      b = pop();
      a = pop();
      push(a*b);
    }
    else{
      push(atoi(s));
    }
  } 
  printf(""%d\n"", pop() );
  return (0);
}

```

Only output the optimized assembly code. Do not include any other text. Do not write any comments in the assembly code. Wrap the assembly code in ```assembly``` tags.
Optimized Assembly Code:
"
58,"```c
#include <stdio.h>
#include <stdlib.h>

int isodd(int x){
	if(x % 2 == 1){
		return 1;
	}
	return 0;
}

int main(){
	int x, p;
	scanf("" %d %d"", &x, &p);
	double y=0, d = (double)x;
	if(isodd(x)){
		d+= 1.0-0.02*p;
		y+=1.0;
	}
	y += d/(0.02*p);
	printf(""%lf"",y);
}
```","[{""input"": ""6\n36\n"", ""output"": ""8.333333""}, {""input"": ""101\n141\n"", ""output"": ""36.170213""}, {""input"": ""3\n101\n"", ""output"": ""1.980198""}, {""input"": ""6\n38\n"", ""output"": ""7.894737""}, {""input"": ""101\n233\n"", ""output"": ""21.888412""}, {""input"": ""3\n111\n"", ""output"": ""1.801802""}, {""input"": ""6\n59\n"", ""output"": ""5.084746""}, {""input"": ""101\n416\n"", ""output"": ""12.259615""}, {""input"": ""3\n001\n"", ""output"": ""200.000000""}, {""input"": ""6\n106\n"", ""output"": ""2.830189""}, {""input"": ""101\n221\n"", ""output"": ""23.076923""}, {""input"": ""3\n011\n"", ""output"": ""18.181818""}, {""input"": ""6\n174\n"", ""output"": ""1.724138""}, {""input"": ""101\n27\n"", ""output"": ""188.888889""}, {""input"": ""3\n010\n"", ""output"": ""20.000000""}, {""input"": ""6\n95\n"", ""output"": ""3.157895""}, {""input"": ""101\n37\n"", ""output"": ""137.837838""}, {""input"": ""3\n110\n"", ""output"": ""1.818182""}, {""input"": ""6\n180\n"", ""output"": ""1.666667""}, {""input"": ""101\n67\n"", ""output"": ""76.119403""}, {""input"": ""3\n000\n"", ""output"": ""inf""}, {""input"": ""6\n274\n"", ""output"": ""1.094891""}, {""input"": ""101\n133\n"", ""output"": ""38.345865""}, {""input"": ""6\n138\n"", ""output"": ""2.173913""}, {""input"": ""101\n122\n"", ""output"": ""41.803279""}, {""input"": ""6\n232\n"", ""output"": ""1.293103""}, {""input"": ""101\n25\n"", ""output"": ""204.000000""}, {""input"": ""6\n397\n"", ""output"": ""0.755668""}, {""input"": ""101\n36\n"", ""output"": ""141.666667""}, {""input"": ""6\n414\n"", ""output"": ""0.724638""}, {""input"": ""101\n65\n"", ""output"": ""78.461538""}, {""input"": ""6\n534\n"", ""output"": ""0.561798""}, {""input"": ""101\n102\n"", ""output"": ""50.000000""}, {""input"": ""6\n805\n"", ""output"": ""0.372671""}, {""input"": ""101\n56\n"", ""output"": ""91.071429""}, {""input"": ""6\n944\n"", ""output"": ""0.317797""}, {""input"": ""101\n4\n"", ""output"": ""1275.000000""}, {""input"": ""6\n857\n"", ""output"": ""0.350058""}, {""input"": ""101\n8\n"", ""output"": ""637.500000""}, {""input"": ""6\n813\n"", ""output"": ""0.369004""}, {""input"": ""6\n819\n"", ""output"": ""0.366300""}, {""input"": ""101\n-1\n"", ""output"": ""-5100.000000""}, {""input"": ""6\n1401\n"", ""output"": ""0.214133""}, {""input"": ""101\n1\n"", ""output"": ""5100.000000""}, {""input"": ""6\n1772\n"", ""output"": ""0.169300""}, {""input"": ""101\n2\n"", ""output"": ""2550.000000""}, {""input"": ""6\n1247\n"", ""output"": ""0.240577""}, {""input"": ""101\n-2\n"", ""output"": ""-2550.000000""}, {""input"": ""6\n160\n"", ""output"": ""1.875000""}, {""input"": ""101\n3\n"", ""output"": ""1700.000000""}, {""input"": ""6\n20\n"", ""output"": ""15.000000""}, {""input"": ""101\n6\n"", ""output"": ""850.000000""}, {""input"": ""6\n25\n"", ""output"": ""12.000000""}, {""input"": ""101\n13\n"", ""output"": ""392.307692""}, {""input"": ""6\n19\n"", ""output"": ""15.789474""}, {""input"": ""101\n24\n"", ""output"": ""212.500000""}, {""input"": ""6\n37\n"", ""output"": ""8.108108""}, {""input"": ""101\n11\n"", ""output"": ""463.636364""}, {""input"": ""6\n56\n"", ""output"": ""5.357143""}, {""input"": ""101\n9\n"", ""output"": ""566.666667""}, {""input"": ""6\n30\n"", ""output"": ""10.000000""}, {""input"": ""101\n5\n"", ""output"": ""1020.000000""}, {""input"": ""6\n35\n"", ""output"": ""8.571429""}, {""input"": ""101\n10\n"", ""output"": ""510.000000""}, {""input"": ""6\n61\n"", ""output"": ""4.918033""}, {""input"": ""101\n16\n"", ""output"": ""318.750000""}, {""input"": ""6\n85\n"", ""output"": ""3.529412""}, {""input"": ""101\n46\n"", ""output"": ""110.869565""}, {""input"": ""6\n121\n"", ""output"": ""2.479339""}, {""input"": ""101\n82\n"", ""output"": ""62.195122""}, {""input"": ""6\n169\n"", ""output"": ""1.775148""}, {""input"": ""101\n132\n"", ""output"": ""38.636364""}, {""input"": ""6\n254\n"", ""output"": ""1.181102""}, {""input"": ""101\n131\n"", ""output"": ""38.931298""}, {""input"": ""6\n463\n"", ""output"": ""0.647948""}, {""input"": ""101\n216\n"", ""output"": ""23.611111""}, {""input"": ""6\n370\n"", ""output"": ""0.810811""}, {""input"": ""101\n14\n"", ""output"": ""364.285714""}, {""input"": ""6\n473\n"", ""output"": ""0.634249""}, {""input"": ""101\n15\n"", ""output"": ""340.000000""}, {""input"": ""6\n603\n"", ""output"": ""0.497512""}, {""input"": ""101\n20\n"", ""output"": ""255.000000""}, {""input"": ""6\n472\n"", ""output"": ""0.635593""}, {""input"": ""101\n23\n"", ""output"": ""221.739130""}, {""input"": ""6\n866\n"", ""output"": ""0.346420""}, {""input"": ""101\n29\n"", ""output"": ""175.862069""}, {""input"": ""6\n1673\n"", ""output"": ""0.179319""}, {""input"": ""101\n47\n"", ""output"": ""108.510638""}, {""input"": ""6\n2959\n"", ""output"": ""0.101386""}, {""input"": ""101\n57\n"", ""output"": ""89.473684""}, {""input"": ""6\n2729\n"", ""output"": ""0.109930""}, {""input"": ""101\n83\n"", ""output"": ""61.445783""}, {""input"": ""6\n2101\n"", ""output"": ""0.142789""}, {""input"": ""101\n71\n"", ""output"": ""71.830986""}, {""input"": ""6\n3231\n"", ""output"": ""0.092851""}, {""input"": ""101\n105\n"", ""output"": ""48.571429""}, {""input"": ""6\n4715\n"", ""output"": ""0.063627""}, {""input"": ""101\n117\n"", ""output"": ""43.589744""}, {""input"": ""6\n1098\n"", ""output"": ""0.273224""}, {""input"": ""101\n197\n"", ""output"": ""25.888325""}, {""input"": ""6\n40\n"", ""output"": ""7.500000""}, {""input"": ""3\n100\n"", ""output"": ""2.000000""}, {""input"": ""3\n100\n"", ""output"": ""2.000000""}, {""input"": ""101\n80\n"", ""output"": ""63.750000""}]","Given the following C code and assembly code, your task is to generate highly optimized x86-64 assembly code.
C Code:

```c
#include <stdio.h>
#include <stdlib.h>

int isodd(int x){
	if(x % 2 == 1){
		return 1;
	}
	return 0;
}

int main(){
	int x, p;
	scanf("" %d %d"", &x, &p);
	double y=0, d = (double)x;
	if(isodd(x)){
		d+= 1.0-0.02*p;
		y+=1.0;
	}
	y += d/(0.02*p);
	printf(""%lf"",y);
}
```

Assembly Code:

```assembly
	.file	""temp.c""
	.text
	.p2align 4
	.globl	isodd
	.type	isodd, @function
isodd:
.LFB39:
	.cfi_startproc
	endbr64
	movl	%edi, %eax
	shrl	$31, %eax
	addl	%eax, %edi
	andl	$1, %edi
	subl	%eax, %edi
	xorl	%eax, %eax
	cmpl	$1, %edi
	sete	%al
	ret
	.cfi_endproc
.LFE39:
	.size	isodd, .-isodd
	.section	.rodata.str1.1,""aMS"",@progbits,1
.LC2:
	.string	"" %d %d""
.LC4:
	.string	""%lf""
	.section	.text.startup,""ax"",@progbits
	.p2align 4
	.globl	main
	.type	main, @function
main:
.LFB40:
	.cfi_startproc
	endbr64
	subq	$24, %rsp
	.cfi_def_cfa_offset 32
	leaq	.LC2(%rip), %rdi
	movq	%fs:40, %rax
	movq	%rax, 8(%rsp)
	xorl	%eax, %eax
	leaq	4(%rsp), %rdx
	movq	%rsp, %rsi
	call	__isoc99_scanf@PLT
	movl	(%rsp), %eax
	pxor	%xmm0, %xmm0
	movl	%eax, %edx
	cvtsi2sdl	%eax, %xmm0
	shrl	$31, %edx
	addl	%edx, %eax
	andl	$1, %eax
	subl	%edx, %eax
	cmpl	$1, %eax
	je	.L8
	pxor	%xmm1, %xmm1
	movsd	.LC3(%rip), %xmm3
	pxor	%xmm2, %xmm2
	cvtsi2sdl	4(%rsp), %xmm1
.L4:
	mulsd	%xmm3, %xmm1
	movl	$1, %edi
	movl	$1, %eax
	leaq	.LC4(%rip), %rsi
	divsd	%xmm1, %xmm0
	addsd	%xmm2, %xmm0
	call	__printf_chk@PLT
	movq	8(%rsp), %rax
	subq	%fs:40, %rax
	jne	.L9
	xorl	%eax, %eax
	addq	$24, %rsp
	.cfi_remember_state
	.cfi_def_cfa_offset 8
	ret
.L8:
	.cfi_restore_state
	pxor	%xmm1, %xmm1
	movsd	.LC3(%rip), %xmm3
	movsd	.LC1(%rip), %xmm2
	cvtsi2sdl	4(%rsp), %xmm1
	movapd	%xmm2, %xmm4
	movapd	%xmm1, %xmm5
	mulsd	%xmm3, %xmm5
	subsd	%xmm5, %xmm4
	addsd	%xmm4, %xmm0
	jmp	.L4
.L9:
	call	__stack_chk_fail@PLT
	.cfi_endproc
.LFE40:
	.size	main, .-main
	.section	.rodata.cst8,""aM"",@progbits,8
	.align 8
.LC1:
	.long	0
	.long	1072693248
	.align 8
.LC3:
	.long	1202590843
	.long	1066695393
	.ident	""GCC: (Ubuntu 11.4.0-1ubuntu1~22.04) 11.4.0""
	.section	.note.GNU-stack,"""",@progbits
	.section	.note.gnu.property,""a""
	.align 8
	.long	1f - 0f
	.long	4f - 1f
	.long	5
0:
	.string	""GNU""
1:
	.align 8
	.long	0xc0000002
	.long	3f - 2f
2:
	.long	0x3
3:
	.align 8
4:
```

Only output the optimized assembly code. Do not include any other text. Do not write any comments in the assembly code. Wrap the assembly code in ```assembly``` tags.
Optimized Assembly Code:
","Given the following C code, your task is to generate highly optimized x86-64 assembly code.
C Code:

```c
#include <stdio.h>
#include <stdlib.h>

int isodd(int x){
	if(x % 2 == 1){
		return 1;
	}
	return 0;
}

int main(){
	int x, p;
	scanf("" %d %d"", &x, &p);
	double y=0, d = (double)x;
	if(isodd(x)){
		d+= 1.0-0.02*p;
		y+=1.0;
	}
	y += d/(0.02*p);
	printf(""%lf"",y);
}
```

Only output the optimized assembly code. Do not include any other text. Do not write any comments in the assembly code. Wrap the assembly code in ```assembly``` tags.
Optimized Assembly Code:
"
59,"```c
#include<stdio.h>
int main(){
int n,m,i;
scanf(""%d %d"",&n,&m);
for(i=0;i<n;i++)scanf(""%*d"");
printf(""%d\n"",(n-2)/(m-1)+1);
return 0;
}```","[{""input"": ""4 3\n2 3 1 4\n"", ""output"": ""2\n""}]","Given the following C code and assembly code, your task is to generate highly optimized x86-64 assembly code.
C Code:

```c
#include<stdio.h>
int main(){
int n,m,i;
scanf(""%d %d"",&n,&m);
for(i=0;i<n;i++)scanf(""%*d"");
printf(""%d\n"",(n-2)/(m-1)+1);
return 0;
}```

Assembly Code:

```assembly
	.file	""temp.c""
	.text
	.section	.rodata.str1.1,""aMS"",@progbits,1
.LC0:
	.string	""%d %d""
.LC1:
	.string	""%*d""
.LC2:
	.string	""%d\n""
	.section	.text.startup,""ax"",@progbits
	.p2align 4
	.globl	main
	.type	main, @function
main:
.LFB23:
	.cfi_startproc
	endbr64
	pushq	%rbp
	.cfi_def_cfa_offset 16
	.cfi_offset 6, -16
	leaq	.LC0(%rip), %rdi
	pushq	%rbx
	.cfi_def_cfa_offset 24
	.cfi_offset 3, -24
	subq	$24, %rsp
	.cfi_def_cfa_offset 48
	movq	%fs:40, %rax
	movq	%rax, 8(%rsp)
	xorl	%eax, %eax
	leaq	4(%rsp), %rdx
	movq	%rsp, %rsi
	call	__isoc99_scanf@PLT
	movl	(%rsp), %eax
	testl	%eax, %eax
	jle	.L2
	xorl	%ebx, %ebx
	leaq	.LC1(%rip), %rbp
	.p2align 4,,10
	.p2align 3
.L3:
	movq	%rbp, %rdi
	xorl	%eax, %eax
	addl	$1, %ebx
	call	__isoc99_scanf@PLT
	movl	(%rsp), %eax
	cmpl	%ebx, %eax
	jg	.L3
.L2:
	movl	4(%rsp), %ecx
	subl	$2, %eax
	movl	$1, %edi
	leaq	.LC2(%rip), %rsi
	cltd
	subl	$1, %ecx
	idivl	%ecx
	leal	1(%rax), %edx
	xorl	%eax, %eax
	call	__printf_chk@PLT
	movq	8(%rsp), %rax
	subq	%fs:40, %rax
	jne	.L8
	addq	$24, %rsp
	.cfi_remember_state
	.cfi_def_cfa_offset 24
	xorl	%eax, %eax
	popq	%rbx
	.cfi_def_cfa_offset 16
	popq	%rbp
	.cfi_def_cfa_offset 8
	ret
.L8:
	.cfi_restore_state
	call	__stack_chk_fail@PLT
	.cfi_endproc
.LFE23:
	.size	main, .-main
	.ident	""GCC: (Ubuntu 11.4.0-1ubuntu1~22.04) 11.4.0""
	.section	.note.GNU-stack,"""",@progbits
	.section	.note.gnu.property,""a""
	.align 8
	.long	1f - 0f
	.long	4f - 1f
	.long	5
0:
	.string	""GNU""
1:
	.align 8
	.long	0xc0000002
	.long	3f - 2f
2:
	.long	0x3
3:
	.align 8
4:
```

Only output the optimized assembly code. Do not include any other text. Do not write any comments in the assembly code. Wrap the assembly code in ```assembly``` tags.
Optimized Assembly Code:
","Given the following C code, your task is to generate highly optimized x86-64 assembly code.
C Code:

```c
#include<stdio.h>
int main(){
int n,m,i;
scanf(""%d %d"",&n,&m);
for(i=0;i<n;i++)scanf(""%*d"");
printf(""%d\n"",(n-2)/(m-1)+1);
return 0;
}```

Only output the optimized assembly code. Do not include any other text. Do not write any comments in the assembly code. Wrap the assembly code in ```assembly``` tags.
Optimized Assembly Code:
"
60,"```c
#include <stdio.h>
int main(void) {
    int num,que,i,year[51];
    char name[51][31];
    scanf(""%d %d"",&num,&que);
    for (i=0; i<num; i++) {
        scanf(""%d %s"",&year[i],name[i]);
    }
    i=0;
    while (year[i]<=que&&i<num) {
        i++;
    }
    if (i==0) {
        printf(""kogakubu10gokan\n"");
    } else {
        printf(""%s\n"",name[i-1]);
    }
    return 0;
}```","[{""input"": ""3 12\n5 sogo5gokan\n10 sogo10gokan\n15 sogo15gokan\n"", ""output"": ""sogo10gokan\n""}]","Given the following C code and assembly code, your task is to generate highly optimized x86-64 assembly code.
C Code:

```c
#include <stdio.h>
int main(void) {
    int num,que,i,year[51];
    char name[51][31];
    scanf(""%d %d"",&num,&que);
    for (i=0; i<num; i++) {
        scanf(""%d %s"",&year[i],name[i]);
    }
    i=0;
    while (year[i]<=que&&i<num) {
        i++;
    }
    if (i==0) {
        printf(""kogakubu10gokan\n"");
    } else {
        printf(""%s\n"",name[i-1]);
    }
    return 0;
}```

Assembly Code:

```assembly
	.file	""temp.c""
	.text
	.section	.rodata.str1.1,""aMS"",@progbits,1
.LC0:
	.string	""%d %d""
.LC1:
	.string	""%d %s""
.LC2:
	.string	""kogakubu10gokan""
	.section	.text.startup,""ax"",@progbits
	.p2align 4
	.globl	main
	.type	main, @function
main:
.LFB23:
	.cfi_startproc
	endbr64
	pushq	%r14
	.cfi_def_cfa_offset 16
	.cfi_offset 14, -16
	leaq	.LC0(%rip), %rdi
	pushq	%r13
	.cfi_def_cfa_offset 24
	.cfi_offset 13, -24
	pushq	%r12
	.cfi_def_cfa_offset 32
	.cfi_offset 12, -32
	pushq	%rbp
	.cfi_def_cfa_offset 40
	.cfi_offset 6, -40
	pushq	%rbx
	.cfi_def_cfa_offset 48
	.cfi_offset 3, -48
	subq	$1824, %rsp
	.cfi_def_cfa_offset 1872
	movq	%fs:40, %rax
	movq	%rax, 1816(%rsp)
	xorl	%eax, %eax
	leaq	12(%rsp), %rdx
	leaq	8(%rsp), %rsi
	call	__isoc99_scanf@PLT
	movl	8(%rsp), %eax
	testl	%eax, %eax
	jle	.L2
	leaq	224(%rsp), %r12
	xorl	%ebx, %ebx
	leaq	16(%rsp), %r14
	movq	%r12, %rbp
	leaq	.LC1(%rip), %r13
	.p2align 4,,10
	.p2align 3
.L3:
	leaq	(%r14,%rbx,4), %rsi
	movq	%rbp, %rdx
	movq	%r13, %rdi
	xorl	%eax, %eax
	call	__isoc99_scanf@PLT
	movl	8(%rsp), %ecx
	addq	$1, %rbx
	addq	$31, %rbp
	cmpl	%ebx, %ecx
	jg	.L3
	movl	12(%rsp), %r9d
	cmpl	16(%rsp), %r9d
	jl	.L2
	testl	%ecx, %ecx
	jle	.L2
	leaq	20(%rsp), %rdx
	xorl	%eax, %eax
	.p2align 4,,10
	.p2align 3
.L4:
	movslq	%eax, %r8
	addl	$1, %eax
	cmpl	%r9d, (%rdx)
	setle	%dil
	cmpl	%eax, %ecx
	setg	%sil
	addq	$4, %rdx
	testb	%sil, %dil
	jne	.L4
	movq	%r8, %rax
	salq	$5, %rax
	subq	%r8, %rax
	leaq	(%r12,%rax), %rdi
	call	puts@PLT
.L6:
	movq	1816(%rsp), %rax
	subq	%fs:40, %rax
	jne	.L19
	addq	$1824, %rsp
	.cfi_remember_state
	.cfi_def_cfa_offset 48
	xorl	%eax, %eax
	popq	%rbx
	.cfi_def_cfa_offset 40
	popq	%rbp
	.cfi_def_cfa_offset 32
	popq	%r12
	.cfi_def_cfa_offset 24
	popq	%r13
	.cfi_def_cfa_offset 16
	popq	%r14
	.cfi_def_cfa_offset 8
	ret
.L2:
	.cfi_restore_state
	leaq	.LC2(%rip), %rdi
	call	puts@PLT
	jmp	.L6
.L19:
	call	__stack_chk_fail@PLT
	.cfi_endproc
.LFE23:
	.size	main, .-main
	.ident	""GCC: (Ubuntu 11.4.0-1ubuntu1~22.04) 11.4.0""
	.section	.note.GNU-stack,"""",@progbits
	.section	.note.gnu.property,""a""
	.align 8
	.long	1f - 0f
	.long	4f - 1f
	.long	5
0:
	.string	""GNU""
1:
	.align 8
	.long	0xc0000002
	.long	3f - 2f
2:
	.long	0x3
3:
	.align 8
4:
```

Only output the optimized assembly code. Do not include any other text. Do not write any comments in the assembly code. Wrap the assembly code in ```assembly``` tags.
Optimized Assembly Code:
","Given the following C code, your task is to generate highly optimized x86-64 assembly code.
C Code:

```c
#include <stdio.h>
int main(void) {
    int num,que,i,year[51];
    char name[51][31];
    scanf(""%d %d"",&num,&que);
    for (i=0; i<num; i++) {
        scanf(""%d %s"",&year[i],name[i]);
    }
    i=0;
    while (year[i]<=que&&i<num) {
        i++;
    }
    if (i==0) {
        printf(""kogakubu10gokan\n"");
    } else {
        printf(""%s\n"",name[i-1]);
    }
    return 0;
}```

Only output the optimized assembly code. Do not include any other text. Do not write any comments in the assembly code. Wrap the assembly code in ```assembly``` tags.
Optimized Assembly Code:
"
61,"```c
#include<stdio.h>

int main(){
    int k,s;
    scanf(""%d%d"",&k,&s);

    int count=0;
    int x,y;
    for(x=0;x<=k;x++){
        for(y=0;y<=k;y++){
            if(0<=(s-x-y)&&(s-x-y)<=k){
                count++;
            }
        }
    }
    printf(""%d\n"",count);
    return 0;
}```","[{""input"": ""3 2\n"", ""output"": ""6\n""}, {""input"": ""5 7\n"", ""output"": ""27\n""}, {""input"": ""3 3\n"", ""output"": ""10\n""}, {""input"": ""4 7\n"", ""output"": ""18\n""}, {""input"": ""3 4\n"", ""output"": ""12\n""}, {""input"": ""1 7\n"", ""output"": ""0\n""}, {""input"": ""2 5\n"", ""output"": ""3\n""}, {""input"": ""4 0\n"", ""output"": ""1\n""}, {""input"": ""6 7\n"", ""output"": ""33\n""}, {""input"": ""17 4\n"", ""output"": ""15\n""}, {""input"": ""5 5\n"", ""output"": ""21\n""}, {""input"": ""5 9\n"", ""output"": ""25\n""}, {""input"": ""2 3\n"", ""output"": ""7\n""}, {""input"": ""6 9\n"", ""output"": ""37\n""}, {""input"": ""12 9\n"", ""output"": ""55\n""}, {""input"": ""7 9\n"", ""output"": ""46\n""}, {""input"": ""11 12\n"", ""output"": ""88\n""}, {""input"": ""82 7\n"", ""output"": ""36\n""}, {""input"": ""10 6\n"", ""output"": ""28\n""}, {""input"": ""21 10\n"", ""output"": ""66\n""}, {""input"": ""24 13\n"", ""output"": ""105\n""}, {""input"": ""12 8\n"", ""output"": ""45\n""}, {""input"": ""12 13\n"", ""output"": ""102\n""}, {""input"": ""7 13\n"", ""output"": ""42\n""}, {""input"": ""13 12\n"", ""output"": ""91\n""}, {""input"": ""4 6\n"", ""output"": ""19\n""}, {""input"": ""8 10\n"", ""output"": ""57\n""}, {""input"": ""278 24\n"", ""output"": ""325\n""}, {""input"": ""278 20\n"", ""output"": ""231\n""}, {""input"": ""011 11\n"", ""output"": ""78\n""}, {""input"": ""100 22\n"", ""output"": ""276\n""}, {""input"": ""100 27\n"", ""output"": ""406\n""}, {""input"": ""110 28\n"", ""output"": ""435\n""}, {""input"": ""110 36\n"", ""output"": ""703\n""}, {""input"": ""100 58\n"", ""output"": ""1770\n""}, {""input"": ""100 50\n"", ""output"": ""1326\n""}, {""input"": ""101 60\n"", ""output"": ""1891\n""}, {""input"": ""111 72\n"", ""output"": ""2701\n""}, {""input"": ""111 79\n"", ""output"": ""3240\n""}, {""input"": ""3 5\n"", ""output"": ""12\n""}, {""input"": ""0 7\n"", ""output"": ""0\n""}, {""input"": ""0 4\n"", ""output"": ""0\n""}, {""input"": ""4 5\n"", ""output"": ""18\n""}, {""input"": ""-1 4\n"", ""output"": ""0\n""}, {""input"": ""-2 4\n"", ""output"": ""0\n""}, {""input"": ""6 0\n"", ""output"": ""1\n""}, {""input"": ""-2 7\n"", ""output"": ""0\n""}, {""input"": ""1 0\n"", ""output"": ""1\n""}, {""input"": ""0 6\n"", ""output"": ""0\n""}, {""input"": ""0 0\n"", ""output"": ""1\n""}, {""input"": ""0 11\n"", ""output"": ""0\n""}, {""input"": ""-1 0\n"", ""output"": ""0\n""}, {""input"": ""1 11\n"", ""output"": ""0\n""}, {""input"": ""-1 1\n"", ""output"": ""0\n""}, {""input"": ""1 2\n"", ""output"": ""3\n""}, {""input"": ""-2 1\n"", ""output"": ""0\n""}, {""input"": ""1 3\n"", ""output"": ""1\n""}, {""input"": ""-2 2\n"", ""output"": ""0\n""}, {""input"": ""1 5\n"", ""output"": ""0\n""}, {""input"": ""-2 0\n"", ""output"": ""0\n""}, {""input"": ""2 7\n"", ""output"": ""0\n""}, {""input"": ""0 1\n"", ""output"": ""0\n""}, {""input"": ""3 7\n"", ""output"": ""6\n""}, {""input"": ""1 1\n"", ""output"": ""3\n""}, {""input"": ""-1 -1\n"", ""output"": ""0\n""}, {""input"": ""6 1\n"", ""output"": ""3\n""}, {""input"": ""-2 -1\n"", ""output"": ""0\n""}, {""input"": ""-3 1\n"", ""output"": ""0\n""}, {""input"": ""-2 -2\n"", ""output"": ""0\n""}, {""input"": ""-4 1\n"", ""output"": ""0\n""}, {""input"": ""-4 -2\n"", ""output"": ""0\n""}, {""input"": ""-5 1\n"", ""output"": ""0\n""}, {""input"": ""-4 -1\n"", ""output"": ""0\n""}, {""input"": ""-6 1\n"", ""output"": ""0\n""}, {""input"": ""0 -2\n"", ""output"": ""0\n""}, {""input"": ""-5 0\n"", ""output"": ""0\n""}, {""input"": ""1 -2\n"", ""output"": ""0\n""}, {""input"": ""-8 0\n"", ""output"": ""0\n""}, {""input"": ""1 -1\n"", ""output"": ""0\n""}, {""input"": ""-10 0\n"", ""output"": ""0\n""}, {""input"": ""2 -2\n"", ""output"": ""0\n""}, {""input"": ""-10 1\n"", ""output"": ""0\n""}, {""input"": ""2 0\n"", ""output"": ""1\n""}, {""input"": ""-16 1\n"", ""output"": ""0\n""}, {""input"": ""2 1\n"", ""output"": ""3\n""}, {""input"": ""-12 1\n"", ""output"": ""0\n""}, {""input"": ""-1 -2\n"", ""output"": ""0\n""}, {""input"": ""-22 1\n"", ""output"": ""0\n""}, {""input"": ""0 -1\n"", ""output"": ""0\n""}, {""input"": ""-34 1\n"", ""output"": ""0\n""}, {""input"": ""2 -1\n"", ""output"": ""0\n""}, {""input"": ""0 2\n"", ""output"": ""0\n""}, {""input"": ""3 0\n"", ""output"": ""1\n""}, {""input"": ""0 8\n"", ""output"": ""0\n""}, {""input"": ""5 0\n"", ""output"": ""1\n""}, {""input"": ""-1 8\n"", ""output"": ""0\n""}, {""input"": ""-3 -2\n"", ""output"": ""0\n""}, {""input"": ""-2 8\n"", ""output"": ""0\n""}, {""input"": ""-5 -2\n"", ""output"": ""0\n""}, {""input"": ""-1 -4\n"", ""output"": ""0\n""}, {""input"": ""2 2\n"", ""output"": ""6\n""}, {""input"": ""2 2\n"", ""output"": ""6\n""}, {""input"": ""5 15\n"", ""output"": ""1\n""}]","Given the following C code and assembly code, your task is to generate highly optimized x86-64 assembly code.
C Code:

```c
#include<stdio.h>

int main(){
    int k,s;
    scanf(""%d%d"",&k,&s);

    int count=0;
    int x,y;
    for(x=0;x<=k;x++){
        for(y=0;y<=k;y++){
            if(0<=(s-x-y)&&(s-x-y)<=k){
                count++;
            }
        }
    }
    printf(""%d\n"",count);
    return 0;
}```

Assembly Code:

```assembly
	.file	""temp.c""
	.text
	.section	.rodata.str1.1,""aMS"",@progbits,1
.LC1:
	.string	""%d%d""
.LC4:
	.string	""%d\n""
	.section	.text.startup,""ax"",@progbits
	.p2align 4
	.globl	main
	.type	main, @function
main:
.LFB23:
	.cfi_startproc
	endbr64
	subq	$24, %rsp
	.cfi_def_cfa_offset 32
	leaq	.LC1(%rip), %rdi
	movq	%fs:40, %rax
	movq	%rax, 8(%rsp)
	xorl	%eax, %eax
	leaq	4(%rsp), %rdx
	movq	%rsp, %rsi
	call	__isoc99_scanf@PLT
	movl	(%rsp), %edi
	testl	%edi, %edi
	js	.L15
	movl	4(%rsp), %r9d
	leal	1(%rdi), %edx
	cmpl	$2, %edi
	jle	.L16
	movd	%r9d, %xmm7
	movl	%edx, %esi
	pxor	%xmm1, %xmm1
	xorl	%ecx, %ecx
	pshufd	$0, %xmm7, %xmm11
	movd	%edi, %xmm7
	shrl	$2, %esi
	movdqa	%xmm1, %xmm4
	movdqa	.LC0(%rip), %xmm9
	pshufd	$0, %xmm7, %xmm8
	movdqa	.LC2(%rip), %xmm10
	movdqa	.LC3(%rip), %xmm7
	.p2align 4,,10
	.p2align 3
.L5:
	movdqa	%xmm9, %xmm0
	movdqa	%xmm11, %xmm6
	pxor	%xmm3, %xmm3
	xorl	%eax, %eax
	paddd	%xmm10, %xmm9
	psubd	%xmm0, %xmm6
	.p2align 4,,10
	.p2align 3
.L4:
	movdqa	%xmm3, %xmm0
	movdqa	%xmm6, %xmm5
	movdqa	%xmm4, %xmm2
	addl	$1, %eax
	psubd	%xmm0, %xmm5
	paddd	%xmm7, %xmm3
	movdqa	%xmm5, %xmm0
	pcmpgtd	%xmm5, %xmm2
	pcmpgtd	%xmm8, %xmm0
	pcmpeqd	%xmm4, %xmm2
	pcmpeqd	%xmm4, %xmm0
	pand	%xmm2, %xmm0
	psubd	%xmm0, %xmm1
	cmpl	%edx, %eax
	jne	.L4
	addl	$1, %ecx
	cmpl	%esi, %ecx
	jne	.L5
	movdqa	%xmm1, %xmm0
	movl	%eax, %ecx
	psrldq	$8, %xmm0
	andl	$-4, %ecx
	paddd	%xmm0, %xmm1
	movdqa	%xmm1, %xmm0
	psrldq	$4, %xmm0
	paddd	%xmm0, %xmm1
	movd	%xmm1, %edx
	testb	$3, %al
	je	.L2
.L3:
	movl	%r9d, %r8d
	subl	%ecx, %r8d
	movl	%r8d, %esi
	subl	%edi, %esi
	subl	$1, %esi
	.p2align 4,,10
	.p2align 3
.L9:
	movl	%r8d, %eax
	.p2align 4,,10
	.p2align 3
.L8:
	cmpl	%edi, %eax
	jg	.L11
	movl	%eax, %ecx
	notl	%ecx
	shrl	$31, %ecx
	cmpb	$1, %cl
	sbbl	$-1, %edx
.L11:
	subl	$1, %eax
	cmpl	%esi, %eax
	jne	.L8
	subl	$1, %r8d
	movl	%r9d, %eax
	subl	$1, %esi
	subl	%r8d, %eax
	cmpl	%eax, %edi
	jge	.L9
.L2:
	xorl	%eax, %eax
	leaq	.LC4(%rip), %rsi
	movl	$1, %edi
	call	__printf_chk@PLT
	movq	8(%rsp), %rax
	subq	%fs:40, %rax
	jne	.L27
	xorl	%eax, %eax
	addq	$24, %rsp
	.cfi_remember_state
	.cfi_def_cfa_offset 8
	ret
.L15:
	.cfi_restore_state
	xorl	%edx, %edx
	jmp	.L2
.L16:
	xorl	%ecx, %ecx
	xorl	%edx, %edx
	jmp	.L3
.L27:
	call	__stack_chk_fail@PLT
	.cfi_endproc
.LFE23:
	.size	main, .-main
	.section	.rodata.cst16,""aM"",@progbits,16
	.align 16
.LC0:
	.long	0
	.long	1
	.long	2
	.long	3
	.align 16
.LC2:
	.long	4
	.long	4
	.long	4
	.long	4
	.align 16
.LC3:
	.long	1
	.long	1
	.long	1
	.long	1
	.ident	""GCC: (Ubuntu 11.4.0-1ubuntu1~22.04) 11.4.0""
	.section	.note.GNU-stack,"""",@progbits
	.section	.note.gnu.property,""a""
	.align 8
	.long	1f - 0f
	.long	4f - 1f
	.long	5
0:
	.string	""GNU""
1:
	.align 8
	.long	0xc0000002
	.long	3f - 2f
2:
	.long	0x3
3:
	.align 8
4:
```

Only output the optimized assembly code. Do not include any other text. Do not write any comments in the assembly code. Wrap the assembly code in ```assembly``` tags.
Optimized Assembly Code:
","Given the following C code, your task is to generate highly optimized x86-64 assembly code.
C Code:

```c
#include<stdio.h>

int main(){
    int k,s;
    scanf(""%d%d"",&k,&s);

    int count=0;
    int x,y;
    for(x=0;x<=k;x++){
        for(y=0;y<=k;y++){
            if(0<=(s-x-y)&&(s-x-y)<=k){
                count++;
            }
        }
    }
    printf(""%d\n"",count);
    return 0;
}```

Only output the optimized assembly code. Do not include any other text. Do not write any comments in the assembly code. Wrap the assembly code in ```assembly``` tags.
Optimized Assembly Code:
"
62,"```c
#include<stdio.h>

void run(void){
  int x,p;
  scanf(""%d%d"",&x,&p);
  double q=(double)p/100;
  if(x%2==0){
    x/=2;
    printf(""%.7f\n"",x/q);
  } else {
    double ans=1+q*((x-1)/2/q)+(1-q)*((x+1)/2/q);
    printf(""%.7f\n"",ans);
  }
}

int main(void){
  run();
  return 0;
}```","[{""input"": ""6\n36\n"", ""output"": ""8.3333333\n""}, {""input"": ""101\n141\n"", ""output"": ""36.1702128\n""}, {""input"": ""3\n101\n"", ""output"": ""1.9801980\n""}, {""input"": ""6\n38\n"", ""output"": ""7.8947368\n""}, {""input"": ""101\n233\n"", ""output"": ""21.8884120\n""}, {""input"": ""3\n111\n"", ""output"": ""1.8018018\n""}, {""input"": ""6\n59\n"", ""output"": ""5.0847458\n""}, {""input"": ""101\n416\n"", ""output"": ""12.2596154\n""}, {""input"": ""3\n001\n"", ""output"": ""200.0000000\n""}, {""input"": ""6\n106\n"", ""output"": ""2.8301887\n""}, {""input"": ""101\n221\n"", ""output"": ""23.0769231\n""}, {""input"": ""3\n011\n"", ""output"": ""18.1818182\n""}, {""input"": ""6\n174\n"", ""output"": ""1.7241379\n""}, {""input"": ""101\n27\n"", ""output"": ""188.8888889\n""}, {""input"": ""3\n010\n"", ""output"": ""20.0000000\n""}, {""input"": ""6\n95\n"", ""output"": ""3.1578947\n""}, {""input"": ""101\n37\n"", ""output"": ""137.8378378\n""}, {""input"": ""3\n110\n"", ""output"": ""1.8181818\n""}, {""input"": ""6\n180\n"", ""output"": ""1.6666667\n""}, {""input"": ""101\n67\n"", ""output"": ""76.1194030\n""}, {""input"": ""3\n000\n"", ""output"": ""-nan\n""}, {""input"": ""6\n274\n"", ""output"": ""1.0948905\n""}, {""input"": ""101\n133\n"", ""output"": ""38.3458647\n""}, {""input"": ""6\n138\n"", ""output"": ""2.1739130\n""}, {""input"": ""101\n122\n"", ""output"": ""41.8032787\n""}, {""input"": ""6\n232\n"", ""output"": ""1.2931034\n""}, {""input"": ""101\n25\n"", ""output"": ""204.0000000\n""}, {""input"": ""6\n397\n"", ""output"": ""0.7556675\n""}, {""input"": ""101\n36\n"", ""output"": ""141.6666667\n""}, {""input"": ""6\n414\n"", ""output"": ""0.7246377\n""}, {""input"": ""101\n65\n"", ""output"": ""78.4615385\n""}, {""input"": ""6\n534\n"", ""output"": ""0.5617978\n""}, {""input"": ""101\n102\n"", ""output"": ""50.0000000\n""}, {""input"": ""6\n805\n"", ""output"": ""0.3726708\n""}, {""input"": ""101\n56\n"", ""output"": ""91.0714286\n""}, {""input"": ""6\n944\n"", ""output"": ""0.3177966\n""}, {""input"": ""101\n4\n"", ""output"": ""1275.0000000\n""}, {""input"": ""6\n857\n"", ""output"": ""0.3500583\n""}, {""input"": ""101\n8\n"", ""output"": ""637.5000000\n""}, {""input"": ""6\n813\n"", ""output"": ""0.3690037\n""}, {""input"": ""6\n819\n"", ""output"": ""0.3663004\n""}, {""input"": ""101\n-1\n"", ""output"": ""-5100.0000000\n""}, {""input"": ""6\n1401\n"", ""output"": ""0.2141328\n""}, {""input"": ""101\n1\n"", ""output"": ""5100.0000000\n""}, {""input"": ""6\n1772\n"", ""output"": ""0.1693002\n""}, {""input"": ""101\n2\n"", ""output"": ""2550.0000000\n""}, {""input"": ""6\n1247\n"", ""output"": ""0.2405774\n""}, {""input"": ""101\n-2\n"", ""output"": ""-2550.0000000\n""}, {""input"": ""6\n160\n"", ""output"": ""1.8750000\n""}, {""input"": ""101\n3\n"", ""output"": ""1700.0000000\n""}, {""input"": ""6\n20\n"", ""output"": ""15.0000000\n""}, {""input"": ""101\n6\n"", ""output"": ""850.0000000\n""}, {""input"": ""6\n25\n"", ""output"": ""12.0000000\n""}, {""input"": ""101\n13\n"", ""output"": ""392.3076923\n""}, {""input"": ""6\n19\n"", ""output"": ""15.7894737\n""}, {""input"": ""101\n24\n"", ""output"": ""212.5000000\n""}, {""input"": ""6\n37\n"", ""output"": ""8.1081081\n""}, {""input"": ""101\n11\n"", ""output"": ""463.6363636\n""}, {""input"": ""6\n56\n"", ""output"": ""5.3571429\n""}, {""input"": ""101\n9\n"", ""output"": ""566.6666667\n""}, {""input"": ""6\n30\n"", ""output"": ""10.0000000\n""}, {""input"": ""101\n5\n"", ""output"": ""1020.0000000\n""}, {""input"": ""6\n35\n"", ""output"": ""8.5714286\n""}, {""input"": ""101\n10\n"", ""output"": ""510.0000000\n""}, {""input"": ""6\n61\n"", ""output"": ""4.9180328\n""}, {""input"": ""101\n16\n"", ""output"": ""318.7500000\n""}, {""input"": ""6\n85\n"", ""output"": ""3.5294118\n""}, {""input"": ""101\n46\n"", ""output"": ""110.8695652\n""}, {""input"": ""6\n121\n"", ""output"": ""2.4793388\n""}, {""input"": ""101\n82\n"", ""output"": ""62.1951220\n""}, {""input"": ""6\n169\n"", ""output"": ""1.7751479\n""}, {""input"": ""101\n132\n"", ""output"": ""38.6363636\n""}, {""input"": ""6\n254\n"", ""output"": ""1.1811024\n""}, {""input"": ""101\n131\n"", ""output"": ""38.9312977\n""}, {""input"": ""6\n463\n"", ""output"": ""0.6479482\n""}, {""input"": ""101\n216\n"", ""output"": ""23.6111111\n""}, {""input"": ""6\n370\n"", ""output"": ""0.8108108\n""}, {""input"": ""101\n14\n"", ""output"": ""364.2857143\n""}, {""input"": ""6\n473\n"", ""output"": ""0.6342495\n""}, {""input"": ""101\n15\n"", ""output"": ""340.0000000\n""}, {""input"": ""6\n603\n"", ""output"": ""0.4975124\n""}, {""input"": ""101\n20\n"", ""output"": ""255.0000000\n""}, {""input"": ""6\n472\n"", ""output"": ""0.6355932\n""}, {""input"": ""101\n23\n"", ""output"": ""221.7391304\n""}, {""input"": ""6\n866\n"", ""output"": ""0.3464203\n""}, {""input"": ""101\n29\n"", ""output"": ""175.8620690\n""}, {""input"": ""6\n1673\n"", ""output"": ""0.1793186\n""}, {""input"": ""101\n47\n"", ""output"": ""108.5106383\n""}, {""input"": ""6\n2959\n"", ""output"": ""0.1013856\n""}, {""input"": ""101\n57\n"", ""output"": ""89.4736842\n""}, {""input"": ""6\n2729\n"", ""output"": ""0.1099304\n""}, {""input"": ""101\n83\n"", ""output"": ""61.4457831\n""}, {""input"": ""6\n2101\n"", ""output"": ""0.1427891\n""}, {""input"": ""101\n71\n"", ""output"": ""71.8309859\n""}, {""input"": ""6\n3231\n"", ""output"": ""0.0928505\n""}, {""input"": ""101\n105\n"", ""output"": ""48.5714286\n""}, {""input"": ""6\n4715\n"", ""output"": ""0.0636267\n""}, {""input"": ""101\n117\n"", ""output"": ""43.5897436\n""}, {""input"": ""6\n1098\n"", ""output"": ""0.2732240\n""}, {""input"": ""101\n197\n"", ""output"": ""25.8883249\n""}, {""input"": ""6\n40\n"", ""output"": ""7.5000000\n""}, {""input"": ""3\n100\n"", ""output"": ""2.0000000\n""}, {""input"": ""3\n100\n"", ""output"": ""2.0000000\n""}, {""input"": ""101\n80\n"", ""output"": ""63.7500000\n""}]","Given the following C code and assembly code, your task is to generate highly optimized x86-64 assembly code.
C Code:

```c
#include<stdio.h>

void run(void){
  int x,p;
  scanf(""%d%d"",&x,&p);
  double q=(double)p/100;
  if(x%2==0){
    x/=2;
    printf(""%.7f\n"",x/q);
  } else {
    double ans=1+q*((x-1)/2/q)+(1-q)*((x+1)/2/q);
    printf(""%.7f\n"",ans);
  }
}

int main(void){
  run();
  return 0;
}```

Assembly Code:

```assembly
	.file	""temp.c""
	.text
	.section	.rodata.str1.1,""aMS"",@progbits,1
.LC0:
	.string	""%d%d""
.LC2:
	.string	""%.7f\n""
	.text
	.p2align 4
	.globl	run
	.type	run, @function
run:
.LFB23:
	.cfi_startproc
	endbr64
	subq	$24, %rsp
	.cfi_def_cfa_offset 32
	leaq	.LC0(%rip), %rdi
	movq	%fs:40, %rax
	movq	%rax, 8(%rsp)
	xorl	%eax, %eax
	leaq	4(%rsp), %rdx
	movq	%rsp, %rsi
	call	__isoc99_scanf@PLT
	movl	(%rsp), %eax
	pxor	%xmm1, %xmm1
	cvtsi2sdl	4(%rsp), %xmm1
	divsd	.LC1(%rip), %xmm1
	testb	$1, %al
	jne	.L2
	movl	%eax, %edx
	pxor	%xmm0, %xmm0
	movl	$1, %edi
	shrl	$31, %edx
	leaq	.LC2(%rip), %rsi
	addl	%edx, %eax
	sarl	%eax
	cvtsi2sdl	%eax, %xmm0
	movl	%eax, (%rsp)
	movl	$1, %eax
	divsd	%xmm1, %xmm0
	call	__printf_chk@PLT
.L1:
	movq	8(%rsp), %rax
	subq	%fs:40, %rax
	jne	.L7
	addq	$24, %rsp
	.cfi_remember_state
	.cfi_def_cfa_offset 8
	ret
	.p2align 4,,10
	.p2align 3
.L2:
	.cfi_restore_state
	leal	-1(%rax), %ecx
	pxor	%xmm0, %xmm0
	addl	$1, %eax
	movl	$1, %edi
	movl	%ecx, %edx
	pxor	%xmm2, %xmm2
	movsd	.LC3(%rip), %xmm3
	leaq	.LC2(%rip), %rsi
	shrl	$31, %edx
	addl	%ecx, %edx
	sarl	%edx
	cvtsi2sdl	%edx, %xmm0
	movl	%eax, %edx
	shrl	$31, %edx
	addl	%edx, %eax
	sarl	%eax
	divsd	%xmm1, %xmm0
	cvtsi2sdl	%eax, %xmm2
	movl	$1, %eax
	divsd	%xmm1, %xmm2
	mulsd	%xmm1, %xmm0
	addsd	%xmm3, %xmm0
	subsd	%xmm1, %xmm3
	mulsd	%xmm3, %xmm2
	addsd	%xmm2, %xmm0
	call	__printf_chk@PLT
	jmp	.L1
.L7:
	call	__stack_chk_fail@PLT
	.cfi_endproc
.LFE23:
	.size	run, .-run
	.section	.text.startup,""ax"",@progbits
	.p2align 4
	.globl	main
	.type	main, @function
main:
.LFB24:
	.cfi_startproc
	endbr64
	subq	$8, %rsp
	.cfi_def_cfa_offset 16
	call	run
	xorl	%eax, %eax
	addq	$8, %rsp
	.cfi_def_cfa_offset 8
	ret
	.cfi_endproc
.LFE24:
	.size	main, .-main
	.section	.rodata.cst8,""aM"",@progbits,8
	.align 8
.LC1:
	.long	0
	.long	1079574528
	.align 8
.LC3:
	.long	0
	.long	1072693248
	.ident	""GCC: (Ubuntu 11.4.0-1ubuntu1~22.04) 11.4.0""
	.section	.note.GNU-stack,"""",@progbits
	.section	.note.gnu.property,""a""
	.align 8
	.long	1f - 0f
	.long	4f - 1f
	.long	5
0:
	.string	""GNU""
1:
	.align 8
	.long	0xc0000002
	.long	3f - 2f
2:
	.long	0x3
3:
	.align 8
4:
```

Only output the optimized assembly code. Do not include any other text. Do not write any comments in the assembly code. Wrap the assembly code in ```assembly``` tags.
Optimized Assembly Code:
","Given the following C code, your task is to generate highly optimized x86-64 assembly code.
C Code:

```c
#include<stdio.h>

void run(void){
  int x,p;
  scanf(""%d%d"",&x,&p);
  double q=(double)p/100;
  if(x%2==0){
    x/=2;
    printf(""%.7f\n"",x/q);
  } else {
    double ans=1+q*((x-1)/2/q)+(1-q)*((x+1)/2/q);
    printf(""%.7f\n"",ans);
  }
}

int main(void){
  run();
  return 0;
}```

Only output the optimized assembly code. Do not include any other text. Do not write any comments in the assembly code. Wrap the assembly code in ```assembly``` tags.
Optimized Assembly Code:
"
63,"```c
#include <stdio.h>
#include <inttypes.h>

int main(void) {
	uint64_t N;
	uint64_t a, sum = 0;
	if (scanf(""%"" SCNu64, &N) != 1) return 1;
	for (a = 1; a * a <= N; a++) {
		if (N % a == 0) {
			uint64_t m = N / a - 1;
			if (m > 0 && N % m == N / m) sum += m;
		}
		if (N % a == 0 && a != N % a) {
			uint64_t m = a - 1;
			if (m > 0 && N % m == N / m) sum += m;
		}
	}
	printf(""%"" PRIu64 ""\n"", sum);
	return 0;
}

/*

N = a * m + a

N = a * (m + 1)

m = N / a - 1


*/
```","[{""input"": ""1000010000000\n"", ""output"": ""2716922731275\n""}, {""input"": ""1000011000000\n"", ""output"": ""3307289212967\n""}, {""input"": ""1100011000000\n"", ""output"": ""2999416055122\n""}, {""input"": ""1110011000000\n"", ""output"": ""3146654438234\n""}, {""input"": ""1110011100000\n"", ""output"": ""4080876601631\n""}, {""input"": ""1110011100100\n"", ""output"": ""2753043984264\n""}, {""input"": ""1110111100100\n"", ""output"": ""2417637625420\n""}, {""input"": ""1110111100101\n"", ""output"": ""1603984026418\n""}, {""input"": ""1110111000101\n"", ""output"": ""1113798127512\n""}, {""input"": ""1010111000101\n"", ""output"": ""1185123120376\n""}, {""input"": ""1010111010101\n"", ""output"": ""1010111010100\n""}, {""input"": ""1011111010101\n"", ""output"": ""1460493681254\n""}, {""input"": ""1000111010101\n"", ""output"": ""1143109738524\n""}, {""input"": ""1000101010101\n"", ""output"": ""1369760559112\n""}, {""input"": ""1000101000101\n"", ""output"": ""1175125305592\n""}, {""input"": ""1000101010111\n"", ""output"": ""1273901330872\n""}, {""input"": ""1001101010111\n"", ""output"": ""1001101010110\n""}, {""input"": ""1001101010110\n"", ""output"": ""1801981818194\n""}, {""input"": ""16\n"", ""output"": ""22\n""}, {""input"": ""1000000100000\n"", ""output"": ""2684487732013\n""}, {""input"": ""1001010000000\n"", ""output"": ""3384285524107\n""}, {""input"": ""1000011000010\n"", ""output"": ""1983514622080\n""}, {""input"": ""1101011000000\n"", ""output"": ""2771906993951\n""}, {""input"": ""1110011000010\n"", ""output"": ""2910049733920\n""}, {""input"": ""1110011100010\n"", ""output"": ""1998019980014\n""}, {""input"": ""1110011100101\n"", ""output"": ""1124196443356\n""}, {""input"": ""1110101100100\n"", ""output"": ""2408919387208\n""}, {""input"": ""1110111100111\n"", ""output"": ""1207340937512\n""}, {""input"": ""1110101000101\n"", ""output"": ""1114985668016\n""}, {""input"": ""1010101000101\n"", ""output"": ""1468212773744\n""}, {""input"": ""1110111010101\n"", ""output"": ""1771468346720\n""}, {""input"": ""1011111010100\n"", ""output"": ""2292242857344\n""}, {""input"": ""1000011010101\n"", ""output"": ""1335678223520\n""}, {""input"": ""1000101110101\n"", ""output"": ""1000109155900\n""}, {""input"": ""1000100010111\n"", ""output"": ""1392718291672\n""}, {""input"": ""1001101011111\n"", ""output"": ""1506575075224\n""}, {""input"": ""1001101000110\n"", ""output"": ""2402642400256\n""}, {""input"": ""2\n"", ""output"": ""0\n""}, {""input"": ""1001000100000\n"", ""output"": ""3333395053920\n""}, {""input"": ""1001010000100\n"", ""output"": ""2393125689492\n""}, {""input"": ""1000011010000\n"", ""output"": ""2530186209521\n""}, {""input"": ""1101011001000\n"", ""output"": ""3721810571041\n""}, {""input"": ""1110011001010\n"", ""output"": ""2085783880016\n""}, {""input"": ""1010011100010\n"", ""output"": ""2644687068508\n""}, {""input"": ""1100011100101\n"", ""output"": ""1120916323688\n""}, {""input"": ""1110111101111\n"", ""output"": ""1110111101110\n""}, {""input"": ""1110100000101\n"", ""output"": ""1522132927192\n""}, {""input"": ""1010101000001\n"", ""output"": ""1015423659100\n""}, {""input"": ""1110011010101\n"", ""output"": ""1268606180668\n""}, {""input"": ""1011111010110\n"", ""output"": ""2696986242599\n""}, {""input"": ""1000011010111\n"", ""output"": ""1032269429790\n""}, {""input"": ""1100101110101\n"", ""output"": ""1257312925628\n""}, {""input"": ""1000110010111\n"", ""output"": ""1000115398836\n""}, {""input"": ""1001101111111\n"", ""output"": ""1029900148010\n""}, {""input"": ""1001101000111\n"", ""output"": ""1002691121310\n""}, {""input"": ""1001000100001\n"", ""output"": ""1117867505912\n""}, {""input"": ""1011010000000\n"", ""output"": ""3413729764285\n""}, {""input"": ""1000011010001\n"", ""output"": ""1000140494786\n""}, {""input"": ""1100011001000\n"", ""output"": ""2590568215851\n""}, {""input"": ""1110011011010\n"", ""output"": ""2179701971815\n""}, {""input"": ""1010011100000\n"", ""output"": ""2840474416680\n""}, {""input"": ""1100011100100\n"", ""output"": ""3676272390936\n""}, {""input"": ""1110100001101\n"", ""output"": ""1368644822040\n""}, {""input"": ""1010100000001\n"", ""output"": ""1025176119402\n""}, {""input"": ""1110011010100\n"", ""output"": ""2550413532600\n""}, {""input"": ""1001111010110\n"", ""output"": ""1880373866890\n""}, {""input"": ""1000011010110\n"", ""output"": ""2902338651846\n""}, {""input"": ""1000001110101\n"", ""output"": ""1546554666360\n""}, {""input"": ""1010110010111\n"", ""output"": ""1044941389768\n""}, {""input"": ""1001101111011\n"", ""output"": ""1446790837200\n""}, {""input"": ""1001111000111\n"", ""output"": ""1001111000110\n""}, {""input"": ""1001010100001\n"", ""output"": ""1001010100000\n""}, {""input"": ""1011110000000\n"", ""output"": ""2517913160796\n""}, {""input"": ""1010011010000\n"", ""output"": ""2445837813796\n""}, {""input"": ""1100011001100\n"", ""output"": ""3478116645155\n""}, {""input"": ""1110001011010\n"", ""output"": ""2001822090976\n""}, {""input"": ""1000011100000\n"", ""output"": ""2711381654379\n""}, {""input"": ""1101011100100\n"", ""output"": ""2466264864206\n""}, {""input"": ""1110110001101\n"", ""output"": ""1110110001100\n""}, {""input"": ""1010100010001\n"", ""output"": ""1034802420340\n""}, {""input"": ""1100011010100\n"", ""output"": ""3320557691342\n""}, {""input"": ""1001111010010\n"", ""output"": ""1801999818014\n""}, {""input"": ""1000011110110\n"", ""output"": ""1935071890544\n""}, {""input"": ""1010001110101\n"", ""output"": ""1042601972936\n""}, {""input"": ""1000110110111\n"", ""output"": ""1170984109816\n""}, {""input"": ""1001101101011\n"", ""output"": ""1098066892202\n""}, {""input"": ""1001111010111\n"", ""output"": ""1528108711160\n""}, {""input"": ""1001010100011\n"", ""output"": ""1334680133346\n""}, {""input"": ""1011110001000\n"", ""output"": ""3472264525502\n""}, {""input"": ""1010010010000\n"", ""output"": ""2445335235186\n""}, {""input"": ""1100001001100\n"", ""output"": ""2387002172378\n""}, {""input"": ""1110001011110\n"", ""output"": ""1998001819994\n""}, {""input"": ""1000011110000\n"", ""output"": ""2820369961992\n""}, {""input"": ""1100010100100\n"", ""output"": ""2402830009366\n""}, {""input"": ""1110111001101\n"", ""output"": ""1649577497432\n""}, {""input"": ""1010100010101\n"", ""output"": ""1802541194464\n""}, {""input"": ""1000011010100\n"", ""output"": ""2173907489452\n""}, {""input"": ""1011111010010\n"", ""output"": ""1819999818014\n""}, {""input"": ""1000011110010\n"", ""output"": ""2623775307200\n""}, {""input"": ""1010101110101\n"", ""output"": ""1021269904928\n""}, {""input"": ""8\n"", ""output"": ""10\n""}, {""input"": ""8\n"", ""output"": ""10\n""}, {""input"": ""1000000000000\n"", ""output"": ""2499686339916\n""}]","Given the following C code and assembly code, your task is to generate highly optimized x86-64 assembly code.
C Code:

```c
#include <stdio.h>
#include <inttypes.h>

int main(void) {
	uint64_t N;
	uint64_t a, sum = 0;
	if (scanf(""%"" SCNu64, &N) != 1) return 1;
	for (a = 1; a * a <= N; a++) {
		if (N % a == 0) {
			uint64_t m = N / a - 1;
			if (m > 0 && N % m == N / m) sum += m;
		}
		if (N % a == 0 && a != N % a) {
			uint64_t m = a - 1;
			if (m > 0 && N % m == N / m) sum += m;
		}
	}
	printf(""%"" PRIu64 ""\n"", sum);
	return 0;
}

/*

N = a * m + a

N = a * (m + 1)

m = N / a - 1


*/
```

Assembly Code:

```assembly
	.file	""temp.c""
	.text
	.section	.rodata.str1.1,""aMS"",@progbits,1
.LC0:
	.string	""%lu""
.LC1:
	.string	""%lu\n""
	.section	.text.startup,""ax"",@progbits
	.p2align 4
	.globl	main
	.type	main, @function
main:
.LFB23:
	.cfi_startproc
	endbr64
	subq	$24, %rsp
	.cfi_def_cfa_offset 32
	leaq	.LC0(%rip), %rdi
	movq	%fs:40, %rax
	movq	%rax, 8(%rsp)
	xorl	%eax, %eax
	movq	%rsp, %rsi
	call	__isoc99_scanf@PLT
	movl	%eax, %r8d
	movl	$1, %eax
	cmpl	$1, %r8d
	jne	.L1
	movq	(%rsp), %rdi
	testq	%rdi, %rdi
	je	.L11
	movl	$2, %r8d
	movl	$1, %ecx
	xorl	%r9d, %r9d
	xorl	%r10d, %r10d
	.p2align 4,,10
	.p2align 3
.L6:
	movq	%rdi, %rax
	xorl	%edx, %edx
	divq	%rcx
	testq	%rdx, %rdx
	jne	.L4
	subq	$1, %rax
	movq	%rax, %rsi
	je	.L5
	xorl	%edx, %edx
	movq	%rdi, %rax
	divq	%rsi
	addq	%r10, %rsi
	cmpq	%rax, %rdx
	cmove	%rsi, %r10
.L5:
	testq	%rcx, %rcx
	je	.L8
	testq	%r9, %r9
	je	.L4
	movq	%rdi, %rax
	xorl	%edx, %edx
	divq	%r9
	cmpq	%rax, %rdx
	jne	.L4
	addq	%r9, %r10
	.p2align 4,,10
	.p2align 3
.L4:
	movq	%r8, %rax
	imulq	%r8, %rax
	cmpq	%rdi, %rax
	ja	.L3
.L8:
	addq	$1, %r9
	addq	$1, %rcx
	addq	$1, %r8
	jmp	.L6
.L11:
	xorl	%r10d, %r10d
.L3:
	movq	%r10, %rdx
	leaq	.LC1(%rip), %rsi
	movl	$1, %edi
	xorl	%eax, %eax
	call	__printf_chk@PLT
	xorl	%eax, %eax
.L1:
	movq	8(%rsp), %rdx
	subq	%fs:40, %rdx
	jne	.L21
	addq	$24, %rsp
	.cfi_remember_state
	.cfi_def_cfa_offset 8
	ret
.L21:
	.cfi_restore_state
	call	__stack_chk_fail@PLT
	.cfi_endproc
.LFE23:
	.size	main, .-main
	.ident	""GCC: (Ubuntu 11.4.0-1ubuntu1~22.04) 11.4.0""
	.section	.note.GNU-stack,"""",@progbits
	.section	.note.gnu.property,""a""
	.align 8
	.long	1f - 0f
	.long	4f - 1f
	.long	5
0:
	.string	""GNU""
1:
	.align 8
	.long	0xc0000002
	.long	3f - 2f
2:
	.long	0x3
3:
	.align 8
4:
```

Only output the optimized assembly code. Do not include any other text. Do not write any comments in the assembly code. Wrap the assembly code in ```assembly``` tags.
Optimized Assembly Code:
","Given the following C code, your task is to generate highly optimized x86-64 assembly code.
C Code:

```c
#include <stdio.h>
#include <inttypes.h>

int main(void) {
	uint64_t N;
	uint64_t a, sum = 0;
	if (scanf(""%"" SCNu64, &N) != 1) return 1;
	for (a = 1; a * a <= N; a++) {
		if (N % a == 0) {
			uint64_t m = N / a - 1;
			if (m > 0 && N % m == N / m) sum += m;
		}
		if (N % a == 0 && a != N % a) {
			uint64_t m = a - 1;
			if (m > 0 && N % m == N / m) sum += m;
		}
	}
	printf(""%"" PRIu64 ""\n"", sum);
	return 0;
}

/*

N = a * m + a

N = a * (m + 1)

m = N / a - 1


*/
```

Only output the optimized assembly code. Do not include any other text. Do not write any comments in the assembly code. Wrap the assembly code in ```assembly``` tags.
Optimized Assembly Code:
"
64,"```c
#include <stdio.h>

int main(void){

	long long int X;
	scanf(""%lld"", &X);

	long long int i;
	long long kake = 0;

	for(i = 0; i < 1000000000; i++){
		
		kake  = i * (i + 1);

		if(2 * X <= kake){
			break;
		}

	}

	printf(""%lld\n"", i);

	return 0;

}
```","[{""input"": ""12\n"", ""output"": ""5\n""}, {""input"": ""4\n"", ""output"": ""3\n""}, {""input"": ""19\n"", ""output"": ""6\n""}, {""input"": ""24\n"", ""output"": ""7\n""}, {""input"": ""10\n"", ""output"": ""4\n""}, {""input"": ""1\n"", ""output"": ""1\n""}, {""input"": ""3\n"", ""output"": ""2\n""}, {""input"": ""40\n"", ""output"": ""9\n""}, {""input"": ""50\n"", ""output"": ""10\n""}, {""input"": ""29\n"", ""output"": ""8\n""}, {""input"": ""69\n"", ""output"": ""12\n""}, {""input"": ""105\n"", ""output"": ""14\n""}, {""input"": ""173\n"", ""output"": ""19\n""}, {""input"": ""200\n"", ""output"": ""20\n""}, {""input"": ""227\n"", ""output"": ""21\n""}, {""input"": ""349\n"", ""output"": ""26\n""}, {""input"": ""60\n"", ""output"": ""11\n""}, {""input"": ""108\n"", ""output"": ""15\n""}, {""input"": ""135\n"", ""output"": ""16\n""}, {""input"": ""89\n"", ""output"": ""13\n""}, {""input"": ""607\n"", ""output"": ""35\n""}, {""input"": ""312\n"", ""output"": ""25\n""}, {""input"": ""979\n"", ""output"": ""44\n""}, {""input"": ""235\n"", ""output"": ""22\n""}, {""input"": ""291\n"", ""output"": ""24\n""}, {""input"": ""366\n"", ""output"": ""27\n""}, {""input"": ""1410\n"", ""output"": ""53\n""}, {""input"": ""398\n"", ""output"": ""28\n""}, {""input"": ""138\n"", ""output"": ""17\n""}, {""input"": ""414\n"", ""output"": ""29\n""}, {""input"": ""533\n"", ""output"": ""33\n""}, {""input"": ""269\n"", ""output"": ""23\n""}, {""input"": ""1000\n"", ""output"": ""45\n""}, {""input"": ""485\n"", ""output"": ""31\n""}, {""input"": ""1717\n"", ""output"": ""59\n""}, {""input"": ""168\n"", ""output"": ""18\n""}, {""input"": ""580\n"", ""output"": ""34\n""}, {""input"": ""2620\n"", ""output"": ""72\n""}, {""input"": ""2047\n"", ""output"": ""64\n""}, {""input"": ""2296\n"", ""output"": ""68\n""}, {""input"": ""1882\n"", ""output"": ""61\n""}, {""input"": ""1970\n"", ""output"": ""63\n""}, {""input"": ""2407\n"", ""output"": ""69\n""}, {""input"": ""926\n"", ""output"": ""43\n""}, {""input"": ""2431\n"", ""output"": ""70\n""}, {""input"": ""1572\n"", ""output"": ""56\n""}, {""input"": ""1896\n"", ""output"": ""62\n""}, {""input"": ""2085\n"", ""output"": ""65\n""}, {""input"": ""3071\n"", ""output"": ""78\n""}, {""input"": ""710\n"", ""output"": ""38\n""}, {""input"": ""1449\n"", ""output"": ""54\n""}, {""input"": ""1699\n"", ""output"": ""58\n""}, {""input"": ""2543\n"", ""output"": ""71\n""}, {""input"": ""2248\n"", ""output"": ""67\n""}, {""input"": ""3493\n"", ""output"": ""84\n""}, {""input"": ""2647\n"", ""output"": ""73\n""}, {""input"": ""4325\n"", ""output"": ""93\n""}, {""input"": ""5033\n"", ""output"": ""100\n""}, {""input"": ""8030\n"", ""output"": ""127\n""}, {""input"": ""4035\n"", ""output"": ""90\n""}, {""input"": ""12814\n"", ""output"": ""160\n""}, {""input"": ""6020\n"", ""output"": ""110\n""}, {""input"": ""19710\n"", ""output"": ""199\n""}, {""input"": ""4225\n"", ""output"": ""92\n""}, {""input"": ""36877\n"", ""output"": ""272\n""}, {""input"": ""7566\n"", ""output"": ""123\n""}, {""input"": ""49568\n"", ""output"": ""315\n""}, {""input"": ""44971\n"", ""output"": ""300\n""}, {""input"": ""34941\n"", ""output"": ""264\n""}, {""input"": ""27935\n"", ""output"": ""236\n""}, {""input"": ""43035\n"", ""output"": ""293\n""}, {""input"": ""7263\n"", ""output"": ""121\n""}, {""input"": ""12423\n"", ""output"": ""158\n""}, {""input"": ""10040\n"", ""output"": ""142\n""}, {""input"": ""18074\n"", ""output"": ""190\n""}, {""input"": ""698\n"", ""output"": ""37\n""}, {""input"": ""16383\n"", ""output"": ""181\n""}, {""input"": ""14154\n"", ""output"": ""168\n""}, {""input"": ""5452\n"", ""output"": ""104\n""}, {""input"": ""446\n"", ""output"": ""30\n""}, {""input"": ""7441\n"", ""output"": ""122\n""}, {""input"": ""14699\n"", ""output"": ""171\n""}, {""input"": ""756\n"", ""output"": ""39\n""}, {""input"": ""26152\n"", ""output"": ""229\n""}, {""input"": ""1053\n"", ""output"": ""46\n""}, {""input"": ""1338\n"", ""output"": ""52\n""}, {""input"": ""1224\n"", ""output"": ""49\n""}, {""input"": ""2850\n"", ""output"": ""75\n""}, {""input"": ""5334\n"", ""output"": ""103\n""}, {""input"": ""1313\n"", ""output"": ""51\n""}, {""input"": ""8707\n"", ""output"": ""132\n""}, {""input"": ""825\n"", ""output"": ""41\n""}, {""input"": ""631\n"", ""output"": ""36\n""}, {""input"": ""4584\n"", ""output"": ""96\n""}, {""input"": ""9009\n"", ""output"": ""134\n""}, {""input"": ""9766\n"", ""output"": ""140\n""}, {""input"": ""19255\n"", ""output"": ""196\n""}, {""input"": ""14963\n"", ""output"": ""173\n""}, {""input"": ""17808\n"", ""output"": ""189\n""}, {""input"": ""3133\n"", ""output"": ""79\n""}, {""input"": ""6\n"", ""output"": ""3\n""}, {""input"": ""6\n"", ""output"": ""3\n""}, {""input"": ""2\n"", ""output"": ""2\n""}, {""input"": ""11\n"", ""output"": ""5\n""}]","Given the following C code and assembly code, your task is to generate highly optimized x86-64 assembly code.
C Code:

```c
#include <stdio.h>

int main(void){

	long long int X;
	scanf(""%lld"", &X);

	long long int i;
	long long kake = 0;

	for(i = 0; i < 1000000000; i++){
		
		kake  = i * (i + 1);

		if(2 * X <= kake){
			break;
		}

	}

	printf(""%lld\n"", i);

	return 0;

}
```

Assembly Code:

```assembly
	.file	""temp.c""
	.text
	.section	.rodata.str1.1,""aMS"",@progbits,1
.LC0:
	.string	""%lld""
.LC1:
	.string	""%lld\n""
	.section	.text.startup,""ax"",@progbits
	.p2align 4
	.globl	main
	.type	main, @function
main:
.LFB23:
	.cfi_startproc
	endbr64
	subq	$24, %rsp
	.cfi_def_cfa_offset 32
	leaq	.LC0(%rip), %rdi
	movq	%fs:40, %rax
	movq	%rax, 8(%rsp)
	xorl	%eax, %eax
	movq	%rsp, %rsi
	call	__isoc99_scanf@PLT
	movq	(%rsp), %rax
	leaq	(%rax,%rax), %rsi
	xorl	%eax, %eax
	jmp	.L3
	.p2align 4,,10
	.p2align 3
.L9:
	cmpq	$1000000000, %rax
	je	.L8
.L3:
	movq	%rax, %rdx
	leaq	1(%rax), %rax
	movq	%rax, %rcx
	imulq	%rdx, %rcx
	cmpq	%rcx, %rsi
	jg	.L9
.L2:
	xorl	%eax, %eax
	leaq	.LC1(%rip), %rsi
	movl	$1, %edi
	call	__printf_chk@PLT
	movq	8(%rsp), %rax
	subq	%fs:40, %rax
	jne	.L10
	xorl	%eax, %eax
	addq	$24, %rsp
	.cfi_remember_state
	.cfi_def_cfa_offset 8
	ret
.L8:
	.cfi_restore_state
	movl	$1000000000, %edx
	jmp	.L2
.L10:
	call	__stack_chk_fail@PLT
	.cfi_endproc
.LFE23:
	.size	main, .-main
	.ident	""GCC: (Ubuntu 11.4.0-1ubuntu1~22.04) 11.4.0""
	.section	.note.GNU-stack,"""",@progbits
	.section	.note.gnu.property,""a""
	.align 8
	.long	1f - 0f
	.long	4f - 1f
	.long	5
0:
	.string	""GNU""
1:
	.align 8
	.long	0xc0000002
	.long	3f - 2f
2:
	.long	0x3
3:
	.align 8
4:
```

Only output the optimized assembly code. Do not include any other text. Do not write any comments in the assembly code. Wrap the assembly code in ```assembly``` tags.
Optimized Assembly Code:
","Given the following C code, your task is to generate highly optimized x86-64 assembly code.
C Code:

```c
#include <stdio.h>

int main(void){

	long long int X;
	scanf(""%lld"", &X);

	long long int i;
	long long kake = 0;

	for(i = 0; i < 1000000000; i++){
		
		kake  = i * (i + 1);

		if(2 * X <= kake){
			break;
		}

	}

	printf(""%lld\n"", i);

	return 0;

}
```

Only output the optimized assembly code. Do not include any other text. Do not write any comments in the assembly code. Wrap the assembly code in ```assembly``` tags.
Optimized Assembly Code:
"
65,"```c
#include <stdio.h>

int A[100005];
int tmp[100005];

int main() {

	int N;

	scanf(""%d"",&N);

	int i;

	for (i = 0; i < N; i++) {
		scanf("" %d"",&A[i]);
		tmp[A[i]]++;
	}

	int k = 0;

	for (i = 0; i < 100005; i++) {
		if (tmp[i] > 0) {
			k++;
		}
	}

	if (k % 2 == 0) { printf(""%d\n"",k-1); }
	else { printf(""%d\n"",k); }


	return 0;
}```","[{""input"": ""5\n1 2 1 3 7\n"", ""output"": ""3\n""}]","Given the following C code and assembly code, your task is to generate highly optimized x86-64 assembly code.
C Code:

```c
#include <stdio.h>

int A[100005];
int tmp[100005];

int main() {

	int N;

	scanf(""%d"",&N);

	int i;

	for (i = 0; i < N; i++) {
		scanf("" %d"",&A[i]);
		tmp[A[i]]++;
	}

	int k = 0;

	for (i = 0; i < 100005; i++) {
		if (tmp[i] > 0) {
			k++;
		}
	}

	if (k % 2 == 0) { printf(""%d\n"",k-1); }
	else { printf(""%d\n"",k); }


	return 0;
}```

Assembly Code:

```assembly
	.file	""temp.c""
	.text
	.section	.rodata.str1.1,""aMS"",@progbits,1
.LC0:
	.string	""%d""
.LC1:
	.string	"" %d""
.LC2:
	.string	""%d\n""
	.section	.text.startup,""ax"",@progbits
	.p2align 4
	.globl	main
	.type	main, @function
main:
.LFB23:
	.cfi_startproc
	endbr64
	pushq	%r13
	.cfi_def_cfa_offset 16
	.cfi_offset 13, -16
	leaq	.LC0(%rip), %rdi
	pushq	%r12
	.cfi_def_cfa_offset 24
	.cfi_offset 12, -24
	pushq	%rbp
	.cfi_def_cfa_offset 32
	.cfi_offset 6, -32
	pushq	%rbx
	.cfi_def_cfa_offset 40
	.cfi_offset 3, -40
	subq	$24, %rsp
	.cfi_def_cfa_offset 64
	movq	%fs:40, %rax
	movq	%rax, 8(%rsp)
	xorl	%eax, %eax
	leaq	4(%rsp), %rsi
	call	__isoc99_scanf@PLT
	movl	4(%rsp), %esi
	testl	%esi, %esi
	jle	.L2
	leaq	A(%rip), %rbx
	xorl	%ebp, %ebp
	leaq	.LC1(%rip), %r13
	leaq	tmp(%rip), %r12
	.p2align 4,,10
	.p2align 3
.L3:
	movq	%rbx, %rsi
	movq	%r13, %rdi
	xorl	%eax, %eax
	addl	$1, %ebp
	call	__isoc99_scanf@PLT
	movslq	(%rbx), %rax
	addq	$4, %rbx
	addl	$1, (%r12,%rax,4)
	cmpl	%ebp, 4(%rsp)
	jg	.L3
.L2:
	leaq	tmp(%rip), %rax
	pxor	%xmm0, %xmm0
	leaq	400016(%rax), %rdx
	movdqa	%xmm0, %xmm2
	.p2align 4,,10
	.p2align 3
.L4:
	movdqa	(%rax), %xmm1
	addq	$16, %rax
	pcmpgtd	%xmm2, %xmm1
	psubd	%xmm1, %xmm0
	cmpq	%rax, %rdx
	jne	.L4
	movdqa	%xmm0, %xmm1
	movl	400016+tmp(%rip), %ecx
	xorl	%eax, %eax
	psrldq	$8, %xmm1
	paddd	%xmm1, %xmm0
	testl	%ecx, %ecx
	movdqa	%xmm0, %xmm1
	setg	%al
	psrldq	$4, %xmm1
	paddd	%xmm1, %xmm0
	movd	%xmm0, %edx
	addl	%eax, %edx
	testb	$1, %dl
	jne	.L14
	subl	$1, %edx
	leaq	.LC2(%rip), %rsi
	movl	$1, %edi
	xorl	%eax, %eax
	call	__printf_chk@PLT
.L9:
	movq	8(%rsp), %rax
	subq	%fs:40, %rax
	jne	.L17
	addq	$24, %rsp
	.cfi_remember_state
	.cfi_def_cfa_offset 40
	xorl	%eax, %eax
	popq	%rbx
	.cfi_def_cfa_offset 32
	popq	%rbp
	.cfi_def_cfa_offset 24
	popq	%r12
	.cfi_def_cfa_offset 16
	popq	%r13
	.cfi_def_cfa_offset 8
	ret
.L14:
	.cfi_restore_state
	leaq	.LC2(%rip), %rsi
	movl	$1, %edi
	xorl	%eax, %eax
	call	__printf_chk@PLT
	jmp	.L9
.L17:
	call	__stack_chk_fail@PLT
	.cfi_endproc
.LFE23:
	.size	main, .-main
	.globl	tmp
	.bss
	.align 32
	.type	tmp, @object
	.size	tmp, 400020
tmp:
	.zero	400020
	.globl	A
	.align 32
	.type	A, @object
	.size	A, 400020
A:
	.zero	400020
	.ident	""GCC: (Ubuntu 11.4.0-1ubuntu1~22.04) 11.4.0""
	.section	.note.GNU-stack,"""",@progbits
	.section	.note.gnu.property,""a""
	.align 8
	.long	1f - 0f
	.long	4f - 1f
	.long	5
0:
	.string	""GNU""
1:
	.align 8
	.long	0xc0000002
	.long	3f - 2f
2:
	.long	0x3
3:
	.align 8
4:
```

Only output the optimized assembly code. Do not include any other text. Do not write any comments in the assembly code. Wrap the assembly code in ```assembly``` tags.
Optimized Assembly Code:
","Given the following C code, your task is to generate highly optimized x86-64 assembly code.
C Code:

```c
#include <stdio.h>

int A[100005];
int tmp[100005];

int main() {

	int N;

	scanf(""%d"",&N);

	int i;

	for (i = 0; i < N; i++) {
		scanf("" %d"",&A[i]);
		tmp[A[i]]++;
	}

	int k = 0;

	for (i = 0; i < 100005; i++) {
		if (tmp[i] > 0) {
			k++;
		}
	}

	if (k % 2 == 0) { printf(""%d\n"",k-1); }
	else { printf(""%d\n"",k); }


	return 0;
}```

Only output the optimized assembly code. Do not include any other text. Do not write any comments in the assembly code. Wrap the assembly code in ```assembly``` tags.
Optimized Assembly Code:
"
66,"```c
#include<stdio.h>

int main() {
	int loop;
	int A[100000];
	int N, T;
	int min = 1000000001;
	int gain = 0;
	int ans;
	scanf(""%d %d"", &N, &T);
	for (loop = 0; loop < N; loop++)scanf(""%d"", &A[loop]);

	for (loop = 0; loop < N; loop++) {
		if (min > A[loop])min = A[loop];
		else if (min < A[loop]) {
			if (gain < A[loop] - min) {
				gain = A[loop] - min;
				ans = 1;
			}
			else if (gain == A[loop] - min)ans++;
		}
	}
	printf(""%d\n"", ans);
}```","[{""input"": ""5 8\n21 30 40 10 20\n"", ""output"": ""1\n""}, {""input"": ""10 100\n7 10 4 5 9 3 6 8 1 1\n"", ""output"": ""2\n""}, {""input"": ""3 2\n100 78 200\n"", ""output"": ""1\n""}, {""input"": ""5 8\n21 30 40 0 20\n"", ""output"": ""1\n""}, {""input"": ""3 3\n100 78 200\n"", ""output"": ""1\n""}, {""input"": ""5 8\n21 30 24 0 20\n"", ""output"": ""1\n""}, {""input"": ""3 3\n100 38 200\n"", ""output"": ""1\n""}, {""input"": ""3 5\n100 38 200\n"", ""output"": ""1\n""}, {""input"": ""3 8\n100 38 200\n"", ""output"": ""1\n""}, {""input"": ""3 0\n100 50 200\n"", ""output"": ""1\n""}, {""input"": ""3 2\n100 78 356\n"", ""output"": ""1\n""}, {""input"": ""5 8\n21 56 40 0 20\n"", ""output"": ""1\n""}, {""input"": ""3 3\n110 78 200\n"", ""output"": ""1\n""}, {""input"": ""5 8\n22 30 24 0 20\n"", ""output"": ""1\n""}, {""input"": ""3 5\n100 26 200\n"", ""output"": ""1\n""}, {""input"": ""3 8\n100 7 200\n"", ""output"": ""1\n""}, {""input"": ""3 0\n100 0 200\n"", ""output"": ""1\n""}, {""input"": ""3 1\n100 78 356\n"", ""output"": ""1\n""}, {""input"": ""5 8\n18 56 40 0 20\n"", ""output"": ""1\n""}, {""input"": ""3 3\n110 33 200\n"", ""output"": ""1\n""}, {""input"": ""5 8\n22 30 24 1 20\n"", ""output"": ""1\n""}, {""input"": ""3 8\n100 7 21\n"", ""output"": ""1\n""}, {""input"": ""3 -1\n100 0 200\n"", ""output"": ""1\n""}, {""input"": ""3 1\n100 78 535\n"", ""output"": ""1\n""}, {""input"": ""3 3\n110 22 200\n"", ""output"": ""1\n""}, {""input"": ""5 8\n22 30 24 1 22\n"", ""output"": ""1\n""}, {""input"": ""3 8\n100 8 21\n"", ""output"": ""1\n""}, {""input"": ""3 -2\n100 0 200\n"", ""output"": ""1\n""}, {""input"": ""3 1\n100 78 638\n"", ""output"": ""1\n""}, {""input"": ""3 3\n110 22 256\n"", ""output"": ""1\n""}, {""input"": ""5 8\n22 37 24 1 22\n"", ""output"": ""1\n""}, {""input"": ""3 2\n100 8 21\n"", ""output"": ""1\n""}, {""input"": ""3 -2\n100 0 102\n"", ""output"": ""1\n""}, {""input"": ""3 1\n100 88 638\n"", ""output"": ""1\n""}, {""input"": ""3 5\n110 22 256\n"", ""output"": ""1\n""}, {""input"": ""5 8\n7 37 24 1 22\n"", ""output"": ""1\n""}, {""input"": ""3 2\n100 12 21\n"", ""output"": ""1\n""}, {""input"": ""3 -2\n100 0 134\n"", ""output"": ""1\n""}, {""input"": ""3 1\n100 88 1223\n"", ""output"": ""1\n""}, {""input"": ""5 7\n7 37 24 1 22\n"", ""output"": ""1\n""}, {""input"": ""3 2\n100 10 21\n"", ""output"": ""1\n""}, {""input"": ""3 -2\n100 0 107\n"", ""output"": ""1\n""}, {""input"": ""3 1\n100 88 2287\n"", ""output"": ""1\n""}, {""input"": ""5 7\n8 37 24 1 22\n"", ""output"": ""1\n""}, {""input"": ""3 -2\n110 0 107\n"", ""output"": ""1\n""}, {""input"": ""3 1\n100 88 3418\n"", ""output"": ""1\n""}, {""input"": ""5 7\n8 37 24 0 22\n"", ""output"": ""1\n""}, {""input"": ""3 -2\n110 1 107\n"", ""output"": ""1\n""}, {""input"": ""3 1\n100 88 6615\n"", ""output"": ""1\n""}, {""input"": ""5 7\n8 37 5 0 22\n"", ""output"": ""1\n""}, {""input"": ""3 -2\n010 1 107\n"", ""output"": ""1\n""}, {""input"": ""3 1\n100 88 5351\n"", ""output"": ""1\n""}, {""input"": ""5 7\n8 37 0 0 22\n"", ""output"": ""1\n""}, {""input"": ""5 7\n8 45 0 0 22\n"", ""output"": ""1\n""}, {""input"": ""5 7\n16 45 0 0 22\n"", ""output"": ""1\n""}, {""input"": ""5 8\n50 30 32 10 20\n"", ""output"": ""1\n""}, {""input"": ""3 2\n100 50 300\n"", ""output"": ""1\n""}, {""input"": ""5 10\n21 30 40 10 20\n"", ""output"": ""1\n""}, {""input"": ""3 2\n101 78 200\n"", ""output"": ""1\n""}, {""input"": ""5 8\n40 30 40 0 20\n"", ""output"": ""1\n""}, {""input"": ""3 3\n100 124 200\n"", ""output"": ""1\n""}, {""input"": ""3 5\n100 55 200\n"", ""output"": ""1\n""}, {""input"": ""3 16\n100 38 200\n"", ""output"": ""1\n""}, {""input"": ""3 2\n110 78 356\n"", ""output"": ""1\n""}, {""input"": ""5 8\n21 56 40 0 3\n"", ""output"": ""1\n""}, {""input"": ""3 3\n010 78 200\n"", ""output"": ""1\n""}, {""input"": ""5 7\n22 30 24 0 20\n"", ""output"": ""1\n""}, {""input"": ""3 4\n100 26 200\n"", ""output"": ""1\n""}, {""input"": ""3 8\n000 7 200\n"", ""output"": ""1\n""}, {""input"": ""3 1\n000 78 356\n"", ""output"": ""1\n""}, {""input"": ""3 3\n010 33 200\n"", ""output"": ""1\n""}, {""input"": ""5 8\n22 42 24 1 20\n"", ""output"": ""1\n""}, {""input"": ""3 1\n100 78 1045\n"", ""output"": ""1\n""}, {""input"": ""3 3\n111 22 200\n"", ""output"": ""1\n""}, {""input"": ""5 8\n22 30 35 1 22\n"", ""output"": ""1\n""}, {""input"": ""3 8\n100 4 21\n"", ""output"": ""1\n""}, {""input"": ""3 -3\n100 0 200\n"", ""output"": ""1\n""}, {""input"": ""3 3\n110 43 256\n"", ""output"": ""1\n""}, {""input"": ""5 8\n22 37 24 1 0\n"", ""output"": ""1\n""}, {""input"": ""3 -2\n100 -1 102\n"", ""output"": ""1\n""}, {""input"": ""3 1\n100 43 638\n"", ""output"": ""1\n""}, {""input"": ""3 5\n111 22 256\n"", ""output"": ""1\n""}, {""input"": ""3 4\n100 12 21\n"", ""output"": ""1\n""}, {""input"": ""3 -2\n100 0 33\n"", ""output"": ""1\n""}, {""input"": ""3 1\n110 88 1223\n"", ""output"": ""1\n""}, {""input"": ""3 2\n100 2 21\n"", ""output"": ""1\n""}, {""input"": ""3 -4\n100 0 107\n"", ""output"": ""1\n""}, {""input"": ""3 1\n100 137 2287\n"", ""output"": ""1\n""}, {""input"": ""3 -2\n111 0 107\n"", ""output"": ""1\n""}, {""input"": ""3 1\n101 88 3418\n"", ""output"": ""1\n""}, {""input"": ""3 -2\n010 0 107\n"", ""output"": ""1\n""}, {""input"": ""3 1\n110 88 6615\n"", ""output"": ""1\n""}, {""input"": ""5 7\n8 37 7 0 22\n"", ""output"": ""1\n""}, {""input"": ""3 -4\n010 1 107\n"", ""output"": ""1\n""}, {""input"": ""3 1\n100 88 10348\n"", ""output"": ""1\n""}, {""input"": ""5 7\n8 37 1 0 22\n"", ""output"": ""1\n""}, {""input"": ""5 7\n8 36 0 0 22\n"", ""output"": ""1\n""}, {""input"": ""5 6\n50 30 32 10 20\n"", ""output"": ""1\n""}, {""input"": ""3 2\n100 1 300\n"", ""output"": ""1\n""}, {""input"": ""5 10\n21 30 40 10 31\n"", ""output"": ""1\n""}, {""input"": ""5 8\n50 30 40 10 20\n"", ""output"": ""2\n""}, {""input"": ""3 2\n100 50 200\n"", ""output"": ""1\n""}, {""input"": ""3 2\n100 50 200\n"", ""output"": ""1\n""}, {""input"": ""10 100\n7 10 4 5 9 3 6 8 2 1\n"", ""output"": ""2\n""}]","Given the following C code and assembly code, your task is to generate highly optimized x86-64 assembly code.
C Code:

```c
#include<stdio.h>

int main() {
	int loop;
	int A[100000];
	int N, T;
	int min = 1000000001;
	int gain = 0;
	int ans;
	scanf(""%d %d"", &N, &T);
	for (loop = 0; loop < N; loop++)scanf(""%d"", &A[loop]);

	for (loop = 0; loop < N; loop++) {
		if (min > A[loop])min = A[loop];
		else if (min < A[loop]) {
			if (gain < A[loop] - min) {
				gain = A[loop] - min;
				ans = 1;
			}
			else if (gain == A[loop] - min)ans++;
		}
	}
	printf(""%d\n"", ans);
}```

Assembly Code:

```assembly
	.file	""temp.c""
	.text
	.section	.rodata.str1.1,""aMS"",@progbits,1
.LC0:
	.string	""%d %d""
.LC1:
	.string	""%d""
.LC2:
	.string	""%d\n""
	.section	.text.startup,""ax"",@progbits
	.p2align 4
	.globl	main
	.type	main, @function
main:
.LFB23:
	.cfi_startproc
	endbr64
	pushq	%r14
	.cfi_def_cfa_offset 16
	.cfi_offset 14, -16
	pushq	%r13
	.cfi_def_cfa_offset 24
	.cfi_offset 13, -24
	pushq	%r12
	.cfi_def_cfa_offset 32
	.cfi_offset 12, -32
	pushq	%rbp
	.cfi_def_cfa_offset 40
	.cfi_offset 6, -40
	pushq	%rbx
	.cfi_def_cfa_offset 48
	.cfi_offset 3, -48
	leaq	-397312(%rsp), %r11
	.cfi_def_cfa 11, 397360
.LPSRL0:
	subq	$4096, %rsp
	orq	$0, (%rsp)
	cmpq	%r11, %rsp
	jne	.LPSRL0
	.cfi_def_cfa_register 7
	subq	$2720, %rsp
	.cfi_def_cfa_offset 400080
	leaq	.LC0(%rip), %rdi
	movq	%fs:40, %rax
	movq	%rax, 400024(%rsp)
	xorl	%eax, %eax
	leaq	12(%rsp), %rdx
	leaq	8(%rsp), %rsi
	call	__isoc99_scanf@PLT
	movl	8(%rsp), %eax
	testl	%eax, %eax
	jle	.L6
	leaq	16(%rsp), %r13
	xorl	%ebx, %ebx
	leaq	.LC1(%rip), %r14
	movq	%r13, %rbp
	.p2align 4,,10
	.p2align 3
.L3:
	movq	%rbp, %rsi
	movq	%r14, %rdi
	xorl	%eax, %eax
	addl	$1, %ebx
	call	__isoc99_scanf@PLT
	movl	8(%rsp), %eax
	addq	$4, %rbp
	cmpl	%ebx, %eax
	jg	.L3
	testl	%eax, %eax
	jle	.L6
	leal	-1(%rax), %edx
	leaq	4(%r13), %rax
	xorl	%edi, %edi
	movl	$1000000001, %ecx
	leaq	(%rax,%rdx,4), %rsi
	jmp	.L5
	.p2align 4,,10
	.p2align 3
.L14:
	jle	.L4
	subl	%ecx, %edx
	cmpl	%edi, %edx
	jg	.L9
	sete	%dl
	movzbl	%dl, %edx
	addl	%edx, %r12d
.L4:
	movq	%rax, %r13
	cmpq	%rsi, %rax
	je	.L6
.L15:
	addq	$4, %rax
.L5:
	movl	0(%r13), %edx
	cmpl	%ecx, %edx
	jge	.L14
	movl	%edx, %ecx
	movq	%rax, %r13
	cmpq	%rsi, %rax
	jne	.L15
.L6:
	xorl	%eax, %eax
	movl	%r12d, %edx
	movl	$1, %edi
	leaq	.LC2(%rip), %rsi
	call	__printf_chk@PLT
	movq	400024(%rsp), %rax
	subq	%fs:40, %rax
	jne	.L16
	addq	$400032, %rsp
	.cfi_remember_state
	.cfi_def_cfa_offset 48
	xorl	%eax, %eax
	popq	%rbx
	.cfi_def_cfa_offset 40
	popq	%rbp
	.cfi_def_cfa_offset 32
	popq	%r12
	.cfi_def_cfa_offset 24
	popq	%r13
	.cfi_def_cfa_offset 16
	popq	%r14
	.cfi_def_cfa_offset 8
	ret
	.p2align 4,,10
	.p2align 3
.L9:
	.cfi_restore_state
	movl	%edx, %edi
	movl	$1, %r12d
	jmp	.L4
.L16:
	call	__stack_chk_fail@PLT
	.cfi_endproc
.LFE23:
	.size	main, .-main
	.ident	""GCC: (Ubuntu 11.4.0-1ubuntu1~22.04) 11.4.0""
	.section	.note.GNU-stack,"""",@progbits
	.section	.note.gnu.property,""a""
	.align 8
	.long	1f - 0f
	.long	4f - 1f
	.long	5
0:
	.string	""GNU""
1:
	.align 8
	.long	0xc0000002
	.long	3f - 2f
2:
	.long	0x3
3:
	.align 8
4:
```

Only output the optimized assembly code. Do not include any other text. Do not write any comments in the assembly code. Wrap the assembly code in ```assembly``` tags.
Optimized Assembly Code:
","Given the following C code, your task is to generate highly optimized x86-64 assembly code.
C Code:

```c
#include<stdio.h>

int main() {
	int loop;
	int A[100000];
	int N, T;
	int min = 1000000001;
	int gain = 0;
	int ans;
	scanf(""%d %d"", &N, &T);
	for (loop = 0; loop < N; loop++)scanf(""%d"", &A[loop]);

	for (loop = 0; loop < N; loop++) {
		if (min > A[loop])min = A[loop];
		else if (min < A[loop]) {
			if (gain < A[loop] - min) {
				gain = A[loop] - min;
				ans = 1;
			}
			else if (gain == A[loop] - min)ans++;
		}
	}
	printf(""%d\n"", ans);
}```

Only output the optimized assembly code. Do not include any other text. Do not write any comments in the assembly code. Wrap the assembly code in ```assembly``` tags.
Optimized Assembly Code:
"
67,"```c
#include<stdio.h>
int main(void)
{
    int r, g, b, k = 0;
    scanf(""%d"", &r);
    scanf(""%d"", &g);
    scanf(""%d"", &b);

    k = 100 * r + 10 * g + b;

    if (k % 4 == 0) {
        printf(""YES"");
    }
    else {
        printf(""NO"");
    }
    return 0;
}```","[{""input"": ""7 3 2\n"", ""output"": ""YES""}, {""input"": ""2 3 3\n"", ""output"": ""NO""}, {""input"": ""7 3 0\n"", ""output"": ""NO""}, {""input"": ""2 6 3\n"", ""output"": ""NO""}, {""input"": ""7 6 0\n"", ""output"": ""YES""}, {""input"": ""2 6 0\n"", ""output"": ""YES""}, {""input"": ""9 6 0\n"", ""output"": ""YES""}, {""input"": ""0 6 0\n"", ""output"": ""YES""}, {""input"": ""5 6 0\n"", ""output"": ""YES""}, {""input"": ""0 1 0\n"", ""output"": ""NO""}, {""input"": ""8 6 0\n"", ""output"": ""YES""}, {""input"": ""0 0 0\n"", ""output"": ""YES""}, {""input"": ""4 3 3\n"", ""output"": ""NO""}, {""input"": ""2 0 4\n"", ""output"": ""YES""}, {""input"": ""1 3 3\n"", ""output"": ""NO""}, {""input"": ""0 3 0\n"", ""output"": ""NO""}, {""input"": ""2 6 1\n"", ""output"": ""NO""}, {""input"": ""1 6 0\n"", ""output"": ""YES""}, {""input"": ""0 2 0\n"", ""output"": ""YES""}, {""input"": ""8 6 1\n"", ""output"": ""NO""}, {""input"": ""1 0 0\n"", ""output"": ""YES""}, {""input"": ""5 3 3\n"", ""output"": ""NO""}, {""input"": ""2 1 4\n"", ""output"": ""NO""}, {""input"": ""1 6 3\n"", ""output"": ""NO""}, {""input"": ""2 7 0\n"", ""output"": ""NO""}, {""input"": ""2 6 2\n"", ""output"": ""NO""}, {""input"": ""1 6 1\n"", ""output"": ""NO""}, {""input"": ""8 3 1\n"", ""output"": ""NO""}, {""input"": ""2 4 3\n"", ""output"": ""NO""}, {""input"": ""2 1 7\n"", ""output"": ""NO""}, {""input"": ""1 6 6\n"", ""output"": ""NO""}, {""input"": ""2 7 1\n"", ""output"": ""NO""}, {""input"": ""3 6 0\n"", ""output"": ""YES""}, {""input"": ""1 11 1\n"", ""output"": ""NO""}, {""input"": ""16 3 1\n"", ""output"": ""NO""}, {""input"": ""4 4 3\n"", ""output"": ""NO""}, {""input"": ""2 1 2\n"", ""output"": ""YES""}, {""input"": ""1 6 7\n"", ""output"": ""NO""}, {""input"": ""2 8 1\n"", ""output"": ""NO""}, {""input"": ""4 6 0\n"", ""output"": ""YES""}, {""input"": ""0 11 1\n"", ""output"": ""NO""}, {""input"": ""8 4 3\n"", ""output"": ""NO""}, {""input"": ""2 1 3\n"", ""output"": ""NO""}, {""input"": ""1 12 7\n"", ""output"": ""NO""}, {""input"": ""1 8 1\n"", ""output"": ""NO""}, {""input"": ""4 0 0\n"", ""output"": ""YES""}, {""input"": ""0 11 0\n"", ""output"": ""NO""}, {""input"": ""8 8 3\n"", ""output"": ""NO""}, {""input"": ""0 1 3\n"", ""output"": ""NO""}, {""input"": ""1 12 2\n"", ""output"": ""NO""}, {""input"": ""1 3 1\n"", ""output"": ""NO""}, {""input"": ""0 8 0\n"", ""output"": ""YES""}, {""input"": ""8 9 3\n"", ""output"": ""NO""}, {""input"": ""1 12 3\n"", ""output"": ""NO""}, {""input"": ""0 3 1\n"", ""output"": ""NO""}, {""input"": ""8 1 3\n"", ""output"": ""NO""}, {""input"": ""2 12 3\n"", ""output"": ""NO""}, {""input"": ""0 2 1\n"", ""output"": ""NO""}, {""input"": ""8 1 6\n"", ""output"": ""YES""}, {""input"": ""2 12 2\n"", ""output"": ""NO""}, {""input"": ""0 2 2\n"", ""output"": ""NO""}, {""input"": ""8 1 7\n"", ""output"": ""NO""}, {""input"": ""0 12 2\n"", ""output"": ""NO""}, {""input"": ""1 2 2\n"", ""output"": ""NO""}, {""input"": ""13 1 7\n"", ""output"": ""NO""}, {""input"": ""0 12 1\n"", ""output"": ""NO""}, {""input"": ""1 2 4\n"", ""output"": ""YES""}, {""input"": ""10 1 7\n"", ""output"": ""NO""}, {""input"": ""0 18 1\n"", ""output"": ""NO""}, {""input"": ""2 2 4\n"", ""output"": ""YES""}, {""input"": ""17 1 7\n"", ""output"": ""NO""}, {""input"": ""0 1 1\n"", ""output"": ""NO""}, {""input"": ""2 2 8\n"", ""output"": ""YES""}, {""input"": ""0 1 7\n"", ""output"": ""NO""}, {""input"": ""0 4 2\n"", ""output"": ""NO""}, {""input"": ""2 2 2\n"", ""output"": ""NO""}, {""input"": ""0 1 4\n"", ""output"": ""NO""}, {""input"": ""0 6 2\n"", ""output"": ""NO""}, {""input"": ""2 4 2\n"", ""output"": ""NO""}, {""input"": ""0 0 4\n"", ""output"": ""YES""}, {""input"": ""0 1 2\n"", ""output"": ""YES""}, {""input"": ""2 5 2\n"", ""output"": ""YES""}, {""input"": ""0 0 6\n"", ""output"": ""NO""}, {""input"": ""1 1 4\n"", ""output"": ""NO""}, {""input"": ""2 5 4\n"", ""output"": ""NO""}, {""input"": ""0 0 5\n"", ""output"": ""NO""}, {""input"": ""2 1 5\n"", ""output"": ""NO""}, {""input"": ""2 2 0\n"", ""output"": ""YES""}, {""input"": ""2 2 5\n"", ""output"": ""NO""}, {""input"": ""3 2 0\n"", ""output"": ""YES""}, {""input"": ""2 2 7\n"", ""output"": ""NO""}, {""input"": ""0 2 4\n"", ""output"": ""YES""}, {""input"": ""0 2 5\n"", ""output"": ""NO""}, {""input"": ""0 1 5\n"", ""output"": ""NO""}, {""input"": ""0 1 9\n"", ""output"": ""NO""}, {""input"": ""0 2 9\n"", ""output"": ""NO""}, {""input"": ""1 2 9\n"", ""output"": ""NO""}, {""input"": ""1 2 1\n"", ""output"": ""NO""}, {""input"": ""2 2 1\n"", ""output"": ""NO""}, {""input"": ""3 2 1\n"", ""output"": ""NO""}, {""input"": ""4 3 2\n"", ""output"": ""YES""}, {""input"": ""4 3 2\n"", ""output"": ""YES""}, {""input"": ""2 3 4\n"", ""output"": ""NO""}]","Given the following C code and assembly code, your task is to generate highly optimized x86-64 assembly code.
C Code:

```c
#include<stdio.h>
int main(void)
{
    int r, g, b, k = 0;
    scanf(""%d"", &r);
    scanf(""%d"", &g);
    scanf(""%d"", &b);

    k = 100 * r + 10 * g + b;

    if (k % 4 == 0) {
        printf(""YES"");
    }
    else {
        printf(""NO"");
    }
    return 0;
}```

Assembly Code:

```assembly
	.file	""temp.c""
	.text
	.section	.rodata.str1.1,""aMS"",@progbits,1
.LC0:
	.string	""%d""
.LC1:
	.string	""YES""
.LC2:
	.string	""NO""
	.section	.text.startup,""ax"",@progbits
	.p2align 4
	.globl	main
	.type	main, @function
main:
.LFB23:
	.cfi_startproc
	endbr64
	pushq	%rbp
	.cfi_def_cfa_offset 16
	.cfi_offset 6, -16
	leaq	.LC0(%rip), %rbp
	movq	%rbp, %rdi
	subq	$32, %rsp
	.cfi_def_cfa_offset 48
	movq	%fs:40, %rax
	movq	%rax, 24(%rsp)
	xorl	%eax, %eax
	leaq	12(%rsp), %rsi
	call	__isoc99_scanf@PLT
	leaq	16(%rsp), %rsi
	movq	%rbp, %rdi
	xorl	%eax, %eax
	call	__isoc99_scanf@PLT
	leaq	20(%rsp), %rsi
	movq	%rbp, %rdi
	xorl	%eax, %eax
	call	__isoc99_scanf@PLT
	imull	$100, 12(%rsp), %edx
	movl	16(%rsp), %eax
	leal	(%rax,%rax,4), %eax
	leal	(%rdx,%rax,2), %eax
	addl	20(%rsp), %eax
	testb	$3, %al
	jne	.L2
	leaq	.LC1(%rip), %rsi
	movl	$1, %edi
	xorl	%eax, %eax
	call	__printf_chk@PLT
.L3:
	movq	24(%rsp), %rax
	subq	%fs:40, %rax
	jne	.L7
	addq	$32, %rsp
	.cfi_remember_state
	.cfi_def_cfa_offset 16
	xorl	%eax, %eax
	popq	%rbp
	.cfi_def_cfa_offset 8
	ret
.L2:
	.cfi_restore_state
	leaq	.LC2(%rip), %rsi
	movl	$1, %edi
	xorl	%eax, %eax
	call	__printf_chk@PLT
	jmp	.L3
.L7:
	call	__stack_chk_fail@PLT
	.cfi_endproc
.LFE23:
	.size	main, .-main
	.ident	""GCC: (Ubuntu 11.4.0-1ubuntu1~22.04) 11.4.0""
	.section	.note.GNU-stack,"""",@progbits
	.section	.note.gnu.property,""a""
	.align 8
	.long	1f - 0f
	.long	4f - 1f
	.long	5
0:
	.string	""GNU""
1:
	.align 8
	.long	0xc0000002
	.long	3f - 2f
2:
	.long	0x3
3:
	.align 8
4:
```

Only output the optimized assembly code. Do not include any other text. Do not write any comments in the assembly code. Wrap the assembly code in ```assembly``` tags.
Optimized Assembly Code:
","Given the following C code, your task is to generate highly optimized x86-64 assembly code.
C Code:

```c
#include<stdio.h>
int main(void)
{
    int r, g, b, k = 0;
    scanf(""%d"", &r);
    scanf(""%d"", &g);
    scanf(""%d"", &b);

    k = 100 * r + 10 * g + b;

    if (k % 4 == 0) {
        printf(""YES"");
    }
    else {
        printf(""NO"");
    }
    return 0;
}```

Only output the optimized assembly code. Do not include any other text. Do not write any comments in the assembly code. Wrap the assembly code in ```assembly``` tags.
Optimized Assembly Code:
"
68,"```c
#include <stdio.h>
#include <string.h>
int main(void){
  int n,a,gs,ok;
  scanf(""%d"",&n);
  gs=ok=0;
  for(int i=0;i<n;i++){
    scanf(""%d"",&a);
    if(a%2==0){          //goosoo
    gs++;
     if(a%3==0||a%5==0){
       ok++;
     }
    }
  }
  if(gs==ok){
    printf(""APPROVED"");
  }else{
    printf(""DENIED"");
  }
  return 0;
}```","[{""input"": ""5\n6 7 3 10 31\n"", ""output"": ""APPROVED""}, {""input"": ""3\n28 27 47\n"", ""output"": ""DENIED""}, {""input"": ""5\n6 7 4 10 31\n"", ""output"": ""DENIED""}, {""input"": ""3\n28 15 47\n"", ""output"": ""DENIED""}, {""input"": ""5\n0 7 4 10 31\n"", ""output"": ""DENIED""}, {""input"": ""3\n2 15 47\n"", ""output"": ""DENIED""}, {""input"": ""5\n-1 7 4 10 31\n"", ""output"": ""DENIED""}, {""input"": ""3\n2 26 47\n"", ""output"": ""DENIED""}, {""input"": ""5\n1 7 4 10 31\n"", ""output"": ""DENIED""}, {""input"": ""3\n4 26 47\n"", ""output"": ""DENIED""}, {""input"": ""5\n1 1 4 10 31\n"", ""output"": ""DENIED""}, {""input"": ""3\n4 3 47\n"", ""output"": ""DENIED""}, {""input"": ""5\n1 1 4 5 31\n"", ""output"": ""DENIED""}, {""input"": ""3\n4 5 47\n"", ""output"": ""DENIED""}, {""input"": ""5\n1 1 4 5 32\n"", ""output"": ""DENIED""}, {""input"": ""3\n4 5 66\n"", ""output"": ""DENIED""}, {""input"": ""5\n1 1 4 5 46\n"", ""output"": ""DENIED""}, {""input"": ""3\n4 5 99\n"", ""output"": ""DENIED""}, {""input"": ""5\n1 2 4 5 46\n"", ""output"": ""DENIED""}, {""input"": ""3\n4 5 69\n"", ""output"": ""DENIED""}, {""input"": ""5\n1 2 5 5 46\n"", ""output"": ""DENIED""}, {""input"": ""3\n2 5 69\n"", ""output"": ""DENIED""}, {""input"": ""5\n1 1 5 5 46\n"", ""output"": ""DENIED""}, {""input"": ""3\n2 8 69\n"", ""output"": ""DENIED""}, {""input"": ""5\n2 1 5 5 46\n"", ""output"": ""DENIED""}, {""input"": ""3\n2 8 9\n"", ""output"": ""DENIED""}, {""input"": ""5\n2 0 5 5 46\n"", ""output"": ""DENIED""}, {""input"": ""3\n2 8 16\n"", ""output"": ""DENIED""}, {""input"": ""5\n2 0 5 5 81\n"", ""output"": ""DENIED""}, {""input"": ""3\n2 8 25\n"", ""output"": ""DENIED""}, {""input"": ""5\n2 0 5 5 132\n"", ""output"": ""DENIED""}, {""input"": ""3\n1 8 25\n"", ""output"": ""DENIED""}, {""input"": ""5\n2 0 5 1 132\n"", ""output"": ""DENIED""}, {""input"": ""3\n1 8 42\n"", ""output"": ""DENIED""}, {""input"": ""5\n2 0 5 1 252\n"", ""output"": ""DENIED""}, {""input"": ""3\n1 1 42\n"", ""output"": ""APPROVED""}, {""input"": ""5\n0 0 5 1 252\n"", ""output"": ""APPROVED""}, {""input"": ""3\n2 1 42\n"", ""output"": ""DENIED""}, {""input"": ""5\n0 -1 5 1 252\n"", ""output"": ""APPROVED""}, {""input"": ""3\n2 1 43\n"", ""output"": ""DENIED""}, {""input"": ""5\n0 -1 5 1 266\n"", ""output"": ""DENIED""}, {""input"": ""3\n2 2 43\n"", ""output"": ""DENIED""}, {""input"": ""5\n0 -2 5 1 266\n"", ""output"": ""DENIED""}, {""input"": ""3\n2 2 75\n"", ""output"": ""DENIED""}, {""input"": ""5\n0 -2 5 2 266\n"", ""output"": ""DENIED""}, {""input"": ""3\n2 2 110\n"", ""output"": ""DENIED""}, {""input"": ""5\n0 -4 5 2 266\n"", ""output"": ""DENIED""}, {""input"": ""3\n2 2 100\n"", ""output"": ""DENIED""}, {""input"": ""5\n0 -3 5 2 266\n"", ""output"": ""DENIED""}, {""input"": ""3\n0 2 100\n"", ""output"": ""DENIED""}, {""input"": ""5\n0 -5 5 2 266\n"", ""output"": ""DENIED""}, {""input"": ""3\n1 2 100\n"", ""output"": ""DENIED""}, {""input"": ""5\n-1 -5 5 2 266\n"", ""output"": ""DENIED""}, {""input"": ""3\n1 0 100\n"", ""output"": ""APPROVED""}, {""input"": ""5\n0 -5 5 2 345\n"", ""output"": ""DENIED""}, {""input"": ""3\n2 0 100\n"", ""output"": ""DENIED""}, {""input"": ""5\n0 -5 5 2 538\n"", ""output"": ""DENIED""}, {""input"": ""3\n3 0 100\n"", ""output"": ""APPROVED""}, {""input"": ""5\n0 -5 5 4 538\n"", ""output"": ""DENIED""}, {""input"": ""3\n0 0 100\n"", ""output"": ""APPROVED""}, {""input"": ""5\n0 -5 9 4 538\n"", ""output"": ""DENIED""}, {""input"": ""3\n-1 0 100\n"", ""output"": ""APPROVED""}, {""input"": ""5\n0 -5 17 4 538\n"", ""output"": ""DENIED""}, {""input"": ""3\n-1 0 101\n"", ""output"": ""APPROVED""}, {""input"": ""5\n0 -5 0 4 538\n"", ""output"": ""DENIED""}, {""input"": ""3\n0 0 101\n"", ""output"": ""APPROVED""}, {""input"": ""5\n-1 -5 0 4 538\n"", ""output"": ""DENIED""}, {""input"": ""3\n1 1 100\n"", ""output"": ""APPROVED""}, {""input"": ""5\n-1 -5 0 4 374\n"", ""output"": ""DENIED""}, {""input"": ""3\n2 0 110\n"", ""output"": ""DENIED""}, {""input"": ""5\n-1 -1 0 4 374\n"", ""output"": ""DENIED""}, {""input"": ""3\n3 0 110\n"", ""output"": ""APPROVED""}, {""input"": ""5\n-1 -1 1 4 374\n"", ""output"": ""DENIED""}, {""input"": ""3\n1 0 110\n"", ""output"": ""APPROVED""}, {""input"": ""5\n-2 -1 1 4 374\n"", ""output"": ""DENIED""}, {""input"": ""3\n1 0 010\n"", ""output"": ""APPROVED""}, {""input"": ""5\n-4 -1 1 4 374\n"", ""output"": ""DENIED""}, {""input"": ""3\n2 0 010\n"", ""output"": ""DENIED""}, {""input"": ""5\n-1 -1 1 1 374\n"", ""output"": ""DENIED""}, {""input"": ""3\n1 1 010\n"", ""output"": ""APPROVED""}, {""input"": ""5\n-1 -1 1 1 321\n"", ""output"": ""APPROVED""}, {""input"": ""3\n0 1 010\n"", ""output"": ""APPROVED""}, {""input"": ""5\n-1 -1 1 1 337\n"", ""output"": ""APPROVED""}, {""input"": ""3\n0 1 011\n"", ""output"": ""APPROVED""}, {""input"": ""5\n-1 -1 1 1 166\n"", ""output"": ""DENIED""}, {""input"": ""3\n0 1 001\n"", ""output"": ""APPROVED""}, {""input"": ""5\n-1 -1 1 1 200\n"", ""output"": ""APPROVED""}, {""input"": ""3\n0 1 101\n"", ""output"": ""APPROVED""}, {""input"": ""5\n-1 -1 1 1 385\n"", ""output"": ""APPROVED""}, {""input"": ""3\n0 1 100\n"", ""output"": ""APPROVED""}, {""input"": ""5\n-2 -1 1 1 385\n"", ""output"": ""DENIED""}, {""input"": ""3\n0 1 110\n"", ""output"": ""APPROVED""}, {""input"": ""5\n-2 -1 1 1 189\n"", ""output"": ""DENIED""}, {""input"": ""3\n-1 1 100\n"", ""output"": ""APPROVED""}, {""input"": ""5\n-2 -2 1 1 189\n"", ""output"": ""DENIED""}, {""input"": ""3\n-1 1 101\n"", ""output"": ""APPROVED""}, {""input"": ""5\n-2 -2 1 1 150\n"", ""output"": ""DENIED""}, {""input"": ""3\n-1 2 101\n"", ""output"": ""DENIED""}, {""input"": ""5\n-2 -3 1 1 150\n"", ""output"": ""DENIED""}, {""input"": ""3\n0 2 101\n"", ""output"": ""DENIED""}, {""input"": ""5\n6 7 9 10 31\n"", ""output"": ""APPROVED""}, {""input"": ""5\n6 7 9 10 31\n"", ""output"": ""APPROVED""}, {""input"": ""3\n28 27 24\n"", ""output"": ""DENIED""}]","Given the following C code and assembly code, your task is to generate highly optimized x86-64 assembly code.
C Code:

```c
#include <stdio.h>
#include <string.h>
int main(void){
  int n,a,gs,ok;
  scanf(""%d"",&n);
  gs=ok=0;
  for(int i=0;i<n;i++){
    scanf(""%d"",&a);
    if(a%2==0){          //goosoo
    gs++;
     if(a%3==0||a%5==0){
       ok++;
     }
    }
  }
  if(gs==ok){
    printf(""APPROVED"");
  }else{
    printf(""DENIED"");
  }
  return 0;
}```

Assembly Code:

```assembly
	.file	""temp.c""
	.text
	.section	.rodata.str1.1,""aMS"",@progbits,1
.LC0:
	.string	""%d""
.LC1:
	.string	""APPROVED""
.LC2:
	.string	""DENIED""
	.section	.text.startup,""ax"",@progbits
	.p2align 4
	.globl	main
	.type	main, @function
main:
.LFB35:
	.cfi_startproc
	endbr64
	pushq	%r14
	.cfi_def_cfa_offset 16
	.cfi_offset 14, -16
	pushq	%r13
	.cfi_def_cfa_offset 24
	.cfi_offset 13, -24
	pushq	%r12
	.cfi_def_cfa_offset 32
	.cfi_offset 12, -32
	pushq	%rbp
	.cfi_def_cfa_offset 40
	.cfi_offset 6, -40
	pushq	%rbx
	.cfi_def_cfa_offset 48
	.cfi_offset 3, -48
	leaq	.LC0(%rip), %rbx
	movq	%rbx, %rdi
	subq	$16, %rsp
	.cfi_def_cfa_offset 64
	movq	%fs:40, %rax
	movq	%rax, 8(%rsp)
	xorl	%eax, %eax
	movq	%rsp, %rsi
	call	__isoc99_scanf@PLT
	movl	(%rsp), %eax
	testl	%eax, %eax
	jle	.L6
	xorl	%r14d, %r14d
	xorl	%r13d, %r13d
	leaq	4(%rsp), %r12
	xorl	%ebp, %ebp
	.p2align 4,,10
	.p2align 3
.L2:
	movq	%r12, %rsi
	movq	%rbx, %rdi
	xorl	%eax, %eax
	call	__isoc99_scanf@PLT
	movl	4(%rsp), %eax
	testb	$1, %al
	jne	.L4
	imull	$-1431655765, %eax, %edx
	addl	$1, %ebp
	addl	$715827882, %edx
	cmpl	$1431655764, %edx
	jbe	.L5
	imull	$-858993459, %eax, %eax
	addl	$429496729, %eax
	cmpl	$858993458, %eax
	ja	.L4
.L5:
	addl	$1, %r13d
.L4:
	addl	$1, %r14d
	cmpl	%r14d, (%rsp)
	jg	.L2
	cmpl	%r13d, %ebp
	je	.L6
	leaq	.LC2(%rip), %rsi
	movl	$1, %edi
	xorl	%eax, %eax
	call	__printf_chk@PLT
.L3:
	movq	8(%rsp), %rax
	subq	%fs:40, %rax
	jne	.L12
	addq	$16, %rsp
	.cfi_remember_state
	.cfi_def_cfa_offset 48
	xorl	%eax, %eax
	popq	%rbx
	.cfi_def_cfa_offset 40
	popq	%rbp
	.cfi_def_cfa_offset 32
	popq	%r12
	.cfi_def_cfa_offset 24
	popq	%r13
	.cfi_def_cfa_offset 16
	popq	%r14
	.cfi_def_cfa_offset 8
	ret
.L6:
	.cfi_restore_state
	leaq	.LC1(%rip), %rsi
	movl	$1, %edi
	xorl	%eax, %eax
	call	__printf_chk@PLT
	jmp	.L3
.L12:
	call	__stack_chk_fail@PLT
	.cfi_endproc
.LFE35:
	.size	main, .-main
	.ident	""GCC: (Ubuntu 11.4.0-1ubuntu1~22.04) 11.4.0""
	.section	.note.GNU-stack,"""",@progbits
	.section	.note.gnu.property,""a""
	.align 8
	.long	1f - 0f
	.long	4f - 1f
	.long	5
0:
	.string	""GNU""
1:
	.align 8
	.long	0xc0000002
	.long	3f - 2f
2:
	.long	0x3
3:
	.align 8
4:
```

Only output the optimized assembly code. Do not include any other text. Do not write any comments in the assembly code. Wrap the assembly code in ```assembly``` tags.
Optimized Assembly Code:
","Given the following C code, your task is to generate highly optimized x86-64 assembly code.
C Code:

```c
#include <stdio.h>
#include <string.h>
int main(void){
  int n,a,gs,ok;
  scanf(""%d"",&n);
  gs=ok=0;
  for(int i=0;i<n;i++){
    scanf(""%d"",&a);
    if(a%2==0){          //goosoo
    gs++;
     if(a%3==0||a%5==0){
       ok++;
     }
    }
  }
  if(gs==ok){
    printf(""APPROVED"");
  }else{
    printf(""DENIED"");
  }
  return 0;
}```

Only output the optimized assembly code. Do not include any other text. Do not write any comments in the assembly code. Wrap the assembly code in ```assembly``` tags.
Optimized Assembly Code:
"
69,"```c
#include <stdio.h>
#include <string.h>
#include <stdlib.h>
#include <stdint.h> // int64_t

#define max(a,b) ((a) > (b) ? (a) : (b))
#define min(a,b) ((a) > (b) ? (b) : (a))

int get_int3(int *a1, int *a2, int *a3) {
  scanf(""%d %d %d"", a1, a2, a3);
  return 0;
}

// <arr[0]> <arr[1]> .. <arr[size-1]>
int fget_array(int *arr, int size) {
    int i;
    for(i = 0; i < size; i++) {
        scanf(""%d"", &arr[i]);
    }
    return 0;
}

#define NUM_MAX 2000
// 2048
#define INF ((1e+9)+1)

enum type {
    TURN_X,
    TURN_Y,
};

int main(void) {
    int num, xscore, yscore;
    get_int3(&num, &xscore, &yscore);
    static int arr[NUM_MAX];
    fget_array(arr, num);
    int ans = 0;
    if(num == 1) {
        ans = abs(arr[num-1]-yscore);
    } else {
        ans = max(abs(arr[num-1]-yscore), abs(arr[num-2]-arr[num-1]));
    }
    printf(""%d\n"", ans);
    return 0;
}```","[{""input"": ""3 100 100\n10 1000 100\n"", ""output"": ""900\n""}]","Given the following C code and assembly code, your task is to generate highly optimized x86-64 assembly code.
C Code:

```c
#include <stdio.h>
#include <string.h>
#include <stdlib.h>
#include <stdint.h> // int64_t

#define max(a,b) ((a) > (b) ? (a) : (b))
#define min(a,b) ((a) > (b) ? (b) : (a))

int get_int3(int *a1, int *a2, int *a3) {
  scanf(""%d %d %d"", a1, a2, a3);
  return 0;
}

// <arr[0]> <arr[1]> .. <arr[size-1]>
int fget_array(int *arr, int size) {
    int i;
    for(i = 0; i < size; i++) {
        scanf(""%d"", &arr[i]);
    }
    return 0;
}

#define NUM_MAX 2000
// 2048
#define INF ((1e+9)+1)

enum type {
    TURN_X,
    TURN_Y,
};

int main(void) {
    int num, xscore, yscore;
    get_int3(&num, &xscore, &yscore);
    static int arr[NUM_MAX];
    fget_array(arr, num);
    int ans = 0;
    if(num == 1) {
        ans = abs(arr[num-1]-yscore);
    } else {
        ans = max(abs(arr[num-1]-yscore), abs(arr[num-2]-arr[num-1]));
    }
    printf(""%d\n"", ans);
    return 0;
}```

Assembly Code:

```assembly
	.file	""temp.c""
	.text
	.section	.rodata.str1.1,""aMS"",@progbits,1
.LC0:
	.string	""%d %d %d""
	.text
	.p2align 4
	.globl	get_int3
	.type	get_int3, @function
get_int3:
.LFB51:
	.cfi_startproc
	endbr64
	subq	$8, %rsp
	.cfi_def_cfa_offset 16
	movq	%rdx, %rcx
	xorl	%eax, %eax
	movq	%rsi, %rdx
	movq	%rdi, %rsi
	leaq	.LC0(%rip), %rdi
	call	__isoc99_scanf@PLT
	xorl	%eax, %eax
	addq	$8, %rsp
	.cfi_def_cfa_offset 8
	ret
	.cfi_endproc
.LFE51:
	.size	get_int3, .-get_int3
	.section	.rodata.str1.1
.LC1:
	.string	""%d""
	.text
	.p2align 4
	.globl	fget_array
	.type	fget_array, @function
fget_array:
.LFB52:
	.cfi_startproc
	endbr64
	testl	%esi, %esi
	jle	.L9
	leal	-1(%rsi), %eax
	pushq	%r12
	.cfi_def_cfa_offset 16
	.cfi_offset 12, -16
	leaq	4(%rdi,%rax,4), %r12
	pushq	%rbp
	.cfi_def_cfa_offset 24
	.cfi_offset 6, -24
	leaq	.LC1(%rip), %rbp
	pushq	%rbx
	.cfi_def_cfa_offset 32
	.cfi_offset 3, -32
	movq	%rdi, %rbx
	.p2align 4,,10
	.p2align 3
.L6:
	movq	%rbx, %rsi
	movq	%rbp, %rdi
	xorl	%eax, %eax
	addq	$4, %rbx
	call	__isoc99_scanf@PLT
	cmpq	%r12, %rbx
	jne	.L6
	popq	%rbx
	.cfi_def_cfa_offset 24
	xorl	%eax, %eax
	popq	%rbp
	.cfi_def_cfa_offset 16
	popq	%r12
	.cfi_def_cfa_offset 8
	ret
	.p2align 4,,10
	.p2align 3
.L9:
	.cfi_restore 3
	.cfi_restore 6
	.cfi_restore 12
	xorl	%eax, %eax
	ret
	.cfi_endproc
.LFE52:
	.size	fget_array, .-fget_array
	.section	.rodata.str1.1
.LC2:
	.string	""%d\n""
	.section	.text.startup,""ax"",@progbits
	.p2align 4
	.globl	main
	.type	main, @function
main:
.LFB53:
	.cfi_startproc
	endbr64
	pushq	%r12
	.cfi_def_cfa_offset 16
	.cfi_offset 12, -16
	leaq	.LC0(%rip), %rdi
	pushq	%rbp
	.cfi_def_cfa_offset 24
	.cfi_offset 6, -24
	pushq	%rbx
	.cfi_def_cfa_offset 32
	.cfi_offset 3, -32
	subq	$32, %rsp
	.cfi_def_cfa_offset 64
	movq	%fs:40, %rax
	movq	%rax, 24(%rsp)
	xorl	%eax, %eax
	leaq	20(%rsp), %rcx
	leaq	16(%rsp), %rdx
	leaq	12(%rsp), %rsi
	call	__isoc99_scanf@PLT
	movl	12(%rsp), %eax
	testl	%eax, %eax
	jle	.L17
	leaq	arr.0(%rip), %rbx
	leal	-1(%rax), %edx
	leaq	4(%rbx), %rax
	leaq	.LC1(%rip), %rbp
	leaq	(%rax,%rdx,4), %r12
	.p2align 4,,10
	.p2align 3
.L16:
	movq	%rbx, %rsi
	movq	%rbp, %rdi
	xorl	%eax, %eax
	addq	$4, %rbx
	call	__isoc99_scanf@PLT
	cmpq	%rbx, %r12
	jne	.L16
	movl	12(%rsp), %eax
.L17:
	movl	20(%rsp), %esi
	cmpl	$1, %eax
	je	.L23
	leal	-1(%rax), %edx
	subl	$2, %eax
	leaq	arr.0(%rip), %rdi
	movslq	%edx, %rdx
	cltq
	movl	(%rdi,%rdx,4), %ecx
	movl	(%rdi,%rax,4), %eax
	subl	%ecx, %eax
	movl	%eax, %edx
	negl	%edx
	cmovs	%eax, %edx
	movl	%ecx, %eax
	subl	%esi, %eax
	movl	%eax, %ecx
	negl	%ecx
	cmovns	%ecx, %eax
	cmpl	%eax, %edx
	cmovl	%eax, %edx
.L18:
	xorl	%eax, %eax
	leaq	.LC2(%rip), %rsi
	movl	$1, %edi
	call	__printf_chk@PLT
	movq	24(%rsp), %rax
	subq	%fs:40, %rax
	jne	.L24
	addq	$32, %rsp
	.cfi_remember_state
	.cfi_def_cfa_offset 32
	xorl	%eax, %eax
	popq	%rbx
	.cfi_def_cfa_offset 24
	popq	%rbp
	.cfi_def_cfa_offset 16
	popq	%r12
	.cfi_def_cfa_offset 8
	ret
.L23:
	.cfi_restore_state
	movl	arr.0(%rip), %eax
	subl	%esi, %eax
	movl	%eax, %edx
	negl	%edx
	cmovs	%eax, %edx
	jmp	.L18
.L24:
	call	__stack_chk_fail@PLT
	.cfi_endproc
.LFE53:
	.size	main, .-main
	.local	arr.0
	.comm	arr.0,8000,32
	.ident	""GCC: (Ubuntu 11.4.0-1ubuntu1~22.04) 11.4.0""
	.section	.note.GNU-stack,"""",@progbits
	.section	.note.gnu.property,""a""
	.align 8
	.long	1f - 0f
	.long	4f - 1f
	.long	5
0:
	.string	""GNU""
1:
	.align 8
	.long	0xc0000002
	.long	3f - 2f
2:
	.long	0x3
3:
	.align 8
4:
```

Only output the optimized assembly code. Do not include any other text. Do not write any comments in the assembly code. Wrap the assembly code in ```assembly``` tags.
Optimized Assembly Code:
","Given the following C code, your task is to generate highly optimized x86-64 assembly code.
C Code:

```c
#include <stdio.h>
#include <string.h>
#include <stdlib.h>
#include <stdint.h> // int64_t

#define max(a,b) ((a) > (b) ? (a) : (b))
#define min(a,b) ((a) > (b) ? (b) : (a))

int get_int3(int *a1, int *a2, int *a3) {
  scanf(""%d %d %d"", a1, a2, a3);
  return 0;
}

// <arr[0]> <arr[1]> .. <arr[size-1]>
int fget_array(int *arr, int size) {
    int i;
    for(i = 0; i < size; i++) {
        scanf(""%d"", &arr[i]);
    }
    return 0;
}

#define NUM_MAX 2000
// 2048
#define INF ((1e+9)+1)

enum type {
    TURN_X,
    TURN_Y,
};

int main(void) {
    int num, xscore, yscore;
    get_int3(&num, &xscore, &yscore);
    static int arr[NUM_MAX];
    fget_array(arr, num);
    int ans = 0;
    if(num == 1) {
        ans = abs(arr[num-1]-yscore);
    } else {
        ans = max(abs(arr[num-1]-yscore), abs(arr[num-2]-arr[num-1]));
    }
    printf(""%d\n"", ans);
    return 0;
}```

Only output the optimized assembly code. Do not include any other text. Do not write any comments in the assembly code. Wrap the assembly code in ```assembly``` tags.
Optimized Assembly Code:
"
70,"```c
#include <stdio.h>
#include <string.h>
#include <stdlib.h>
#include <stdbool.h>
#include <math.h>

int f(int X){
    int s = 0;
    while(X > 0){
        s += X % 10;
        X /= 10;
    }
    return s;
}

int main(void){

    int N;

    scanf(""%d"", &N);

    if(N % f(N) == 0){
        printf(""Yes\n"");
    }else{
        printf(""No\n"");
    }

    return 0;
}```","[{""input"": ""112\n"", ""output"": ""Yes\n""}, {""input"": ""28\n"", ""output"": ""No\n""}, {""input"": ""21\n"", ""output"": ""Yes\n""}, {""input"": ""30\n"", ""output"": ""Yes\n""}, {""input"": ""224\n"", ""output"": ""Yes\n""}, {""input"": ""1\n"", ""output"": ""Yes\n""}, {""input"": ""295\n"", ""output"": ""No\n""}, {""input"": ""2\n"", ""output"": ""Yes\n""}, {""input"": ""56\n"", ""output"": ""No\n""}, {""input"": ""358\n"", ""output"": ""No\n""}, {""input"": ""3\n"", ""output"": ""Yes\n""}, {""input"": ""60\n"", ""output"": ""Yes\n""}, {""input"": ""133\n"", ""output"": ""Yes\n""}, {""input"": ""6\n"", ""output"": ""Yes\n""}, {""input"": ""67\n"", ""output"": ""No\n""}, {""input"": ""162\n"", ""output"": ""Yes\n""}, {""input"": ""8\n"", ""output"": ""Yes\n""}, {""input"": ""89\n"", ""output"": ""No\n""}, {""input"": ""190\n"", ""output"": ""Yes\n""}, {""input"": ""109\n"", ""output"": ""No\n""}, {""input"": ""171\n"", ""output"": ""Yes\n""}, {""input"": ""151\n"", ""output"": ""No\n""}, {""input"": ""294\n"", ""output"": ""No\n""}, {""input"": ""72\n"", ""output"": ""Yes\n""}, {""input"": ""375\n"", ""output"": ""Yes\n""}, {""input"": ""71\n"", ""output"": ""No\n""}, {""input"": ""65\n"", ""output"": ""No\n""}, {""input"": ""104\n"", ""output"": ""No\n""}, {""input"": ""33\n"", ""output"": ""No\n""}, {""input"": ""86\n"", ""output"": ""No\n""}, {""input"": ""51\n"", ""output"": ""No\n""}, {""input"": ""70\n"", ""output"": ""Yes\n""}, {""input"": ""85\n"", ""output"": ""No\n""}, {""input"": ""27\n"", ""output"": ""Yes\n""}, {""input"": ""155\n"", ""output"": ""No\n""}, {""input"": ""5\n"", ""output"": ""Yes\n""}, {""input"": ""284\n"", ""output"": ""No\n""}, {""input"": ""4\n"", ""output"": ""Yes\n""}, {""input"": ""246\n"", ""output"": ""No\n""}, {""input"": ""389\n"", ""output"": ""No\n""}, {""input"": ""561\n"", ""output"": ""No\n""}, {""input"": ""123\n"", ""output"": ""No\n""}, {""input"": ""68\n"", ""output"": ""No\n""}, {""input"": ""105\n"", ""output"": ""No\n""}, {""input"": ""265\n"", ""output"": ""No\n""}, {""input"": ""39\n"", ""output"": ""No\n""}, {""input"": ""10\n"", ""output"": ""Yes\n""}, {""input"": ""34\n"", ""output"": ""No\n""}, {""input"": ""29\n"", ""output"": ""No\n""}, {""input"": ""9\n"", ""output"": ""Yes\n""}, {""input"": ""18\n"", ""output"": ""Yes\n""}, {""input"": ""43\n"", ""output"": ""No\n""}, {""input"": ""101\n"", ""output"": ""No\n""}, {""input"": ""7\n"", ""output"": ""Yes\n""}, {""input"": ""548\n"", ""output"": ""No\n""}, {""input"": ""79\n"", ""output"": ""No\n""}, {""input"": ""310\n"", ""output"": ""No\n""}, {""input"": ""107\n"", ""output"": ""No\n""}, {""input"": ""14\n"", ""output"": ""No\n""}, {""input"": ""17\n"", ""output"": ""No\n""}, {""input"": ""78\n"", ""output"": ""No\n""}, {""input"": ""128\n"", ""output"": ""No\n""}, {""input"": ""11\n"", ""output"": ""No\n""}, {""input"": ""38\n"", ""output"": ""No\n""}, {""input"": ""87\n"", ""output"": ""No\n""}, {""input"": ""64\n"", ""output"": ""No\n""}, {""input"": ""263\n"", ""output"": ""No\n""}, {""input"": ""62\n"", ""output"": ""No\n""}, {""input"": ""117\n"", ""output"": ""Yes\n""}, {""input"": ""586\n"", ""output"": ""No\n""}, {""input"": ""114\n"", ""output"": ""Yes\n""}, {""input"": ""103\n"", ""output"": ""No\n""}, {""input"": ""96\n"", ""output"": ""No\n""}, {""input"": ""23\n"", ""output"": ""No\n""}, {""input"": ""69\n"", ""output"": ""No\n""}, {""input"": ""73\n"", ""output"": ""No\n""}, {""input"": ""22\n"", ""output"": ""No\n""}, {""input"": ""142\n"", ""output"": ""No\n""}, {""input"": ""50\n"", ""output"": ""Yes\n""}, {""input"": ""31\n"", ""output"": ""No\n""}, {""input"": ""13\n"", ""output"": ""No\n""}, {""input"": ""272\n"", ""output"": ""No\n""}, {""input"": ""287\n"", ""output"": ""No\n""}, {""input"": ""747\n"", ""output"": ""No\n""}, {""input"": ""95\n"", ""output"": ""No\n""}, {""input"": ""111\n"", ""output"": ""Yes\n""}, {""input"": ""206\n"", ""output"": ""No\n""}, {""input"": ""160\n"", ""output"": ""No\n""}, {""input"": ""25\n"", ""output"": ""No\n""}, {""input"": ""16\n"", ""output"": ""No\n""}, {""input"": ""59\n"", ""output"": ""No\n""}, {""input"": ""58\n"", ""output"": ""No\n""}, {""input"": ""24\n"", ""output"": ""Yes\n""}, {""input"": ""92\n"", ""output"": ""No\n""}, {""input"": ""15\n"", ""output"": ""No\n""}, {""input"": ""1075\n"", ""output"": ""No\n""}, {""input"": ""94\n"", ""output"": ""No\n""}, {""input"": ""172\n"", ""output"": ""No\n""}, {""input"": ""26\n"", ""output"": ""No\n""}, {""input"": ""47\n"", ""output"": ""No\n""}, {""input"": ""148\n"", ""output"": ""No\n""}, {""input"": ""12\n"", ""output"": ""Yes\n""}, {""input"": ""12\n"", ""output"": ""Yes\n""}, {""input"": ""57\n"", ""output"": ""No\n""}]","Given the following C code and assembly code, your task is to generate highly optimized x86-64 assembly code.
C Code:

```c
#include <stdio.h>
#include <string.h>
#include <stdlib.h>
#include <stdbool.h>
#include <math.h>

int f(int X){
    int s = 0;
    while(X > 0){
        s += X % 10;
        X /= 10;
    }
    return s;
}

int main(void){

    int N;

    scanf(""%d"", &N);

    if(N % f(N) == 0){
        printf(""Yes\n"");
    }else{
        printf(""No\n"");
    }

    return 0;
}```

Assembly Code:

```assembly
	.file	""temp.c""
	.text
	.p2align 4
	.globl	f
	.type	f, @function
f:
.LFB51:
	.cfi_startproc
	endbr64
	xorl	%r8d, %r8d
	testl	%edi, %edi
	jle	.L1
	movl	$3435973837, %esi
	.p2align 4,,10
	.p2align 3
.L3:
	movl	%edi, %eax
	movl	%edi, %ecx
	imulq	%rsi, %rax
	shrq	$35, %rax
	leal	(%rax,%rax,4), %edx
	addl	%edx, %edx
	subl	%edx, %ecx
	movl	%edi, %edx
	movl	%eax, %edi
	addl	%ecx, %r8d
	cmpl	$9, %edx
	jg	.L3
.L1:
	movl	%r8d, %eax
	ret
	.cfi_endproc
.LFE51:
	.size	f, .-f
	.section	.rodata.str1.1,""aMS"",@progbits,1
.LC0:
	.string	""%d""
.LC1:
	.string	""Yes""
.LC2:
	.string	""No""
	.section	.text.unlikely,""ax"",@progbits
.LCOLDB3:
	.section	.text.startup,""ax"",@progbits
.LHOTB3:
	.p2align 4
	.globl	main
	.type	main, @function
main:
.LFB52:
	.cfi_startproc
	endbr64
	subq	$24, %rsp
	.cfi_def_cfa_offset 32
	leaq	.LC0(%rip), %rdi
	movq	%fs:40, %rax
	movq	%rax, 8(%rsp)
	xorl	%eax, %eax
	leaq	4(%rsp), %rsi
	call	__isoc99_scanf@PLT
	movl	4(%rsp), %eax
	testl	%eax, %eax
	jle	.L8
	movl	%eax, %ecx
	xorl	%edi, %edi
	movl	$3435973837, %r9d
	.p2align 4,,10
	.p2align 3
.L9:
	movl	%ecx, %edx
	movl	%ecx, %r8d
	imulq	%r9, %rdx
	shrq	$35, %rdx
	leal	(%rdx,%rdx,4), %esi
	addl	%esi, %esi
	subl	%esi, %r8d
	movl	%ecx, %esi
	movl	%edx, %ecx
	addl	%r8d, %edi
	cmpl	$9, %esi
	jg	.L9
	cltd
	idivl	%edi
	testl	%edx, %edx
	je	.L16
	leaq	.LC2(%rip), %rdi
	call	puts@PLT
.L11:
	movq	8(%rsp), %rax
	subq	%fs:40, %rax
	jne	.L17
	xorl	%eax, %eax
	addq	$24, %rsp
	.cfi_remember_state
	.cfi_def_cfa_offset 8
	ret
.L16:
	.cfi_restore_state
	leaq	.LC1(%rip), %rdi
	call	puts@PLT
	jmp	.L11
.L17:
	call	__stack_chk_fail@PLT
	.cfi_endproc
	.section	.text.unlikely
	.cfi_startproc
	.type	main.cold, @function
main.cold:
.LFSB52:
.L8:
	.cfi_def_cfa_offset 32
	ud2
	.cfi_endproc
.LFE52:
	.section	.text.startup
	.size	main, .-main
	.section	.text.unlikely
	.size	main.cold, .-main.cold
.LCOLDE3:
	.section	.text.startup
.LHOTE3:
	.ident	""GCC: (Ubuntu 11.4.0-1ubuntu1~22.04) 11.4.0""
	.section	.note.GNU-stack,"""",@progbits
	.section	.note.gnu.property,""a""
	.align 8
	.long	1f - 0f
	.long	4f - 1f
	.long	5
0:
	.string	""GNU""
1:
	.align 8
	.long	0xc0000002
	.long	3f - 2f
2:
	.long	0x3
3:
	.align 8
4:
```

Only output the optimized assembly code. Do not include any other text. Do not write any comments in the assembly code. Wrap the assembly code in ```assembly``` tags.
Optimized Assembly Code:
","Given the following C code, your task is to generate highly optimized x86-64 assembly code.
C Code:

```c
#include <stdio.h>
#include <string.h>
#include <stdlib.h>
#include <stdbool.h>
#include <math.h>

int f(int X){
    int s = 0;
    while(X > 0){
        s += X % 10;
        X /= 10;
    }
    return s;
}

int main(void){

    int N;

    scanf(""%d"", &N);

    if(N % f(N) == 0){
        printf(""Yes\n"");
    }else{
        printf(""No\n"");
    }

    return 0;
}```

Only output the optimized assembly code. Do not include any other text. Do not write any comments in the assembly code. Wrap the assembly code in ```assembly``` tags.
Optimized Assembly Code:
"
71,"```c
#include <stdio.h>

int main(){
  int m;
  scanf(""%d"", &m);
  printf(""%d\n"", 48 - m);
  return 0;
}```","[{""input"": ""9\n"", ""output"": ""39\n""}, {""input"": ""34\n"", ""output"": ""14\n""}, {""input"": ""8\n"", ""output"": ""40\n""}, {""input"": ""25\n"", ""output"": ""23\n""}, {""input"": ""14\n"", ""output"": ""34\n""}, {""input"": ""49\n"", ""output"": ""-1\n""}, {""input"": ""0\n"", ""output"": ""48\n""}, {""input"": ""4\n"", ""output"": ""44\n""}, {""input"": ""-1\n"", ""output"": ""49\n""}, {""input"": ""1\n"", ""output"": ""47\n""}, {""input"": ""-2\n"", ""output"": ""50\n""}, {""input"": ""2\n"", ""output"": ""46\n""}, {""input"": ""-4\n"", ""output"": ""52\n""}, {""input"": ""3\n"", ""output"": ""45\n""}, {""input"": ""-5\n"", ""output"": ""53\n""}, {""input"": ""5\n"", ""output"": ""43\n""}, {""input"": ""-3\n"", ""output"": ""51\n""}, {""input"": ""-8\n"", ""output"": ""56\n""}, {""input"": ""-6\n"", ""output"": ""54\n""}, {""input"": ""-13\n"", ""output"": ""61\n""}, {""input"": ""-10\n"", ""output"": ""58\n""}, {""input"": ""-21\n"", ""output"": ""69\n""}, {""input"": ""-15\n"", ""output"": ""63\n""}, {""input"": ""-31\n"", ""output"": ""79\n""}, {""input"": ""-12\n"", ""output"": ""60\n""}, {""input"": ""-35\n"", ""output"": ""83\n""}, {""input"": ""-11\n"", ""output"": ""59\n""}, {""input"": ""6\n"", ""output"": ""42\n""}, {""input"": ""-20\n"", ""output"": ""68\n""}, {""input"": ""-16\n"", ""output"": ""64\n""}, {""input"": ""-7\n"", ""output"": ""55\n""}, {""input"": ""-19\n"", ""output"": ""67\n""}, {""input"": ""10\n"", ""output"": ""38\n""}, {""input"": ""-28\n"", ""output"": ""76\n""}, {""input"": ""7\n"", ""output"": ""41\n""}, {""input"": ""-36\n"", ""output"": ""84\n""}, {""input"": ""-9\n"", ""output"": ""57\n""}, {""input"": ""-18\n"", ""output"": ""66\n""}, {""input"": ""-26\n"", ""output"": ""74\n""}, {""input"": ""11\n"", ""output"": ""37\n""}, {""input"": ""-14\n"", ""output"": ""62\n""}, {""input"": ""15\n"", ""output"": ""33\n""}, {""input"": ""-27\n"", ""output"": ""75\n""}, {""input"": ""22\n"", ""output"": ""26\n""}, {""input"": ""17\n"", ""output"": ""31\n""}, {""input"": ""41\n"", ""output"": ""7\n""}, {""input"": ""24\n"", ""output"": ""24\n""}, {""input"": ""55\n"", ""output"": ""-7\n""}, {""input"": ""-29\n"", ""output"": ""77\n""}, {""input"": ""93\n"", ""output"": ""-45\n""}, {""input"": ""-41\n"", ""output"": ""89\n""}, {""input"": ""182\n"", ""output"": ""-134\n""}, {""input"": ""-81\n"", ""output"": ""129\n""}, {""input"": ""339\n"", ""output"": ""-291\n""}, {""input"": ""-117\n"", ""output"": ""165\n""}, {""input"": ""467\n"", ""output"": ""-419\n""}, {""input"": ""-155\n"", ""output"": ""203\n""}, {""input"": ""324\n"", ""output"": ""-276\n""}, {""input"": ""-263\n"", ""output"": ""311\n""}, {""input"": ""349\n"", ""output"": ""-301\n""}, {""input"": ""-414\n"", ""output"": ""462\n""}, {""input"": ""171\n"", ""output"": ""-123\n""}, {""input"": ""-356\n"", ""output"": ""404\n""}, {""input"": ""184\n"", ""output"": ""-136\n""}, {""input"": ""-111\n"", ""output"": ""159\n""}, {""input"": ""112\n"", ""output"": ""-64\n""}, {""input"": ""-145\n"", ""output"": ""193\n""}, {""input"": ""127\n"", ""output"": ""-79\n""}, {""input"": ""19\n"", ""output"": ""29\n""}, {""input"": ""94\n"", ""output"": ""-46\n""}, {""input"": ""16\n"", ""output"": ""32\n""}, {""input"": ""43\n"", ""output"": ""5\n""}, {""input"": ""32\n"", ""output"": ""16\n""}, {""input"": ""64\n"", ""output"": ""-16\n""}, {""input"": ""62\n"", ""output"": ""-14\n""}, {""input"": ""20\n"", ""output"": ""28\n""}, {""input"": ""-17\n"", ""output"": ""65\n""}, {""input"": ""13\n"", ""output"": ""35\n""}, {""input"": ""23\n"", ""output"": ""25\n""}, {""input"": ""31\n"", ""output"": ""17\n""}, {""input"": ""27\n"", ""output"": ""21\n""}, {""input"": ""46\n"", ""output"": ""2\n""}, {""input"": ""18\n"", ""output"": ""30\n""}, {""input"": ""70\n"", ""output"": ""-22\n""}, {""input"": ""50\n"", ""output"": ""-2\n""}, {""input"": ""138\n"", ""output"": ""-90\n""}, {""input"": ""39\n"", ""output"": ""9\n""}, {""input"": ""76\n"", ""output"": ""-28\n""}, {""input"": ""63\n"", ""output"": ""-15\n""}, {""input"": ""115\n"", ""output"": ""-67\n""}, {""input"": ""126\n"", ""output"": ""-78\n""}, {""input"": ""38\n"", ""output"": ""10\n""}, {""input"": ""52\n"", ""output"": ""-4\n""}, {""input"": ""-30\n"", ""output"": ""78\n""}, {""input"": ""44\n"", ""output"": ""4\n""}, {""input"": ""28\n"", ""output"": ""20\n""}, {""input"": ""30\n"", ""output"": ""18\n""}, {""input"": ""56\n"", ""output"": ""-8\n""}, {""input"": ""47\n"", ""output"": ""1\n""}, {""input"": ""73\n"", ""output"": ""-25\n""}, {""input"": ""12\n"", ""output"": ""36\n""}, {""input"": ""21\n"", ""output"": ""27\n""}, {""input"": ""21\n"", ""output"": ""27\n""}]","Given the following C code and assembly code, your task is to generate highly optimized x86-64 assembly code.
C Code:

```c
#include <stdio.h>

int main(){
  int m;
  scanf(""%d"", &m);
  printf(""%d\n"", 48 - m);
  return 0;
}```

Assembly Code:

```assembly
	.file	""temp.c""
	.text
	.section	.rodata.str1.1,""aMS"",@progbits,1
.LC0:
	.string	""%d""
.LC1:
	.string	""%d\n""
	.section	.text.startup,""ax"",@progbits
	.p2align 4
	.globl	main
	.type	main, @function
main:
.LFB23:
	.cfi_startproc
	endbr64
	subq	$24, %rsp
	.cfi_def_cfa_offset 32
	leaq	.LC0(%rip), %rdi
	movq	%fs:40, %rax
	movq	%rax, 8(%rsp)
	xorl	%eax, %eax
	leaq	4(%rsp), %rsi
	call	__isoc99_scanf@PLT
	movl	$48, %edx
	xorl	%eax, %eax
	subl	4(%rsp), %edx
	leaq	.LC1(%rip), %rsi
	movl	$1, %edi
	call	__printf_chk@PLT
	movq	8(%rsp), %rax
	subq	%fs:40, %rax
	jne	.L5
	xorl	%eax, %eax
	addq	$24, %rsp
	.cfi_remember_state
	.cfi_def_cfa_offset 8
	ret
.L5:
	.cfi_restore_state
	call	__stack_chk_fail@PLT
	.cfi_endproc
.LFE23:
	.size	main, .-main
	.ident	""GCC: (Ubuntu 11.4.0-1ubuntu1~22.04) 11.4.0""
	.section	.note.GNU-stack,"""",@progbits
	.section	.note.gnu.property,""a""
	.align 8
	.long	1f - 0f
	.long	4f - 1f
	.long	5
0:
	.string	""GNU""
1:
	.align 8
	.long	0xc0000002
	.long	3f - 2f
2:
	.long	0x3
3:
	.align 8
4:
```

Only output the optimized assembly code. Do not include any other text. Do not write any comments in the assembly code. Wrap the assembly code in ```assembly``` tags.
Optimized Assembly Code:
","Given the following C code, your task is to generate highly optimized x86-64 assembly code.
C Code:

```c
#include <stdio.h>

int main(){
  int m;
  scanf(""%d"", &m);
  printf(""%d\n"", 48 - m);
  return 0;
}```

Only output the optimized assembly code. Do not include any other text. Do not write any comments in the assembly code. Wrap the assembly code in ```assembly``` tags.
Optimized Assembly Code:
"
72,"```c
#include<stdio.h>

int main(void)
{
    int x[60], y[60];
    int n;
    int cnt = 0;
    int i;
    double ans;

    while(1){
        scanf(""%d"", &n);
        if(n == 0) break;
        for(i = 0; i < n; i++)
            scanf(""%d %d"", &x[i], &y[i]);

        x[n] = x[0]; y[n] = y[0];
        ans = 0;
        for(i = 0; i < n; i++)
            ans += (x[i+1] - x[i]) * (y[i+1] + y[i]);

        cnt++;
        printf(""%d %.1lf\n"", cnt, ans/2);
    }
    return 0;
}


```","[{""input"": ""3\n1 1\n3 4\n6 0\n\n7\n0 0\n10 10\n0 20\n10 33\n0 40\n100 40\n100 0\n\n0\n"", ""output"": ""1 8.5\n2 3800.0\n""}, {""input"": ""3\n1 1\n3 4\n6 0\n\n7\n0 0\n10 10\n0 20\n10 33\n0 40\n110 40\n100 0\n\n0\n"", ""output"": ""1 8.5\n2 4000.0\n""}, {""input"": ""3\n1 1\n3 4\n6 0\n\n7\n0 0\n10 10\n0 20\n10 30\n0 40\n100 40\n100 1\n\n0\n"", ""output"": ""1 8.5\n2 3750.0\n""}, {""input"": ""3\n1 1\n3 4\n6 0\n\n7\n0 0\n10 10\n0 20\n3 33\n0 40\n100 40\n100 0\n\n0\n"", ""output"": ""1 8.5\n2 3870.0\n""}, {""input"": ""3\n1 1\n3 1\n6 0\n\n7\n0 0\n10 10\n0 20\n10 30\n0 40\n100 40\n100 1\n\n0\n"", ""output"": ""1 1.0\n2 3750.0\n""}, {""input"": ""3\n1 1\n3 4\n6 0\n\n7\n1 0\n10 10\n0 20\n3 33\n0 40\n100 40\n100 0\n\n0\n"", ""output"": ""1 8.5\n2 3865.0\n""}, {""input"": ""3\n1 1\n3 4\n2 0\n\n7\n0 0\n10 15\n0 20\n10 33\n0 40\n110 40\n100 0\n\n0\n"", ""output"": ""1 2.5\n2 4000.0\n""}, {""input"": ""3\n1 1\n3 4\n6 0\n\n7\n1 -1\n10 10\n0 20\n3 33\n0 40\n100 40\n100 0\n\n0\n"", ""output"": ""1 8.5\n2 3910.0\n""}, {""input"": ""3\n1 1\n3 4\n2 0\n\n7\n0 0\n10 15\n0 20\n10 33\n0 40\n110 1\n100 0\n\n0\n"", ""output"": ""1 2.5\n2 2050.0\n""}, {""input"": ""3\n1 1\n3 4\n6 -1\n\n7\n1 -1\n10 10\n0 20\n3 33\n0 40\n100 40\n100 0\n\n0\n"", ""output"": ""1 9.5\n2 3910.0\n""}, {""input"": ""3\n1 1\n3 4\n6 -1\n\n7\n1 -1\n10 10\n0 28\n3 33\n0 40\n100 40\n100 0\n\n0\n"", ""output"": ""1 9.5\n2 3882.0\n""}, {""input"": ""3\n1 1\n3 4\n2 0\n\n7\n0 0\n10 15\n0 20\n9 32\n0 40\n110 1\n100 0\n\n0\n"", ""output"": ""1 2.5\n2 2060.0\n""}, {""input"": ""3\n1 1\n3 1\n0 0\n\n7\n0 0\n10 10\n0 33\n10 20\n0 40\n100 26\n100 1\n\n0\n"", ""output"": ""1 1.0\n2 3050.0\n""}, {""input"": ""3\n1 1\n3 4\n6 -1\n\n7\n1 -1\n10 10\n0 28\n3 33\n0 40\n100 40\n110 0\n\n0\n"", ""output"": ""1 9.5\n2 4087.0\n""}, {""input"": ""3\n1 1\n3 4\n2 0\n\n7\n0 0\n10 15\n-1 20\n9 32\n0 40\n110 1\n100 0\n\n0\n"", ""output"": ""1 2.5\n2 2068.5\n""}, {""input"": ""3\n1 1\n3 4\n6 -1\n\n7\n1 -1\n10 10\n0 28\n3 33\n0 40\n100 77\n110 0\n\n0\n"", ""output"": ""1 9.5\n2 6122.0\n""}, {""input"": ""3\n1 1\n3 4\n2 0\n\n7\n0 0\n10 15\n-1 4\n9 32\n0 40\n110 1\n100 0\n\n0\n"", ""output"": ""1 2.5\n2 2076.5\n""}, {""input"": ""3\n1 1\n3 1\n1 0\n\n7\n0 0\n10 10\n0 33\n10 20\n0 69\n100 26\n100 1\n\n0\n"", ""output"": ""1 1.0\n2 4355.0\n""}, {""input"": ""3\n1 1\n3 4\n6 0\n\n7\n1 -1\n10 10\n0 28\n3 33\n0 40\n100 77\n110 0\n\n0\n"", ""output"": ""1 8.5\n2 6122.0\n""}, {""input"": ""3\n1 2\n3 4\n2 0\n\n7\n0 0\n10 15\n-1 4\n9 32\n0 40\n110 1\n100 0\n\n0\n"", ""output"": ""1 3.0\n2 2076.5\n""}, {""input"": ""3\n1 1\n3 1\n1 0\n\n7\n0 0\n0 10\n0 33\n10 20\n0 69\n100 26\n100 1\n\n0\n"", ""output"": ""1 1.0\n2 4520.0\n""}, {""input"": ""3\n1 1\n3 4\n6 0\n\n7\n1 -1\n10 10\n0 28\n3 33\n0 41\n100 77\n110 0\n\n0\n"", ""output"": ""1 8.5\n2 6170.5\n""}, {""input"": ""3\n1 1\n3 4\n6 0\n\n7\n1 -1\n10 10\n0 28\n3 33\n0 41\n100 49\n110 0\n\n0\n"", ""output"": ""1 8.5\n2 4630.5\n""}, {""input"": ""3\n1 1\n3 1\n1 0\n\n7\n0 0\n0 10\n0 32\n10 4\n0 69\n100 26\n100 1\n\n0\n"", ""output"": ""1 1.0\n2 4515.0\n""}, {""input"": ""3\n1 1\n3 4\n6 0\n\n7\n1 -1\n10 10\n0 28\n3 33\n-1 41\n100 49\n110 0\n\n0\n"", ""output"": ""1 8.5\n2 4638.5\n""}, {""input"": ""3\n1 1\n3 1\n1 0\n\n7\n0 0\n0 10\n0 32\n10 4\n0 115\n100 26\n100 1\n\n0\n"", ""output"": ""1 1.0\n2 6585.0\n""}, {""input"": ""3\n1 1\n2 4\n6 0\n\n7\n1 -1\n10 10\n0 28\n3 33\n-1 41\n100 49\n110 0\n\n0\n"", ""output"": ""1 8.0\n2 4638.5\n""}, {""input"": ""3\n1 1\n2 4\n6 0\n\n7\n1 -2\n10 10\n0 28\n3 33\n-1 41\n100 49\n110 0\n\n0\n"", ""output"": ""1 8.0\n2 4688.5\n""}, {""input"": ""3\n1 1\n2 4\n6 0\n\n7\n2 -2\n10 10\n0 28\n3 33\n-1 41\n100 49\n110 0\n\n0\n"", ""output"": ""1 8.0\n2 4683.5\n""}, {""input"": ""3\n2 1\n2 4\n6 0\n\n7\n2 -2\n10 10\n0 28\n3 33\n-1 41\n100 49\n110 0\n\n0\n"", ""output"": ""1 6.0\n2 4683.5\n""}, {""input"": ""3\n2 1\n2 4\n6 0\n\n7\n2 -2\n0 10\n0 28\n3 33\n-1 41\n100 49\n110 0\n\n0\n"", ""output"": ""1 6.0\n2 4833.5\n""}, {""input"": ""3\n2 1\n2 4\n6 0\n\n7\n2 -2\n0 10\n0 28\n3 33\n-2 41\n100 49\n110 0\n\n0\n"", ""output"": ""1 6.0\n2 4841.5\n""}, {""input"": ""3\n2 1\n2 4\n6 0\n\n7\n2 -2\n0 14\n0 28\n3 33\n-2 41\n100 49\n110 0\n\n0\n"", ""output"": ""1 6.0\n2 4837.5\n""}, {""input"": ""3\n2 1\n2 4\n4 0\n\n7\n2 -2\n0 14\n0 28\n3 33\n-2 41\n100 49\n110 0\n\n0\n"", ""output"": ""1 3.0\n2 4837.5\n""}, {""input"": ""3\n2 1\n2 1\n4 0\n\n7\n2 -2\n0 14\n0 28\n3 33\n-2 41\n100 49\n110 0\n\n0\n"", ""output"": ""1 0.0\n2 4837.5\n""}, {""input"": ""3\n1 1\n3 4\n6 0\n\n7\n0 0\n10 10\n0 20\n10 33\n-1 40\n100 40\n100 0\n\n0\n"", ""output"": ""1 8.5\n2 3803.5\n""}, {""input"": ""3\n1 1\n3 5\n6 0\n\n7\n0 0\n10 10\n0 20\n3 33\n0 40\n100 40\n100 0\n\n0\n"", ""output"": ""1 11.0\n2 3870.0\n""}, {""input"": ""3\n1 1\n3 4\n6 0\n\n7\n0 0\n10 15\n0 20\n10 33\n0 40\n110 17\n100 0\n\n0\n"", ""output"": ""1 8.5\n2 2850.0\n""}, {""input"": ""3\n1 1\n3 8\n6 0\n\n7\n1 0\n10 10\n0 20\n3 33\n0 40\n100 40\n100 0\n\n0\n"", ""output"": ""1 18.5\n2 3865.0\n""}, {""input"": ""3\n1 1\n3 1\n6 0\n\n7\n0 0\n10 10\n0 33\n10 30\n0 40\n000 40\n100 1\n\n0\n"", ""output"": ""1 1.0\n2 1800.0\n""}, {""input"": ""3\n1 1\n3 4\n6 0\n\n7\n1 -1\n10 10\n0 20\n3 33\n0 40\n110 40\n100 0\n\n0\n"", ""output"": ""1 8.5\n2 4110.0\n""}, {""input"": ""3\n1 1\n3 1\n0 0\n\n7\n0 0\n10 10\n0 33\n10 30\n0 40\n101 40\n100 1\n\n0\n"", ""output"": ""1 1.0\n2 3769.5\n""}, {""input"": ""3\n1 1\n3 4\n6 -1\n\n7\n1 -1\n10 10\n-1 20\n3 33\n0 40\n100 40\n100 0\n\n0\n"", ""output"": ""1 9.5\n2 3921.5\n""}, {""input"": ""3\n1 1\n3 4\n2 0\n\n7\n0 0\n10 15\n0 20\n10 32\n0 40\n111 1\n100 0\n\n0\n"", ""output"": ""1 2.5\n2 2070.0\n""}, {""input"": ""3\n1 1\n3 4\n6 -1\n\n7\n1 -1\n10 10\n0 28\n3 33\n0 62\n100 40\n100 0\n\n0\n"", ""output"": ""1 9.5\n2 4949.0\n""}, {""input"": ""3\n0 1\n3 4\n2 0\n\n7\n0 0\n10 15\n0 20\n9 32\n0 40\n110 1\n100 0\n\n0\n"", ""output"": ""1 4.5\n2 2060.0\n""}, {""input"": ""3\n1 1\n3 4\n6 -1\n\n7\n1 -1\n10 10\n0 28\n4 33\n0 40\n100 40\n110 0\n\n0\n"", ""output"": ""1 9.5\n2 4081.0\n""}, {""input"": ""3\n1 1\n3 4\n2 0\n\n7\n0 0\n10 15\n-1 20\n16 32\n0 40\n110 1\n100 0\n\n0\n"", ""output"": ""1 2.5\n2 1998.5\n""}, {""input"": ""3\n1 1\n3 1\n1 0\n\n7\n0 0\n9 10\n0 33\n10 20\n0 40\n100 26\n100 1\n\n0\n"", ""output"": ""1 1.0\n2 3066.5\n""}, {""input"": ""3\n1 1\n3 4\n6 -1\n\n7\n1 -1\n10 10\n0 28\n3 33\n0 58\n100 77\n110 0\n\n0\n"", ""output"": ""1 9.5\n2 6995.0\n""}, {""input"": ""3\n1 1\n3 4\n2 0\n\n7\n0 0\n10 15\n-1 4\n9 32\n0 40\n110 1\n101 0\n\n0\n"", ""output"": ""1 2.5\n2 2077.0\n""}, {""input"": ""3\n1 0\n3 1\n1 0\n\n7\n0 0\n10 10\n0 33\n10 20\n0 69\n100 26\n100 1\n\n0\n"", ""output"": ""1 0.0\n2 4355.0\n""}, {""input"": ""3\n1 1\n3 4\n6 0\n\n7\n1 -1\n10 10\n0 28\n3 33\n0 40\n101 77\n110 0\n\n0\n"", ""output"": ""1 8.5\n2 6142.0\n""}, {""input"": ""3\n1 2\n3 4\n1 0\n\n7\n0 0\n10 15\n-1 4\n9 32\n0 40\n110 1\n100 0\n\n0\n"", ""output"": ""1 2.0\n2 2076.5\n""}, {""input"": ""3\n1 1\n3 1\n1 0\n\n7\n0 0\n0 10\n0 33\n10 20\n1 69\n100 26\n100 1\n\n0\n"", ""output"": ""1 1.0\n2 4517.0\n""}, {""input"": ""3\n1 1\n3 4\n6 0\n\n7\n1 -1\n10 9\n0 28\n3 33\n0 41\n100 77\n110 0\n\n0\n"", ""output"": ""1 8.5\n2 6171.0\n""}, {""input"": ""3\n1 1\n3 1\n1 0\n\n7\n0 0\n0 10\n0 33\n10 4\n0 69\n100 41\n100 1\n\n0\n"", ""output"": ""1 1.0\n2 5270.0\n""}, {""input"": ""3\n1 1\n3 4\n6 0\n\n7\n0 -1\n10 10\n0 28\n3 33\n0 41\n100 49\n110 0\n\n0\n"", ""output"": ""1 8.5\n2 4635.5\n""}, {""input"": ""3\n1 1\n3 4\n2 0\n\n7\n1 -1\n10 10\n0 28\n3 33\n-1 41\n100 49\n110 0\n\n0\n"", ""output"": ""1 2.5\n2 4638.5\n""}, {""input"": ""3\n1 2\n3 1\n1 0\n\n7\n0 0\n0 10\n0 32\n10 4\n0 115\n100 26\n100 1\n\n0\n"", ""output"": ""1 2.0\n2 6585.0\n""}, {""input"": ""3\n1 1\n2 4\n6 0\n\n7\n1 -1\n10 10\n0 28\n3 33\n-1 41\n100 49\n100 0\n\n0\n"", ""output"": ""1 8.0\n2 4388.5\n""}, {""input"": ""3\n1 1\n2 3\n6 0\n\n7\n1 -2\n10 10\n0 28\n3 33\n-1 41\n100 49\n110 0\n\n0\n"", ""output"": ""1 5.5\n2 4688.5\n""}, {""input"": ""3\n1 1\n2 4\n6 0\n\n0\n2 -2\n10 10\n0 28\n3 33\n-1 41\n100 49\n110 0\n\n0\n"", ""output"": ""1 8.0\n""}, {""input"": ""3\n2 1\n2 4\n8 0\n\n7\n2 -2\n10 10\n0 28\n3 33\n-1 41\n100 49\n110 0\n\n0\n"", ""output"": ""1 9.0\n2 4683.5\n""}, {""input"": ""3\n2 1\n2 4\n6 0\n\n7\n2 -2\n0 10\n0 10\n3 33\n-1 41\n100 49\n110 0\n\n0\n"", ""output"": ""1 6.0\n2 4806.5\n""}, {""input"": ""3\n2 1\n2 4\n6 0\n\n7\n2 -2\n0 9\n0 28\n3 33\n-2 41\n100 49\n110 0\n\n0\n"", ""output"": ""1 6.0\n2 4842.5\n""}, {""input"": ""3\n2 1\n2 4\n11 0\n\n7\n2 -2\n0 14\n0 28\n3 33\n-2 41\n100 49\n110 0\n\n0\n"", ""output"": ""1 13.5\n2 4837.5\n""}, {""input"": ""3\n2 1\n2 4\n4 0\n\n7\n2 -2\n1 14\n0 28\n3 33\n-2 41\n100 49\n110 0\n\n0\n"", ""output"": ""1 3.0\n2 4822.5\n""}, {""input"": ""3\n1 1\n3 5\n6 0\n\n7\n0 0\n10 10\n0 20\n10 38\n0 40\n100 40\n100 0\n\n0\n"", ""output"": ""1 11.0\n2 3800.0\n""}, {""input"": ""3\n1 0\n3 4\n6 0\n\n7\n0 0\n10 10\n0 20\n10 33\n-1 40\n100 40\n100 0\n\n0\n"", ""output"": ""1 10.0\n2 3803.5\n""}, {""input"": ""3\n1 1\n3 4\n6 0\n\n7\n0 -1\n10 10\n0 20\n10 32\n0 40\n100 40\n100 1\n\n0\n"", ""output"": ""1 8.5\n2 3795.0\n""}, {""input"": ""3\n1 1\n3 3\n6 0\n\n7\n0 0\n10 10\n0 20\n3 33\n0 40\n100 40\n100 0\n\n0\n"", ""output"": ""1 6.0\n2 3870.0\n""}, {""input"": ""3\n1 1\n3 4\n6 0\n\n7\n0 0\n10 15\n0 20\n10 33\n0 40\n110 10\n100 0\n\n0\n"", ""output"": ""1 8.5\n2 2500.0\n""}, {""input"": ""3\n1 1\n3 8\n6 0\n\n7\n1 0\n10 10\n0 20\n3 33\n0 40\n000 40\n100 0\n\n0\n"", ""output"": ""1 18.5\n2 1865.0\n""}, {""input"": ""3\n2 1\n3 1\n6 0\n\n7\n0 0\n10 10\n0 33\n10 30\n0 40\n000 40\n100 1\n\n0\n"", ""output"": ""1 0.5\n2 1800.0\n""}, {""input"": ""3\n1 1\n3 4\n6 -1\n\n7\n1 -1\n10 10\n-1 20\n3 33\n0 70\n100 40\n100 0\n\n0\n"", ""output"": ""1 9.5\n2 5376.5\n""}, {""input"": ""3\n1 1\n3 4\n2 0\n\n7\n0 0\n10 15\n0 20\n10 32\n0 67\n111 1\n100 0\n\n0\n"", ""output"": ""1 2.5\n2 3433.5\n""}, {""input"": ""3\n1 1\n3 4\n6 -1\n\n7\n1 -1\n10 15\n0 28\n3 33\n0 62\n100 40\n100 0\n\n0\n"", ""output"": ""1 9.5\n2 4946.5\n""}, {""input"": ""3\n1 1\n3 1\n0 0\n\n7\n0 0\n10 1\n0 33\n10 20\n0 40\n100 26\n101 1\n\n0\n"", ""output"": ""1 1.0\n2 3063.0\n""}, {""input"": ""3\n1 1\n3 4\n6 -1\n\n7\n1 -1\n10 2\n0 28\n4 33\n0 40\n100 40\n110 0\n\n0\n"", ""output"": ""1 9.5\n2 4085.0\n""}, {""input"": ""3\n1 1\n3 4\n2 0\n\n7\n0 0\n10 15\n-1 20\n16 32\n-1 40\n110 1\n100 0\n\n0\n"", ""output"": ""1 2.5\n2 1983.0\n""}, {""input"": ""3\n1 1\n0 4\n6 -1\n\n7\n1 -1\n10 10\n0 28\n3 33\n0 58\n100 77\n110 0\n\n0\n"", ""output"": ""1 6.5\n2 6995.0\n""}, {""input"": ""3\n1 1\n3 4\n2 0\n\n7\n0 0\n10 15\n-1 4\n9 32\n0 40\n110 2\n101 0\n\n0\n"", ""output"": ""1 2.5\n2 2127.5\n""}, {""input"": ""3\n1 1\n3 4\n6 1\n\n7\n1 -1\n10 9\n0 28\n3 33\n0 41\n100 77\n110 0\n\n0\n"", ""output"": ""1 7.5\n2 6171.0\n""}, {""input"": ""3\n1 1\n3 4\n8 0\n\n7\n0 -1\n10 10\n0 28\n3 33\n0 41\n100 49\n110 0\n\n0\n"", ""output"": ""1 11.5\n2 4635.5\n""}, {""input"": ""3\n1 1\n3 1\n1 0\n\n7\n0 0\n0 10\n0 32\n9 2\n0 69\n100 26\n100 1\n\n0\n"", ""output"": ""1 1.0\n2 4533.5\n""}, {""input"": ""3\n1 1\n3 4\n2 0\n\n7\n1 -1\n10 10\n0 28\n3 33\n-1 41\n100 49\n111 0\n\n0\n"", ""output"": ""1 2.5\n2 4663.5\n""}, {""input"": ""3\n1 1\n2 4\n6 0\n\n7\n2 -1\n10 10\n0 28\n3 33\n-1 41\n100 49\n100 0\n\n0\n"", ""output"": ""1 8.0\n2 4383.5\n""}, {""input"": ""3\n2 1\n2 4\n8 0\n\n7\n2 -2\n10 10\n0 28\n3 33\n-1 41\n100 63\n110 0\n\n0\n"", ""output"": ""1 9.0\n2 5460.5\n""}, {""input"": ""3\n2 1\n2 4\n6 0\n\n7\n2 -2\n0 10\n0 10\n3 33\n-1 41\n100 38\n110 0\n\n0\n"", ""output"": ""1 6.0\n2 4196.0\n""}, {""input"": ""3\n2 1\n2 4\n11 0\n\n7\n2 -2\n0 16\n0 28\n3 33\n-2 41\n100 49\n110 0\n\n0\n"", ""output"": ""1 13.5\n2 4835.5\n""}, {""input"": ""3\n2 1\n2 4\n4 0\n\n7\n2 -2\n1 14\n0 28\n3 33\n-1 41\n100 49\n110 0\n\n0\n"", ""output"": ""1 3.0\n2 4814.5\n""}, {""input"": ""3\n1 1\n3 5\n6 0\n\n7\n0 0\n10 10\n-1 20\n10 38\n0 40\n100 40\n100 0\n\n0\n"", ""output"": ""1 11.0\n2 3814.0\n""}, {""input"": ""3\n1 0\n3 4\n6 0\n\n7\n0 0\n10 10\n0 20\n10 33\n0 40\n100 40\n100 0\n\n0\n"", ""output"": ""1 10.0\n2 3800.0\n""}, {""input"": ""3\n1 1\n3 4\n6 0\n\n7\n0 -1\n6 10\n0 20\n10 32\n0 40\n100 40\n100 1\n\n0\n"", ""output"": ""1 8.5\n2 3837.0\n""}, {""input"": ""3\n2 1\n3 4\n6 0\n\n7\n0 0\n10 15\n0 20\n10 33\n0 40\n110 10\n100 0\n\n0\n"", ""output"": ""1 6.5\n2 2500.0\n""}, {""input"": ""3\n1 1\n3 8\n6 0\n\n7\n1 0\n15 10\n0 20\n3 33\n0 40\n000 40\n100 0\n\n0\n"", ""output"": ""1 18.5\n2 1815.0\n""}, {""input"": ""3\n2 0\n3 1\n6 0\n\n7\n0 0\n10 10\n0 33\n10 30\n0 40\n000 40\n100 1\n\n0\n"", ""output"": ""1 2.0\n2 1800.0\n""}, {""input"": ""3\n1 1\n3 1\n0 0\n\n7\n0 0\n10 10\n0 33\n10 17\n1 40\n101 40\n100 1\n\n0\n"", ""output"": ""1 1.0\n2 3758.0\n""}, {""input"": ""3\n1 1\n3 4\n6 -1\n\n7\n1 -1\n10 10\n-1 20\n3 33\n0 70\n100 40\n100 -1\n\n0\n"", ""output"": ""1 9.5\n2 5426.0\n""}, {""input"": ""3\n1 1\n3 4\n6 0\n\n7\n0 0\n10 10\n0 20\n10 30\n0 40\n100 40\n100 0\n\n0\n"", ""output"": ""1 8.5\n2 3800.0\n""}, {""input"": ""3\n1 1\n3 4\n6 0\n\n7\n0 0\n10 10\n0 20\n10 30\n0 40\n100 40\n100 0\n\n0\n"", ""output"": ""1 8.5\n2 3800.0\n""}]","Given the following C code and assembly code, your task is to generate highly optimized x86-64 assembly code.
C Code:

```c
#include<stdio.h>

int main(void)
{
    int x[60], y[60];
    int n;
    int cnt = 0;
    int i;
    double ans;

    while(1){
        scanf(""%d"", &n);
        if(n == 0) break;
        for(i = 0; i < n; i++)
            scanf(""%d %d"", &x[i], &y[i]);

        x[n] = x[0]; y[n] = y[0];
        ans = 0;
        for(i = 0; i < n; i++)
            ans += (x[i+1] - x[i]) * (y[i+1] + y[i]);

        cnt++;
        printf(""%d %.1lf\n"", cnt, ans/2);
    }
    return 0;
}


```

Assembly Code:

```assembly
	.file	""temp.c""
	.text
	.section	.rodata.str1.1,""aMS"",@progbits,1
.LC1:
	.string	""%d""
.LC2:
	.string	""%d %d""
.LC4:
	.string	""%d %.1lf\n""
	.section	.text.startup,""ax"",@progbits
	.p2align 4
	.globl	main
	.type	main, @function
main:
.LFB23:
	.cfi_startproc
	endbr64
	pushq	%r15
	.cfi_def_cfa_offset 16
	.cfi_offset 15, -16
	pushq	%r14
	.cfi_def_cfa_offset 24
	.cfi_offset 14, -24
	pushq	%r13
	.cfi_def_cfa_offset 32
	.cfi_offset 13, -32
	pushq	%r12
	.cfi_def_cfa_offset 40
	.cfi_offset 12, -40
	pushq	%rbp
	.cfi_def_cfa_offset 48
	.cfi_offset 6, -48
	xorl	%ebp, %ebp
	pushq	%rbx
	.cfi_def_cfa_offset 56
	.cfi_offset 3, -56
	leaq	.LC2(%rip), %rbx
	subq	$536, %rsp
	.cfi_def_cfa_offset 592
	movq	%fs:40, %rax
	movq	%rax, 520(%rsp)
	xorl	%eax, %eax
	leaq	28(%rsp), %rax
	movq	%rax, 8(%rsp)
	.p2align 4,,10
	.p2align 3
.L9:
	movq	8(%rsp), %rsi
	leaq	.LC1(%rip), %rdi
	xorl	%eax, %eax
	call	__isoc99_scanf@PLT
	movslq	28(%rsp), %rax
	testl	%eax, %eax
	je	.L2
	jle	.L3
	leaq	32(%rsp), %r15
	xorl	%r12d, %r12d
	leaq	272(%rsp), %r14
	movq	%r15, %r13
	.p2align 4,,10
	.p2align 3
.L4:
	movq	%r13, %rsi
	leaq	(%r14,%r12,4), %rdx
	movq	%rbx, %rdi
	xorl	%eax, %eax
	call	__isoc99_scanf@PLT
	movl	28(%rsp), %esi
	addq	$1, %r12
	addq	$4, %r13
	cmpl	%r12d, %esi
	jg	.L4
	movl	32(%rsp), %r8d
	movl	272(%rsp), %edx
	movslq	%esi, %rax
	movl	%r8d, 32(%rsp,%rax,4)
	movl	%edx, 272(%rsp,%rax,4)
	testl	%esi, %esi
	jle	.L11
	cmpl	$2, %esi
	jle	.L12
	leal	-3(%rsi), %eax
	movl	272(%rsp), %edi
	movl	$2, %edx
	pxor	%xmm0, %xmm0
	shrl	%eax
	leal	2(%rax), %r9d
	addq	%r9, %r9
.L7:
	movl	-4(%r15,%rdx,4), %r10d
	addl	-4(%r14,%rdx,4), %edi
	pxor	%xmm1, %xmm1
	movl	-4(%r14,%rdx,4), %ecx
	movl	%r10d, %eax
	subl	%r8d, %eax
	movl	(%r15,%rdx,4), %r8d
	imull	%eax, %edi
	movslq	%edx, %rax
	movl	%r8d, %r11d
	subl	%r10d, %r11d
	cvtsi2sdl	%edi, %xmm1
	movl	(%r14,%rdx,4), %edi
	addq	$2, %rdx
	addl	%edi, %ecx
	imull	%r11d, %ecx
	addsd	%xmm1, %xmm0
	pxor	%xmm1, %xmm1
	cvtsi2sdl	%ecx, %xmm1
	addsd	%xmm1, %xmm0
	cmpq	%r9, %rdx
	jne	.L7
	.p2align 4,,10
	.p2align 3
.L8:
	movl	4(%r14,%rax,4), %edx
	movl	4(%r15,%rax,4), %ecx
	pxor	%xmm1, %xmm1
	addl	(%r14,%rax,4), %edx
	subl	(%r15,%rax,4), %ecx
	addq	$1, %rax
	imull	%ecx, %edx
	cvtsi2sdl	%edx, %xmm1
	addsd	%xmm1, %xmm0
	cmpl	%eax, %esi
	jg	.L8
	mulsd	.LC3(%rip), %xmm0
.L5:
	addl	$1, %ebp
	movl	$1, %edi
	movl	$1, %eax
	movl	%ebp, %edx
	leaq	.LC4(%rip), %rsi
	call	__printf_chk@PLT
	jmp	.L9
	.p2align 4,,10
	.p2align 3
.L2:
	movq	520(%rsp), %rax
	subq	%fs:40, %rax
	jne	.L19
	addq	$536, %rsp
	.cfi_remember_state
	.cfi_def_cfa_offset 56
	xorl	%eax, %eax
	popq	%rbx
	.cfi_def_cfa_offset 48
	popq	%rbp
	.cfi_def_cfa_offset 40
	popq	%r12
	.cfi_def_cfa_offset 32
	popq	%r13
	.cfi_def_cfa_offset 24
	popq	%r14
	.cfi_def_cfa_offset 16
	popq	%r15
	.cfi_def_cfa_offset 8
	ret
	.p2align 4,,10
	.p2align 3
.L3:
	.cfi_restore_state
	movl	32(%rsp), %edx
	pxor	%xmm0, %xmm0
	movl	%edx, 32(%rsp,%rax,4)
	movl	272(%rsp), %edx
	movl	%edx, 272(%rsp,%rax,4)
	jmp	.L5
.L12:
	pxor	%xmm0, %xmm0
	xorl	%eax, %eax
	jmp	.L8
.L11:
	pxor	%xmm0, %xmm0
	jmp	.L5
.L19:
	call	__stack_chk_fail@PLT
	.cfi_endproc
.LFE23:
	.size	main, .-main
	.section	.rodata.cst8,""aM"",@progbits,8
	.align 8
.LC3:
	.long	0
	.long	1071644672
	.ident	""GCC: (Ubuntu 11.4.0-1ubuntu1~22.04) 11.4.0""
	.section	.note.GNU-stack,"""",@progbits
	.section	.note.gnu.property,""a""
	.align 8
	.long	1f - 0f
	.long	4f - 1f
	.long	5
0:
	.string	""GNU""
1:
	.align 8
	.long	0xc0000002
	.long	3f - 2f
2:
	.long	0x3
3:
	.align 8
4:
```

Only output the optimized assembly code. Do not include any other text. Do not write any comments in the assembly code. Wrap the assembly code in ```assembly``` tags.
Optimized Assembly Code:
","Given the following C code, your task is to generate highly optimized x86-64 assembly code.
C Code:

```c
#include<stdio.h>

int main(void)
{
    int x[60], y[60];
    int n;
    int cnt = 0;
    int i;
    double ans;

    while(1){
        scanf(""%d"", &n);
        if(n == 0) break;
        for(i = 0; i < n; i++)
            scanf(""%d %d"", &x[i], &y[i]);

        x[n] = x[0]; y[n] = y[0];
        ans = 0;
        for(i = 0; i < n; i++)
            ans += (x[i+1] - x[i]) * (y[i+1] + y[i]);

        cnt++;
        printf(""%d %.1lf\n"", cnt, ans/2);
    }
    return 0;
}


```

Only output the optimized assembly code. Do not include any other text. Do not write any comments in the assembly code. Wrap the assembly code in ```assembly``` tags.
Optimized Assembly Code:
"
73,"```c
#include <stdio.h>
#include <string.h>
#include <math.h>
#include <stdlib.h>

struct tuple {
    int x;
    int y;
};

int asc(const void *a, const void *b) {
    return ((struct tuple *)a)->y - ((struct tuple *)b)->y;
}


int main(void){
    int N;
    int x,l;
    scanf(""%d"", &N);
    struct tuple A[1000000+10];
    for (int i = 0; i < N; i++) {
        scanf(""%d %d"", &x, &l);
        A[i].x = x - l;
        A[i].y = x + l;
    }
    qsort(A,N,sizeof (struct tuple), asc);
    int now = -1100000000;
    int cnt = 0;
    for (int i = 0; i < N; i++) {
        if (now <= A[i].x) {
            now = A[i].y;
            cnt++;
        }
    }
    printf(""%d\n"",cnt);
}
```","[{""input"": ""5\n10 1\n2 2\n4 1\n6 1\n8 1\n"", ""output"": ""4\n""}, {""input"": ""2\n8 20\n1 13\n"", ""output"": ""1\n""}, {""input"": ""4\n2 4\n4 3\n14 3\n100 5\n"", ""output"": ""3\n""}, {""input"": ""4\n4 16\n4 3\n6 2\n101 5\n"", ""output"": ""2\n""}, {""input"": ""5\n18 1\n2 1\n4 1\n6 1\n8 1\n"", ""output"": ""5\n""}, {""input"": ""5\n10 1\n2 2\n4 1\n6 1\n8 2\n"", ""output"": ""3\n""}, {""input"": ""2\n12 20\n1 13\n"", ""output"": ""1\n""}, {""input"": ""4\n4 4\n4 3\n14 3\n100 5\n"", ""output"": ""3\n""}, {""input"": ""2\n12 14\n1 13\n"", ""output"": ""1\n""}, {""input"": ""4\n4 4\n4 3\n28 3\n100 5\n"", ""output"": ""3\n""}, {""input"": ""2\n12 14\n1 10\n"", ""output"": ""1\n""}, {""input"": ""4\n4 4\n4 3\n28 3\n101 5\n"", ""output"": ""3\n""}, {""input"": ""2\n16 14\n1 10\n"", ""output"": ""1\n""}, {""input"": ""4\n4 8\n4 3\n28 3\n101 5\n"", ""output"": ""3\n""}, {""input"": ""4\n4 16\n4 3\n28 3\n101 5\n"", ""output"": ""3\n""}, {""input"": ""4\n4 16\n4 3\n28 2\n101 5\n"", ""output"": ""3\n""}, {""input"": ""4\n4 16\n4 3\n6 2\n100 5\n"", ""output"": ""2\n""}, {""input"": ""4\n4 16\n4 2\n6 2\n100 5\n"", ""output"": ""2\n""}, {""input"": ""4\n4 16\n8 2\n6 2\n100 5\n"", ""output"": ""2\n""}, {""input"": ""4\n4 32\n8 2\n6 2\n100 5\n"", ""output"": ""2\n""}, {""input"": ""4\n4 32\n8 2\n6 2\n101 5\n"", ""output"": ""2\n""}, {""input"": ""4\n4 32\n8 2\n6 2\n101 4\n"", ""output"": ""2\n""}, {""input"": ""4\n4 32\n8 3\n6 2\n101 4\n"", ""output"": ""2\n""}, {""input"": ""4\n4 32\n8 3\n1 2\n101 4\n"", ""output"": ""3\n""}, {""input"": ""4\n4 32\n8 4\n1 2\n101 4\n"", ""output"": ""3\n""}, {""input"": ""4\n4 32\n8 4\n1 2\n001 4\n"", ""output"": ""2\n""}, {""input"": ""4\n4 32\n8 4\n2 2\n001 4\n"", ""output"": ""2\n""}, {""input"": ""4\n4 57\n8 4\n2 2\n001 4\n"", ""output"": ""2\n""}, {""input"": ""4\n4 80\n8 4\n2 2\n001 4\n"", ""output"": ""2\n""}, {""input"": ""4\n4 80\n2 4\n2 2\n001 4\n"", ""output"": ""1\n""}, {""input"": ""4\n4 80\n2 1\n2 2\n001 4\n"", ""output"": ""1\n""}, {""input"": ""4\n4 80\n0 1\n2 2\n001 4\n"", ""output"": ""1\n""}, {""input"": ""4\n4 80\n0 1\n2 4\n001 4\n"", ""output"": ""1\n""}, {""input"": ""2\n8 40\n1 10\n"", ""output"": ""1\n""}, {""input"": ""4\n2 4\n4 5\n9 3\n100 5\n"", ""output"": ""3\n""}, {""input"": ""2\n3 20\n1 13\n"", ""output"": ""1\n""}, {""input"": ""4\n2 6\n4 3\n14 3\n100 5\n"", ""output"": ""3\n""}, {""input"": ""5\n10 1\n2 2\n0 1\n6 1\n8 2\n"", ""output"": ""3\n""}, {""input"": ""2\n12 20\n1 6\n"", ""output"": ""1\n""}, {""input"": ""4\n4 4\n4 3\n12 3\n100 5\n"", ""output"": ""3\n""}, {""input"": ""2\n12 27\n1 13\n"", ""output"": ""1\n""}, {""input"": ""4\n4 4\n4 3\n47 3\n100 5\n"", ""output"": ""3\n""}, {""input"": ""2\n12 14\n0 10\n"", ""output"": ""1\n""}, {""input"": ""4\n4 4\n4 6\n28 3\n101 5\n"", ""output"": ""3\n""}, {""input"": ""2\n16 14\n0 10\n"", ""output"": ""1\n""}, {""input"": ""4\n4 8\n4 3\n28 6\n101 5\n"", ""output"": ""3\n""}, {""input"": ""4\n4 16\n4 3\n28 2\n101 10\n"", ""output"": ""3\n""}, {""input"": ""4\n4 16\n8 3\n6 2\n101 5\n"", ""output"": ""2\n""}, {""input"": ""4\n4 16\n4 3\n6 2\n100 3\n"", ""output"": ""2\n""}, {""input"": ""4\n2 16\n4 2\n6 2\n100 5\n"", ""output"": ""2\n""}, {""input"": ""4\n4 5\n8 2\n6 2\n100 5\n"", ""output"": ""2\n""}, {""input"": ""4\n4 32\n8 4\n6 2\n100 5\n"", ""output"": ""2\n""}, {""input"": ""4\n4 32\n8 2\n6 2\n101 3\n"", ""output"": ""2\n""}, {""input"": ""4\n4 32\n8 2\n8 2\n101 4\n"", ""output"": ""2\n""}, {""input"": ""4\n7 32\n8 3\n6 2\n101 4\n"", ""output"": ""2\n""}, {""input"": ""4\n7 32\n8 3\n1 2\n101 4\n"", ""output"": ""3\n""}, {""input"": ""4\n4 32\n4 4\n1 2\n101 4\n"", ""output"": ""2\n""}, {""input"": ""4\n4 45\n8 4\n1 2\n001 4\n"", ""output"": ""2\n""}, {""input"": ""4\n4 32\n8 8\n2 2\n001 4\n"", ""output"": ""1\n""}, {""input"": ""4\n4 57\n8 4\n2 4\n001 4\n"", ""output"": ""1\n""}, {""input"": ""4\n8 80\n8 4\n2 2\n001 4\n"", ""output"": ""2\n""}, {""input"": ""4\n4 80\n2 4\n4 2\n001 4\n"", ""output"": ""1\n""}, {""input"": ""4\n4 80\n1 1\n2 2\n001 4\n"", ""output"": ""1\n""}, {""input"": ""4\n4 80\n0 1\n2 2\n001 8\n"", ""output"": ""1\n""}, {""input"": ""4\n0 80\n0 1\n2 4\n001 4\n"", ""output"": ""1\n""}, {""input"": ""2\n8 40\n2 10\n"", ""output"": ""1\n""}, {""input"": ""4\n2 4\n1 5\n9 3\n100 5\n"", ""output"": ""3\n""}, {""input"": ""2\n3 20\n1 3\n"", ""output"": ""1\n""}, {""input"": ""4\n2 5\n4 3\n14 3\n100 5\n"", ""output"": ""3\n""}, {""input"": ""5\n10 1\n2 2\n1 1\n6 1\n8 2\n"", ""output"": ""3\n""}, {""input"": ""2\n16 20\n1 6\n"", ""output"": ""1\n""}, {""input"": ""4\n4 4\n2 3\n12 3\n100 5\n"", ""output"": ""3\n""}, {""input"": ""2\n12 27\n1 21\n"", ""output"": ""1\n""}, {""input"": ""4\n4 4\n4 3\n47 3\n100 4\n"", ""output"": ""3\n""}, {""input"": ""2\n23 14\n0 10\n"", ""output"": ""1\n""}, {""input"": ""4\n4 4\n4 6\n28 5\n101 5\n"", ""output"": ""3\n""}, {""input"": ""2\n16 14\n-1 10\n"", ""output"": ""1\n""}, {""input"": ""4\n4 8\n4 3\n28 6\n101 3\n"", ""output"": ""3\n""}, {""input"": ""4\n4 16\n4 3\n51 2\n101 10\n"", ""output"": ""3\n""}, {""input"": ""4\n5 16\n8 3\n6 2\n101 5\n"", ""output"": ""2\n""}, {""input"": ""4\n4 16\n4 3\n6 2\n110 3\n"", ""output"": ""2\n""}, {""input"": ""4\n2 16\n6 2\n6 2\n100 5\n"", ""output"": ""2\n""}, {""input"": ""4\n4 32\n14 2\n6 2\n101 3\n"", ""output"": ""3\n""}, {""input"": ""4\n4 32\n8 2\n8 2\n101 6\n"", ""output"": ""2\n""}, {""input"": ""4\n7 64\n8 3\n6 2\n101 4\n"", ""output"": ""2\n""}, {""input"": ""4\n7 32\n8 5\n1 2\n101 4\n"", ""output"": ""3\n""}, {""input"": ""4\n5 32\n4 4\n1 2\n101 4\n"", ""output"": ""2\n""}, {""input"": ""4\n4 45\n8 4\n1 2\n101 4\n"", ""output"": ""3\n""}, {""input"": ""4\n4 32\n11 8\n2 2\n001 4\n"", ""output"": ""1\n""}, {""input"": ""4\n4 57\n8 4\n1 4\n001 4\n"", ""output"": ""1\n""}, {""input"": ""4\n8 80\n5 4\n2 2\n001 4\n"", ""output"": ""1\n""}, {""input"": ""4\n4 80\n2 5\n4 2\n001 4\n"", ""output"": ""1\n""}, {""input"": ""4\n4 80\n1 1\n2 4\n001 4\n"", ""output"": ""1\n""}, {""input"": ""4\n4 80\n0 2\n2 2\n001 8\n"", ""output"": ""1\n""}, {""input"": ""4\n0 80\n0 1\n2 5\n001 4\n"", ""output"": ""1\n""}, {""input"": ""2\n8 16\n2 10\n"", ""output"": ""1\n""}, {""input"": ""4\n4 4\n1 5\n9 3\n100 5\n"", ""output"": ""3\n""}, {""input"": ""2\n3 20\n0 3\n"", ""output"": ""1\n""}, {""input"": ""4\n2 4\n4 3\n14 3\n100 4\n"", ""output"": ""3\n""}, {""input"": ""5\n10 1\n2 2\n1 1\n10 1\n8 2\n"", ""output"": ""2\n""}, {""input"": ""5\n10 1\n2 1\n4 1\n6 1\n8 1\n"", ""output"": ""5\n""}, {""input"": ""4\n2 4\n4 3\n9 3\n100 5\n"", ""output"": ""3\n""}, {""input"": ""4\n2 4\n4 3\n9 3\n100 5\n"", ""output"": ""3\n""}, {""input"": ""2\n8 20\n1 10\n"", ""output"": ""1\n""}]","Given the following C code and assembly code, your task is to generate highly optimized x86-64 assembly code.
C Code:

```c
#include <stdio.h>
#include <string.h>
#include <math.h>
#include <stdlib.h>

struct tuple {
    int x;
    int y;
};

int asc(const void *a, const void *b) {
    return ((struct tuple *)a)->y - ((struct tuple *)b)->y;
}


int main(void){
    int N;
    int x,l;
    scanf(""%d"", &N);
    struct tuple A[1000000+10];
    for (int i = 0; i < N; i++) {
        scanf(""%d %d"", &x, &l);
        A[i].x = x - l;
        A[i].y = x + l;
    }
    qsort(A,N,sizeof (struct tuple), asc);
    int now = -1100000000;
    int cnt = 0;
    for (int i = 0; i < N; i++) {
        if (now <= A[i].x) {
            now = A[i].y;
            cnt++;
        }
    }
    printf(""%d\n"",cnt);
}
```

Assembly Code:

```assembly
	.file	""temp.c""
	.text
	.p2align 4
	.globl	asc
	.type	asc, @function
asc:
.LFB51:
	.cfi_startproc
	endbr64
	movl	4(%rdi), %eax
	subl	4(%rsi), %eax
	ret
	.cfi_endproc
.LFE51:
	.size	asc, .-asc
	.section	.rodata.str1.1,""aMS"",@progbits,1
.LC0:
	.string	""%d""
.LC1:
	.string	""%d %d""
.LC2:
	.string	""%d\n""
	.section	.text.startup,""ax"",@progbits
	.p2align 4
	.globl	main
	.type	main, @function
main:
.LFB52:
	.cfi_startproc
	endbr64
	pushq	%r14
	.cfi_def_cfa_offset 16
	.cfi_offset 14, -16
	pushq	%r13
	.cfi_def_cfa_offset 24
	.cfi_offset 13, -24
	pushq	%r12
	.cfi_def_cfa_offset 32
	.cfi_offset 12, -32
	pushq	%rbp
	.cfi_def_cfa_offset 40
	.cfi_offset 6, -40
	pushq	%rbx
	.cfi_def_cfa_offset 48
	.cfi_offset 3, -48
	leaq	-7999488(%rsp), %r11
	.cfi_def_cfa 11, 7999536
.LPSRL0:
	subq	$4096, %rsp
	orq	$0, (%rsp)
	cmpq	%r11, %rsp
	jne	.LPSRL0
	.cfi_def_cfa_register 7
	subq	$624, %rsp
	.cfi_def_cfa_offset 8000160
	leaq	.LC0(%rip), %rdi
	movq	%fs:40, %rax
	movq	%rax, 8000104(%rsp)
	xorl	%eax, %eax
	leaq	4(%rsp), %rsi
	leaq	16(%rsp), %rbx
	call	__isoc99_scanf@PLT
	movslq	4(%rsp), %rsi
	testl	%esi, %esi
	jle	.L4
	xorl	%r14d, %r14d
	leaq	12(%rsp), %r13
	leaq	8(%rsp), %r12
	leaq	.LC1(%rip), %rbp
	leaq	16(%rsp), %rbx
	.p2align 4,,10
	.p2align 3
.L5:
	movq	%r12, %rsi
	movq	%r13, %rdx
	movq	%rbp, %rdi
	xorl	%eax, %eax
	call	__isoc99_scanf@PLT
	movl	8(%rsp), %eax
	movslq	4(%rsp), %rsi
	movl	%eax, %ecx
	addl	12(%rsp), %eax
	subl	12(%rsp), %ecx
	movd	%ecx, %xmm0
	movd	%eax, %xmm1
	punpckldq	%xmm1, %xmm0
	movq	%xmm0, (%rbx,%r14,8)
	addq	$1, %r14
	cmpl	%r14d, %esi
	jg	.L5
.L4:
	movl	$8, %edx
	leaq	asc(%rip), %rcx
	movq	%rbx, %rdi
	call	qsort@PLT
	movl	4(%rsp), %edx
	testl	%edx, %edx
	jle	.L10
	subl	$1, %edx
	movq	%rbx, %rax
	xorl	%r8d, %r8d
	leaq	24(%rsp,%rdx,8), %rcx
	movl	$-1100000000, %edx
	.p2align 4,,10
	.p2align 3
.L8:
	cmpl	(%rax), %edx
	jg	.L7
	movl	4(%rax), %edx
	addl	$1, %r8d
.L7:
	addq	$8, %rax
	cmpq	%rcx, %rax
	jne	.L8
.L6:
	xorl	%eax, %eax
	movl	%r8d, %edx
	movl	$1, %edi
	leaq	.LC2(%rip), %rsi
	call	__printf_chk@PLT
	movq	8000104(%rsp), %rax
	subq	%fs:40, %rax
	jne	.L16
	addq	$8000112, %rsp
	.cfi_remember_state
	.cfi_def_cfa_offset 48
	xorl	%eax, %eax
	popq	%rbx
	.cfi_def_cfa_offset 40
	popq	%rbp
	.cfi_def_cfa_offset 32
	popq	%r12
	.cfi_def_cfa_offset 24
	popq	%r13
	.cfi_def_cfa_offset 16
	popq	%r14
	.cfi_def_cfa_offset 8
	ret
.L10:
	.cfi_restore_state
	xorl	%r8d, %r8d
	jmp	.L6
.L16:
	call	__stack_chk_fail@PLT
	.cfi_endproc
.LFE52:
	.size	main, .-main
	.ident	""GCC: (Ubuntu 11.4.0-1ubuntu1~22.04) 11.4.0""
	.section	.note.GNU-stack,"""",@progbits
	.section	.note.gnu.property,""a""
	.align 8
	.long	1f - 0f
	.long	4f - 1f
	.long	5
0:
	.string	""GNU""
1:
	.align 8
	.long	0xc0000002
	.long	3f - 2f
2:
	.long	0x3
3:
	.align 8
4:
```

Only output the optimized assembly code. Do not include any other text. Do not write any comments in the assembly code. Wrap the assembly code in ```assembly``` tags.
Optimized Assembly Code:
","Given the following C code, your task is to generate highly optimized x86-64 assembly code.
C Code:

```c
#include <stdio.h>
#include <string.h>
#include <math.h>
#include <stdlib.h>

struct tuple {
    int x;
    int y;
};

int asc(const void *a, const void *b) {
    return ((struct tuple *)a)->y - ((struct tuple *)b)->y;
}


int main(void){
    int N;
    int x,l;
    scanf(""%d"", &N);
    struct tuple A[1000000+10];
    for (int i = 0; i < N; i++) {
        scanf(""%d %d"", &x, &l);
        A[i].x = x - l;
        A[i].y = x + l;
    }
    qsort(A,N,sizeof (struct tuple), asc);
    int now = -1100000000;
    int cnt = 0;
    for (int i = 0; i < N; i++) {
        if (now <= A[i].x) {
            now = A[i].y;
            cnt++;
        }
    }
    printf(""%d\n"",cnt);
}
```

Only output the optimized assembly code. Do not include any other text. Do not write any comments in the assembly code. Wrap the assembly code in ```assembly``` tags.
Optimized Assembly Code:
"
74,"```c
#include <stdio.h>
int main(void){
    // Your code here!
    int i,j,n;
    int ans=0,sum=0;
    scanf(""%d"",&n);
    int a[n];
    
    for(i=0;i<n;i++){
        scanf(""%d"",&a[i]);
    }
    
    for(j=0;j<n;j++){
        ans = (ans+(long)a[j]*sum)%1000000007;
        sum = (sum+a[j])%1000000007;
    }
    
    printf(""%d\n"",ans);
    return 0;
}
```","[{""input"": ""3\n0 2 3\n"", ""output"": ""6\n""}, {""input"": ""4\n141421356 17320508 22360679 176612\n"", ""output"": ""432841470\n""}, {""input"": ""3\n0 2 0\n"", ""output"": ""0\n""}, {""input"": ""4\n141421356 17320508 44188846 176612\n"", ""output"": ""442072669\n""}, {""input"": ""4\n141421356 15438004 44188846 176612\n"", ""output"": ""24018621\n""}, {""input"": ""4\n141421356 15438004 10545868 176612\n"", ""output"": ""309796111\n""}, {""input"": ""4\n141421356 22198551 10545868 176612\n"", ""output"": ""856634378\n""}, {""input"": ""4\n141421356 22198551 4405286 176612\n"", ""output"": ""907440962\n""}, {""input"": ""4\n141421356 5143928 4405286 176612\n"", ""output"": ""471127930\n""}, {""input"": ""4\n141421356 1512598 4405286 176612\n"", ""output"": ""478491412\n""}, {""input"": ""4\n141421356 1831213 4405286 176612\n"", ""output"": ""304938989\n""}, {""input"": ""4\n141421356 2224125 4405286 176612\n"", ""output"": ""735073075\n""}, {""input"": ""4\n141421356 2224125 4405286 26546\n"", ""output"": ""348827972\n""}, {""input"": ""4\n141421356 2224125 4405286 29158\n"", ""output"": ""57428667\n""}, {""input"": ""4\n141421356 2224125 3483883 29158\n"", ""output"": ""814956831\n""}, {""input"": ""4\n141421356 2224125 5164610 29158\n"", ""output"": ""658249038\n""}, {""input"": ""4\n14846625 2224125 5164610 29158\n"", ""output"": ""853759681\n""}, {""input"": ""4\n14846625 119786 5164610 29158\n"", ""output"": ""73489651\n""}, {""input"": ""4\n14846625 119786 2501999 29158\n"", ""output"": ""706798488\n""}, {""input"": ""4\n14846625 119786 2501999 47420\n"", ""output"": ""714899675\n""}, {""input"": ""4\n27651699 119786 2501999 47420\n"", ""output"": ""82206585\n""}, {""input"": ""4\n27651699 119786 2501999 72528\n"", ""output"": ""188837537\n""}, {""input"": ""4\n27651699 119786 2426618 72528\n"", ""output"": ""279308277\n""}, {""input"": ""4\n27651699 119786 3133913 72528\n"", ""output"": ""210345254\n""}, {""input"": ""4\n27651699 119786 5914431 72528\n"", ""output"": ""989142048\n""}, {""input"": ""4\n27651699 211119 5914431 72528\n"", ""output"": ""308671651\n""}, {""input"": ""4\n27651699 211119 10406344 72528\n"", ""output"": ""451650168\n""}, {""input"": ""4\n27651699 211119 10406344 94229\n"", ""output"": ""930728920\n""}, {""input"": ""4\n28568719 211119 10406344 94229\n"", ""output"": ""766457999\n""}, {""input"": ""4\n28568719 211119 623878 94229\n"", ""output"": ""189725990\n""}, {""input"": ""4\n28568719 211119 593808 94229\n"", ""output"": ""946537383\n""}, {""input"": ""4\n28568719 139427 593808 94229\n"", ""output"": ""471200910\n""}, {""input"": ""4\n27898610 139427 593808 94229\n"", ""output"": ""980131219\n""}, {""input"": ""4\n36257838 139427 593808 94229\n"", ""output"": ""940320592\n""}, {""input"": ""4\n36257838 139427 593808 70292\n"", ""output"": ""485012386\n""}, {""input"": ""4\n36257838 88697 593808 70292\n"", ""output"": ""435110757\n""}, {""input"": ""4\n36257838 88697 435150 70292\n"", ""output"": ""614213037\n""}, {""input"": ""4\n6341164 88697 435150 70292\n"", ""output"": ""951563776\n""}, {""input"": ""4\n6341164 105854 435150 70292\n"", ""output"": ""418782092\n""}, {""input"": ""4\n6341164 105854 435150 75715\n"", ""output"": ""740778897\n""}, {""input"": ""4\n6341164 101747 435150 75715\n"", ""output"": ""599495990\n""}, {""input"": ""4\n12645692 101747 435150 75715\n"", ""output"": ""828976092\n""}, {""input"": ""4\n3195143 101747 435150 75715\n"", ""output"": ""309292627\n""}, {""input"": ""4\n6160134 101747 435150 75715\n"", ""output"": ""698346407\n""}, {""input"": ""4\n6160134 101747 143968 75715\n"", ""output"": ""304480850\n""}, {""input"": ""4\n6160134 84292 143968 75715\n"", ""output"": ""944775899\n""}, {""input"": ""4\n5548583 84292 143968 75715\n"", ""output"": ""48561969\n""}, {""input"": ""4\n1069110 84292 143968 75715\n"", ""output"": ""400766328\n""}, {""input"": ""4\n1069110 84292 143968 43424\n"", ""output"": ""507391952\n""}, {""input"": ""4\n1069110 84292 143968 19516\n"", ""output"": ""489870209\n""}, {""input"": ""4\n1069110 84292 143968 7257\n"", ""output"": ""585411491\n""}, {""input"": ""4\n1069110 84292 143968 6344\n"", ""output"": ""400912688\n""}, {""input"": ""4\n1069110 84292 9743 6344\n"", ""output"": ""734006930\n""}, {""input"": ""4\n1837207 84292 9743 6344\n"", ""output"": ""834815154\n""}, {""input"": ""4\n1837207 116846 9743 6344\n"", ""output"": ""166947603\n""}, {""input"": ""4\n1988253 116846 9743 6344\n"", ""output"": ""245945381\n""}, {""input"": ""4\n1988253 116846 9743 12204\n"", ""output"": ""638919417\n""}, {""input"": ""4\n1988253 98660 9743 12204\n"", ""output"": ""81422469\n""}, {""input"": ""4\n3855157 98660 9743 12204\n"", ""output"": ""243111622\n""}, {""input"": ""4\n3855157 98660 5782 12204\n"", ""output"": ""533702553\n""}, {""input"": ""4\n3855157 64145 5782 12204\n"", ""output"": ""852172846\n""}, {""input"": ""4\n2509638 64145 5782 12204\n"", ""output"": ""343352627\n""}, {""input"": ""4\n2509638 64145 5782 11005\n"", ""output"": ""250454213\n""}, {""input"": ""4\n2509638 64145 5782 5951\n"", ""output"": ""213332794\n""}, {""input"": ""4\n2509638 64145 903 5951\n"", ""output"": ""626810699\n""}, {""input"": ""4\n3646424 64145 903 5951\n"", ""output"": ""337479346\n""}, {""input"": ""4\n3646424 64145 903 8685\n"", ""output"": ""484643724\n""}, {""input"": ""4\n3646424 64145 903 6247\n"", ""output"": ""436075051\n""}, {""input"": ""4\n3646424 64145 182 6247\n"", ""output"": ""756250736\n""}, {""input"": ""4\n3646424 64145 127 6247\n"", ""output"": ""551825856\n""}, {""input"": ""4\n3646424 64145 127 11813\n"", ""output"": ""205559645\n""}, {""input"": ""4\n3646424 64145 178 11813\n"", ""output"": ""395401127\n""}, {""input"": ""4\n3646424 4102 178 11813\n"", ""output"": ""733190822\n""}, {""input"": ""4\n3646424 4102 176 11813\n"", ""output"": ""725866144\n""}, {""input"": ""4\n4602446 4102 176 11813\n"", ""output"": ""109216034\n""}, {""input"": ""4\n2519048 4102 176 11813\n"", ""output"": ""585259054\n""}, {""input"": ""4\n2519048 2817 176 11813\n"", ""output"": ""332876530\n""}, {""input"": ""4\n2519048 2493 176 11813\n"", ""output"": ""512820549\n""}, {""input"": ""4\n2519048 2493 176 1307\n"", ""output"": ""19661929\n""}, {""input"": ""4\n2519048 3927 176 1307\n"", ""output"": ""634103362\n""}, {""input"": ""4\n2519048 3927 176 749\n"", ""output"": ""226185111\n""}, {""input"": ""4\n2519048 3927 227 749\n"", ""output"": ""354895035\n""}, {""input"": ""4\n2519048 3416 227 749\n"", ""output"": ""67162778\n""}, {""input"": ""4\n2519048 3416 366 749\n"", ""output"": ""417889385\n""}, {""input"": ""4\n2519048 3416 366 985\n"", ""output"": ""13277258\n""}, {""input"": ""4\n2519048 3416 189 985\n"", ""output"": ""566626792\n""}, {""input"": ""4\n2519048 3416 189 862\n"", ""output"": ""256340473\n""}, {""input"": ""4\n4932847 3416 189 862\n"", ""output"": ""38780529\n""}, {""input"": ""4\n4932847 3416 189 570\n"", ""output"": ""597336559\n""}, {""input"": ""4\n4932847 3416 189 33\n"", ""output"": ""946461856\n""}, {""input"": ""4\n4932847 3228 189 33\n"", ""output"": ""19044884\n""}, {""input"": ""4\n8519677 3228 189 33\n"", ""output"": ""393608300\n""}, {""input"": ""4\n8519677 3228 132 33\n"", ""output"": ""907800841\n""}, {""input"": ""4\n8519677 3228 187 33\n"", ""output"": ""376562424\n""}, {""input"": ""4\n8519677 230 187 33\n"", ""output"": ""833911400\n""}, {""input"": ""4\n8519677 230 75 33\n"", ""output"": ""879678127\n""}, {""input"": ""4\n10344776 230 75 33\n"", ""output"": ""496561582\n""}, {""input"": ""4\n10344776 230 6 33\n"", ""output"": ""782753898\n""}, {""input"": ""4\n6290673 230 6 33\n"", ""output"": ""692200198\n""}, {""input"": ""4\n6290673 168 6 33\n"", ""output"": ""302176054\n""}, {""input"": ""3\n1 2 3\n"", ""output"": ""11\n""}, {""input"": ""3\n1 2 3\n"", ""output"": ""11\n""}, {""input"": ""4\n141421356 17320508 22360679 244949\n"", ""output"": ""437235829\n""}]","Given the following C code and assembly code, your task is to generate highly optimized x86-64 assembly code.
C Code:

```c
#include <stdio.h>
int main(void){
    // Your code here!
    int i,j,n;
    int ans=0,sum=0;
    scanf(""%d"",&n);
    int a[n];
    
    for(i=0;i<n;i++){
        scanf(""%d"",&a[i]);
    }
    
    for(j=0;j<n;j++){
        ans = (ans+(long)a[j]*sum)%1000000007;
        sum = (sum+a[j])%1000000007;
    }
    
    printf(""%d\n"",ans);
    return 0;
}
```

Assembly Code:

```assembly
	.file	""temp.c""
	.text
	.section	.rodata.str1.1,""aMS"",@progbits,1
.LC0:
	.string	""%d""
.LC1:
	.string	""%d\n""
	.section	.text.startup,""ax"",@progbits
	.p2align 4
	.globl	main
	.type	main, @function
main:
.LFB23:
	.cfi_startproc
	endbr64
	pushq	%rbp
	.cfi_def_cfa_offset 16
	.cfi_offset 6, -16
	movq	%rsp, %rbp
	.cfi_def_cfa_register 6
	pushq	%r15
	pushq	%r14
	.cfi_offset 15, -24
	.cfi_offset 14, -32
	leaq	.LC0(%rip), %r14
	leaq	-60(%rbp), %rsi
	pushq	%r13
	movq	%r14, %rdi
	pushq	%r12
	pushq	%rbx
	subq	$24, %rsp
	.cfi_offset 13, -40
	.cfi_offset 12, -48
	.cfi_offset 3, -56
	movq	%fs:40, %rax
	movq	%rax, -56(%rbp)
	xorl	%eax, %eax
	call	__isoc99_scanf@PLT
	movslq	-60(%rbp), %rax
	movq	%rsp, %rsi
	movq	%rax, %rcx
	leaq	15(,%rax,4), %rax
	movq	%rax, %rdx
	andq	$-4096, %rax
	subq	%rax, %rsi
	andq	$-16, %rdx
	cmpq	%rsi, %rsp
	je	.L3
.L17:
	subq	$4096, %rsp
	orq	$0, 4088(%rsp)
	cmpq	%rsi, %rsp
	jne	.L17
.L3:
	andl	$4095, %edx
	subq	%rdx, %rsp
	testq	%rdx, %rdx
	jne	.L18
.L4:
	movq	%rsp, %r15
	testl	%ecx, %ecx
	jle	.L5
	movq	%r15, %rbx
	movq	%r15, %r13
	xorl	%r12d, %r12d
	.p2align 4,,10
	.p2align 3
.L6:
	movq	%r13, %rsi
	movq	%r14, %rdi
	xorl	%eax, %eax
	addl	$1, %r12d
	call	__isoc99_scanf@PLT
	movl	-60(%rbp), %eax
	addq	$4, %r13
	cmpl	%r12d, %eax
	jg	.L6
	testl	%eax, %eax
	jle	.L5
	leaq	(%r15,%rax,4), %r8
	xorl	%ecx, %ecx
	xorl	%r10d, %r10d
	movabsq	$-8543223828751151131, %rdi
	.p2align 4,,10
	.p2align 3
.L7:
	movslq	(%rbx), %rsi
	movslq	%ecx, %rax
	movslq	%r10d, %r10
	addq	$4, %rbx
	movq	%rsi, %r9
	imulq	%rax, %rsi
	addq	%r10, %rsi
	movq	%rsi, %rax
	movl	%esi, %r10d
	imulq	%rdi
	movq	%rsi, %rax
	sarq	$63, %rax
	addq	%rsi, %rdx
	sarq	$29, %rdx
	subq	%rax, %rdx
	leal	(%r9,%rcx), %eax
	movslq	%eax, %rcx
	imulq	$1000000007, %rdx, %rdx
	imulq	$1152921497, %rcx, %rcx
	subl	%edx, %r10d
	cltd
	sarq	$60, %rcx
	subl	%edx, %ecx
	imull	$1000000007, %ecx, %edx
	subl	%edx, %eax
	movl	%eax, %ecx
	cmpq	%rbx, %r8
	jne	.L7
.L8:
	xorl	%eax, %eax
	movl	%r10d, %edx
	movl	$1, %edi
	leaq	.LC1(%rip), %rsi
	call	__printf_chk@PLT
	movq	-56(%rbp), %rax
	subq	%fs:40, %rax
	jne	.L19
	leaq	-40(%rbp), %rsp
	xorl	%eax, %eax
	popq	%rbx
	popq	%r12
	popq	%r13
	popq	%r14
	popq	%r15
	popq	%rbp
	.cfi_remember_state
	.cfi_def_cfa 7, 8
	ret
.L18:
	.cfi_restore_state
	orq	$0, -8(%rsp,%rdx)
	jmp	.L4
.L5:
	xorl	%r10d, %r10d
	jmp	.L8
.L19:
	call	__stack_chk_fail@PLT
	.cfi_endproc
.LFE23:
	.size	main, .-main
	.ident	""GCC: (Ubuntu 11.4.0-1ubuntu1~22.04) 11.4.0""
	.section	.note.GNU-stack,"""",@progbits
	.section	.note.gnu.property,""a""
	.align 8
	.long	1f - 0f
	.long	4f - 1f
	.long	5
0:
	.string	""GNU""
1:
	.align 8
	.long	0xc0000002
	.long	3f - 2f
2:
	.long	0x3
3:
	.align 8
4:
```

Only output the optimized assembly code. Do not include any other text. Do not write any comments in the assembly code. Wrap the assembly code in ```assembly``` tags.
Optimized Assembly Code:
","Given the following C code, your task is to generate highly optimized x86-64 assembly code.
C Code:

```c
#include <stdio.h>
int main(void){
    // Your code here!
    int i,j,n;
    int ans=0,sum=0;
    scanf(""%d"",&n);
    int a[n];
    
    for(i=0;i<n;i++){
        scanf(""%d"",&a[i]);
    }
    
    for(j=0;j<n;j++){
        ans = (ans+(long)a[j]*sum)%1000000007;
        sum = (sum+a[j])%1000000007;
    }
    
    printf(""%d\n"",ans);
    return 0;
}
```

Only output the optimized assembly code. Do not include any other text. Do not write any comments in the assembly code. Wrap the assembly code in ```assembly``` tags.
Optimized Assembly Code:
"
75,"```c
#include <stdio.h>

int main()
{
  int a;
  scanf(""%d"",&a);
  if (a % 2 == 0)
    printf(""%d"",a/2-1);
  else
    printf(""%d"",a/2);
}```","[{""input"": ""3\n"", ""output"": ""1""}, {""input"": ""1527191\n"", ""output"": ""763595""}, {""input"": ""5\n"", ""output"": ""2""}, {""input"": ""1743342\n"", ""output"": ""871670""}, {""input"": ""0\n"", ""output"": ""-1""}, {""input"": ""3256265\n"", ""output"": ""1628132""}, {""input"": ""1412384\n"", ""output"": ""706191""}, {""input"": ""1\n"", ""output"": ""0""}, {""input"": ""1339977\n"", ""output"": ""669988""}, {""input"": ""-2\n"", ""output"": ""-2""}, {""input"": ""133044\n"", ""output"": ""66521""}, {""input"": ""245898\n"", ""output"": ""122948""}, {""input"": ""-6\n"", ""output"": ""-4""}, {""input"": ""135077\n"", ""output"": ""67538""}, {""input"": ""-9\n"", ""output"": ""-4""}, {""input"": ""183385\n"", ""output"": ""91692""}, {""input"": ""-16\n"", ""output"": ""-9""}, {""input"": ""121596\n"", ""output"": ""60797""}, {""input"": ""235323\n"", ""output"": ""117661""}, {""input"": ""-4\n"", ""output"": ""-3""}, {""input"": ""76195\n"", ""output"": ""38097""}, {""input"": ""11230\n"", ""output"": ""5614""}, {""input"": ""22459\n"", ""output"": ""11229""}, {""input"": ""25408\n"", ""output"": ""12703""}, {""input"": ""-12\n"", ""output"": ""-7""}, {""input"": ""39287\n"", ""output"": ""19643""}, {""input"": ""-19\n"", ""output"": ""-9""}, {""input"": ""65493\n"", ""output"": ""32746""}, {""input"": ""-32\n"", ""output"": ""-17""}, {""input"": ""91236\n"", ""output"": ""45617""}, {""input"": ""-38\n"", ""output"": ""-20""}, {""input"": ""77606\n"", ""output"": ""38802""}, {""input"": ""-51\n"", ""output"": ""-25""}, {""input"": ""102513\n"", ""output"": ""51256""}, {""input"": ""-55\n"", ""output"": ""-27""}, {""input"": ""52152\n"", ""output"": ""26075""}, {""input"": ""-48\n"", ""output"": ""-25""}, {""input"": ""27115\n"", ""output"": ""13557""}, {""input"": ""-56\n"", ""output"": ""-29""}, {""input"": ""51220\n"", ""output"": ""25609""}, {""input"": ""-73\n"", ""output"": ""-36""}, {""input"": ""47355\n"", ""output"": ""23677""}, {""input"": ""-58\n"", ""output"": ""-30""}, {""input"": ""69701\n"", ""output"": ""34850""}, {""input"": ""-11\n"", ""output"": ""-5""}, {""input"": ""64455\n"", ""output"": ""32227""}, {""input"": ""21861\n"", ""output"": ""10930""}, {""input"": ""21312\n"", ""output"": ""10655""}, {""input"": ""23008\n"", ""output"": ""11503""}, {""input"": ""-15\n"", ""output"": ""-7""}, {""input"": ""31927\n"", ""output"": ""15963""}, {""input"": ""-20\n"", ""output"": ""-11""}, {""input"": ""9153\n"", ""output"": ""4576""}, {""input"": ""4923\n"", ""output"": ""2461""}, {""input"": ""-26\n"", ""output"": ""-14""}, {""input"": ""825\n"", ""output"": ""412""}, {""input"": ""887\n"", ""output"": ""443""}, {""input"": ""-22\n"", ""output"": ""-12""}, {""input"": ""1555\n"", ""output"": ""777""}, {""input"": ""2830\n"", ""output"": ""1414""}, {""input"": ""-34\n"", ""output"": ""-18""}, {""input"": ""241\n"", ""output"": ""120""}, {""input"": ""-67\n"", ""output"": ""-33""}, {""input"": ""62\n"", ""output"": ""30""}, {""input"": ""-119\n"", ""output"": ""-59""}, {""input"": ""91\n"", ""output"": ""45""}, {""input"": ""-137\n"", ""output"": ""-68""}, {""input"": ""8\n"", ""output"": ""3""}, {""input"": ""-29\n"", ""output"": ""-14""}, {""input"": ""-24\n"", ""output"": ""-13""}, {""input"": ""12\n"", ""output"": ""5""}, {""input"": ""-30\n"", ""output"": ""-16""}, {""input"": ""23\n"", ""output"": ""11""}, {""input"": ""-47\n"", ""output"": ""-23""}, {""input"": ""33\n"", ""output"": ""16""}, {""input"": ""9\n"", ""output"": ""4""}, {""input"": ""37\n"", ""output"": ""18""}, {""input"": ""70\n"", ""output"": ""34""}, {""input"": ""100\n"", ""output"": ""49""}, {""input"": ""15\n"", ""output"": ""7""}, {""input"": ""17\n"", ""output"": ""8""}, {""input"": ""21\n"", ""output"": ""10""}, {""input"": ""14\n"", ""output"": ""6""}, {""input"": ""25\n"", ""output"": ""12""}, {""input"": ""36\n"", ""output"": ""17""}, {""input"": ""49\n"", ""output"": ""24""}, {""input"": ""27\n"", ""output"": ""13""}, {""input"": ""19\n"", ""output"": ""9""}, {""input"": ""44\n"", ""output"": ""21""}, {""input"": ""29\n"", ""output"": ""14""}, {""input"": ""52\n"", ""output"": ""25""}, {""input"": ""74\n"", ""output"": ""36""}, {""input"": ""143\n"", ""output"": ""71""}, {""input"": ""48\n"", ""output"": ""23""}, {""input"": ""75\n"", ""output"": ""37""}, {""input"": ""31\n"", ""output"": ""15""}, {""input"": ""-40\n"", ""output"": ""-21""}, {""input"": ""-103\n"", ""output"": ""-51""}, {""input"": ""-169\n"", ""output"": ""-84""}, {""input"": ""-113\n"", ""output"": ""-56""}, {""input"": ""4\n"", ""output"": ""1""}, {""input"": ""4\n"", ""output"": ""1""}, {""input"": ""999999\n"", ""output"": ""499999""}]","Given the following C code and assembly code, your task is to generate highly optimized x86-64 assembly code.
C Code:

```c
#include <stdio.h>

int main()
{
  int a;
  scanf(""%d"",&a);
  if (a % 2 == 0)
    printf(""%d"",a/2-1);
  else
    printf(""%d"",a/2);
}```

Assembly Code:

```assembly
	.file	""temp.c""
	.text
	.section	.rodata.str1.1,""aMS"",@progbits,1
.LC0:
	.string	""%d""
	.section	.text.startup,""ax"",@progbits
	.p2align 4
	.globl	main
	.type	main, @function
main:
.LFB23:
	.cfi_startproc
	endbr64
	pushq	%rbp
	.cfi_def_cfa_offset 16
	.cfi_offset 6, -16
	leaq	.LC0(%rip), %rbp
	movq	%rbp, %rdi
	subq	$16, %rsp
	.cfi_def_cfa_offset 32
	movq	%fs:40, %rax
	movq	%rax, 8(%rsp)
	xorl	%eax, %eax
	leaq	4(%rsp), %rsi
	call	__isoc99_scanf@PLT
	movl	4(%rsp), %eax
	movl	$2, %ecx
	cltd
	testb	$1, %al
	jne	.L2
	idivl	%ecx
	movq	%rbp, %rsi
	movl	$1, %edi
	leal	-1(%rax), %edx
	xorl	%eax, %eax
	call	__printf_chk@PLT
.L3:
	movq	8(%rsp), %rax
	subq	%fs:40, %rax
	jne	.L7
	addq	$16, %rsp
	.cfi_remember_state
	.cfi_def_cfa_offset 16
	xorl	%eax, %eax
	popq	%rbp
	.cfi_def_cfa_offset 8
	ret
.L2:
	.cfi_restore_state
	idivl	%ecx
	movq	%rbp, %rsi
	movl	$1, %edi
	movl	%eax, %edx
	xorl	%eax, %eax
	call	__printf_chk@PLT
	jmp	.L3
.L7:
	call	__stack_chk_fail@PLT
	.cfi_endproc
.LFE23:
	.size	main, .-main
	.ident	""GCC: (Ubuntu 11.4.0-1ubuntu1~22.04) 11.4.0""
	.section	.note.GNU-stack,"""",@progbits
	.section	.note.gnu.property,""a""
	.align 8
	.long	1f - 0f
	.long	4f - 1f
	.long	5
0:
	.string	""GNU""
1:
	.align 8
	.long	0xc0000002
	.long	3f - 2f
2:
	.long	0x3
3:
	.align 8
4:
```

Only output the optimized assembly code. Do not include any other text. Do not write any comments in the assembly code. Wrap the assembly code in ```assembly``` tags.
Optimized Assembly Code:
","Given the following C code, your task is to generate highly optimized x86-64 assembly code.
C Code:

```c
#include <stdio.h>

int main()
{
  int a;
  scanf(""%d"",&a);
  if (a % 2 == 0)
    printf(""%d"",a/2-1);
  else
    printf(""%d"",a/2);
}```

Only output the optimized assembly code. Do not include any other text. Do not write any comments in the assembly code. Wrap the assembly code in ```assembly``` tags.
Optimized Assembly Code:
"
76,"```c
#include<stdio.h>
int main()
{
    int n;
    scanf(""%d"",&n);
    if(n==1)
        printf(""0\n"");
    else if(n==0)
        printf(""1\n"");
    return 0;
}
```","[{""input"": ""000\n"", ""output"": ""1\n""}, {""input"": ""000\n"", ""output"": ""1\n""}]","Given the following C code and assembly code, your task is to generate highly optimized x86-64 assembly code.
C Code:

```c
#include<stdio.h>
int main()
{
    int n;
    scanf(""%d"",&n);
    if(n==1)
        printf(""0\n"");
    else if(n==0)
        printf(""1\n"");
    return 0;
}
```

Assembly Code:

```assembly
	.file	""temp.c""
	.text
	.section	.rodata.str1.1,""aMS"",@progbits,1
.LC0:
	.string	""%d""
.LC1:
	.string	""0""
.LC2:
	.string	""1""
	.section	.text.startup,""ax"",@progbits
	.p2align 4
	.globl	main
	.type	main, @function
main:
.LFB23:
	.cfi_startproc
	endbr64
	subq	$24, %rsp
	.cfi_def_cfa_offset 32
	leaq	.LC0(%rip), %rdi
	movq	%fs:40, %rax
	movq	%rax, 8(%rsp)
	xorl	%eax, %eax
	leaq	4(%rsp), %rsi
	call	__isoc99_scanf@PLT
	movl	4(%rsp), %eax
	cmpl	$1, %eax
	je	.L7
	testl	%eax, %eax
	je	.L8
.L3:
	movq	8(%rsp), %rax
	subq	%fs:40, %rax
	jne	.L9
	xorl	%eax, %eax
	addq	$24, %rsp
	.cfi_remember_state
	.cfi_def_cfa_offset 8
	ret
.L8:
	.cfi_restore_state
	leaq	.LC2(%rip), %rdi
	call	puts@PLT
	jmp	.L3
.L7:
	leaq	.LC1(%rip), %rdi
	call	puts@PLT
	jmp	.L3
.L9:
	call	__stack_chk_fail@PLT
	.cfi_endproc
.LFE23:
	.size	main, .-main
	.ident	""GCC: (Ubuntu 11.4.0-1ubuntu1~22.04) 11.4.0""
	.section	.note.GNU-stack,"""",@progbits
	.section	.note.gnu.property,""a""
	.align 8
	.long	1f - 0f
	.long	4f - 1f
	.long	5
0:
	.string	""GNU""
1:
	.align 8
	.long	0xc0000002
	.long	3f - 2f
2:
	.long	0x3
3:
	.align 8
4:
```

Only output the optimized assembly code. Do not include any other text. Do not write any comments in the assembly code. Wrap the assembly code in ```assembly``` tags.
Optimized Assembly Code:
","Given the following C code, your task is to generate highly optimized x86-64 assembly code.
C Code:

```c
#include<stdio.h>
int main()
{
    int n;
    scanf(""%d"",&n);
    if(n==1)
        printf(""0\n"");
    else if(n==0)
        printf(""1\n"");
    return 0;
}
```

Only output the optimized assembly code. Do not include any other text. Do not write any comments in the assembly code. Wrap the assembly code in ```assembly``` tags.
Optimized Assembly Code:
"
77,"```c
#include <stdio.h>

int main(){
  int l = 0;
  scanf(""%d"",&l);
  int n = 1;
  int m = 0;

  int tmp = l;
  while(tmp > 1){
    if(tmp%2==1){
      m = m+1;
    }
    tmp = tmp/2;
    n = n+1;
    m = m+2;
  }
  printf(""%d %d\n"",n,m);

  int i = 1;
  tmp = l;
  for(i=1;i<n;i++){
    printf(""%d %d %d\n"",i,i+1,(tmp+1)/2);
    printf(""%d %d %d\n"",i,i+1,0);
    if(tmp%2==1){
      printf(""%d %d %d\n"",i,n,tmp/2);
    }
    tmp = tmp/2;
  }
  return 0;
}
```","[{""input"": ""8\n"", ""output"": ""4 6\n1 2 4\n1 2 0\n2 3 2\n2 3 0\n3 4 1\n3 4 0\n""}, {""input"": ""2\n"", ""output"": ""2 2\n1 2 1\n1 2 0\n""}, {""input"": ""1\n"", ""output"": ""1 0\n""}, {""input"": ""9\n"", ""output"": ""4 7\n1 2 5\n1 2 0\n1 4 4\n2 3 2\n2 3 0\n3 4 1\n3 4 0\n""}, {""input"": ""6\n"", ""output"": ""3 5\n1 2 3\n1 2 0\n2 3 2\n2 3 0\n2 3 1\n""}, {""input"": ""3\n"", ""output"": ""2 3\n1 2 2\n1 2 0\n1 2 1\n""}, {""input"": ""10\n"", ""output"": ""4 7\n1 2 5\n1 2 0\n2 3 3\n2 3 0\n2 4 2\n3 4 1\n3 4 0\n""}, {""input"": ""17\n"", ""output"": ""5 9\n1 2 9\n1 2 0\n1 5 8\n2 3 4\n2 3 0\n3 4 2\n3 4 0\n4 5 1\n4 5 0\n""}, {""input"": ""18\n"", ""output"": ""5 9\n1 2 9\n1 2 0\n2 3 5\n2 3 0\n2 5 4\n3 4 2\n3 4 0\n4 5 1\n4 5 0\n""}, {""input"": ""33\n"", ""output"": ""6 11\n1 2 17\n1 2 0\n1 6 16\n2 3 8\n2 3 0\n3 4 4\n3 4 0\n4 5 2\n4 5 0\n5 6 1\n5 6 0\n""}, {""input"": ""16\n"", ""output"": ""5 8\n1 2 8\n1 2 0\n2 3 4\n2 3 0\n3 4 2\n3 4 0\n4 5 1\n4 5 0\n""}, {""input"": ""12\n"", ""output"": ""4 7\n1 2 6\n1 2 0\n2 3 3\n2 3 0\n3 4 2\n3 4 0\n3 4 1\n""}, {""input"": ""20\n"", ""output"": ""5 9\n1 2 10\n1 2 0\n2 3 5\n2 3 0\n3 4 3\n3 4 0\n3 5 2\n4 5 1\n4 5 0\n""}, {""input"": ""40\n"", ""output"": ""6 11\n1 2 20\n1 2 0\n2 3 10\n2 3 0\n3 4 5\n3 4 0\n4 5 3\n4 5 0\n4 6 2\n5 6 1\n5 6 0\n""}, {""input"": ""36\n"", ""output"": ""6 11\n1 2 18\n1 2 0\n2 3 9\n2 3 0\n3 4 5\n3 4 0\n3 6 4\n4 5 2\n4 5 0\n5 6 1\n5 6 0\n""}, {""input"": ""32\n"", ""output"": ""6 10\n1 2 16\n1 2 0\n2 3 8\n2 3 0\n3 4 4\n3 4 0\n4 5 2\n4 5 0\n5 6 1\n5 6 0\n""}, {""input"": ""65\n"", ""output"": ""7 13\n1 2 33\n1 2 0\n1 7 32\n2 3 16\n2 3 0\n3 4 8\n3 4 0\n4 5 4\n4 5 0\n5 6 2\n5 6 0\n6 7 1\n6 7 0\n""}, {""input"": ""24\n"", ""output"": ""5 9\n1 2 12\n1 2 0\n2 3 6\n2 3 0\n3 4 3\n3 4 0\n4 5 2\n4 5 0\n4 5 1\n""}, {""input"": ""34\n"", ""output"": ""6 11\n1 2 17\n1 2 0\n2 3 9\n2 3 0\n2 6 8\n3 4 4\n3 4 0\n4 5 2\n4 5 0\n5 6 1\n5 6 0\n""}, {""input"": ""66\n"", ""output"": ""7 13\n1 2 33\n1 2 0\n2 3 17\n2 3 0\n2 7 16\n3 4 8\n3 4 0\n4 5 4\n4 5 0\n5 6 2\n5 6 0\n6 7 1\n6 7 0\n""}, {""input"": ""48\n"", ""output"": ""6 11\n1 2 24\n1 2 0\n2 3 12\n2 3 0\n3 4 6\n3 4 0\n4 5 3\n4 5 0\n5 6 2\n5 6 0\n5 6 1\n""}, {""input"": ""68\n"", ""output"": ""7 13\n1 2 34\n1 2 0\n2 3 17\n2 3 0\n3 4 9\n3 4 0\n3 7 8\n4 5 4\n4 5 0\n5 6 2\n5 6 0\n6 7 1\n6 7 0\n""}, {""input"": ""72\n"", ""output"": ""7 13\n1 2 36\n1 2 0\n2 3 18\n2 3 0\n3 4 9\n3 4 0\n4 5 5\n4 5 0\n4 7 4\n5 6 2\n5 6 0\n6 7 1\n6 7 0\n""}, {""input"": ""129\n"", ""output"": ""8 15\n1 2 65\n1 2 0\n1 8 64\n2 3 32\n2 3 0\n3 4 16\n3 4 0\n4 5 8\n4 5 0\n5 6 4\n5 6 0\n6 7 2\n6 7 0\n7 8 1\n7 8 0\n""}, {""input"": ""64\n"", ""output"": ""7 12\n1 2 32\n1 2 0\n2 3 16\n2 3 0\n3 4 8\n3 4 0\n4 5 4\n4 5 0\n5 6 2\n5 6 0\n6 7 1\n6 7 0\n""}, {""input"": ""130\n"", ""output"": ""8 15\n1 2 65\n1 2 0\n2 3 33\n2 3 0\n2 8 32\n3 4 16\n3 4 0\n4 5 8\n4 5 0\n5 6 4\n5 6 0\n6 7 2\n6 7 0\n7 8 1\n7 8 0\n""}, {""input"": ""136\n"", ""output"": ""8 15\n1 2 68\n1 2 0\n2 3 34\n2 3 0\n3 4 17\n3 4 0\n4 5 9\n4 5 0\n4 8 8\n5 6 4\n5 6 0\n6 7 2\n6 7 0\n7 8 1\n7 8 0\n""}, {""input"": ""80\n"", ""output"": ""7 13\n1 2 40\n1 2 0\n2 3 20\n2 3 0\n3 4 10\n3 4 0\n4 5 5\n4 5 0\n5 6 3\n5 6 0\n5 7 2\n6 7 1\n6 7 0\n""}, {""input"": ""160\n"", ""output"": ""8 15\n1 2 80\n1 2 0\n2 3 40\n2 3 0\n3 4 20\n3 4 0\n4 5 10\n4 5 0\n5 6 5\n5 6 0\n6 7 3\n6 7 0\n6 8 2\n7 8 1\n7 8 0\n""}, {""input"": ""96\n"", ""output"": ""7 13\n1 2 48\n1 2 0\n2 3 24\n2 3 0\n3 4 12\n3 4 0\n4 5 6\n4 5 0\n5 6 3\n5 6 0\n6 7 2\n6 7 0\n6 7 1\n""}, {""input"": ""144\n"", ""output"": ""8 15\n1 2 72\n1 2 0\n2 3 36\n2 3 0\n3 4 18\n3 4 0\n4 5 9\n4 5 0\n5 6 5\n5 6 0\n5 8 4\n6 7 2\n6 7 0\n7 8 1\n7 8 0\n""}, {""input"": ""132\n"", ""output"": ""8 15\n1 2 66\n1 2 0\n2 3 33\n2 3 0\n3 4 17\n3 4 0\n3 8 16\n4 5 8\n4 5 0\n5 6 4\n5 6 0\n6 7 2\n6 7 0\n7 8 1\n7 8 0\n""}, {""input"": ""192\n"", ""output"": ""8 15\n1 2 96\n1 2 0\n2 3 48\n2 3 0\n3 4 24\n3 4 0\n4 5 12\n4 5 0\n5 6 6\n5 6 0\n6 7 3\n6 7 0\n7 8 2\n7 8 0\n7 8 1\n""}, {""input"": ""257\n"", ""output"": ""9 17\n1 2 129\n1 2 0\n1 9 128\n2 3 64\n2 3 0\n3 4 32\n3 4 0\n4 5 16\n4 5 0\n5 6 8\n5 6 0\n6 7 4\n6 7 0\n7 8 2\n7 8 0\n8 9 1\n8 9 0\n""}, {""input"": ""128\n"", ""output"": ""8 14\n1 2 64\n1 2 0\n2 3 32\n2 3 0\n3 4 16\n3 4 0\n4 5 8\n4 5 0\n5 6 4\n5 6 0\n6 7 2\n6 7 0\n7 8 1\n7 8 0\n""}, {""input"": ""260\n"", ""output"": ""9 17\n1 2 130\n1 2 0\n2 3 65\n2 3 0\n3 4 33\n3 4 0\n3 9 32\n4 5 16\n4 5 0\n5 6 8\n5 6 0\n6 7 4\n6 7 0\n7 8 2\n7 8 0\n8 9 1\n8 9 0\n""}, {""input"": ""288\n"", ""output"": ""9 17\n1 2 144\n1 2 0\n2 3 72\n2 3 0\n3 4 36\n3 4 0\n4 5 18\n4 5 0\n5 6 9\n5 6 0\n6 7 5\n6 7 0\n6 9 4\n7 8 2\n7 8 0\n8 9 1\n8 9 0\n""}, {""input"": ""264\n"", ""output"": ""9 17\n1 2 132\n1 2 0\n2 3 66\n2 3 0\n3 4 33\n3 4 0\n4 5 17\n4 5 0\n4 9 16\n5 6 8\n5 6 0\n6 7 4\n6 7 0\n7 8 2\n7 8 0\n8 9 1\n8 9 0\n""}, {""input"": ""320\n"", ""output"": ""9 17\n1 2 160\n1 2 0\n2 3 80\n2 3 0\n3 4 40\n3 4 0\n4 5 20\n4 5 0\n5 6 10\n5 6 0\n6 7 5\n6 7 0\n7 8 3\n7 8 0\n7 9 2\n8 9 1\n8 9 0\n""}, {""input"": ""258\n"", ""output"": ""9 17\n1 2 129\n1 2 0\n2 3 65\n2 3 0\n2 9 64\n3 4 32\n3 4 0\n4 5 16\n4 5 0\n5 6 8\n5 6 0\n6 7 4\n6 7 0\n7 8 2\n7 8 0\n8 9 1\n8 9 0\n""}, {""input"": ""256\n"", ""output"": ""9 16\n1 2 128\n1 2 0\n2 3 64\n2 3 0\n3 4 32\n3 4 0\n4 5 16\n4 5 0\n5 6 8\n5 6 0\n6 7 4\n6 7 0\n7 8 2\n7 8 0\n8 9 1\n8 9 0\n""}, {""input"": ""384\n"", ""output"": ""9 17\n1 2 192\n1 2 0\n2 3 96\n2 3 0\n3 4 48\n3 4 0\n4 5 24\n4 5 0\n5 6 12\n5 6 0\n6 7 6\n6 7 0\n7 8 3\n7 8 0\n8 9 2\n8 9 0\n8 9 1\n""}, {""input"": ""272\n"", ""output"": ""9 17\n1 2 136\n1 2 0\n2 3 68\n2 3 0\n3 4 34\n3 4 0\n4 5 17\n4 5 0\n5 6 9\n5 6 0\n5 9 8\n6 7 4\n6 7 0\n7 8 2\n7 8 0\n8 9 1\n8 9 0\n""}, {""input"": ""512\n"", ""output"": ""10 18\n1 2 256\n1 2 0\n2 3 128\n2 3 0\n3 4 64\n3 4 0\n4 5 32\n4 5 0\n5 6 16\n5 6 0\n6 7 8\n6 7 0\n7 8 4\n7 8 0\n8 9 2\n8 9 0\n9 10 1\n9 10 0\n""}, {""input"": ""576\n"", ""output"": ""10 19\n1 2 288\n1 2 0\n2 3 144\n2 3 0\n3 4 72\n3 4 0\n4 5 36\n4 5 0\n5 6 18\n5 6 0\n6 7 9\n6 7 0\n7 8 5\n7 8 0\n7 10 4\n8 9 2\n8 9 0\n9 10 1\n9 10 0\n""}, {""input"": ""516\n"", ""output"": ""10 19\n1 2 258\n1 2 0\n2 3 129\n2 3 0\n3 4 65\n3 4 0\n3 10 64\n4 5 32\n4 5 0\n5 6 16\n5 6 0\n6 7 8\n6 7 0\n7 8 4\n7 8 0\n8 9 2\n8 9 0\n9 10 1\n9 10 0\n""}, {""input"": ""514\n"", ""output"": ""10 19\n1 2 257\n1 2 0\n2 3 129\n2 3 0\n2 10 128\n3 4 64\n3 4 0\n4 5 32\n4 5 0\n5 6 16\n5 6 0\n6 7 8\n6 7 0\n7 8 4\n7 8 0\n8 9 2\n8 9 0\n9 10 1\n9 10 0\n""}, {""input"": ""001\n"", ""output"": ""1 0\n""}, {""input"": ""1\n"", ""output"": ""1 0\n""}, {""input"": ""3\n"", ""output"": ""2 3\n1 2 2\n1 2 0\n1 2 1\n""}, {""input"": ""2\n"", ""output"": ""2 2\n1 2 1\n1 2 0\n""}, {""input"": ""6\n"", ""output"": ""3 5\n1 2 3\n1 2 0\n2 3 2\n2 3 0\n2 3 1\n""}, {""input"": ""12\n"", ""output"": ""4 7\n1 2 6\n1 2 0\n2 3 3\n2 3 0\n3 4 2\n3 4 0\n3 4 1\n""}, {""input"": ""8\n"", ""output"": ""4 6\n1 2 4\n1 2 0\n2 3 2\n2 3 0\n3 4 1\n3 4 0\n""}, {""input"": ""10\n"", ""output"": ""4 7\n1 2 5\n1 2 0\n2 3 3\n2 3 0\n2 4 2\n3 4 1\n3 4 0\n""}, {""input"": ""16\n"", ""output"": ""5 8\n1 2 8\n1 2 0\n2 3 4\n2 3 0\n3 4 2\n3 4 0\n4 5 1\n4 5 0\n""}, {""input"": ""9\n"", ""output"": ""4 7\n1 2 5\n1 2 0\n1 4 4\n2 3 2\n2 3 0\n3 4 1\n3 4 0\n""}, {""input"": ""17\n"", ""output"": ""5 9\n1 2 9\n1 2 0\n1 5 8\n2 3 4\n2 3 0\n3 4 2\n3 4 0\n4 5 1\n4 5 0\n""}, {""input"": ""20\n"", ""output"": ""5 9\n1 2 10\n1 2 0\n2 3 5\n2 3 0\n3 4 3\n3 4 0\n3 5 2\n4 5 1\n4 5 0\n""}, {""input"": ""18\n"", ""output"": ""5 9\n1 2 9\n1 2 0\n2 3 5\n2 3 0\n2 5 4\n3 4 2\n3 4 0\n4 5 1\n4 5 0\n""}, {""input"": ""24\n"", ""output"": ""5 9\n1 2 12\n1 2 0\n2 3 6\n2 3 0\n3 4 3\n3 4 0\n4 5 2\n4 5 0\n4 5 1\n""}, {""input"": ""32\n"", ""output"": ""6 10\n1 2 16\n1 2 0\n2 3 8\n2 3 0\n3 4 4\n3 4 0\n4 5 2\n4 5 0\n5 6 1\n5 6 0\n""}, {""input"": ""40\n"", ""output"": ""6 11\n1 2 20\n1 2 0\n2 3 10\n2 3 0\n3 4 5\n3 4 0\n4 5 3\n4 5 0\n4 6 2\n5 6 1\n5 6 0\n""}, {""input"": ""65\n"", ""output"": ""7 13\n1 2 33\n1 2 0\n1 7 32\n2 3 16\n2 3 0\n3 4 8\n3 4 0\n4 5 4\n4 5 0\n5 6 2\n5 6 0\n6 7 1\n6 7 0\n""}, {""input"": ""48\n"", ""output"": ""6 11\n1 2 24\n1 2 0\n2 3 12\n2 3 0\n3 4 6\n3 4 0\n4 5 3\n4 5 0\n5 6 2\n5 6 0\n5 6 1\n""}, {""input"": ""34\n"", ""output"": ""6 11\n1 2 17\n1 2 0\n2 3 9\n2 3 0\n2 6 8\n3 4 4\n3 4 0\n4 5 2\n4 5 0\n5 6 1\n5 6 0\n""}, {""input"": ""33\n"", ""output"": ""6 11\n1 2 17\n1 2 0\n1 6 16\n2 3 8\n2 3 0\n3 4 4\n3 4 0\n4 5 2\n4 5 0\n5 6 1\n5 6 0\n""}, {""input"": ""64\n"", ""output"": ""7 12\n1 2 32\n1 2 0\n2 3 16\n2 3 0\n3 4 8\n3 4 0\n4 5 4\n4 5 0\n5 6 2\n5 6 0\n6 7 1\n6 7 0\n""}, {""input"": ""36\n"", ""output"": ""6 11\n1 2 18\n1 2 0\n2 3 9\n2 3 0\n3 4 5\n3 4 0\n3 6 4\n4 5 2\n4 5 0\n5 6 1\n5 6 0\n""}, {""input"": ""66\n"", ""output"": ""7 13\n1 2 33\n1 2 0\n2 3 17\n2 3 0\n2 7 16\n3 4 8\n3 4 0\n4 5 4\n4 5 0\n5 6 2\n5 6 0\n6 7 1\n6 7 0\n""}, {""input"": ""72\n"", ""output"": ""7 13\n1 2 36\n1 2 0\n2 3 18\n2 3 0\n3 4 9\n3 4 0\n4 5 5\n4 5 0\n4 7 4\n5 6 2\n5 6 0\n6 7 1\n6 7 0\n""}, {""input"": ""128\n"", ""output"": ""8 14\n1 2 64\n1 2 0\n2 3 32\n2 3 0\n3 4 16\n3 4 0\n4 5 8\n4 5 0\n5 6 4\n5 6 0\n6 7 2\n6 7 0\n7 8 1\n7 8 0\n""}, {""input"": ""001\n"", ""output"": ""1 0\n""}, {""input"": ""68\n"", ""output"": ""7 13\n1 2 34\n1 2 0\n2 3 17\n2 3 0\n3 4 9\n3 4 0\n3 7 8\n4 5 4\n4 5 0\n5 6 2\n5 6 0\n6 7 1\n6 7 0\n""}, {""input"": ""129\n"", ""output"": ""8 15\n1 2 65\n1 2 0\n1 8 64\n2 3 32\n2 3 0\n3 4 16\n3 4 0\n4 5 8\n4 5 0\n5 6 4\n5 6 0\n6 7 2\n6 7 0\n7 8 1\n7 8 0\n""}, {""input"": ""132\n"", ""output"": ""8 15\n1 2 66\n1 2 0\n2 3 33\n2 3 0\n3 4 17\n3 4 0\n3 8 16\n4 5 8\n4 5 0\n5 6 4\n5 6 0\n6 7 2\n6 7 0\n7 8 1\n7 8 0\n""}, {""input"": ""160\n"", ""output"": ""8 15\n1 2 80\n1 2 0\n2 3 40\n2 3 0\n3 4 20\n3 4 0\n4 5 10\n4 5 0\n5 6 5\n5 6 0\n6 7 3\n6 7 0\n6 8 2\n7 8 1\n7 8 0\n""}, {""input"": ""130\n"", ""output"": ""8 15\n1 2 65\n1 2 0\n2 3 33\n2 3 0\n2 8 32\n3 4 16\n3 4 0\n4 5 8\n4 5 0\n5 6 4\n5 6 0\n6 7 2\n6 7 0\n7 8 1\n7 8 0\n""}, {""input"": ""80\n"", ""output"": ""7 13\n1 2 40\n1 2 0\n2 3 20\n2 3 0\n3 4 10\n3 4 0\n4 5 5\n4 5 0\n5 6 3\n5 6 0\n5 7 2\n6 7 1\n6 7 0\n""}, {""input"": ""136\n"", ""output"": ""8 15\n1 2 68\n1 2 0\n2 3 34\n2 3 0\n3 4 17\n3 4 0\n4 5 9\n4 5 0\n4 8 8\n5 6 4\n5 6 0\n6 7 2\n6 7 0\n7 8 1\n7 8 0\n""}, {""input"": ""96\n"", ""output"": ""7 13\n1 2 48\n1 2 0\n2 3 24\n2 3 0\n3 4 12\n3 4 0\n4 5 6\n4 5 0\n5 6 3\n5 6 0\n6 7 2\n6 7 0\n6 7 1\n""}, {""input"": ""256\n"", ""output"": ""9 16\n1 2 128\n1 2 0\n2 3 64\n2 3 0\n3 4 32\n3 4 0\n4 5 16\n4 5 0\n5 6 8\n5 6 0\n6 7 4\n6 7 0\n7 8 2\n7 8 0\n8 9 1\n8 9 0\n""}, {""input"": ""192\n"", ""output"": ""8 15\n1 2 96\n1 2 0\n2 3 48\n2 3 0\n3 4 24\n3 4 0\n4 5 12\n4 5 0\n5 6 6\n5 6 0\n6 7 3\n6 7 0\n7 8 2\n7 8 0\n7 8 1\n""}, {""input"": ""258\n"", ""output"": ""9 17\n1 2 129\n1 2 0\n2 3 65\n2 3 0\n2 9 64\n3 4 32\n3 4 0\n4 5 16\n4 5 0\n5 6 8\n5 6 0\n6 7 4\n6 7 0\n7 8 2\n7 8 0\n8 9 1\n8 9 0\n""}, {""input"": ""144\n"", ""output"": ""8 15\n1 2 72\n1 2 0\n2 3 36\n2 3 0\n3 4 18\n3 4 0\n4 5 9\n4 5 0\n5 6 5\n5 6 0\n5 8 4\n6 7 2\n6 7 0\n7 8 1\n7 8 0\n""}, {""input"": ""272\n"", ""output"": ""9 17\n1 2 136\n1 2 0\n2 3 68\n2 3 0\n3 4 34\n3 4 0\n4 5 17\n4 5 0\n5 6 9\n5 6 0\n5 9 8\n6 7 4\n6 7 0\n7 8 2\n7 8 0\n8 9 1\n8 9 0\n""}, {""input"": ""264\n"", ""output"": ""9 17\n1 2 132\n1 2 0\n2 3 66\n2 3 0\n3 4 33\n3 4 0\n4 5 17\n4 5 0\n4 9 16\n5 6 8\n5 6 0\n6 7 4\n6 7 0\n7 8 2\n7 8 0\n8 9 1\n8 9 0\n""}, {""input"": ""288\n"", ""output"": ""9 17\n1 2 144\n1 2 0\n2 3 72\n2 3 0\n3 4 36\n3 4 0\n4 5 18\n4 5 0\n5 6 9\n5 6 0\n6 7 5\n6 7 0\n6 9 4\n7 8 2\n7 8 0\n8 9 1\n8 9 0\n""}, {""input"": ""257\n"", ""output"": ""9 17\n1 2 129\n1 2 0\n1 9 128\n2 3 64\n2 3 0\n3 4 32\n3 4 0\n4 5 16\n4 5 0\n5 6 8\n5 6 0\n6 7 4\n6 7 0\n7 8 2\n7 8 0\n8 9 1\n8 9 0\n""}, {""input"": ""320\n"", ""output"": ""9 17\n1 2 160\n1 2 0\n2 3 80\n2 3 0\n3 4 40\n3 4 0\n4 5 20\n4 5 0\n5 6 10\n5 6 0\n6 7 5\n6 7 0\n7 8 3\n7 8 0\n7 9 2\n8 9 1\n8 9 0\n""}, {""input"": ""260\n"", ""output"": ""9 17\n1 2 130\n1 2 0\n2 3 65\n2 3 0\n3 4 33\n3 4 0\n3 9 32\n4 5 16\n4 5 0\n5 6 8\n5 6 0\n6 7 4\n6 7 0\n7 8 2\n7 8 0\n8 9 1\n8 9 0\n""}, {""input"": ""4\n"", ""output"": ""3 4\n1 2 2\n1 2 0\n2 3 1\n2 3 0\n""}, {""input"": ""4\n"", ""output"": ""3 4\n1 2 2\n1 2 0\n2 3 1\n2 3 0\n""}, {""input"": ""5\n"", ""output"": ""3 5\n1 2 3\n1 2 0\n1 3 2\n2 3 1\n2 3 0\n""}]","Given the following C code and assembly code, your task is to generate highly optimized x86-64 assembly code.
C Code:

```c
#include <stdio.h>

int main(){
  int l = 0;
  scanf(""%d"",&l);
  int n = 1;
  int m = 0;

  int tmp = l;
  while(tmp > 1){
    if(tmp%2==1){
      m = m+1;
    }
    tmp = tmp/2;
    n = n+1;
    m = m+2;
  }
  printf(""%d %d\n"",n,m);

  int i = 1;
  tmp = l;
  for(i=1;i<n;i++){
    printf(""%d %d %d\n"",i,i+1,(tmp+1)/2);
    printf(""%d %d %d\n"",i,i+1,0);
    if(tmp%2==1){
      printf(""%d %d %d\n"",i,n,tmp/2);
    }
    tmp = tmp/2;
  }
  return 0;
}
```

Assembly Code:

```assembly
	.file	""temp.c""
	.text
	.section	.rodata.str1.1,""aMS"",@progbits,1
.LC0:
	.string	""%d""
.LC1:
	.string	""%d %d\n""
.LC2:
	.string	""%d %d %d\n""
	.section	.text.startup,""ax"",@progbits
	.p2align 4
	.globl	main
	.type	main, @function
main:
.LFB23:
	.cfi_startproc
	endbr64
	pushq	%r15
	.cfi_def_cfa_offset 16
	.cfi_offset 15, -16
	leaq	.LC0(%rip), %rdi
	pushq	%r14
	.cfi_def_cfa_offset 24
	.cfi_offset 14, -24
	pushq	%r13
	.cfi_def_cfa_offset 32
	.cfi_offset 13, -32
	pushq	%r12
	.cfi_def_cfa_offset 40
	.cfi_offset 12, -40
	pushq	%rbp
	.cfi_def_cfa_offset 48
	.cfi_offset 6, -48
	pushq	%rbx
	.cfi_def_cfa_offset 56
	.cfi_offset 3, -56
	subq	$24, %rsp
	.cfi_def_cfa_offset 80
	movq	%fs:40, %rax
	movq	%rax, 8(%rsp)
	xorl	%eax, %eax
	leaq	4(%rsp), %rsi
	movl	$0, 4(%rsp)
	call	__isoc99_scanf@PLT
	movl	4(%rsp), %ebx
	xorl	%ecx, %ecx
	cmpl	$1, %ebx
	jle	.L2
	movl	$1, %r14d
	jmp	.L4
	.p2align 4,,10
	.p2align 3
.L10:
	movl	%r13d, %r14d
.L4:
	movl	%ebx, %eax
	leal	1(%r14), %r13d
	andl	$1, %eax
	cmpl	$1, %eax
	sbbl	$-1, %ecx
	sarl	%ebx
	addl	$2, %ecx
	cmpl	$1, %ebx
	jne	.L10
	movl	%r13d, %edx
	leaq	.LC1(%rip), %rsi
	movl	$1, %edi
	xorl	%eax, %eax
	call	__printf_chk@PLT
	leaq	.LC2(%rip), %r12
	movl	4(%rsp), %ebp
	jmp	.L8
	.p2align 4,,10
	.p2align 3
.L7:
	movl	%ebp, %eax
	shrl	$31, %eax
	addl	%ebp, %eax
	sarl	%eax
	movl	%eax, %ebp
	cmpl	%r15d, %r14d
	je	.L6
.L8:
	leal	1(%rbp), %eax
	movl	%ebx, %r15d
	addl	$1, %ebx
	movq	%r12, %rsi
	movl	%eax, %r8d
	movl	%ebx, %ecx
	movl	%r15d, %edx
	movl	$1, %edi
	shrl	$31, %r8d
	addl	%eax, %r8d
	xorl	%eax, %eax
	sarl	%r8d
	call	__printf_chk@PLT
	movl	%r15d, %edx
	xorl	%r8d, %r8d
	movl	%ebx, %ecx
	movq	%r12, %rsi
	movl	$1, %edi
	xorl	%eax, %eax
	call	__printf_chk@PLT
	movl	%ebp, %edx
	shrl	$31, %edx
	leal	0(%rbp,%rdx), %eax
	andl	$1, %eax
	subl	%edx, %eax
	cmpl	$1, %eax
	jne	.L7
	movl	%ebp, %r8d
	movl	%r13d, %ecx
	movl	%r15d, %edx
	movq	%r12, %rsi
	sarl	%r8d
	movl	$1, %edi
	xorl	%eax, %eax
	call	__printf_chk@PLT
	movl	%ebp, %eax
	shrl	$31, %eax
	addl	%ebp, %eax
	sarl	%eax
	movl	%eax, %ebp
	cmpl	%r15d, %r14d
	jne	.L8
	.p2align 4,,10
	.p2align 3
.L6:
	movq	8(%rsp), %rax
	subq	%fs:40, %rax
	jne	.L17
	addq	$24, %rsp
	.cfi_remember_state
	.cfi_def_cfa_offset 56
	xorl	%eax, %eax
	popq	%rbx
	.cfi_def_cfa_offset 48
	popq	%rbp
	.cfi_def_cfa_offset 40
	popq	%r12
	.cfi_def_cfa_offset 32
	popq	%r13
	.cfi_def_cfa_offset 24
	popq	%r14
	.cfi_def_cfa_offset 16
	popq	%r15
	.cfi_def_cfa_offset 8
	ret
.L2:
	.cfi_restore_state
	movl	$1, %edx
	leaq	.LC1(%rip), %rsi
	movl	$1, %edi
	xorl	%eax, %eax
	call	__printf_chk@PLT
	jmp	.L6
.L17:
	call	__stack_chk_fail@PLT
	.cfi_endproc
.LFE23:
	.size	main, .-main
	.ident	""GCC: (Ubuntu 11.4.0-1ubuntu1~22.04) 11.4.0""
	.section	.note.GNU-stack,"""",@progbits
	.section	.note.gnu.property,""a""
	.align 8
	.long	1f - 0f
	.long	4f - 1f
	.long	5
0:
	.string	""GNU""
1:
	.align 8
	.long	0xc0000002
	.long	3f - 2f
2:
	.long	0x3
3:
	.align 8
4:
```

Only output the optimized assembly code. Do not include any other text. Do not write any comments in the assembly code. Wrap the assembly code in ```assembly``` tags.
Optimized Assembly Code:
","Given the following C code, your task is to generate highly optimized x86-64 assembly code.
C Code:

```c
#include <stdio.h>

int main(){
  int l = 0;
  scanf(""%d"",&l);
  int n = 1;
  int m = 0;

  int tmp = l;
  while(tmp > 1){
    if(tmp%2==1){
      m = m+1;
    }
    tmp = tmp/2;
    n = n+1;
    m = m+2;
  }
  printf(""%d %d\n"",n,m);

  int i = 1;
  tmp = l;
  for(i=1;i<n;i++){
    printf(""%d %d %d\n"",i,i+1,(tmp+1)/2);
    printf(""%d %d %d\n"",i,i+1,0);
    if(tmp%2==1){
      printf(""%d %d %d\n"",i,n,tmp/2);
    }
    tmp = tmp/2;
  }
  return 0;
}
```

Only output the optimized assembly code. Do not include any other text. Do not write any comments in the assembly code. Wrap the assembly code in ```assembly``` tags.
Optimized Assembly Code:
"
78,"```c
#include <stdio.h>
#include <string.h>

int main(){
	char a[20];
	scanf(""%s"", &a);
	memset(a+3, '\0', 17);
	printf(""%s\n"", a);

	return 0;
}```","[{""input"": ""maohiro\n"", ""output"": ""mao\n""}, {""input"": ""sakahashi\n"", ""output"": ""sak\n""}, {""input"": ""orihoam\n"", ""output"": ""ori\n""}, {""input"": ""sbkahashi\n"", ""output"": ""sbk\n""}, {""input"": ""ihsahakbs\n"", ""output"": ""ihs\n""}, {""input"": ""hhsaiakbr\n"", ""output"": ""hhs\n""}, {""input"": ""anphiro\n"", ""output"": ""anp\n""}, {""input"": ""rbkaiashh\n"", ""output"": ""rbk\n""}, {""input"": ""onphira\n"", ""output"": ""onp\n""}, {""input"": ""rkbaiashh\n"", ""output"": ""rkb\n""}, {""input"": ""arihpno\n"", ""output"": ""ari\n""}, {""input"": ""skbajashh\n"", ""output"": ""skb\n""}, {""input"": ""nmpgira\n"", ""output"": ""nmp\n""}, {""input"": ""sgi`pmn\n"", ""output"": ""sgi\n""}, {""input"": ""ska^iashi\n"", ""output"": ""ska\n""}, {""input"": ""nlp`igs\n"", ""output"": ""nlp\n""}, {""input"": ""nplgi`s\n"", ""output"": ""npl\n""}, {""input"": ""shsai_kai\n"", ""output"": ""shs\n""}, {""input"": ""nqlgi`s\n"", ""output"": ""nql\n""}, {""input"": ""shaai_ksi\n"", ""output"": ""sha\n""}, {""input"": ""nilgq`s\n"", ""output"": ""nil\n""}, {""input"": ""isk_iaahs\n"", ""output"": ""isk\n""}, {""input"": ""inlgq`s\n"", ""output"": ""inl\n""}, {""input"": ""s`qglin\n"", ""output"": ""s`q\n""}, {""input"": ""hsaai_kri\n"", ""output"": ""hsa\n""}, {""input"": ""milgq`s\n"", ""output"": ""mil\n""}, {""input"": ""hta`i_jsi\n"", ""output"": ""hta\n""}, {""input"": ""sgq`lim\n"", ""output"": ""sgq\n""}, {""input"": ""isj_i`ath\n"", ""output"": ""isj\n""}, {""input"": ""ish_i`atj\n"", ""output"": ""ish\n""}, {""input"": ""sgl`qil\n"", ""output"": ""sgl\n""}, {""input"": ""liq`lgs\n"", ""output"": ""liq\n""}, {""input"": ""ith_i`auj\n"", ""output"": ""ith\n""}, {""input"": ""itg_i`auj\n"", ""output"": ""itg\n""}, {""input"": ""sgh`qll\n"", ""output"": ""sgh\n""}, {""input"": ""lghlps`\n"", ""output"": ""lgh\n""}, {""input"": ""lfhlps`\n"", ""output"": ""lfh\n""}, {""input"": ""`pslhfl\n"", ""output"": ""`ps\n""}, {""input"": ""lfilsp`\n"", ""output"": ""lfi\n""}, {""input"": ""lehlsp`\n"", ""output"": ""leh\n""}, {""input"": ""vtg```kii\n"", ""output"": ""vtg\n""}, {""input"": ""sehllp`\n"", ""output"": ""seh\n""}, {""input"": ""vig```kti\n"", ""output"": ""vig\n""}, {""input"": ""sepllh`\n"", ""output"": ""sep\n""}, {""input"": ""`hllpes\n"", ""output"": ""`hl\n""}, {""input"": ""wig``_ksi\n"", ""output"": ""wig\n""}, {""input"": ""ehllo`s\n"", ""output"": ""ehl\n""}, {""input"": ""fhllo`s\n"", ""output"": ""fhl\n""}, {""input"": ""wi``g_ksi\n"", ""output"": ""wi`\n""}, {""input"": ""wsk_g``ii\n"", ""output"": ""wsk\n""}, {""input"": ""fhklns`\n"", ""output"": ""fhk\n""}, {""input"": ""fgklns`\n"", ""output"": ""fgk\n""}, {""input"": ""ij``g_ksw\n"", ""output"": ""ij`\n""}, {""input"": ""lsn`kgf\n"", ""output"": ""lsn\n""}, {""input"": ""lns`lgf\n"", ""output"": ""lns\n""}, {""input"": ""fgl`snl\n"", ""output"": ""fgl\n""}, {""input"": ""wsj_f``ki\n"", ""output"": ""wsj\n""}, {""input"": ""ffl`snl\n"", ""output"": ""ffl\n""}, {""input"": ""wjs_f``ki\n"", ""output"": ""wjs\n""}, {""input"": ""gfl`snl\n"", ""output"": ""gfl\n""}, {""input"": ""wjt_f``ki\n"", ""output"": ""wjt\n""}, {""input"": ""ggl_rnl\n"", ""output"": ""ggl\n""}, {""input"": ""wju_f``kh\n"", ""output"": ""wju\n""}, {""input"": ""hju_f``kw\n"", ""output"": ""hju\n""}, {""input"": ""grl`fnl\n"", ""output"": ""grl\n""}, {""input"": ""wk`f`_ujh\n"", ""output"": ""wk`\n""}, {""input"": ""grk`fnl\n"", ""output"": ""grk\n""}, {""input"": ""frk`fnl\n"", ""output"": ""frk\n""}, {""input"": ""ujg_`f`kw\n"", ""output"": ""ujg\n""}, {""input"": ""lof`krf\n"", ""output"": ""lof\n""}, {""input"": ""ukg_`f_kw\n"", ""output"": ""ukg\n""}, {""input"": ""ukf_`f_kw\n"", ""output"": ""ukf\n""}, {""input"": ""hrk`fol\n"", ""output"": ""hrk\n""}, {""input"": ""krh`fol\n"", ""output"": ""krh\n""}, {""input"": ""xk_f`_fku\n"", ""output"": ""xk_\n""}, {""input"": ""lpf`hrk\n"", ""output"": ""lpf\n""}, {""input"": ""wk_e`_fku\n"", ""output"": ""wk_\n""}, {""input"": ""lpe`hrk\n"", ""output"": ""lpe\n""}, {""input"": ""wj_ea_fku\n"", ""output"": ""wj_\n""}, {""input"": ""kqh`epl\n"", ""output"": ""kqh\n""}, {""input"": ""wje_u_fka\n"", ""output"": ""wje\n""}, {""input"": ""lpd`hqk\n"", ""output"": ""lpd\n""}, {""input"": ""akf_u_ejw\n"", ""output"": ""akf\n""}, {""input"": ""lod`hqk\n"", ""output"": ""lod\n""}, {""input"": ""god`lqk\n"", ""output"": ""god\n""}, {""input"": ""kql`dog\n"", ""output"": ""kql\n""}, {""input"": ""xie_u_fka\n"", ""output"": ""xie\n""}, {""input"": ""kq`ldog\n"", ""output"": ""kq`\n""}, {""input"": ""kr`ldog\n"", ""output"": ""kr`\n""}, {""input"": ""al_fu_eix\n"", ""output"": ""al_\n""}, {""input"": ""al^fu_eix\n"", ""output"": ""al^\n""}, {""input"": ""glod`rk\n"", ""output"": ""glo\n""}, {""input"": ""af^lu_eix\n"", ""output"": ""af^\n""}, {""input"": ""kr_dolg\n"", ""output"": ""kr_\n""}, {""input"": ""gr_kold\n"", ""output"": ""gr_\n""}, {""input"": ""ixe]ul^fa\n"", ""output"": ""ixe\n""}, {""input"": ""rg_kold\n"", ""output"": ""rg_\n""}, {""input"": ""ae^lu]exi\n"", ""output"": ""ae^\n""}, {""input"": ""rgok_ld\n"", ""output"": ""rgo\n""}, {""input"": ""rgpk_ld\n"", ""output"": ""rgp\n""}, {""input"": ""naohiro\n"", ""output"": ""nao\n""}, {""input"": ""takahashi\n"", ""output"": ""tak\n""}, {""input"": ""takahashi\n"", ""output"": ""tak\n""}]","Given the following C code and assembly code, your task is to generate highly optimized x86-64 assembly code.
C Code:

```c
#include <stdio.h>
#include <string.h>

int main(){
	char a[20];
	scanf(""%s"", &a);
	memset(a+3, '\0', 17);
	printf(""%s\n"", a);

	return 0;
}```

Assembly Code:

```assembly
	.file	""temp.c""
	.text
	.section	.rodata.str1.1,""aMS"",@progbits,1
.LC0:
	.string	""%s""
	.section	.text.startup,""ax"",@progbits
	.p2align 4
	.globl	main
	.type	main, @function
main:
.LFB35:
	.cfi_startproc
	endbr64
	pushq	%rbp
	.cfi_def_cfa_offset 16
	.cfi_offset 6, -16
	leaq	.LC0(%rip), %rdi
	subq	$32, %rsp
	.cfi_def_cfa_offset 48
	movq	%fs:40, %rax
	movq	%rax, 24(%rsp)
	xorl	%eax, %eax
	movq	%rsp, %rbp
	movq	%rbp, %rsi
	call	__isoc99_scanf@PLT
	pxor	%xmm0, %xmm0
	movq	%rbp, %rdi
	movb	$0, 19(%rsp)
	movups	%xmm0, 3(%rsp)
	call	puts@PLT
	movq	24(%rsp), %rax
	subq	%fs:40, %rax
	jne	.L5
	addq	$32, %rsp
	.cfi_remember_state
	.cfi_def_cfa_offset 16
	xorl	%eax, %eax
	popq	%rbp
	.cfi_def_cfa_offset 8
	ret
.L5:
	.cfi_restore_state
	call	__stack_chk_fail@PLT
	.cfi_endproc
.LFE35:
	.size	main, .-main
	.ident	""GCC: (Ubuntu 11.4.0-1ubuntu1~22.04) 11.4.0""
	.section	.note.GNU-stack,"""",@progbits
	.section	.note.gnu.property,""a""
	.align 8
	.long	1f - 0f
	.long	4f - 1f
	.long	5
0:
	.string	""GNU""
1:
	.align 8
	.long	0xc0000002
	.long	3f - 2f
2:
	.long	0x3
3:
	.align 8
4:
```

Only output the optimized assembly code. Do not include any other text. Do not write any comments in the assembly code. Wrap the assembly code in ```assembly``` tags.
Optimized Assembly Code:
","Given the following C code, your task is to generate highly optimized x86-64 assembly code.
C Code:

```c
#include <stdio.h>
#include <string.h>

int main(){
	char a[20];
	scanf(""%s"", &a);
	memset(a+3, '\0', 17);
	printf(""%s\n"", a);

	return 0;
}```

Only output the optimized assembly code. Do not include any other text. Do not write any comments in the assembly code. Wrap the assembly code in ```assembly``` tags.
Optimized Assembly Code:
"
79,"```c
#include<stdio.h>
#include<stdlib.h>
#include<string.h>
#include<math.h>

typedef long long ll;

int t[100000];
int k[500007];

int main(){
  ll n,m;
  ll p;
  int sp = 0;
  int a,i;
  ll ans = 1;
  int limit;

  scanf(""%lld %lld"", &n, &p);

  for(i = 0;i <= 500000;i++) k[i] = 0;

  if(n == 1){
    printf(""%lld\n"", p);
    return 0;
  }

  if(p == 1){
    printf(""%lld\n"", p);
    return 0;
  }

  limit = sqrt(p);

  for(i = 2;i <= limit;i++){
    while(p % i == 0){
      k[i]++;
      p = p/i;
    }
  }

  for(i = 2;i <= 500000;i++){
    ans = ans*pow(i,(k[i])/n);
  }

  printf(""%lld\n"", ans);

  return 0;
}```","[{""input"": ""3 24\n"", ""output"": ""2\n""}]","Given the following C code and assembly code, your task is to generate highly optimized x86-64 assembly code.
C Code:

```c
#include<stdio.h>
#include<stdlib.h>
#include<string.h>
#include<math.h>

typedef long long ll;

int t[100000];
int k[500007];

int main(){
  ll n,m;
  ll p;
  int sp = 0;
  int a,i;
  ll ans = 1;
  int limit;

  scanf(""%lld %lld"", &n, &p);

  for(i = 0;i <= 500000;i++) k[i] = 0;

  if(n == 1){
    printf(""%lld\n"", p);
    return 0;
  }

  if(p == 1){
    printf(""%lld\n"", p);
    return 0;
  }

  limit = sqrt(p);

  for(i = 2;i <= limit;i++){
    while(p % i == 0){
      k[i]++;
      p = p/i;
    }
  }

  for(i = 2;i <= 500000;i++){
    ans = ans*pow(i,(k[i])/n);
  }

  printf(""%lld\n"", ans);

  return 0;
}```

Assembly Code:

```assembly
	.file	""temp.c""
	.text
	.section	.rodata.str1.1,""aMS"",@progbits,1
.LC0:
	.string	""%lld %lld""
.LC1:
	.string	""%lld\n""
	.section	.text.startup,""ax"",@progbits
	.p2align 4
	.globl	main
	.type	main, @function
main:
.LFB51:
	.cfi_startproc
	endbr64
	pushq	%r13
	.cfi_def_cfa_offset 16
	.cfi_offset 13, -16
	leaq	.LC0(%rip), %rdi
	pushq	%r12
	.cfi_def_cfa_offset 24
	.cfi_offset 12, -24
	leaq	k(%rip), %r12
	pushq	%rbp
	.cfi_def_cfa_offset 32
	.cfi_offset 6, -32
	pushq	%rbx
	.cfi_def_cfa_offset 40
	.cfi_offset 3, -40
	subq	$40, %rsp
	.cfi_def_cfa_offset 80
	movq	%fs:40, %rax
	movq	%rax, 24(%rsp)
	xorl	%eax, %eax
	leaq	16(%rsp), %rdx
	leaq	8(%rsp), %rsi
	call	__isoc99_scanf@PLT
	movl	$2000004, %edx
	xorl	%esi, %esi
	movq	%r12, %rdi
	call	memset@PLT
	movq	8(%rsp), %rbp
	movq	16(%rsp), %r13
	cmpq	$1, %rbp
	je	.L26
	cmpq	$1, %r13
	je	.L28
	pxor	%xmm0, %xmm0
	pxor	%xmm1, %xmm1
	cvtsi2sdq	%r13, %xmm0
	ucomisd	%xmm0, %xmm1
	ja	.L24
	sqrtsd	%xmm0, %xmm0
.L7:
	cvttsd2sil	%xmm0, %eax
	cmpl	$1, %eax
	jle	.L10
	leal	1(%rax), %r8d
	movl	$2, %ecx
	xorl	%esi, %esi
	.p2align 4,,10
	.p2align 3
.L9:
	movq	%r13, %rax
	cqto
	idivq	%rcx
	testq	%rdx, %rdx
	jne	.L14
	movl	(%r12,%rcx,4), %eax
	leal	1(%rax), %esi
	.p2align 4,,10
	.p2align 3
.L11:
	movq	%r13, %rax
	movl	%esi, %edi
	addl	$1, %esi
	cqto
	idivq	%rcx
	cqto
	movq	%rax, %r13
	idivq	%rcx
	testq	%rdx, %rdx
	je	.L11
	movl	%edi, (%r12,%rcx,4)
	movl	$1, %esi
.L14:
	addq	$1, %rcx
	cmpq	%rcx, %r8
	jne	.L9
	testb	%sil, %sil
	je	.L10
	movq	%r13, 16(%rsp)
.L10:
	movl	$2, %ebx
	movl	$1, %r13d
	.p2align 4,,10
	.p2align 3
.L15:
	movslq	(%r12,%rbx,4), %rax
	pxor	%xmm0, %xmm0
	pxor	%xmm1, %xmm1
	cvtsi2sdl	%ebx, %xmm0
	addq	$1, %rbx
	cqto
	idivq	%rbp
	cvtsi2sdq	%rax, %xmm1
	call	pow@PLT
	movapd	%xmm0, %xmm1
	pxor	%xmm0, %xmm0
	cvtsi2sdq	%r13, %xmm0
	mulsd	%xmm1, %xmm0
	cvttsd2siq	%xmm0, %r13
	cmpq	$500001, %rbx
	jne	.L15
.L26:
	movq	%r13, %rdx
	leaq	.LC1(%rip), %rsi
	movl	$1, %edi
	xorl	%eax, %eax
	call	__printf_chk@PLT
.L3:
	movq	24(%rsp), %rax
	subq	%fs:40, %rax
	jne	.L29
	addq	$40, %rsp
	.cfi_remember_state
	.cfi_def_cfa_offset 40
	xorl	%eax, %eax
	popq	%rbx
	.cfi_def_cfa_offset 32
	popq	%rbp
	.cfi_def_cfa_offset 24
	popq	%r12
	.cfi_def_cfa_offset 16
	popq	%r13
	.cfi_def_cfa_offset 8
	ret
.L28:
	.cfi_restore_state
	movl	$1, %edx
	leaq	.LC1(%rip), %rsi
	movl	$1, %edi
	xorl	%eax, %eax
	call	__printf_chk@PLT
	jmp	.L3
.L29:
	call	__stack_chk_fail@PLT
.L24:
	call	sqrt@PLT
	jmp	.L7
	.cfi_endproc
.LFE51:
	.size	main, .-main
	.globl	k
	.bss
	.align 32
	.type	k, @object
	.size	k, 2000028
k:
	.zero	2000028
	.globl	t
	.align 32
	.type	t, @object
	.size	t, 400000
t:
	.zero	400000
	.ident	""GCC: (Ubuntu 11.4.0-1ubuntu1~22.04) 11.4.0""
	.section	.note.GNU-stack,"""",@progbits
	.section	.note.gnu.property,""a""
	.align 8
	.long	1f - 0f
	.long	4f - 1f
	.long	5
0:
	.string	""GNU""
1:
	.align 8
	.long	0xc0000002
	.long	3f - 2f
2:
	.long	0x3
3:
	.align 8
4:
```

Only output the optimized assembly code. Do not include any other text. Do not write any comments in the assembly code. Wrap the assembly code in ```assembly``` tags.
Optimized Assembly Code:
","Given the following C code, your task is to generate highly optimized x86-64 assembly code.
C Code:

```c
#include<stdio.h>
#include<stdlib.h>
#include<string.h>
#include<math.h>

typedef long long ll;

int t[100000];
int k[500007];

int main(){
  ll n,m;
  ll p;
  int sp = 0;
  int a,i;
  ll ans = 1;
  int limit;

  scanf(""%lld %lld"", &n, &p);

  for(i = 0;i <= 500000;i++) k[i] = 0;

  if(n == 1){
    printf(""%lld\n"", p);
    return 0;
  }

  if(p == 1){
    printf(""%lld\n"", p);
    return 0;
  }

  limit = sqrt(p);

  for(i = 2;i <= limit;i++){
    while(p % i == 0){
      k[i]++;
      p = p/i;
    }
  }

  for(i = 2;i <= 500000;i++){
    ans = ans*pow(i,(k[i])/n);
  }

  printf(""%lld\n"", ans);

  return 0;
}```

Only output the optimized assembly code. Do not include any other text. Do not write any comments in the assembly code. Wrap the assembly code in ```assembly``` tags.
Optimized Assembly Code:
"
80,"```c
#include<stdio.h>
int main()
{
	int a[100005];
	int n;
	scanf(""%d"",&n);
	long long sum=0;
	int b[100005]={0};
	for(int i=0;i<n;i++){
		scanf(""%d"",&a[i]);
		b[a[i]]++;
	}
	for(int i=0;i<n;i++){
		int t=a[i];
		a[i]++;
		b[a[i]]++;
		t--;
		b[t]++;
	}
	int max=0;
	for(int i=0;i<100005;i++){
		if(max<b[i])
			max=b[i];	
	}
	printf(""%d\n"",max);
}```","[{""input"": ""7\n3 1 7 1 5 9 2\n"", ""output"": ""4\n""}, {""input"": ""7\n3 1 7 1 5 9 0\n"", ""output"": ""3\n""}, {""input"": ""7\n3 1 2 1 5 9 1\n"", ""output"": ""5\n""}, {""input"": ""7\n3 2 2 -2 1 3 1\n"", ""output"": ""6\n""}, {""input"": ""7\n1 2 2 0 1 2 1\n"", ""output"": ""7\n""}, {""input"": ""10\n0 1 1 0 2 1 4 2 2 10\n"", ""output"": ""8\n""}, {""input"": ""10\n0 1 1 0 2 1 2 2 1 10\n"", ""output"": ""9\n""}, {""input"": ""1\n68972\n"", ""output"": ""1\n""}, {""input"": ""10\n0 1 2 3 4 5 6 7 8 4\n"", ""output"": ""4\n""}, {""input"": ""10\n-1 1 2 3 4 5 6 7 8 4\n"", ""output"": ""4\n""}, {""input"": ""7\n3 1 2 1 5 9 0\n"", ""output"": ""4\n""}, {""input"": ""10\n-1 1 2 3 4 8 6 7 8 4\n"", ""output"": ""4\n""}, {""input"": ""10\n-1 1 2 3 2 8 6 7 8 4\n"", ""output"": ""4\n""}, {""input"": ""7\n3 1 2 0 5 9 1\n"", ""output"": ""4\n""}, {""input"": ""10\n-1 1 2 3 2 8 6 7 14 4\n"", ""output"": ""4\n""}, {""input"": ""7\n3 1 2 0 2 9 1\n"", ""output"": ""5\n""}, {""input"": ""10\n0 1 2 3 2 8 6 7 14 4\n"", ""output"": ""4\n""}, {""input"": ""7\n3 1 2 0 2 9 0\n"", ""output"": ""5\n""}, {""input"": ""10\n0 1 2 3 2 8 4 7 14 4\n"", ""output"": ""5\n""}, {""input"": ""7\n3 1 2 -1 2 9 0\n"", ""output"": ""4\n""}, {""input"": ""10\n0 1 2 3 2 8 4 7 14 6\n"", ""output"": ""4\n""}, {""input"": ""7\n3 1 2 -2 2 9 0\n"", ""output"": ""4\n""}, {""input"": ""10\n0 1 1 3 2 8 4 7 14 6\n"", ""output"": ""4\n""}, {""input"": ""7\n3 1 2 -2 2 12 0\n"", ""output"": ""4\n""}, {""input"": ""10\n0 1 1 3 2 8 4 7 14 7\n"", ""output"": ""4\n""}, {""input"": ""7\n3 1 2 -2 2 12 1\n"", ""output"": ""5\n""}, {""input"": ""10\n0 1 1 3 2 8 4 7 14 2\n"", ""output"": ""5\n""}, {""input"": ""7\n3 1 2 -2 2 13 1\n"", ""output"": ""5\n""}, {""input"": ""10\n0 1 1 3 3 8 4 7 14 2\n"", ""output"": ""5\n""}, {""input"": ""7\n3 1 2 -2 0 13 1\n"", ""output"": ""4\n""}, {""input"": ""10\n0 1 1 3 5 8 4 7 14 2\n"", ""output"": ""4\n""}, {""input"": ""7\n3 2 2 -2 0 13 1\n"", ""output"": ""4\n""}, {""input"": ""10\n0 1 1 3 5 2 4 7 14 2\n"", ""output"": ""5\n""}, {""input"": ""7\n3 2 2 -2 1 13 1\n"", ""output"": ""5\n""}, {""input"": ""10\n0 1 1 3 5 2 8 7 14 2\n"", ""output"": ""5\n""}, {""input"": ""10\n0 1 1 5 5 2 8 7 14 2\n"", ""output"": ""5\n""}, {""input"": ""7\n3 2 2 -1 1 3 1\n"", ""output"": ""6\n""}, {""input"": ""10\n0 1 1 5 5 2 8 4 14 2\n"", ""output"": ""5\n""}, {""input"": ""7\n3 2 2 -1 1 1 1\n"", ""output"": ""6\n""}, {""input"": ""10\n0 1 1 5 5 2 8 4 14 0\n"", ""output"": ""5\n""}, {""input"": ""7\n3 2 2 -1 2 1 1\n"", ""output"": ""6\n""}, {""input"": ""10\n0 1 1 5 5 2 8 4 20 0\n"", ""output"": ""5\n""}, {""input"": ""7\n3 2 2 -1 2 2 1\n"", ""output"": ""6\n""}, {""input"": ""10\n0 2 1 5 5 2 8 4 20 0\n"", ""output"": ""5\n""}, {""input"": ""7\n1 2 2 -1 2 2 1\n"", ""output"": ""6\n""}, {""input"": ""10\n0 2 1 5 8 2 8 4 20 0\n"", ""output"": ""5\n""}, {""input"": ""7\n1 2 2 -1 0 2 1\n"", ""output"": ""6\n""}, {""input"": ""10\n-1 2 1 5 8 2 8 4 20 0\n"", ""output"": ""4\n""}, {""input"": ""7\n1 2 2 -1 1 2 1\n"", ""output"": ""6\n""}, {""input"": ""10\n-1 2 1 5 8 4 8 4 20 0\n"", ""output"": ""3\n""}, {""input"": ""7\n1 2 2 -1 1 1 1\n"", ""output"": ""6\n""}, {""input"": ""10\n-1 2 1 5 8 4 8 4 17 0\n"", ""output"": ""3\n""}, {""input"": ""7\n1 0 2 -1 1 2 1\n"", ""output"": ""6\n""}, {""input"": ""10\n-1 2 1 5 4 4 8 4 17 0\n"", ""output"": ""4\n""}, {""input"": ""7\n2 0 2 -1 1 2 1\n"", ""output"": ""6\n""}, {""input"": ""10\n-1 2 1 1 4 4 8 4 17 0\n"", ""output"": ""4\n""}, {""input"": ""7\n2 0 2 -1 1 0 1\n"", ""output"": ""6\n""}, {""input"": ""7\n2 0 1 -1 1 0 1\n"", ""output"": ""6\n""}, {""input"": ""7\n3 1 4 1 5 15 2\n"", ""output"": ""4\n""}, {""input"": ""10\n0 1 2 3 4 5 6 7 9 9\n"", ""output"": ""3\n""}, {""input"": ""10\n0 1 2 3 4 5 6 7 11 4\n"", ""output"": ""4\n""}, {""input"": ""7\n3 1 7 1 5 7 0\n"", ""output"": ""3\n""}, {""input"": ""10\n-1 1 2 3 4 5 6 7 16 4\n"", ""output"": ""4\n""}, {""input"": ""7\n3 2 2 1 5 9 0\n"", ""output"": ""4\n""}, {""input"": ""10\n-1 1 2 1 4 8 6 7 8 4\n"", ""output"": ""4\n""}, {""input"": ""7\n3 1 2 1 5 6 1\n"", ""output"": ""5\n""}, {""input"": ""10\n-1 1 2 3 2 8 6 11 8 4\n"", ""output"": ""4\n""}, {""input"": ""7\n3 0 2 0 5 9 1\n"", ""output"": ""4\n""}, {""input"": ""10\n-1 1 2 3 2 8 5 7 14 4\n"", ""output"": ""4\n""}, {""input"": ""7\n3 1 1 0 2 9 0\n"", ""output"": ""5\n""}, {""input"": ""10\n0 1 0 3 2 8 6 7 14 4\n"", ""output"": ""4\n""}, {""input"": ""7\n3 1 2 0 0 9 0\n"", ""output"": ""5\n""}, {""input"": ""10\n0 1 2 3 2 8 4 3 14 4\n"", ""output"": ""6\n""}, {""input"": ""7\n3 1 2 -1 4 9 0\n"", ""output"": ""3\n""}, {""input"": ""10\n0 1 2 3 2 8 4 7 16 6\n"", ""output"": ""4\n""}, {""input"": ""7\n3 1 2 -2 4 9 0\n"", ""output"": ""3\n""}, {""input"": ""10\n0 1 1 3 2 8 4 7 14 10\n"", ""output"": ""4\n""}, {""input"": ""7\n3 1 2 0 2 12 0\n"", ""output"": ""5\n""}, {""input"": ""10\n0 1 1 3 2 8 4 7 8 7\n"", ""output"": ""4\n""}, {""input"": ""7\n0 1 2 -2 2 12 0\n"", ""output"": ""5\n""}, {""input"": ""10\n0 1 1 3 2 8 4 3 14 2\n"", ""output"": ""6\n""}, {""input"": ""7\n3 1 2 -4 2 13 1\n"", ""output"": ""5\n""}, {""input"": ""10\n0 1 1 3 3 15 4 7 14 2\n"", ""output"": ""5\n""}, {""input"": ""7\n3 1 0 -2 0 13 1\n"", ""output"": ""4\n""}, {""input"": ""10\n0 1 1 5 5 8 4 7 14 2\n"", ""output"": ""4\n""}, {""input"": ""7\n3 2 2 -2 2 13 1\n"", ""output"": ""5\n""}, {""input"": ""10\n0 1 0 3 5 2 4 7 14 2\n"", ""output"": ""5\n""}, {""input"": ""7\n3 2 1 -2 1 13 1\n"", ""output"": ""5\n""}, {""input"": ""10\n-1 1 1 3 5 2 8 7 14 2\n"", ""output"": ""5\n""}, {""input"": ""7\n3 2 2 0 1 3 1\n"", ""output"": ""6\n""}, {""input"": ""10\n0 1 1 5 0 2 8 7 14 2\n"", ""output"": ""6\n""}, {""input"": ""7\n1 2 2 -1 1 3 1\n"", ""output"": ""6\n""}, {""input"": ""10\n0 0 1 5 5 2 8 4 14 2\n"", ""output"": ""5\n""}, {""input"": ""7\n3 2 2 -1 0 1 1\n"", ""output"": ""5\n""}, {""input"": ""10\n0 1 1 5 6 2 8 4 14 0\n"", ""output"": ""5\n""}, {""input"": ""7\n3 2 4 -1 2 1 1\n"", ""output"": ""5\n""}, {""input"": ""10\n0 1 1 9 5 2 8 4 20 0\n"", ""output"": ""5\n""}, {""input"": ""7\n3 4 2 -1 2 2 1\n"", ""output"": ""5\n""}, {""input"": ""10\n0 2 1 5 3 2 8 4 20 0\n"", ""output"": ""5\n""}, {""input"": ""7\n1 1 2 -1 2 2 1\n"", ""output"": ""6\n""}, {""input"": ""7\n3 1 4 1 5 9 2\n"", ""output"": ""4\n""}, {""input"": ""7\n3 1 4 1 5 9 2\n"", ""output"": ""4\n""}, {""input"": ""1\n99999\n"", ""output"": ""1\n""}, {""input"": ""10\n0 1 2 3 4 5 6 7 8 9\n"", ""output"": ""3\n""}]","Given the following C code and assembly code, your task is to generate highly optimized x86-64 assembly code.
C Code:

```c
#include<stdio.h>
int main()
{
	int a[100005];
	int n;
	scanf(""%d"",&n);
	long long sum=0;
	int b[100005]={0};
	for(int i=0;i<n;i++){
		scanf(""%d"",&a[i]);
		b[a[i]]++;
	}
	for(int i=0;i<n;i++){
		int t=a[i];
		a[i]++;
		b[a[i]]++;
		t--;
		b[t]++;
	}
	int max=0;
	for(int i=0;i<100005;i++){
		if(max<b[i])
			max=b[i];	
	}
	printf(""%d\n"",max);
}```

Assembly Code:

```assembly
	.file	""temp.c""
	.text
	.section	.rodata.str1.1,""aMS"",@progbits,1
.LC0:
	.string	""%d""
.LC1:
	.string	""%d\n""
	.section	.text.startup,""ax"",@progbits
	.p2align 4
	.globl	main
	.type	main, @function
main:
.LFB23:
	.cfi_startproc
	endbr64
	pushq	%r14
	.cfi_def_cfa_offset 16
	.cfi_offset 14, -16
	pushq	%r13
	.cfi_def_cfa_offset 24
	.cfi_offset 13, -24
	pushq	%r12
	.cfi_def_cfa_offset 32
	.cfi_offset 12, -32
	pushq	%rbp
	.cfi_def_cfa_offset 40
	.cfi_offset 6, -40
	pushq	%rbx
	.cfi_def_cfa_offset 48
	.cfi_offset 3, -48
	leaq	-798720(%rsp), %r11
	.cfi_def_cfa 11, 798768
.LPSRL0:
	subq	$4096, %rsp
	orq	$0, (%rsp)
	cmpq	%r11, %rsp
	jne	.LPSRL0
	.cfi_def_cfa_register 7
	subq	$1360, %rsp
	.cfi_def_cfa_offset 800128
	leaq	.LC0(%rip), %r14
	movq	%r14, %rdi
	movq	%fs:40, %rax
	movq	%rax, 800072(%rsp)
	xorl	%eax, %eax
	leaq	12(%rsp), %rsi
	leaq	400048(%rsp), %rbx
	call	__isoc99_scanf@PLT
	movl	$400020, %edx
	xorl	%esi, %esi
	movq	%rbx, %rdi
	call	memset@PLT
	movl	12(%rsp), %eax
	testl	%eax, %eax
	jle	.L2
	leaq	16(%rsp), %r12
	xorl	%r13d, %r13d
	movq	%r12, %rbp
	.p2align 4,,10
	.p2align 3
.L3:
	movq	%rbp, %rsi
	movq	%r14, %rdi
	xorl	%eax, %eax
	addl	$1, %r13d
	call	__isoc99_scanf@PLT
	movslq	0(%rbp), %rax
	addq	$4, %rbp
	addl	$1, 400048(%rsp,%rax,4)
	movl	12(%rsp), %eax
	cmpl	%r13d, %eax
	jg	.L3
	testl	%eax, %eax
	jle	.L2
	subl	$1, %eax
	leaq	4(%r12), %rcx
	leaq	(%rcx,%rax,4), %rsi
	jmp	.L4
	.p2align 4,,10
	.p2align 3
.L12:
	addq	$4, %rcx
.L4:
	movl	(%r12), %eax
	leal	1(%rax), %edx
	subl	$1, %eax
	movl	%edx, (%r12)
	cltq
	movslq	%edx, %rdx
	movq	%rcx, %r12
	addl	$1, 400048(%rsp,%rdx,4)
	addl	$1, 400048(%rsp,%rax,4)
	cmpq	%rsi, %rcx
	jne	.L12
.L2:
	movq	%rbx, %rax
	leaq	800064(%rsp), %rdx
	pxor	%xmm2, %xmm2
	.p2align 4,,10
	.p2align 3
.L5:
	movdqa	%xmm2, %xmm0
	addq	$16, %rax
	pcmpgtd	-16(%rax), %xmm0
	pand	%xmm0, %xmm2
	pandn	-16(%rax), %xmm0
	por	%xmm0, %xmm2
	cmpq	%rdx, %rax
	jne	.L5
	movdqa	%xmm2, %xmm0
	movl	800064(%rsp), %eax
	movl	$1, %edi
	leaq	.LC1(%rip), %rsi
	psrldq	$8, %xmm0
	movdqa	%xmm0, %xmm1
	pcmpgtd	%xmm2, %xmm1
	pand	%xmm1, %xmm0
	pandn	%xmm2, %xmm1
	por	%xmm0, %xmm1
	movdqa	%xmm1, %xmm2
	psrldq	$4, %xmm2
	movdqa	%xmm2, %xmm0
	pcmpgtd	%xmm1, %xmm0
	pand	%xmm0, %xmm2
	pandn	%xmm1, %xmm0
	por	%xmm2, %xmm0
	movd	%xmm0, %edx
	cmpl	%eax, %edx
	cmovl	%eax, %edx
	xorl	%eax, %eax
	call	__printf_chk@PLT
	movq	800072(%rsp), %rax
	subq	%fs:40, %rax
	jne	.L13
	addq	$800080, %rsp
	.cfi_remember_state
	.cfi_def_cfa_offset 48
	xorl	%eax, %eax
	popq	%rbx
	.cfi_def_cfa_offset 40
	popq	%rbp
	.cfi_def_cfa_offset 32
	popq	%r12
	.cfi_def_cfa_offset 24
	popq	%r13
	.cfi_def_cfa_offset 16
	popq	%r14
	.cfi_def_cfa_offset 8
	ret
.L13:
	.cfi_restore_state
	call	__stack_chk_fail@PLT
	.cfi_endproc
.LFE23:
	.size	main, .-main
	.ident	""GCC: (Ubuntu 11.4.0-1ubuntu1~22.04) 11.4.0""
	.section	.note.GNU-stack,"""",@progbits
	.section	.note.gnu.property,""a""
	.align 8
	.long	1f - 0f
	.long	4f - 1f
	.long	5
0:
	.string	""GNU""
1:
	.align 8
	.long	0xc0000002
	.long	3f - 2f
2:
	.long	0x3
3:
	.align 8
4:
```

Only output the optimized assembly code. Do not include any other text. Do not write any comments in the assembly code. Wrap the assembly code in ```assembly``` tags.
Optimized Assembly Code:
","Given the following C code, your task is to generate highly optimized x86-64 assembly code.
C Code:

```c
#include<stdio.h>
int main()
{
	int a[100005];
	int n;
	scanf(""%d"",&n);
	long long sum=0;
	int b[100005]={0};
	for(int i=0;i<n;i++){
		scanf(""%d"",&a[i]);
		b[a[i]]++;
	}
	for(int i=0;i<n;i++){
		int t=a[i];
		a[i]++;
		b[a[i]]++;
		t--;
		b[t]++;
	}
	int max=0;
	for(int i=0;i<100005;i++){
		if(max<b[i])
			max=b[i];	
	}
	printf(""%d\n"",max);
}```

Only output the optimized assembly code. Do not include any other text. Do not write any comments in the assembly code. Wrap the assembly code in ```assembly``` tags.
Optimized Assembly Code:
"
81,"```c
#include <stdio.h>
int main(void){
    // Your code here!
    char str[200001];
    
    scanf(""%200000s"",str);
    
    for(int i = 0; str[i] != '\0'; i++){
        if(str[i] == '?'){
            str[i] = 'D';
        }
    }
    
    printf(""%s\n"",str);
}```","[{""input"": ""PDPD???\n"", ""output"": ""PDPDDDD\n""}, {""input"": ""?P?P\n"", ""output"": ""DPDP\n""}, {""input"": ""DDPP???\n"", ""output"": ""DDPPDDD\n""}, {""input"": ""??PP\n"", ""output"": ""DDPP\n""}, {""input"": ""DDPO???\n"", ""output"": ""DDPODDD\n""}, {""input"": ""??OP\n"", ""output"": ""DDOP\n""}, {""input"": ""DDPO?>?\n"", ""output"": ""DDPOD>D\n""}, {""input"": ""??OO\n"", ""output"": ""DDOO\n""}, {""input"": ""?>?OPDD\n"", ""output"": ""D>DOPDD\n""}, {""input"": ""@?OP\n"", ""output"": ""@DOP\n""}, {""input"": ""?>?PPDD\n"", ""output"": ""D>DPPDD\n""}, {""input"": ""@?PO\n"", ""output"": ""@DPO\n""}, {""input"": ""DDPP?>?\n"", ""output"": ""DDPPD>D\n""}, {""input"": ""@?PN\n"", ""output"": ""@DPN\n""}, {""input"": ""DDPP?>@\n"", ""output"": ""DDPPD>@\n""}, {""input"": ""NP?@\n"", ""output"": ""NPD@\n""}, {""input"": ""DDPP??@\n"", ""output"": ""DDPPDD@\n""}, {""input"": ""@P?N\n"", ""output"": ""@PDN\n""}, {""input"": ""@DPP??D\n"", ""output"": ""@DPPDDD\n""}, {""input"": ""@P@N\n"", ""output"": ""@P@N\n""}, {""input"": ""D??PPD@\n"", ""output"": ""DDDPPD@\n""}, {""input"": ""?P@N\n"", ""output"": ""DP@N\n""}, {""input"": ""D??PPC@\n"", ""output"": ""DDDPPC@\n""}, {""input"": ""NP@?\n"", ""output"": ""NP@D\n""}, {""input"": ""D??CPP@\n"", ""output"": ""DDDCPP@\n""}, {""input"": ""N?@P\n"", ""output"": ""ND@P\n""}, {""input"": ""D??CPPA\n"", ""output"": ""DDDCPPA\n""}, {""input"": ""P@?N\n"", ""output"": ""P@DN\n""}, {""input"": ""DC??PPA\n"", ""output"": ""DCDDPPA\n""}, {""input"": ""PN?@\n"", ""output"": ""PND@\n""}, {""input"": ""DP?C?PA\n"", ""output"": ""DPDCDPA\n""}, {""input"": ""@?NP\n"", ""output"": ""@DNP\n""}, {""input"": ""DQ?C?PA\n"", ""output"": ""DQDCDPA\n""}, {""input"": ""A?NP\n"", ""output"": ""ADNP\n""}, {""input"": ""CQ?C?PA\n"", ""output"": ""CQDCDPA\n""}, {""input"": ""PN?A\n"", ""output"": ""PNDA\n""}, {""input"": ""CQ?D?PA\n"", ""output"": ""CQDDDPA\n""}, {""input"": ""PN?B\n"", ""output"": ""PNDB\n""}, {""input"": ""AP?D?QC\n"", ""output"": ""APDDDQC\n""}, {""input"": ""ON?B\n"", ""output"": ""ONDB\n""}, {""input"": ""PA?D?QC\n"", ""output"": ""PADDDQC\n""}, {""input"": ""OO?B\n"", ""output"": ""OODB\n""}, {""input"": ""PA>D?QC\n"", ""output"": ""PA>DDQC\n""}, {""input"": ""PO?B\n"", ""output"": ""PODB\n""}, {""input"": ""PP?B\n"", ""output"": ""PPDB\n""}, {""input"": ""PA>?DQB\n"", ""output"": ""PA>DDQB\n""}, {""input"": ""QP?B\n"", ""output"": ""QPDB\n""}, {""input"": ""PA??DQB\n"", ""output"": ""PADDDQB\n""}, {""input"": ""B?PQ\n"", ""output"": ""BDPQ\n""}, {""input"": ""PA??EQB\n"", ""output"": ""PADDEQB\n""}, {""input"": ""B?QP\n"", ""output"": ""BDQP\n""}, {""input"": ""BQE??AP\n"", ""output"": ""BQEDDAP\n""}, {""input"": ""PQ?B\n"", ""output"": ""PQDB\n""}, {""input"": ""PA??ERB\n"", ""output"": ""PADDERB\n""}, {""input"": ""Q?PB\n"", ""output"": ""QDPB\n""}, {""input"": ""PB??ERB\n"", ""output"": ""PBDDERB\n""}, {""input"": ""Q?QB\n"", ""output"": ""QDQB\n""}, {""input"": ""PB??ESB\n"", ""output"": ""PBDDESB\n""}, {""input"": ""BQ?Q\n"", ""output"": ""BQDQ\n""}, {""input"": ""BSE??BP\n"", ""output"": ""BSEDDBP\n""}, {""input"": ""BQQ?\n"", ""output"": ""BQQD\n""}, {""input"": ""BSE@?BP\n"", ""output"": ""BSE@DBP\n""}, {""input"": ""AQ?Q\n"", ""output"": ""AQDQ\n""}, {""input"": ""PB?@ESB\n"", ""output"": ""PBD@ESB\n""}, {""input"": ""AQ>Q\n"", ""output"": ""AQ>Q\n""}, {""input"": ""PB?@DSB\n"", ""output"": ""PBD@DSB\n""}, {""input"": ""AQ>P\n"", ""output"": ""AQ>P\n""}, {""input"": ""PC?@DSB\n"", ""output"": ""PCD@DSB\n""}, {""input"": ""QA>P\n"", ""output"": ""QA>P\n""}, {""input"": ""PD?@DSB\n"", ""output"": ""PDD@DSB\n""}, {""input"": ""QP>A\n"", ""output"": ""QP>A\n""}, {""input"": ""PD?@DRB\n"", ""output"": ""PDD@DRB\n""}, {""input"": ""A>PQ\n"", ""output"": ""A>PQ\n""}, {""input"": ""PD?@CRB\n"", ""output"": ""PDD@CRB\n""}, {""input"": ""A>PP\n"", ""output"": ""A>PP\n""}, {""input"": ""PD?@CRA\n"", ""output"": ""PDD@CRA\n""}, {""input"": ""P>AP\n"", ""output"": ""P>AP\n""}, {""input"": ""ARC@?DP\n"", ""output"": ""ARC@DDP\n""}, {""input"": ""PA>P\n"", ""output"": ""PA>P\n""}, {""input"": ""PD?@RCA\n"", ""output"": ""PDD@RCA\n""}, {""input"": ""PA?P\n"", ""output"": ""PADP\n""}, {""input"": ""ACR@?DP\n"", ""output"": ""ACR@DDP\n""}, {""input"": ""PP?A\n"", ""output"": ""PPDA\n""}, {""input"": ""ACR@?DO\n"", ""output"": ""ACR@DDO\n""}, {""input"": ""PQ?A\n"", ""output"": ""PQDA\n""}, {""input"": ""OD?@RCA\n"", ""output"": ""ODD@RCA\n""}, {""input"": ""PQ?@\n"", ""output"": ""PQD@\n""}, {""input"": ""PD@@RCA\n"", ""output"": ""PD@@RCA\n""}, {""input"": ""PQ@@\n"", ""output"": ""PQ@@\n""}, {""input"": ""ACR@@DP\n"", ""output"": ""ACR@@DP\n""}, {""input"": ""@@QP\n"", ""output"": ""@@QP\n""}, {""input"": ""PCR@@DA\n"", ""output"": ""PCR@@DA\n""}, {""input"": ""PP@@\n"", ""output"": ""PP@@\n""}, {""input"": ""PC@R@DA\n"", ""output"": ""PC@R@DA\n""}, {""input"": ""@P@P\n"", ""output"": ""@P@P\n""}, {""input"": ""AD@R@CP\n"", ""output"": ""AD@R@CP\n""}, {""input"": ""@Q@P\n"", ""output"": ""@Q@P\n""}, {""input"": ""RD@A@CP\n"", ""output"": ""RD@A@CP\n""}, {""input"": ""@PP@\n"", ""output"": ""@PP@\n""}, {""input"": ""PC@A@DR\n"", ""output"": ""PC@A@DR\n""}, {""input"": ""PD?D??P\n"", ""output"": ""PDDDDDP\n""}, {""input"": ""PD?D??P\n"", ""output"": ""PDDDDDP\n""}, {""input"": ""P?P?\n"", ""output"": ""PDPD\n""}]","Given the following C code and assembly code, your task is to generate highly optimized x86-64 assembly code.
C Code:

```c
#include <stdio.h>
int main(void){
    // Your code here!
    char str[200001];
    
    scanf(""%200000s"",str);
    
    for(int i = 0; str[i] != '\0'; i++){
        if(str[i] == '?'){
            str[i] = 'D';
        }
    }
    
    printf(""%s\n"",str);
}```

Assembly Code:

```assembly
	.file	""temp.c""
	.text
	.section	.rodata.str1.1,""aMS"",@progbits,1
.LC0:
	.string	""%200000s""
	.section	.text.startup,""ax"",@progbits
	.p2align 4
	.globl	main
	.type	main, @function
main:
.LFB23:
	.cfi_startproc
	endbr64
	pushq	%rbp
	.cfi_def_cfa_offset 16
	.cfi_offset 6, -16
	leaq	-196608(%rsp), %r11
	.cfi_def_cfa 11, 196624
.LPSRL0:
	subq	$4096, %rsp
	orq	$0, (%rsp)
	cmpq	%r11, %rsp
	jne	.LPSRL0
	.cfi_def_cfa_register 7
	subq	$3408, %rsp
	.cfi_def_cfa_offset 200032
	leaq	.LC0(%rip), %rdi
	movq	%fs:40, %rax
	movq	%rax, 200008(%rsp)
	xorl	%eax, %eax
	movq	%rsp, %rbp
	movq	%rbp, %rsi
	call	__isoc99_scanf@PLT
	movzbl	(%rsp), %edx
	testb	%dl, %dl
	je	.L2
	movq	%rbp, %rax
	.p2align 4,,10
	.p2align 3
.L5:
	cmpb	$63, %dl
	je	.L15
	movzbl	1(%rax), %edx
	addq	$1, %rax
	testb	%dl, %dl
	jne	.L5
.L2:
	movq	%rbp, %rdi
	call	puts@PLT
	movq	200008(%rsp), %rax
	subq	%fs:40, %rax
	jne	.L16
	addq	$200016, %rsp
	.cfi_remember_state
	.cfi_def_cfa_offset 16
	xorl	%eax, %eax
	popq	%rbp
	.cfi_def_cfa_offset 8
	ret
	.p2align 4,,10
	.p2align 3
.L15:
	.cfi_restore_state
	movb	$68, (%rax)
	movzbl	1(%rax), %edx
	addq	$1, %rax
	testb	%dl, %dl
	jne	.L5
	jmp	.L2
.L16:
	call	__stack_chk_fail@PLT
	.cfi_endproc
.LFE23:
	.size	main, .-main
	.ident	""GCC: (Ubuntu 11.4.0-1ubuntu1~22.04) 11.4.0""
	.section	.note.GNU-stack,"""",@progbits
	.section	.note.gnu.property,""a""
	.align 8
	.long	1f - 0f
	.long	4f - 1f
	.long	5
0:
	.string	""GNU""
1:
	.align 8
	.long	0xc0000002
	.long	3f - 2f
2:
	.long	0x3
3:
	.align 8
4:
```

Only output the optimized assembly code. Do not include any other text. Do not write any comments in the assembly code. Wrap the assembly code in ```assembly``` tags.
Optimized Assembly Code:
","Given the following C code, your task is to generate highly optimized x86-64 assembly code.
C Code:

```c
#include <stdio.h>
int main(void){
    // Your code here!
    char str[200001];
    
    scanf(""%200000s"",str);
    
    for(int i = 0; str[i] != '\0'; i++){
        if(str[i] == '?'){
            str[i] = 'D';
        }
    }
    
    printf(""%s\n"",str);
}```

Only output the optimized assembly code. Do not include any other text. Do not write any comments in the assembly code. Wrap the assembly code in ```assembly``` tags.
Optimized Assembly Code:
"
82,"```c
#include <stdio.h>

int min(int a, int b)
{
  return a > b ? b : a;
}

int main()
{
  int a,b,k,i,count=0,ans;

  scanf(""%d%d%d"", &a,&b,&k);

  for(i=min(a,b); i>0; i--)
  {
    if(a%i ==0 && b%i ==0)
      count++;

    if(count == k){
      ans = i;
      break;
    }
  }
  printf(""%d"", ans);

  return 0;
}
```","[{""input"": ""100 50 2\n"", ""output"": ""25""}, {""input"": ""16 12 2\n"", ""output"": ""2""}, {""input"": ""12 12 2\n"", ""output"": ""6""}, {""input"": ""100 45 2\n"", ""output"": ""1""}, {""input"": ""27 12 1\n"", ""output"": ""3""}, {""input"": ""16 24 1\n"", ""output"": ""8""}, {""input"": ""110 50 2\n"", ""output"": ""5""}, {""input"": ""12 12 3\n"", ""output"": ""4""}, {""input"": ""27 18 1\n"", ""output"": ""9""}, {""input"": ""100 50 3\n"", ""output"": ""10""}, {""input"": ""16 32 1\n"", ""output"": ""16""}, {""input"": ""132 36 1\n"", ""output"": ""12""}, {""input"": ""119 63 1\n"", ""output"": ""7""}, {""input"": ""21 63 1\n"", ""output"": ""21""}, {""input"": ""54 54 1\n"", ""output"": ""54""}, {""input"": ""182 56 1\n"", ""output"": ""14""}, {""input"": ""48 24 1\n"", ""output"": ""24""}, {""input"": ""19 114 1\n"", ""output"": ""19""}, {""input"": ""189 63 1\n"", ""output"": ""63""}, {""input"": ""117 26 1\n"", ""output"": ""13""}, {""input"": ""33 11 1\n"", ""output"": ""11""}, {""input"": ""240 30 1\n"", ""output"": ""30""}, {""input"": ""27 12 2\n"", ""output"": ""1""}, {""input"": ""12 3 2\n"", ""output"": ""1""}, {""input"": ""27 24 1\n"", ""output"": ""3""}, {""input"": ""29 24 1\n"", ""output"": ""1""}, {""input"": ""100 50 5\n"", ""output"": ""2""}, {""input"": ""8 12 3\n"", ""output"": ""1""}, {""input"": ""26 12 2\n"", ""output"": ""1""}, {""input"": ""6 12 2\n"", ""output"": ""3""}, {""input"": ""44 12 2\n"", ""output"": ""2""}, {""input"": ""35 12 1\n"", ""output"": ""1""}, {""input"": ""27 25 1\n"", ""output"": ""1""}, {""input"": ""26 14 2\n"", ""output"": ""1""}, {""input"": ""51 12 1\n"", ""output"": ""3""}, {""input"": ""27 42 1\n"", ""output"": ""3""}, {""input"": ""16 1 1\n"", ""output"": ""1""}, {""input"": ""51 23 1\n"", ""output"": ""1""}, {""input"": ""27 67 1\n"", ""output"": ""1""}, {""input"": ""2 1 1\n"", ""output"": ""1""}, {""input"": ""51 18 1\n"", ""output"": ""3""}, {""input"": ""11 67 1\n"", ""output"": ""1""}, {""input"": ""51 18 2\n"", ""output"": ""1""}, {""input"": ""3 12 2\n"", ""output"": ""1""}, {""input"": ""16 6 2\n"", ""output"": ""1""}, {""input"": ""12 3 1\n"", ""output"": ""3""}, {""input"": ""27 28 1\n"", ""output"": ""1""}, {""input"": ""28 12 2\n"", ""output"": ""2""}, {""input"": ""6 12 1\n"", ""output"": ""6""}, {""input"": ""49 12 1\n"", ""output"": ""1""}, {""input"": ""27 21 1\n"", ""output"": ""3""}, {""input"": ""16 22 1\n"", ""output"": ""2""}, {""input"": ""49 14 2\n"", ""output"": ""1""}, {""input"": ""51 12 2\n"", ""output"": ""1""}, {""input"": ""27 72 1\n"", ""output"": ""9""}, {""input"": ""51 44 1\n"", ""output"": ""1""}, {""input"": ""78 18 1\n"", ""output"": ""6""}, {""input"": ""3 67 1\n"", ""output"": ""1""}, {""input"": ""30 18 2\n"", ""output"": ""3""}, {""input"": ""3 12 1\n"", ""output"": ""3""}, {""input"": ""12 8 3\n"", ""output"": ""1""}, {""input"": ""18 3 1\n"", ""output"": ""3""}, {""input"": ""27 19 1\n"", ""output"": ""1""}, {""input"": ""43 28 1\n"", ""output"": ""1""}, {""input"": ""100 44 3\n"", ""output"": ""1""}, {""input"": ""28 22 2\n"", ""output"": ""1""}, {""input"": ""4 12 1\n"", ""output"": ""4""}, {""input"": ""23 72 1\n"", ""output"": ""1""}, {""input"": ""51 32 1\n"", ""output"": ""1""}, {""input"": ""78 5 1\n"", ""output"": ""1""}, {""input"": ""3 124 1\n"", ""output"": ""1""}, {""input"": ""15 18 2\n"", ""output"": ""1""}, {""input"": ""1 12 1\n"", ""output"": ""1""}, {""input"": ""33 28 1\n"", ""output"": ""1""}, {""input"": ""100 70 3\n"", ""output"": ""2""}, {""input"": ""4 8 1\n"", ""output"": ""4""}, {""input"": ""23 20 1\n"", ""output"": ""1""}, {""input"": ""45 32 1\n"", ""output"": ""1""}, {""input"": ""78 9 1\n"", ""output"": ""3""}, {""input"": ""5 124 1\n"", ""output"": ""1""}, {""input"": ""6 18 2\n"", ""output"": ""3""}, {""input"": ""33 38 1\n"", ""output"": ""1""}, {""input"": ""4 11 1\n"", ""output"": ""1""}, {""input"": ""23 18 1\n"", ""output"": ""1""}, {""input"": ""45 63 1\n"", ""output"": ""9""}, {""input"": ""78 9 2\n"", ""output"": ""1""}, {""input"": ""5 232 1\n"", ""output"": ""1""}, {""input"": ""6 18 4\n"", ""output"": ""1""}, {""input"": ""33 26 1\n"", ""output"": ""1""}, {""input"": ""27 13 1\n"", ""output"": ""1""}, {""input"": ""72 63 1\n"", ""output"": ""9""}, {""input"": ""4 232 1\n"", ""output"": ""4""}, {""input"": ""54 26 1\n"", ""output"": ""2""}, {""input"": ""27 8 1\n"", ""output"": ""1""}, {""input"": ""72 63 2\n"", ""output"": ""3""}, {""input"": ""3 232 1\n"", ""output"": ""1""}, {""input"": ""67 26 1\n"", ""output"": ""1""}, {""input"": ""27 5 1\n"", ""output"": ""1""}, {""input"": ""3 331 1\n"", ""output"": ""1""}, {""input"": ""81 26 1\n"", ""output"": ""1""}, {""input"": ""1 1 1\n"", ""output"": ""1""}, {""input"": ""8 12 2\n"", ""output"": ""2""}, {""input"": ""8 12 2\n"", ""output"": ""2""}, {""input"": ""100 50 4\n"", ""output"": ""5""}]","Given the following C code and assembly code, your task is to generate highly optimized x86-64 assembly code.
C Code:

```c
#include <stdio.h>

int min(int a, int b)
{
  return a > b ? b : a;
}

int main()
{
  int a,b,k,i,count=0,ans;

  scanf(""%d%d%d"", &a,&b,&k);

  for(i=min(a,b); i>0; i--)
  {
    if(a%i ==0 && b%i ==0)
      count++;

    if(count == k){
      ans = i;
      break;
    }
  }
  printf(""%d"", ans);

  return 0;
}
```

Assembly Code:

```assembly
	.file	""temp.c""
	.text
	.p2align 4
	.globl	min
	.type	min, @function
min:
.LFB23:
	.cfi_startproc
	endbr64
	cmpl	%esi, %edi
	movl	%esi, %eax
	cmovle	%edi, %eax
	ret
	.cfi_endproc
.LFE23:
	.size	min, .-min
	.section	.rodata.str1.1,""aMS"",@progbits,1
.LC0:
	.string	""%d%d%d""
.LC1:
	.string	""%d""
	.section	.text.startup,""ax"",@progbits
	.p2align 4
	.globl	main
	.type	main, @function
main:
.LFB24:
	.cfi_startproc
	endbr64
	pushq	%r12
	.cfi_def_cfa_offset 16
	.cfi_offset 12, -16
	leaq	.LC0(%rip), %rdi
	subq	$32, %rsp
	.cfi_def_cfa_offset 48
	movq	%fs:40, %rax
	movq	%rax, 24(%rsp)
	xorl	%eax, %eax
	leaq	20(%rsp), %rcx
	leaq	12(%rsp), %rsi
	leaq	16(%rsp), %rdx
	call	__isoc99_scanf@PLT
	movl	16(%rsp), %r8d
	movl	12(%rsp), %esi
	cmpl	%esi, %r8d
	movl	%esi, %ecx
	cmovle	%r8d, %ecx
	testl	%ecx, %ecx
	jle	.L4
	movl	20(%rsp), %r9d
	xorl	%edi, %edi
	jmp	.L6
	.p2align 4,,10
	.p2align 3
.L11:
	subl	$1, %ecx
	je	.L4
.L6:
	movl	%esi, %eax
	cltd
	idivl	%ecx
	testl	%edx, %edx
	jne	.L5
	movl	%r8d, %eax
	cltd
	idivl	%ecx
	cmpl	$1, %edx
	adcl	$0, %edi
.L5:
	cmpl	%edi, %r9d
	jne	.L11
	movl	%ecx, %r12d
.L4:
	xorl	%eax, %eax
	movl	%r12d, %edx
	movl	$1, %edi
	leaq	.LC1(%rip), %rsi
	call	__printf_chk@PLT
	movq	24(%rsp), %rax
	subq	%fs:40, %rax
	jne	.L12
	addq	$32, %rsp
	.cfi_remember_state
	.cfi_def_cfa_offset 16
	xorl	%eax, %eax
	popq	%r12
	.cfi_def_cfa_offset 8
	ret
.L12:
	.cfi_restore_state
	call	__stack_chk_fail@PLT
	.cfi_endproc
.LFE24:
	.size	main, .-main
	.ident	""GCC: (Ubuntu 11.4.0-1ubuntu1~22.04) 11.4.0""
	.section	.note.GNU-stack,"""",@progbits
	.section	.note.gnu.property,""a""
	.align 8
	.long	1f - 0f
	.long	4f - 1f
	.long	5
0:
	.string	""GNU""
1:
	.align 8
	.long	0xc0000002
	.long	3f - 2f
2:
	.long	0x3
3:
	.align 8
4:
```

Only output the optimized assembly code. Do not include any other text. Do not write any comments in the assembly code. Wrap the assembly code in ```assembly``` tags.
Optimized Assembly Code:
","Given the following C code, your task is to generate highly optimized x86-64 assembly code.
C Code:

```c
#include <stdio.h>

int min(int a, int b)
{
  return a > b ? b : a;
}

int main()
{
  int a,b,k,i,count=0,ans;

  scanf(""%d%d%d"", &a,&b,&k);

  for(i=min(a,b); i>0; i--)
  {
    if(a%i ==0 && b%i ==0)
      count++;

    if(count == k){
      ans = i;
      break;
    }
  }
  printf(""%d"", ans);

  return 0;
}
```

Only output the optimized assembly code. Do not include any other text. Do not write any comments in the assembly code. Wrap the assembly code in ```assembly``` tags.
Optimized Assembly Code:
"
83,"```c
#include <stdio.h>
#include <string.h>
#include <stdlib.h>
#include <stdbool.h>
#include <math.h>

int main(void){

    char SS[51], T[51];

    scanf(""%s%s"", SS, T);

    int lenS = strlen(SS);
    int lenT = strlen(T);

    int s = 0;
    int t = 0;

    for(int i = 0; i <= lenS - lenT; i++){
        int f = 0;
        for(int j = 0; j < lenT; j++){
            if(SS[lenS - i - 1 - j] != '?' && SS[lenS-i-1-j] != T[lenT-j-1]){
                f = 1;
                break;
            }
        }
        if(f == 0){
            s = lenS-i-lenT;
            t = 1;
            break;
        }
    }

    if(t == 0){
        printf(""UNRESTORABLE\n"");
    }else{
        for(int i = 0; i < s; i++){
            if(SS[i] == '?'){
                printf(""a"");
            }else{
                printf(""%c"", SS[i]);
            }
        }
        for(int i = s; i < s + lenT; i++){
            printf(""%c"", T[i-s]);
        }
        for(int i = s + lenT; i < lenS; i++){
            if(SS[i] == '?'){
                printf(""a"");
            }else{
                printf(""%c"", SS[i]);
            }
        }
        printf(""\n"");
    }

    return 0;
}```","[{""input"": ""?tc??@?\ncoder\n"", ""output"": ""UNRESTORABLE\n""}, {""input"": "">q???d?>\n_ba\n"", ""output"": "">q_bada>\n""}, {""input"": ""d>>>???q\na`a\n"", ""output"": ""d>>>a`aq\n""}, {""input"": ""d>>>???q\naaa\n"", ""output"": ""d>>>aaaq\n""}, {""input"": ""??p??d??\nabb\n"", ""output"": ""UNRESTORABLE\n""}, {""input"": ""?tc??@?\ncnder\n"", ""output"": ""UNRESTORABLE\n""}, {""input"": ""??p??d??\n`bb\n"", ""output"": ""UNRESTORABLE\n""}, {""input"": ""?tc??@?\nendcr\n"", ""output"": ""UNRESTORABLE\n""}, {""input"": ""??p??d??\n`ab\n"", ""output"": ""UNRESTORABLE\n""}, {""input"": ""@tc??@?\nendcr\n"", ""output"": ""UNRESTORABLE\n""}, {""input"": ""??p??d??\nba`\n"", ""output"": ""UNRESTORABLE\n""}, {""input"": ""@tc??@?\nendcq\n"", ""output"": ""UNRESTORABLE\n""}, {""input"": ""??p??d??\nb``\n"", ""output"": ""UNRESTORABLE\n""}, {""input"": ""@tc???@\nendcq\n"", ""output"": ""UNRESTORABLE\n""}, {""input"": ""??p??d??\nb`_\n"", ""output"": ""UNRESTORABLE\n""}, {""input"": ""?tc???@\nendcq\n"", ""output"": ""UNRESTORABLE\n""}, {""input"": ""??d??p??\nb`_\n"", ""output"": ""UNRESTORABLE\n""}, {""input"": ""?tc???@\nqndce\n"", ""output"": ""UNRESTORABLE\n""}, {""input"": ""??d??p??\nba_\n"", ""output"": ""UNRESTORABLE\n""}, {""input"": ""@???ct?\nqndce\n"", ""output"": ""UNRESTORABLE\n""}, {""input"": ""??d??p??\nbb_\n"", ""output"": ""UNRESTORABLE\n""}, {""input"": ""@???ct?\nqndcd\n"", ""output"": ""UNRESTORABLE\n""}, {""input"": "">?d??p??\nbb_\n"", ""output"": ""UNRESTORABLE\n""}, {""input"": ""@???ct?\nqndbd\n"", ""output"": ""UNRESTORABLE\n""}, {""input"": "">?d??p??\n_bb\n"", ""output"": ""UNRESTORABLE\n""}, {""input"": ""@???cu?\nqndbd\n"", ""output"": ""UNRESTORABLE\n""}, {""input"": "">?d??p??\n_ba\n"", ""output"": ""UNRESTORABLE\n""}, {""input"": ""@???ct?\ndbdnq\n"", ""output"": ""UNRESTORABLE\n""}, {""input"": ""=?d??p??\n_ba\n"", ""output"": ""UNRESTORABLE\n""}, {""input"": ""t???c@?\ndbdnq\n"", ""output"": ""UNRESTORABLE\n""}, {""input"": ""=?d??p??\n`ba\n"", ""output"": ""UNRESTORABLE\n""}, {""input"": ""t???c@?\nqndbd\n"", ""output"": ""UNRESTORABLE\n""}, {""input"": ""=?d??q??\n`ba\n"", ""output"": ""UNRESTORABLE\n""}, {""input"": ""t???b@?\nqndbd\n"", ""output"": ""UNRESTORABLE\n""}, {""input"": ""=?d??q??\nab`\n"", ""output"": ""UNRESTORABLE\n""}, {""input"": ""t???bA?\nqndbd\n"", ""output"": ""UNRESTORABLE\n""}, {""input"": "">?d??q??\nab`\n"", ""output"": ""UNRESTORABLE\n""}, {""input"": ""t?@?bA?\nqndbd\n"", ""output"": ""UNRESTORABLE\n""}, {""input"": "">?d??q?>\nab`\n"", ""output"": ""UNRESTORABLE\n""}, {""input"": ""t?@?bA?\ndbdnq\n"", ""output"": ""UNRESTORABLE\n""}, {""input"": "">?d??q?>\n`ba\n"", ""output"": ""UNRESTORABLE\n""}, {""input"": ""t?@?bA?\ndbcnq\n"", ""output"": ""UNRESTORABLE\n""}, {""input"": "">?d??q?>\n_ba\n"", ""output"": ""UNRESTORABLE\n""}, {""input"": ""t@@?bA?\ndbcnq\n"", ""output"": ""UNRESTORABLE\n""}, {""input"": "">?d??q?>\nab_\n"", ""output"": ""UNRESTORABLE\n""}, {""input"": ""s@@?bA?\ndbcnq\n"", ""output"": ""UNRESTORABLE\n""}, {""input"": "">?q??d?>\nab_\n"", ""output"": ""UNRESTORABLE\n""}, {""input"": ""?Ab?@@s\ndbcnq\n"", ""output"": ""UNRESTORABLE\n""}, {""input"": "">?q??d?>\n_ba\n"", ""output"": ""UNRESTORABLE\n""}, {""input"": ""?@b?@@s\ndbcnq\n"", ""output"": ""UNRESTORABLE\n""}, {""input"": ""?@b?@@s\nqncbd\n"", ""output"": ""UNRESTORABLE\n""}, {""input"": "">q?@?d?>\n_ba\n"", ""output"": ""UNRESTORABLE\n""}, {""input"": ""s@@?b@?\nqncbd\n"", ""output"": ""UNRESTORABLE\n""}, {""input"": "">q?@?d?>\n^ba\n"", ""output"": ""UNRESTORABLE\n""}, {""input"": ""s@@?b@?\nqncbe\n"", ""output"": ""UNRESTORABLE\n""}, {""input"": ""=q?@?d?>\n^ba\n"", ""output"": ""UNRESTORABLE\n""}, {""input"": ""?@b?@@s\nqncbe\n"", ""output"": ""UNRESTORABLE\n""}, {""input"": ""=q?@?d?>\n^aa\n"", ""output"": ""UNRESTORABLE\n""}, {""input"": ""?@b?@@s\nrncbe\n"", ""output"": ""UNRESTORABLE\n""}, {""input"": ""=q?@?>?d\n^aa\n"", ""output"": ""UNRESTORABLE\n""}, {""input"": ""??b?@@s\nrncbe\n"", ""output"": ""UNRESTORABLE\n""}, {""input"": ""=q?@?>?d\n^ab\n"", ""output"": ""UNRESTORABLE\n""}, {""input"": ""??b?@@t\nrncbe\n"", ""output"": ""UNRESTORABLE\n""}, {""input"": ""d?>?@?q=\n^ab\n"", ""output"": ""UNRESTORABLE\n""}, {""input"": ""??b?@t@\nrncbe\n"", ""output"": ""UNRESTORABLE\n""}, {""input"": ""d?>?@?=q\n^ab\n"", ""output"": ""UNRESTORABLE\n""}, {""input"": ""??b?@t@\nebcnr\n"", ""output"": ""UNRESTORABLE\n""}, {""input"": ""q=?@?>?d\n^ab\n"", ""output"": ""UNRESTORABLE\n""}, {""input"": ""??b@@t@\nebcnr\n"", ""output"": ""UNRESTORABLE\n""}, {""input"": ""q=?@?>?d\nba^\n"", ""output"": ""UNRESTORABLE\n""}, {""input"": ""??b@@t@\nfbcnr\n"", ""output"": ""UNRESTORABLE\n""}, {""input"": ""q=?@?>?d\nba_\n"", ""output"": ""UNRESTORABLE\n""}, {""input"": ""??b@@t@\ngbcnr\n"", ""output"": ""UNRESTORABLE\n""}, {""input"": ""q=?@>>?d\nba_\n"", ""output"": ""UNRESTORABLE\n""}, {""input"": ""??b@@t@\nrncbg\n"", ""output"": ""UNRESTORABLE\n""}, {""input"": ""q=?@>?>d\nba_\n"", ""output"": ""UNRESTORABLE\n""}, {""input"": ""??b@@t@\ngbrnc\n"", ""output"": ""UNRESTORABLE\n""}, {""input"": ""qd?@>?>=\nba_\n"", ""output"": ""UNRESTORABLE\n""}, {""input"": ""??b@@t@\ngbsnc\n"", ""output"": ""UNRESTORABLE\n""}, {""input"": ""qd?@>?=>\nba_\n"", ""output"": ""UNRESTORABLE\n""}, {""input"": ""??b@@t@\nfbsnc\n"", ""output"": ""UNRESTORABLE\n""}, {""input"": "">=?>@?dq\nba_\n"", ""output"": ""UNRESTORABLE\n""}, {""input"": ""??a@@t@\nfbsnc\n"", ""output"": ""UNRESTORABLE\n""}, {""input"": "">>?>@?dq\nba_\n"", ""output"": ""UNRESTORABLE\n""}, {""input"": ""??a@@t@\ncnsbf\n"", ""output"": ""UNRESTORABLE\n""}, {""input"": "">>?>??dq\nba_\n"", ""output"": ""UNRESTORABLE\n""}, {""input"": ""??a@@t@\ncsnbf\n"", ""output"": ""UNRESTORABLE\n""}, {""input"": "">>?>??dq\n_ab\n"", ""output"": ""UNRESTORABLE\n""}, {""input"": ""??@@@ta\ncsnbf\n"", ""output"": ""UNRESTORABLE\n""}, {""input"": "">>?>??dq\nba`\n"", ""output"": ""UNRESTORABLE\n""}, {""input"": ""??@@@ta\nfbnsc\n"", ""output"": ""UNRESTORABLE\n""}, {""input"": ""d>?>??>q\nba`\n"", ""output"": ""UNRESTORABLE\n""}, {""input"": ""?t@@@?a\nfbnsc\n"", ""output"": ""UNRESTORABLE\n""}, {""input"": ""d>?>??>q\naa`\n"", ""output"": ""UNRESTORABLE\n""}, {""input"": ""?t@@@?a\ngbnsc\n"", ""output"": ""UNRESTORABLE\n""}, {""input"": ""d>?>??>q\na`a\n"", ""output"": ""UNRESTORABLE\n""}, {""input"": ""?t@@@?a\ngbcsn\n"", ""output"": ""UNRESTORABLE\n""}, {""input"": ""?t@@@?a\ngbdsn\n"", ""output"": ""UNRESTORABLE\n""}, {""input"": ""?t@@@?a\nnsdbg\n"", ""output"": ""UNRESTORABLE\n""}, {""input"": ""d>>>@??q\naaa\n"", ""output"": ""UNRESTORABLE\n""}, {""input"": ""?tc????\ncoder\n"", ""output"": ""atcoder\n""}, {""input"": ""?tc????\ncoder\n"", ""output"": ""atcoder\n""}, {""input"": ""??p??d??\nabc\n"", ""output"": ""UNRESTORABLE\n""}]","Given the following C code and assembly code, your task is to generate highly optimized x86-64 assembly code.
C Code:

```c
#include <stdio.h>
#include <string.h>
#include <stdlib.h>
#include <stdbool.h>
#include <math.h>

int main(void){

    char SS[51], T[51];

    scanf(""%s%s"", SS, T);

    int lenS = strlen(SS);
    int lenT = strlen(T);

    int s = 0;
    int t = 0;

    for(int i = 0; i <= lenS - lenT; i++){
        int f = 0;
        for(int j = 0; j < lenT; j++){
            if(SS[lenS - i - 1 - j] != '?' && SS[lenS-i-1-j] != T[lenT-j-1]){
                f = 1;
                break;
            }
        }
        if(f == 0){
            s = lenS-i-lenT;
            t = 1;
            break;
        }
    }

    if(t == 0){
        printf(""UNRESTORABLE\n"");
    }else{
        for(int i = 0; i < s; i++){
            if(SS[i] == '?'){
                printf(""a"");
            }else{
                printf(""%c"", SS[i]);
            }
        }
        for(int i = s; i < s + lenT; i++){
            printf(""%c"", T[i-s]);
        }
        for(int i = s + lenT; i < lenS; i++){
            if(SS[i] == '?'){
                printf(""a"");
            }else{
                printf(""%c"", SS[i]);
            }
        }
        printf(""\n"");
    }

    return 0;
}```

Assembly Code:

```assembly
	.file	""temp.c""
	.text
	.section	.rodata.str1.1,""aMS"",@progbits,1
.LC0:
	.string	""%s%s""
.LC1:
	.string	""UNRESTORABLE""
	.section	.text.startup,""ax"",@progbits
	.p2align 4
	.globl	main
	.type	main, @function
main:
.LFB51:
	.cfi_startproc
	endbr64
	pushq	%r15
	.cfi_def_cfa_offset 16
	.cfi_offset 15, -16
	leaq	.LC0(%rip), %rdi
	pushq	%r14
	.cfi_def_cfa_offset 24
	.cfi_offset 14, -24
	pushq	%r13
	.cfi_def_cfa_offset 32
	.cfi_offset 13, -32
	pushq	%r12
	.cfi_def_cfa_offset 40
	.cfi_offset 12, -40
	pushq	%rbp
	.cfi_def_cfa_offset 48
	.cfi_offset 6, -48
	pushq	%rbx
	.cfi_def_cfa_offset 56
	.cfi_offset 3, -56
	subq	$152, %rsp
	.cfi_def_cfa_offset 208
	movq	%fs:40, %rax
	movq	%rax, 136(%rsp)
	xorl	%eax, %eax
	leaq	16(%rsp), %rbx
	leaq	80(%rsp), %rbp
	movq	%rbp, %rdx
	movq	%rbx, %rsi
	call	__isoc99_scanf@PLT
	movq	%rbx, %rdi
	call	strlen@PLT
	movq	%rbp, %rdi
	movq	%rax, %r12
	call	strlen@PLT
	movl	%r12d, %r9d
	leaq	(%rbx,%r12), %r10
	subl	%eax, %r9d
	js	.L3
	movl	%eax, %r11d
	xorl	%r8d, %r8d
	.p2align 4,,10
	.p2align 3
.L2:
	movl	%r12d, %r13d
	movl	%r8d, %r14d
	subl	%r8d, %r13d
	testq	%rax, %rax
	je	.L7
	movq	%r10, %rcx
	leal	-1(%r11), %edx
	subq	%r8, %rcx
	.p2align 4,,10
	.p2align 3
.L6:
	movzbl	-1(%rcx), %esi
	cmpb	$63, %sil
	je	.L4
	movslq	%edx, %rdi
	cmpb	80(%rsp,%rdi), %sil
	jne	.L5
.L4:
	subq	$1, %rcx
	subl	$1, %edx
	jnb	.L6
.L7:
	movl	%r13d, %edi
	subl	%eax, %edi
	movl	%edi, 12(%rsp)
	testl	%edi, %edi
	jle	.L22
	movl	12(%rsp), %eax
	movq	%rbx, %r15
	subl	$1, %eax
	leaq	17(%rsp,%rax), %rax
	movq	%rax, (%rsp)
	jmp	.L12
	.p2align 4,,10
	.p2align 3
.L10:
	call	putchar@PLT
	addq	$1, %r15
	cmpq	(%rsp), %r15
	je	.L22
.L12:
	movsbl	(%r15), %edi
	cmpb	$63, %dil
	jne	.L10
	movl	$97, %edi
	addq	$1, %r15
	call	putchar@PLT
	cmpq	(%rsp), %r15
	jne	.L12
.L22:
	cmpl	%r13d, 12(%rsp)
	jge	.L17
	leal	-1(%r13), %eax
	subl	12(%rsp), %eax
	leaq	81(%rsp,%rax), %r15
	.p2align 4,,10
	.p2align 3
.L16:
	movsbl	0(%rbp), %edi
	addq	$1, %rbp
	call	putchar@PLT
	cmpq	%r15, %rbp
	jne	.L16
.L17:
	cmpl	%r13d, %r12d
	jle	.L15
	movslq	%r13d, %r13
	leal	-1(%r14), %eax
	leaq	17(%rsp,%r13), %rbp
	addq	%r13, %rbx
	addq	%rax, %rbp
	jmp	.L20
	.p2align 4,,10
	.p2align 3
.L18:
	call	putchar@PLT
	addq	$1, %rbx
	cmpq	%rbx, %rbp
	je	.L15
.L20:
	movsbl	(%rbx), %edi
	cmpb	$63, %dil
	jne	.L18
	movl	$97, %edi
	addq	$1, %rbx
	call	putchar@PLT
	cmpq	%rbx, %rbp
	jne	.L20
.L15:
	movl	$10, %edi
	call	putchar@PLT
	jmp	.L9
	.p2align 4,,10
	.p2align 3
.L5:
	addq	$1, %r8
	cmpl	%r8d, %r9d
	jge	.L2
.L3:
	leaq	.LC1(%rip), %rdi
	call	puts@PLT
.L9:
	movq	136(%rsp), %rax
	subq	%fs:40, %rax
	jne	.L38
	addq	$152, %rsp
	.cfi_remember_state
	.cfi_def_cfa_offset 56
	xorl	%eax, %eax
	popq	%rbx
	.cfi_def_cfa_offset 48
	popq	%rbp
	.cfi_def_cfa_offset 40
	popq	%r12
	.cfi_def_cfa_offset 32
	popq	%r13
	.cfi_def_cfa_offset 24
	popq	%r14
	.cfi_def_cfa_offset 16
	popq	%r15
	.cfi_def_cfa_offset 8
	ret
.L38:
	.cfi_restore_state
	call	__stack_chk_fail@PLT
	.cfi_endproc
.LFE51:
	.size	main, .-main
	.ident	""GCC: (Ubuntu 11.4.0-1ubuntu1~22.04) 11.4.0""
	.section	.note.GNU-stack,"""",@progbits
	.section	.note.gnu.property,""a""
	.align 8
	.long	1f - 0f
	.long	4f - 1f
	.long	5
0:
	.string	""GNU""
1:
	.align 8
	.long	0xc0000002
	.long	3f - 2f
2:
	.long	0x3
3:
	.align 8
4:
```

Only output the optimized assembly code. Do not include any other text. Do not write any comments in the assembly code. Wrap the assembly code in ```assembly``` tags.
Optimized Assembly Code:
","Given the following C code, your task is to generate highly optimized x86-64 assembly code.
C Code:

```c
#include <stdio.h>
#include <string.h>
#include <stdlib.h>
#include <stdbool.h>
#include <math.h>

int main(void){

    char SS[51], T[51];

    scanf(""%s%s"", SS, T);

    int lenS = strlen(SS);
    int lenT = strlen(T);

    int s = 0;
    int t = 0;

    for(int i = 0; i <= lenS - lenT; i++){
        int f = 0;
        for(int j = 0; j < lenT; j++){
            if(SS[lenS - i - 1 - j] != '?' && SS[lenS-i-1-j] != T[lenT-j-1]){
                f = 1;
                break;
            }
        }
        if(f == 0){
            s = lenS-i-lenT;
            t = 1;
            break;
        }
    }

    if(t == 0){
        printf(""UNRESTORABLE\n"");
    }else{
        for(int i = 0; i < s; i++){
            if(SS[i] == '?'){
                printf(""a"");
            }else{
                printf(""%c"", SS[i]);
            }
        }
        for(int i = s; i < s + lenT; i++){
            printf(""%c"", T[i-s]);
        }
        for(int i = s + lenT; i < lenS; i++){
            if(SS[i] == '?'){
                printf(""a"");
            }else{
                printf(""%c"", SS[i]);
            }
        }
        printf(""\n"");
    }

    return 0;
}```

Only output the optimized assembly code. Do not include any other text. Do not write any comments in the assembly code. Wrap the assembly code in ```assembly``` tags.
Optimized Assembly Code:
"
84,"```c
#include<stdio.h>
int main(){
  char s[100010];
  int i,n,a=1;
  scanf(""%s"",s);
  for(n=0;s[n];n++);
  for(i=0;i<n-1;i++){
    if(s[i]-s[n-i-2])goto END;
  }
  if(s[0]=='0'||s[n-1]=='1')goto END;
  for(i=0;i<n-1;i++){
    printf(""%d %d\n"",a,i+2);
    if(s[i]=='1')a=i+2;
  }
  return 0;
 END:;
  printf(""-1\n"");
  return 0;
}
		   
```","[{""input"": ""1011\n"", ""output"": ""-1\n""}, {""input"": ""0111\n"", ""output"": ""-1\n""}, {""input"": ""1000\n"", ""output"": ""-1\n""}, {""input"": ""1100\n"", ""output"": ""-1\n""}, {""input"": ""0011\n"", ""output"": ""-1\n""}, {""input"": ""1001\n"", ""output"": ""-1\n""}, {""input"": ""0100\n"", ""output"": ""-1\n""}, {""input"": ""0110\n"", ""output"": ""-1\n""}, {""input"": ""0001\n"", ""output"": ""-1\n""}, {""input"": ""0101\n"", ""output"": ""-1\n""}, {""input"": ""0010\n"", ""output"": ""-1\n""}, {""input"": ""1101\n"", ""output"": ""-1\n""}, {""input"": ""0000\n"", ""output"": ""-1\n""}, {""input"": ""0111\n"", ""output"": ""-1\n""}, {""input"": ""1011\n"", ""output"": ""-1\n""}, {""input"": ""0010\n"", ""output"": ""-1\n""}, {""input"": ""0101\n"", ""output"": ""-1\n""}, {""input"": ""0011\n"", ""output"": ""-1\n""}, {""input"": ""0000\n"", ""output"": ""-1\n""}, {""input"": ""0100\n"", ""output"": ""-1\n""}, {""input"": ""1001\n"", ""output"": ""-1\n""}, {""input"": ""1100\n"", ""output"": ""-1\n""}, {""input"": ""0110\n"", ""output"": ""-1\n""}, {""input"": ""1101\n"", ""output"": ""-1\n""}, {""input"": ""1000\n"", ""output"": ""-1\n""}, {""input"": ""0001\n"", ""output"": ""-1\n""}, {""input"": ""1110\n"", ""output"": ""1 2\n2 3\n3 4\n""}, {""input"": ""1111\n"", ""output"": ""-1\n""}, {""input"": ""1010\n"", ""output"": ""1 2\n2 3\n2 4\n""}, {""input"": ""1111\n"", ""output"": ""-1\n""}]","Given the following C code and assembly code, your task is to generate highly optimized x86-64 assembly code.
C Code:

```c
#include<stdio.h>
int main(){
  char s[100010];
  int i,n,a=1;
  scanf(""%s"",s);
  for(n=0;s[n];n++);
  for(i=0;i<n-1;i++){
    if(s[i]-s[n-i-2])goto END;
  }
  if(s[0]=='0'||s[n-1]=='1')goto END;
  for(i=0;i<n-1;i++){
    printf(""%d %d\n"",a,i+2);
    if(s[i]=='1')a=i+2;
  }
  return 0;
 END:;
  printf(""-1\n"");
  return 0;
}
		   
```

Assembly Code:

```assembly
	.file	""temp.c""
	.text
	.section	.rodata.str1.1,""aMS"",@progbits,1
.LC0:
	.string	""%s""
.LC1:
	.string	""%d %d\n""
.LC2:
	.string	""-1""
	.section	.text.startup,""ax"",@progbits
	.p2align 4
	.globl	main
	.type	main, @function
main:
.LFB23:
	.cfi_startproc
	endbr64
	pushq	%r15
	.cfi_def_cfa_offset 16
	.cfi_offset 15, -16
	pushq	%r14
	.cfi_def_cfa_offset 24
	.cfi_offset 14, -24
	pushq	%r13
	.cfi_def_cfa_offset 32
	.cfi_offset 13, -32
	pushq	%r12
	.cfi_def_cfa_offset 40
	.cfi_offset 12, -40
	pushq	%rbp
	.cfi_def_cfa_offset 48
	.cfi_offset 6, -48
	pushq	%rbx
	.cfi_def_cfa_offset 56
	.cfi_offset 3, -56
	leaq	-98304(%rsp), %r11
	.cfi_def_cfa 11, 98360
.LPSRL0:
	subq	$4096, %rsp
	orq	$0, (%rsp)
	cmpq	%r11, %rsp
	jne	.LPSRL0
	.cfi_def_cfa_register 7
	subq	$1736, %rsp
	.cfi_def_cfa_offset 100096
	leaq	.LC0(%rip), %rdi
	movq	%fs:40, %rax
	movq	%rax, 100024(%rsp)
	xorl	%eax, %eax
	movq	%rsp, %rbx
	movq	%rbx, %rsi
	call	__isoc99_scanf@PLT
	movzbl	(%rsp), %edi
	testb	%dil, %dil
	je	.L2
	leaq	1(%rsp), %rsi
	xorl	%eax, %eax
	movq	%rsi, %rdx
	.p2align 4,,10
	.p2align 3
.L3:
	addq	$1, %rdx
	movl	%eax, %ecx
	leal	1(%rax), %eax
	cmpb	$0, -1(%rdx)
	jne	.L3
	testl	%ecx, %ecx
	je	.L4
	cltq
	leal	-1(%rcx), %r8d
	movq	%rbx, %rdx
	addq	%rbx, %rax
	addq	%r8, %rsi
	jmp	.L6
	.p2align 4,,10
	.p2align 3
.L25:
	addq	$1, %rdx
	subq	$1, %rax
	cmpq	%rsi, %rdx
	je	.L4
.L6:
	movzbl	-2(%rax), %r9d
	cmpb	%r9b, (%rdx)
	je	.L25
.L5:
	leaq	.LC2(%rip), %rdi
	call	puts@PLT
.L8:
	movq	100024(%rsp), %rax
	subq	%fs:40, %rax
	jne	.L26
	addq	$100040, %rsp
	.cfi_remember_state
	.cfi_def_cfa_offset 56
	xorl	%eax, %eax
	popq	%rbx
	.cfi_def_cfa_offset 48
	popq	%rbp
	.cfi_def_cfa_offset 40
	popq	%r12
	.cfi_def_cfa_offset 32
	popq	%r13
	.cfi_def_cfa_offset 24
	popq	%r14
	.cfi_def_cfa_offset 16
	popq	%r15
	.cfi_def_cfa_offset 8
	ret
.L4:
	.cfi_restore_state
	cmpb	$48, %dil
	je	.L5
	movslq	%ecx, %r14
	cmpb	$49, (%rsp,%r14)
	je	.L5
	testl	%ecx, %ecx
	jle	.L8
	xorl	%ebp, %ebp
	movl	$1, %r12d
	leaq	.LC1(%rip), %r15
	.p2align 4,,10
	.p2align 3
.L10:
	leal	2(%rbp), %r13d
	movl	%r12d, %edx
	xorl	%eax, %eax
	movq	%r15, %rsi
	movl	%r13d, %ecx
	movl	$1, %edi
	call	__printf_chk@PLT
	cmpb	$49, (%rbx,%rbp)
	cmove	%r13d, %r12d
	addq	$1, %rbp
	cmpq	%rbp, %r14
	jne	.L10
	jmp	.L8
.L2:
	cmpb	$49, -1(%rsp)
	je	.L5
	jmp	.L8
.L26:
	call	__stack_chk_fail@PLT
	.cfi_endproc
.LFE23:
	.size	main, .-main
	.ident	""GCC: (Ubuntu 11.4.0-1ubuntu1~22.04) 11.4.0""
	.section	.note.GNU-stack,"""",@progbits
	.section	.note.gnu.property,""a""
	.align 8
	.long	1f - 0f
	.long	4f - 1f
	.long	5
0:
	.string	""GNU""
1:
	.align 8
	.long	0xc0000002
	.long	3f - 2f
2:
	.long	0x3
3:
	.align 8
4:
```

Only output the optimized assembly code. Do not include any other text. Do not write any comments in the assembly code. Wrap the assembly code in ```assembly``` tags.
Optimized Assembly Code:
","Given the following C code, your task is to generate highly optimized x86-64 assembly code.
C Code:

```c
#include<stdio.h>
int main(){
  char s[100010];
  int i,n,a=1;
  scanf(""%s"",s);
  for(n=0;s[n];n++);
  for(i=0;i<n-1;i++){
    if(s[i]-s[n-i-2])goto END;
  }
  if(s[0]=='0'||s[n-1]=='1')goto END;
  for(i=0;i<n-1;i++){
    printf(""%d %d\n"",a,i+2);
    if(s[i]=='1')a=i+2;
  }
  return 0;
 END:;
  printf(""-1\n"");
  return 0;
}
		   
```

Only output the optimized assembly code. Do not include any other text. Do not write any comments in the assembly code. Wrap the assembly code in ```assembly``` tags.
Optimized Assembly Code:
"
85,"```c
#include<stdio.h>
int main(){
  long int h,w;
  scanf(""%ld%ld"",&h,&w);
  printf(""%ld"",h==1?w==1?1:w-2:w==1?h-2:(w-2)*(h-2));
}
```","[{""input"": ""2 2\n"", ""output"": ""0""}]","Given the following C code and assembly code, your task is to generate highly optimized x86-64 assembly code.
C Code:

```c
#include<stdio.h>
int main(){
  long int h,w;
  scanf(""%ld%ld"",&h,&w);
  printf(""%ld"",h==1?w==1?1:w-2:w==1?h-2:(w-2)*(h-2));
}
```

Assembly Code:

```assembly
	.file	""temp.c""
	.text
	.section	.rodata.str1.1,""aMS"",@progbits,1
.LC0:
	.string	""%ld%ld""
.LC1:
	.string	""%ld""
	.section	.text.startup,""ax"",@progbits
	.p2align 4
	.globl	main
	.type	main, @function
main:
.LFB23:
	.cfi_startproc
	endbr64
	subq	$40, %rsp
	.cfi_def_cfa_offset 48
	leaq	.LC0(%rip), %rdi
	movq	%fs:40, %rax
	movq	%rax, 24(%rsp)
	xorl	%eax, %eax
	leaq	16(%rsp), %rdx
	leaq	8(%rsp), %rsi
	call	__isoc99_scanf@PLT
	movq	8(%rsp), %rdx
	cmpq	$1, %rdx
	je	.L13
	movq	16(%rsp), %rax
	subq	$2, %rdx
	cmpq	$1, %rax
	je	.L3
	subq	$2, %rax
	imulq	%rax, %rdx
.L3:
	xorl	%eax, %eax
	leaq	.LC1(%rip), %rsi
	movl	$1, %edi
	call	__printf_chk@PLT
	movq	24(%rsp), %rax
	subq	%fs:40, %rax
	jne	.L14
	xorl	%eax, %eax
	addq	$40, %rsp
	.cfi_remember_state
	.cfi_def_cfa_offset 8
	ret
.L13:
	.cfi_restore_state
	movq	16(%rsp), %rdx
	cmpq	$1, %rdx
	je	.L3
	subq	$2, %rdx
	jmp	.L3
.L14:
	call	__stack_chk_fail@PLT
	.cfi_endproc
.LFE23:
	.size	main, .-main
	.ident	""GCC: (Ubuntu 11.4.0-1ubuntu1~22.04) 11.4.0""
	.section	.note.GNU-stack,"""",@progbits
	.section	.note.gnu.property,""a""
	.align 8
	.long	1f - 0f
	.long	4f - 1f
	.long	5
0:
	.string	""GNU""
1:
	.align 8
	.long	0xc0000002
	.long	3f - 2f
2:
	.long	0x3
3:
	.align 8
4:
```

Only output the optimized assembly code. Do not include any other text. Do not write any comments in the assembly code. Wrap the assembly code in ```assembly``` tags.
Optimized Assembly Code:
","Given the following C code, your task is to generate highly optimized x86-64 assembly code.
C Code:

```c
#include<stdio.h>
int main(){
  long int h,w;
  scanf(""%ld%ld"",&h,&w);
  printf(""%ld"",h==1?w==1?1:w-2:w==1?h-2:(w-2)*(h-2));
}
```

Only output the optimized assembly code. Do not include any other text. Do not write any comments in the assembly code. Wrap the assembly code in ```assembly``` tags.
Optimized Assembly Code:
"
86,"```c
#include <stdio.h>
#include <math.h>
#include <time.h>
#include<stdlib.h>
#include<string.h>

int main(void) {
    int a[5], loss = 0, ans = 0, i;

    scanf(""%d %d %d %d %d"", &a[0], &a[1], &a[2], &a[3], &a[4]);

    for (i = 0; i < 5; i++) {
        if (a[i] % 10 == 0) {
            ans += a[i];
            continue;
        }
        if (loss < 10 - a[i] % 10) {
            loss = 10 - a[i] % 10;
        }
        ans += (a[i] / 10) * 10 + 10;
    }
    ans -= loss;
    printf(""%d"", ans);
    return 0;
}```","[{""input"": ""123\n123\n161\n123\n123\n"", ""output"": ""681""}, {""input"": ""29\n20\n13\n35\n120\n"", ""output"": ""223""}, {""input"": ""101\n86\n119\n108\n92\n"", ""output"": ""521""}, {""input"": ""123\n123\n161\n123\n163\n"", ""output"": ""721""}, {""input"": ""29\n20\n9\n35\n120\n"", ""output"": ""215""}, {""input"": ""101\n86\n119\n125\n92\n"", ""output"": ""541""}, {""input"": ""123\n123\n161\n123\n263\n"", ""output"": ""821""}, {""input"": ""29\n20\n4\n35\n120\n"", ""output"": ""214""}, {""input"": ""101\n26\n119\n125\n92\n"", ""output"": ""481""}, {""input"": ""123\n123\n40\n123\n263\n"", ""output"": ""693""}, {""input"": ""29\n20\n4\n18\n120\n"", ""output"": ""194""}, {""input"": ""101\n26\n119\n125\n53\n"", ""output"": ""441""}, {""input"": ""123\n118\n40\n123\n263\n"", ""output"": ""683""}, {""input"": ""29\n20\n4\n52\n120\n"", ""output"": ""232""}, {""input"": ""123\n118\n40\n123\n461\n"", ""output"": ""881""}, {""input"": ""29\n20\n4\n52\n96\n"", ""output"": ""212""}, {""input"": ""101\n28\n141\n125\n53\n"", ""output"": ""471""}, {""input"": ""29\n20\n4\n52\n89\n"", ""output"": ""202""}, {""input"": ""123\n114\n40\n95\n461\n"", ""output"": ""851""}, {""input"": ""123\n96\n40\n95\n461\n"", ""output"": ""831""}, {""input"": ""101\n30\n142\n212\n53\n"", ""output"": ""561""}, {""input"": ""123\n96\n8\n95\n461\n"", ""output"": ""801""}, {""input"": ""29\n20\n2\n52\n48\n"", ""output"": ""162""}, {""input"": ""101\n6\n142\n92\n53\n"", ""output"": ""421""}, {""input"": ""123\n96\n0\n95\n461\n"", ""output"": ""791""}, {""input"": ""101\n6\n142\n162\n53\n"", ""output"": ""491""}, {""input"": ""29\n20\n4\n60\n49\n"", ""output"": ""164""}, {""input"": ""101\n6\n142\n60\n53\n"", ""output"": ""381""}, {""input"": ""123\n96\n2\n95\n105\n"", ""output"": ""442""}, {""input"": ""29\n20\n6\n60\n49\n"", ""output"": ""166""}, {""input"": ""101\n6\n140\n60\n53\n"", ""output"": ""371""}, {""input"": ""123\n96\n0\n95\n105\n"", ""output"": ""433""}, {""input"": ""29\n29\n6\n60\n49\n"", ""output"": ""176""}, {""input"": ""101\n6\n140\n60\n23\n"", ""output"": ""341""}, {""input"": ""123\n96\n0\n95\n183\n"", ""output"": ""513""}, {""input"": ""29\n29\n11\n60\n49\n"", ""output"": ""181""}, {""input"": ""101\n6\n140\n60\n36\n"", ""output"": ""351""}, {""input"": ""123\n96\n0\n173\n183\n"", ""output"": ""593""}, {""input"": ""29\n29\n11\n60\n11\n"", ""output"": ""151""}, {""input"": ""101\n6\n140\n65\n36\n"", ""output"": ""361""}, {""input"": ""123\n96\n0\n173\n122\n"", ""output"": ""532""}, {""input"": ""101\n6\n22\n65\n36\n"", ""output"": ""251""}, {""input"": ""123\n96\n0\n230\n122\n"", ""output"": ""582""}, {""input"": ""29\n29\n31\n60\n11\n"", ""output"": ""171""}, {""input"": ""101\n6\n22\n79\n36\n"", ""output"": ""261""}, {""input"": ""29\n29\n31\n85\n11\n"", ""output"": ""201""}, {""input"": ""123\n96\n-1\n449\n122\n"", ""output"": ""809""}, {""input"": ""29\n40\n31\n85\n11\n"", ""output"": ""211""}, {""input"": ""29\n44\n31\n85\n11\n"", ""output"": ""221""}, {""input"": ""29\n52\n31\n85\n11\n"", ""output"": ""231""}, {""input"": ""123\n96\n0\n219\n122\n"", ""output"": ""572""}, {""input"": ""29\n52\n31\n95\n11\n"", ""output"": ""241""}, {""input"": ""123\n96\n1\n219\n122\n"", ""output"": ""581""}, {""input"": ""101\n3\n43\n79\n38\n"", ""output"": ""281""}, {""input"": ""123\n96\n1\n233\n122\n"", ""output"": ""601""}, {""input"": ""123\n96\n0\n233\n122\n"", ""output"": ""592""}, {""input"": ""123\n96\n0\n267\n122\n"", ""output"": ""622""}, {""input"": ""29\n33\n32\n58\n15\n"", ""output"": ""182""}, {""input"": ""123\n57\n0\n442\n122\n"", ""output"": ""762""}, {""input"": ""123\n111\n0\n600\n122\n"", ""output"": ""971""}, {""input"": ""29\n33\n8\n79\n15\n"", ""output"": ""173""}, {""input"": ""123\n101\n0\n600\n122\n"", ""output"": ""961""}, {""input"": ""29\n2\n8\n79\n15\n"", ""output"": ""142""}, {""input"": ""29\n2\n8\n79\n26\n"", ""output"": ""152""}, {""input"": ""29\n0\n8\n79\n26\n"", ""output"": ""146""}, {""input"": ""29\n0\n8\n79\n49\n"", ""output"": ""168""}, {""input"": ""123\n111\n-1\n856\n36\n"", ""output"": ""1149""}, {""input"": ""123\n111\n-1\n856\n41\n"", ""output"": ""1159""}, {""input"": ""29\n0\n8\n65\n22\n"", ""output"": ""132""}, {""input"": ""29\n0\n8\n5\n22\n"", ""output"": ""72""}, {""input"": ""123\n110\n-1\n856\n29\n"", ""output"": ""1129""}, {""input"": ""29\n0\n8\n5\n11\n"", ""output"": ""61""}, {""input"": ""101\n10\n1\n288\n17\n"", ""output"": ""431""}, {""input"": ""123\n110\n-1\n940\n29\n"", ""output"": ""1209""}, {""input"": ""101\n10\n1\n468\n17\n"", ""output"": ""611""}, {""input"": ""123\n110\n-1\n940\n19\n"", ""output"": ""1199""}, {""input"": ""29\n1\n8\n9\n11\n"", ""output"": ""71""}, {""input"": ""101\n15\n1\n468\n17\n"", ""output"": ""621""}, {""input"": ""123\n110\n0\n940\n2\n"", ""output"": ""1182""}, {""input"": ""29\n0\n8\n10\n2\n"", ""output"": ""52""}, {""input"": ""101\n8\n1\n576\n4\n"", ""output"": ""711""}, {""input"": ""123\n100\n0\n940\n2\n"", ""output"": ""1172""}, {""input"": ""29\n0\n8\n17\n2\n"", ""output"": ""62""}, {""input"": ""101\n8\n1\n1055\n4\n"", ""output"": ""1191""}, {""input"": ""101\n8\n1\n320\n4\n"", ""output"": ""451""}, {""input"": ""123\n111\n1\n940\n2\n"", ""output"": ""1201""}, {""input"": ""29\n-1\n8\n17\n3\n"", ""output"": ""69""}, {""input"": ""29\n-1\n8\n0\n3\n"", ""output"": ""49""}, {""input"": ""101\n13\n1\n316\n4\n"", ""output"": ""461""}, {""input"": ""123\n101\n1\n52\n2\n"", ""output"": ""311""}, {""input"": ""101\n13\n1\n596\n4\n"", ""output"": ""741""}, {""input"": ""123\n111\n1\n52\n2\n"", ""output"": ""321""}, {""input"": ""29\n0\n2\n-1\n3\n"", ""output"": ""49""}, {""input"": ""123\n101\n0\n52\n2\n"", ""output"": ""301""}, {""input"": ""29\n0\n2\n-1\n0\n"", ""output"": ""39""}, {""input"": ""101\n13\n4\n1178\n4\n"", ""output"": ""1321""}, {""input"": ""123\n100\n0\n52\n3\n"", ""output"": ""292""}, {""input"": ""29\n0\n3\n-1\n0\n"", ""output"": ""39""}, {""input"": ""101\n26\n4\n239\n5\n"", ""output"": ""391""}, {""input"": ""29\n-1\n3\n-4\n1\n"", ""output"": ""56""}, {""input"": ""123\n123\n123\n123\n123\n"", ""output"": ""643""}, {""input"": ""29\n20\n7\n35\n120\n"", ""output"": ""215""}, {""input"": ""101\n86\n119\n108\n57\n"", ""output"": ""481""}, {""input"": ""29\n20\n7\n35\n120\n"", ""output"": ""215""}]","Given the following C code and assembly code, your task is to generate highly optimized x86-64 assembly code.
C Code:

```c
#include <stdio.h>
#include <math.h>
#include <time.h>
#include<stdlib.h>
#include<string.h>

int main(void) {
    int a[5], loss = 0, ans = 0, i;

    scanf(""%d %d %d %d %d"", &a[0], &a[1], &a[2], &a[3], &a[4]);

    for (i = 0; i < 5; i++) {
        if (a[i] % 10 == 0) {
            ans += a[i];
            continue;
        }
        if (loss < 10 - a[i] % 10) {
            loss = 10 - a[i] % 10;
        }
        ans += (a[i] / 10) * 10 + 10;
    }
    ans -= loss;
    printf(""%d"", ans);
    return 0;
}```

Assembly Code:

```assembly
	.file	""temp.c""
	.text
	.section	.rodata.str1.1,""aMS"",@progbits,1
.LC0:
	.string	""%d %d %d %d %d""
.LC1:
	.string	""%d""
	.section	.text.startup,""ax"",@progbits
	.p2align 4
	.globl	main
	.type	main, @function
main:
.LFB51:
	.cfi_startproc
	endbr64
	subq	$40, %rsp
	.cfi_def_cfa_offset 48
	leaq	.LC0(%rip), %rdi
	movq	%fs:40, %rax
	movq	%rax, 24(%rsp)
	xorl	%eax, %eax
	movq	%rsp, %rsi
	leaq	8(%rsp), %rcx
	leaq	4(%rsp), %rdx
	leaq	16(%rsp), %r9
	leaq	12(%rsp), %r8
	call	__isoc99_scanf@PLT
	movslq	(%rsp), %rax
	movq	%rax, %rcx
	imulq	$1717986919, %rax, %rax
	movl	%ecx, %edx
	sarl	$31, %edx
	sarq	$34, %rax
	subl	%edx, %eax
	leal	(%rax,%rax,4), %edx
	movl	%eax, %esi
	movl	%ecx, %eax
	addl	%edx, %edx
	subl	%edx, %eax
	je	.L2
	movl	$10, %edx
	leal	5(%rsi,%rsi,4), %ecx
	subl	%eax, %edx
	addl	%ecx, %ecx
	movl	%edx, %eax
.L2:
	movslq	4(%rsp), %rdx
	movq	%rdx, %rsi
	imulq	$1717986919, %rdx, %rdx
	movl	%esi, %edi
	leal	(%rcx,%rsi), %r9d
	sarl	$31, %edi
	sarq	$34, %rdx
	subl	%edi, %edx
	leal	(%rdx,%rdx,4), %edi
	movl	%edx, %r8d
	addl	%edi, %edi
	subl	%edi, %esi
	movl	%esi, %edx
	je	.L4
	movl	$10, %esi
	subl	%edx, %esi
	leal	5(%r8,%r8,4), %edx
	cmpl	%esi, %eax
	leal	(%rcx,%rdx,2), %r9d
	cmovl	%esi, %eax
.L4:
	movslq	8(%rsp), %rdx
	movq	%rdx, %rcx
	imulq	$1717986919, %rdx, %rdx
	movl	%ecx, %esi
	leal	(%r9,%rcx), %r8d
	sarl	$31, %esi
	sarq	$34, %rdx
	subl	%esi, %edx
	leal	(%rdx,%rdx,4), %esi
	movl	%edx, %edi
	addl	%esi, %esi
	subl	%esi, %ecx
	movl	%ecx, %edx
	je	.L6
	movl	$10, %ecx
	subl	%edx, %ecx
	leal	5(%rdi,%rdi,4), %edx
	cmpl	%ecx, %eax
	leal	(%r9,%rdx,2), %r8d
	cmovl	%ecx, %eax
.L6:
	movslq	12(%rsp), %rdx
	movq	%rdx, %rcx
	imulq	$1717986919, %rdx, %rdx
	movl	%ecx, %esi
	leal	(%r8,%rcx), %r9d
	sarl	$31, %esi
	sarq	$34, %rdx
	subl	%esi, %edx
	leal	(%rdx,%rdx,4), %esi
	movl	%edx, %edi
	addl	%esi, %esi
	subl	%esi, %ecx
	movl	%ecx, %edx
	je	.L8
	movl	$10, %ecx
	subl	%edx, %ecx
	leal	5(%rdi,%rdi,4), %edx
	cmpl	%ecx, %eax
	leal	(%r8,%rdx,2), %r9d
	cmovl	%ecx, %eax
.L8:
	movslq	16(%rsp), %rdx
	movq	%rdx, %rcx
	imulq	$1717986919, %rdx, %rdx
	movl	%ecx, %esi
	sarl	$31, %esi
	sarq	$34, %rdx
	subl	%esi, %edx
	leal	(%rdx,%rdx,4), %esi
	movl	%edx, %edi
	movl	%ecx, %edx
	addl	%esi, %esi
	subl	%esi, %edx
	je	.L20
	movl	$10, %ecx
	subl	%edx, %ecx
	leal	5(%rdi,%rdi,4), %edx
	cmpl	%ecx, %eax
	leal	(%r9,%rdx,2), %edx
	cmovl	%ecx, %eax
.L10:
	subl	%eax, %edx
	leaq	.LC1(%rip), %rsi
	xorl	%eax, %eax
	movl	$1, %edi
	call	__printf_chk@PLT
	movq	24(%rsp), %rax
	subq	%fs:40, %rax
	jne	.L21
	xorl	%eax, %eax
	addq	$40, %rsp
	.cfi_remember_state
	.cfi_def_cfa_offset 8
	ret
.L20:
	.cfi_restore_state
	leal	(%rcx,%r9), %edx
	jmp	.L10
.L21:
	call	__stack_chk_fail@PLT
	.cfi_endproc
.LFE51:
	.size	main, .-main
	.ident	""GCC: (Ubuntu 11.4.0-1ubuntu1~22.04) 11.4.0""
	.section	.note.GNU-stack,"""",@progbits
	.section	.note.gnu.property,""a""
	.align 8
	.long	1f - 0f
	.long	4f - 1f
	.long	5
0:
	.string	""GNU""
1:
	.align 8
	.long	0xc0000002
	.long	3f - 2f
2:
	.long	0x3
3:
	.align 8
4:
```

Only output the optimized assembly code. Do not include any other text. Do not write any comments in the assembly code. Wrap the assembly code in ```assembly``` tags.
Optimized Assembly Code:
","Given the following C code, your task is to generate highly optimized x86-64 assembly code.
C Code:

```c
#include <stdio.h>
#include <math.h>
#include <time.h>
#include<stdlib.h>
#include<string.h>

int main(void) {
    int a[5], loss = 0, ans = 0, i;

    scanf(""%d %d %d %d %d"", &a[0], &a[1], &a[2], &a[3], &a[4]);

    for (i = 0; i < 5; i++) {
        if (a[i] % 10 == 0) {
            ans += a[i];
            continue;
        }
        if (loss < 10 - a[i] % 10) {
            loss = 10 - a[i] % 10;
        }
        ans += (a[i] / 10) * 10 + 10;
    }
    ans -= loss;
    printf(""%d"", ans);
    return 0;
}```

Only output the optimized assembly code. Do not include any other text. Do not write any comments in the assembly code. Wrap the assembly code in ```assembly``` tags.
Optimized Assembly Code:
"
87,"```c
#include<stdio.h>
int gcd(int a,int b){return a<b?gcd(b,a):b?gcd(b,a%b):a;}
int lcm(int a,int b){return a*(b/gcd(a,b));}
int main(){
  int a,b,c=1;
  scanf(""%d"",&a);
  while(a--){
    scanf(""%d"",&b);
    c=lcm(b,c);
  }
  printf(""%d\n"",c);
  return 0;
}```","[{""input"": ""4\n1 2 5 5\n"", ""output"": ""10\n""}, {""input"": ""3\n3 4 3\n"", ""output"": ""12\n""}, {""input"": ""4\n1 2 5 7\n"", ""output"": ""70\n""}, {""input"": ""3\n3 7 3\n"", ""output"": ""21\n""}, {""input"": ""4\n1 2 1 7\n"", ""output"": ""14\n""}, {""input"": ""3\n3 10 3\n"", ""output"": ""30\n""}, {""input"": ""3\n3 13 3\n"", ""output"": ""39\n""}, {""input"": ""4\n1 2 2 11\n"", ""output"": ""22\n""}, {""input"": ""3\n6 13 3\n"", ""output"": ""78\n""}, {""input"": ""3\n4 13 3\n"", ""output"": ""156\n""}, {""input"": ""3\n4 13 4\n"", ""output"": ""52\n""}, {""input"": ""3\n4 13 5\n"", ""output"": ""260\n""}, {""input"": ""3\n4 6 5\n"", ""output"": ""60\n""}, {""input"": ""3\n4 6 7\n"", ""output"": ""84\n""}, {""input"": ""3\n4 4 7\n"", ""output"": ""28\n""}, {""input"": ""3\n5 4 7\n"", ""output"": ""140\n""}, {""input"": ""3\n9 4 3\n"", ""output"": ""36\n""}, {""input"": ""3\n19 4 4\n"", ""output"": ""76\n""}, {""input"": ""3\n19 2 6\n"", ""output"": ""114\n""}, {""input"": ""3\n9 2 6\n"", ""output"": ""18\n""}, {""input"": ""3\n3 4 11\n"", ""output"": ""132\n""}, {""input"": ""4\n1 2 5 8\n"", ""output"": ""40\n""}, {""input"": ""4\n1 2 5 9\n"", ""output"": ""90\n""}, {""input"": ""3\n3 2 3\n"", ""output"": ""6\n""}, {""input"": ""4\n1 1 1 7\n"", ""output"": ""7\n""}, {""input"": ""3\n3 24 3\n"", ""output"": ""24\n""}, {""input"": ""3\n6 16 3\n"", ""output"": ""48\n""}, {""input"": ""4\n1 2 2 19\n"", ""output"": ""38\n""}, {""input"": ""3\n1 13 5\n"", ""output"": ""65\n""}, {""input"": ""3\n7 6 5\n"", ""output"": ""210\n""}, {""input"": ""3\n8 4 7\n"", ""output"": ""56\n""}, {""input"": ""3\n5 4 2\n"", ""output"": ""20\n""}, {""input"": ""3\n4 2 4\n"", ""output"": ""4\n""}, {""input"": ""3\n19 2 11\n"", ""output"": ""418\n""}, {""input"": ""4\n1 2 5 16\n"", ""output"": ""80\n""}, {""input"": ""4\n2 2 3 7\n"", ""output"": ""42\n""}, {""input"": ""3\n3 37 3\n"", ""output"": ""111\n""}, {""input"": ""3\n6 17 3\n"", ""output"": ""102\n""}, {""input"": ""3\n1 22 5\n"", ""output"": ""110\n""}, {""input"": ""3\n7 12 5\n"", ""output"": ""420\n""}, {""input"": ""3\n8 5 7\n"", ""output"": ""280\n""}, {""input"": ""3\n9 2 8\n"", ""output"": ""72\n""}, {""input"": ""4\n1 2 5 24\n"", ""output"": ""120\n""}, {""input"": ""3\n3 37 5\n"", ""output"": ""555\n""}, {""input"": ""3\n7 17 3\n"", ""output"": ""357\n""}, {""input"": ""3\n7 3 5\n"", ""output"": ""105\n""}, {""input"": ""3\n1 5 7\n"", ""output"": ""35\n""}, {""input"": ""3\n3 37 10\n"", ""output"": ""1110\n""}, {""input"": ""3\n7 17 2\n"", ""output"": ""238\n""}, {""input"": ""4\n4 2 8 4\n"", ""output"": ""8\n""}, {""input"": ""3\n5 37 10\n"", ""output"": ""370\n""}, {""input"": ""3\n16 2 9\n"", ""output"": ""144\n""}, {""input"": ""4\n1 2 5 44\n"", ""output"": ""220\n""}, {""input"": ""3\n9 37 10\n"", ""output"": ""3330\n""}, {""input"": ""3\n29 2 9\n"", ""output"": ""522\n""}, {""input"": ""4\n1 3 5 44\n"", ""output"": ""660\n""}, {""input"": ""3\n8 13 5\n"", ""output"": ""520\n""}, {""input"": ""3\n9 39 10\n"", ""output"": ""1170\n""}, {""input"": ""3\n14 25 2\n"", ""output"": ""350\n""}, {""input"": ""3\n5 1 3\n"", ""output"": ""15\n""}, {""input"": ""3\n29 2 2\n"", ""output"": ""58\n""}, {""input"": ""3\n13 3 10\n"", ""output"": ""390\n""}, {""input"": ""3\n8 11 5\n"", ""output"": ""440\n""}, {""input"": ""3\n9 39 11\n"", ""output"": ""1287\n""}, {""input"": ""3\n46 7 4\n"", ""output"": ""644\n""}, {""input"": ""3\n13 2 10\n"", ""output"": ""130\n""}, {""input"": ""3\n12 39 11\n"", ""output"": ""1716\n""}, {""input"": ""3\n46 7 6\n"", ""output"": ""966\n""}, {""input"": ""3\n1 2 2\n"", ""output"": ""2\n""}, {""input"": ""3\n3 1 1\n"", ""output"": ""3\n""}, {""input"": ""3\n46 7 5\n"", ""output"": ""1610\n""}, {""input"": ""3\n5 1 1\n"", ""output"": ""5\n""}, {""input"": ""3\n12 77 1\n"", ""output"": ""924\n""}, {""input"": ""3\n19 1 12\n"", ""output"": ""228\n""}, {""input"": ""3\n19 1 1\n"", ""output"": ""19\n""}, {""input"": ""3\n19 1 3\n"", ""output"": ""57\n""}, {""input"": ""4\n1 1 4 11\n"", ""output"": ""44\n""}, {""input"": ""4\n1 1 2 32\n"", ""output"": ""32\n""}, {""input"": ""3\n7 16 3\n"", ""output"": ""336\n""}, {""input"": ""3\n1 13 1\n"", ""output"": ""13\n""}, {""input"": ""3\n13 4 7\n"", ""output"": ""364\n""}, {""input"": ""3\n1 17 3\n"", ""output"": ""51\n""}, {""input"": ""3\n1 17 5\n"", ""output"": ""85\n""}, {""input"": ""3\n17 2 5\n"", ""output"": ""170\n""}, {""input"": ""3\n7 34 3\n"", ""output"": ""714\n""}, {""input"": ""3\n1 1 1\n"", ""output"": ""1\n""}, {""input"": ""3\n5 11 3\n"", ""output"": ""165\n""}, {""input"": ""3\n11 1 3\n"", ""output"": ""33\n""}, {""input"": ""3\n4 37 10\n"", ""output"": ""740\n""}, {""input"": ""3\n13 17 2\n"", ""output"": ""442\n""}, {""input"": ""3\n16 2 8\n"", ""output"": ""16\n""}, {""input"": ""3\n7 3 9\n"", ""output"": ""63\n""}, {""input"": ""4\n1 2 5 51\n"", ""output"": ""510\n""}, {""input"": ""3\n9 37 14\n"", ""output"": ""4662\n""}, {""input"": ""3\n9 3 1\n"", ""output"": ""9\n""}, {""input"": ""3\n8 13 8\n"", ""output"": ""104\n""}, {""input"": ""3\n9 54 10\n"", ""output"": ""270\n""}, {""input"": ""3\n9 25 2\n"", ""output"": ""450\n""}, {""input"": ""3\n5 3 9\n"", ""output"": ""45\n""}, {""input"": ""3\n13 3 18\n"", ""output"": ""234\n""}, {""input"": ""4\n1 2 3 5\n"", ""output"": ""30\n""}, {""input"": ""3\n3 4 6\n"", ""output"": ""12\n""}, {""input"": ""3\n3 4 6\n"", ""output"": ""12\n""}]","Given the following C code and assembly code, your task is to generate highly optimized x86-64 assembly code.
C Code:

```c
#include<stdio.h>
int gcd(int a,int b){return a<b?gcd(b,a):b?gcd(b,a%b):a;}
int lcm(int a,int b){return a*(b/gcd(a,b));}
int main(){
  int a,b,c=1;
  scanf(""%d"",&a);
  while(a--){
    scanf(""%d"",&b);
    c=lcm(b,c);
  }
  printf(""%d\n"",c);
  return 0;
}```

Assembly Code:

```assembly
	.file	""temp.c""
	.text
	.p2align 4
	.globl	gcd
	.type	gcd, @function
gcd:
.LFB23:
	.cfi_startproc
	endbr64
	movl	%edi, %edx
	jmp	.L2
	.p2align 4,,10
	.p2align 3
.L6:
	cltd
	idivl	%esi
.L3:
	movl	%edx, %eax
	movl	%esi, %edx
	movl	%eax, %esi
.L2:
	cmpl	%esi, %edx
	jl	.L3
	movl	%edx, %eax
	testl	%esi, %esi
	jne	.L6
	ret
	.cfi_endproc
.LFE23:
	.size	gcd, .-gcd
	.p2align 4
	.globl	lcm
	.type	lcm, @function
lcm:
.LFB24:
	.cfi_startproc
	endbr64
	movl	%esi, %r8d
	movl	%edi, %ecx
	jmp	.L8
	.p2align 4,,10
	.p2align 3
.L11:
	movl	%ecx, %eax
	cltd
	idivl	%r8d
	movl	%edx, %ecx
.L9:
	movl	%ecx, %edx
	movl	%r8d, %ecx
	movl	%edx, %r8d
.L8:
	cmpl	%r8d, %ecx
	jl	.L9
	testl	%r8d, %r8d
	jne	.L11
	movl	%esi, %eax
	cltd
	idivl	%ecx
	imull	%edi, %eax
	ret
	.cfi_endproc
.LFE24:
	.size	lcm, .-lcm
	.section	.rodata.str1.1,""aMS"",@progbits,1
.LC0:
	.string	""%d""
.LC1:
	.string	""%d\n""
	.section	.text.startup,""ax"",@progbits
	.p2align 4
	.globl	main
	.type	main, @function
main:
.LFB25:
	.cfi_startproc
	endbr64
	pushq	%r12
	.cfi_def_cfa_offset 16
	.cfi_offset 12, -16
	movl	$1, %r12d
	pushq	%rbp
	.cfi_def_cfa_offset 24
	.cfi_offset 6, -24
	pushq	%rbx
	.cfi_def_cfa_offset 32
	.cfi_offset 3, -32
	leaq	.LC0(%rip), %rbx
	movq	%rbx, %rdi
	subq	$16, %rsp
	.cfi_def_cfa_offset 48
	movq	%fs:40, %rax
	movq	%rax, 8(%rsp)
	xorl	%eax, %eax
	movq	%rsp, %rsi
	call	__isoc99_scanf@PLT
	movl	(%rsp), %eax
	leal	-1(%rax), %edx
	movl	%edx, (%rsp)
	testl	%eax, %eax
	je	.L13
	leaq	4(%rsp), %rbp
	.p2align 4,,10
	.p2align 3
.L17:
	movq	%rbp, %rsi
	movq	%rbx, %rdi
	xorl	%eax, %eax
	call	__isoc99_scanf@PLT
	movl	4(%rsp), %edi
	movl	%r12d, %esi
	movl	%edi, %ecx
	jmp	.L14
	.p2align 4,,10
	.p2align 3
.L22:
	movl	%ecx, %eax
	cltd
	idivl	%esi
	movl	%edx, %ecx
.L15:
	movl	%ecx, %edx
	movl	%esi, %ecx
	movl	%edx, %esi
.L14:
	cmpl	%esi, %ecx
	jl	.L15
	testl	%esi, %esi
	jne	.L22
	movl	%r12d, %eax
	cltd
	idivl	%ecx
	movl	%eax, %r12d
	movl	(%rsp), %eax
	imull	%edi, %r12d
	leal	-1(%rax), %edx
	movl	%edx, (%rsp)
	testl	%eax, %eax
	jne	.L17
.L13:
	xorl	%eax, %eax
	movl	%r12d, %edx
	movl	$1, %edi
	leaq	.LC1(%rip), %rsi
	call	__printf_chk@PLT
	movq	8(%rsp), %rax
	subq	%fs:40, %rax
	jne	.L23
	addq	$16, %rsp
	.cfi_remember_state
	.cfi_def_cfa_offset 32
	xorl	%eax, %eax
	popq	%rbx
	.cfi_def_cfa_offset 24
	popq	%rbp
	.cfi_def_cfa_offset 16
	popq	%r12
	.cfi_def_cfa_offset 8
	ret
.L23:
	.cfi_restore_state
	call	__stack_chk_fail@PLT
	.cfi_endproc
.LFE25:
	.size	main, .-main
	.ident	""GCC: (Ubuntu 11.4.0-1ubuntu1~22.04) 11.4.0""
	.section	.note.GNU-stack,"""",@progbits
	.section	.note.gnu.property,""a""
	.align 8
	.long	1f - 0f
	.long	4f - 1f
	.long	5
0:
	.string	""GNU""
1:
	.align 8
	.long	0xc0000002
	.long	3f - 2f
2:
	.long	0x3
3:
	.align 8
4:
```

Only output the optimized assembly code. Do not include any other text. Do not write any comments in the assembly code. Wrap the assembly code in ```assembly``` tags.
Optimized Assembly Code:
","Given the following C code, your task is to generate highly optimized x86-64 assembly code.
C Code:

```c
#include<stdio.h>
int gcd(int a,int b){return a<b?gcd(b,a):b?gcd(b,a%b):a;}
int lcm(int a,int b){return a*(b/gcd(a,b));}
int main(){
  int a,b,c=1;
  scanf(""%d"",&a);
  while(a--){
    scanf(""%d"",&b);
    c=lcm(b,c);
  }
  printf(""%d\n"",c);
  return 0;
}```

Only output the optimized assembly code. Do not include any other text. Do not write any comments in the assembly code. Wrap the assembly code in ```assembly``` tags.
Optimized Assembly Code:
"
88,"```c
#include <stdio.h>
#define max(p,q)((p)>(q)?(p):(q))

int main(){
	int x,a,b,n;
	scanf(""%d%d%d%d"",&x,&a,&b,&n);
	while(n--){
		char s[10];
		scanf("" %s"",s);
		if(s[0]=='n')x+=a;
		if(s[0]=='t')x+=b;
		if(s[0]=='k')x=0;
		x=max(x,0);
	}
	printf(""%d\n"",x);
}
```","[{""input"": ""10 30 10\n0\nnobiro\nnobiro\ntidime\n"", ""output"": ""10\n""}, {""input"": ""18 30 10\n0\nnobiro\nnobiro\ntidime\n"", ""output"": ""18\n""}, {""input"": ""15 30 9\n0\nnoairo\noribon\nmidite\n"", ""output"": ""15\n""}, {""input"": ""23 30 9\n0\nnoairo\noribon\nmidite\n"", ""output"": ""23\n""}, {""input"": ""44 30 5\n0\nnoairo\nnobiro\ntidime\n"", ""output"": ""44\n""}, {""input"": ""59 30 5\n0\noriaon\nnobiro\ntieimd\n"", ""output"": ""59\n""}, {""input"": ""83 48 5\n0\norioan\nnobiro\ndmifit\n"", ""output"": ""83\n""}, {""input"": ""31 48 5\n0\norioan\nnobiro\ndmifit\n"", ""output"": ""31\n""}, {""input"": ""19 48 5\n0\norioan\nnnciro\ndmifit\n"", ""output"": ""19\n""}, {""input"": ""8 48 5\n0\norioan\nnnciro\ndmifit\n"", ""output"": ""8\n""}, {""input"": ""7 48 5\n0\norioan\nnncior\ndmifit\n"", ""output"": ""7\n""}, {""input"": ""9 30 9\n0\nnoairo\noribon\nmidite\n"", ""output"": ""9\n""}, {""input"": ""24 30 5\n0\nnoairo\nnobiro\ntidime\n"", ""output"": ""24\n""}, {""input"": ""4 30 5\n0\nnoairo\nnobiro\ntieimd\n"", ""output"": ""4\n""}, {""input"": ""37 48 5\n0\norioan\nnnciro\ndmifit\n"", ""output"": ""37\n""}, {""input"": ""13 48 5\n0\norioan\nnncior\ndmifit\n"", ""output"": ""13\n""}, {""input"": ""3 30 5\n0\nnoairo\nnobiro\ntidime\n"", ""output"": ""3\n""}, {""input"": ""109 30 5\n0\norioan\nnobiro\nuifimd\n"", ""output"": ""109\n""}, {""input"": ""45 48 5\n0\norioan\nnmbiro\ndmifit\n"", ""output"": ""45\n""}, {""input"": ""5 48 5\n0\norioan\nnncios\ndmifiu\n"", ""output"": ""5\n""}, {""input"": ""112 30 9\n0\norioan\nniboro\ntieimd\n"", ""output"": ""112\n""}, {""input"": ""0 30 19\n0\noricon\nnobiro\ntidime\n"", ""output"": ""0\n""}, {""input"": ""29 50 9\n0\noribon\noriobn\ntidimd\n"", ""output"": ""29\n""}, {""input"": ""36 30 6\n0\nnoairo\nnobiqo\nmidise\n"", ""output"": ""36\n""}, {""input"": ""30 30 8\n0\nori`on\nnobiro\ndmieit\n"", ""output"": ""30\n""}, {""input"": ""25 9 5\n0\norioan\nnobiro\nuifimd\n"", ""output"": ""25\n""}, {""input"": ""11 48 9\n0\norioan\nniboro\ndmifit\n"", ""output"": ""11\n""}, {""input"": ""41 48 5\n0\norioan\nonciro\ndmifiu\n"", ""output"": ""41\n""}, {""input"": ""1 41 1\n0\norioan\nnncior\ndmifit\n"", ""output"": ""1\n""}, {""input"": ""51 30 6\n0\nnoairo\nnobiqo\nmidise\n"", ""output"": ""51\n""}, {""input"": ""42 69 5\n0\norio`n\nnmbiro\ndmifit\n"", ""output"": ""42\n""}, {""input"": ""12 82 8\n0\norioan\nnnciro\ndmifis\n"", ""output"": ""12\n""}, {""input"": ""46 47 0\n0\nnoairo\nnobiro\nsidine\n"", ""output"": ""46\n""}, {""input"": ""-1 30 0\n0\noricon\nnboiro\ntidime\n"", ""output"": ""-1\n""}, {""input"": ""57 48 5\n0\nnaoiro\nnorjbn\ntigimd\n"", ""output"": ""57\n""}, {""input"": ""75 85 5\n0\nnaoiro\nosnboi\nemieit\n"", ""output"": ""75\n""}, {""input"": ""2 45 10\n1\nnobiro\nnrojob\nthdile\n"", ""output"": ""47\n""}, {""input"": ""2 45 10\n0\nnobiro\nnrojob\nthdile\n"", ""output"": ""2\n""}, {""input"": ""21 108 8\n0\nnaoiro\nnnciso\ndmifit\n"", ""output"": ""21\n""}, {""input"": ""32 4 1\n0\nnobhro\nnobiro\ndmidis\n"", ""output"": ""32\n""}, {""input"": ""63 26 8\n0\noriapn\norjnob\nuifimd\n"", ""output"": ""63\n""}, {""input"": ""84 122 10\n0\noobrjn\nonciro\nudfimi\n"", ""output"": ""84\n""}, {""input"": ""17 122 12\n0\nnjrbop\nnndiro\nudfimi\n"", ""output"": ""17\n""}, {""input"": ""20 122 12\n0\nnjrbop\nnndiro\nudfimi\n"", ""output"": ""20\n""}, {""input"": ""11 30 10\n3\nnobiro\nnobiro\ntidime\n"", ""output"": ""81\n""}, {""input"": ""34 30 9\n0\nnoairo\nnobiro\nmidite\n"", ""output"": ""34\n""}, {""input"": ""6 48 5\n0\norioan\nnncior\ndmifit\n"", ""output"": ""6\n""}, {""input"": ""35 30 19\n0\noribon\nnobiro\ntidime\n"", ""output"": ""35\n""}, {""input"": ""14 30 9\n0\noribon\noribon\ntidimd\n"", ""output"": ""14\n""}, {""input"": ""61 30 9\n0\norioan\nniboro\ntieimd\n"", ""output"": ""61\n""}, {""input"": ""80 33 10\n0\norioan\nnobiro\ntifimd\n"", ""output"": ""80\n""}, {""input"": ""55 48 5\n0\norioan\nnobirn\ndmigit\n"", ""output"": ""55\n""}, {""input"": ""16 30 4\n0\nnoairo\noribon\nmiditd\n"", ""output"": ""16\n""}, {""input"": ""101 27 5\n0\norioan\nniboro\ntiiemd\n"", ""output"": ""101\n""}, {""input"": ""85 85 4\n0\nnaoiro\nosnboi\nemieit\n"", ""output"": ""85\n""}, {""input"": ""113 33 8\n0\noripan\nbonjro\nuifimd\n"", ""output"": ""113\n""}, {""input"": ""74 64 5\n0\noobrjn\nonciro\nimdfiu\n"", ""output"": ""74\n""}, {""input"": ""50 0 4\n0\nanohro\nnobiro\nuieimd\n"", ""output"": ""50\n""}, {""input"": ""43 91 5\n0\noobrjn\nonciro\nimdfiu\n"", ""output"": ""43\n""}, {""input"": ""73 122 10\n0\noobrjn\nonciro\nimifdu\n"", ""output"": ""73\n""}, {""input"": ""18 30 19\n0\nnobiro\nnobiro\ntidime\n"", ""output"": ""18\n""}, {""input"": ""18 30 10\n0\nnobiro\nnobiro\ntidimd\n"", ""output"": ""18\n""}, {""input"": ""18 30 10\n0\nnobiro\noribon\ntidimd\n"", ""output"": ""18\n""}, {""input"": ""18 30 9\n0\nnobiro\noribon\ntidimd\n"", ""output"": ""18\n""}, {""input"": ""18 30 9\n0\nnoairo\noribon\ntidimd\n"", ""output"": ""18\n""}, {""input"": ""18 30 9\n0\nnoairo\noribon\nmiditd\n"", ""output"": ""18\n""}, {""input"": ""18 30 9\n0\nnoairo\noribon\nmidite\n"", ""output"": ""18\n""}, {""input"": ""23 30 9\n0\nnoairo\nnobiro\nmidite\n"", ""output"": ""23\n""}, {""input"": ""23 30 3\n0\nnoairo\nnobiro\nmidite\n"", ""output"": ""23\n""}, {""input"": ""23 30 3\n0\nnoairo\nnobiro\ntidime\n"", ""output"": ""23\n""}, {""input"": ""23 30 5\n0\nnoairo\nnobiro\ntidime\n"", ""output"": ""23\n""}, {""input"": ""44 30 5\n0\nnoairo\nnobiro\ntieimd\n"", ""output"": ""44\n""}, {""input"": ""44 30 5\n0\noriaon\nnobiro\ntieimd\n"", ""output"": ""44\n""}, {""input"": ""59 30 5\n0\norioan\nnobiro\ntieimd\n"", ""output"": ""59\n""}, {""input"": ""59 30 5\n0\norioan\nnobiro\ntifimd\n"", ""output"": ""59\n""}, {""input"": ""59 48 5\n0\norioan\nnobiro\ntifimd\n"", ""output"": ""59\n""}, {""input"": ""59 48 5\n0\norioan\nnobiro\ndmifit\n"", ""output"": ""59\n""}, {""input"": ""31 48 5\n0\norioan\nnnbiro\ndmifit\n"", ""output"": ""31\n""}, {""input"": ""31 48 5\n0\norioan\nnnciro\ndmifit\n"", ""output"": ""31\n""}, {""input"": ""8 48 5\n0\norioan\nnncior\ndmifit\n"", ""output"": ""8\n""}, {""input"": ""7 48 5\n0\norioan\nnncios\ndmifit\n"", ""output"": ""7\n""}, {""input"": ""10 30 10\n0\nnobiro\nnrbioo\ntidime\n"", ""output"": ""10\n""}, {""input"": ""18 30 9\n0\nnobiro\nnobiro\ntidime\n"", ""output"": ""18\n""}, {""input"": ""18 30 19\n0\noribon\nnobiro\ntidime\n"", ""output"": ""18\n""}, {""input"": ""18 30 0\n0\nnobiro\nnobiro\ntidimd\n"", ""output"": ""18\n""}, {""input"": ""18 30 9\n0\noribon\noribon\ntidimd\n"", ""output"": ""18\n""}, {""input"": ""18 30 9\n0\nnoairo\noribon\ntidind\n"", ""output"": ""18\n""}, {""input"": ""18 30 3\n0\nnoairo\noribon\nmiditd\n"", ""output"": ""18\n""}, {""input"": ""15 30 9\n0\nmoairo\noribon\nmidite\n"", ""output"": ""15\n""}, {""input"": ""23 30 9\n0\nnoairo\noribnn\nmidite\n"", ""output"": ""23\n""}, {""input"": ""23 48 9\n0\nnoairo\nnobiro\nmidite\n"", ""output"": ""23\n""}, {""input"": ""23 30 6\n0\nnoairo\nnobiro\nmidite\n"", ""output"": ""23\n""}, {""input"": ""23 47 3\n0\nnoairo\nnobiro\ntidime\n"", ""output"": ""23\n""}, {""input"": ""44 58 5\n0\nnoairo\nnobiro\ntidime\n"", ""output"": ""44\n""}, {""input"": ""44 30 5\n0\noriaon\nnobiro\niteimd\n"", ""output"": ""44\n""}, {""input"": ""59 30 8\n0\noriaon\nnobiro\ntieimd\n"", ""output"": ""59\n""}, {""input"": ""59 30 5\n0\norioan\nniboro\ntieimd\n"", ""output"": ""59\n""}, {""input"": ""59 30 5\n0\norioan\nnobiro\nuifimd\n"", ""output"": ""59\n""}, {""input"": ""59 48 10\n0\norioan\nnobiro\ntifimd\n"", ""output"": ""59\n""}, {""input"": ""59 48 5\n0\norioan\nnobiro\ndmigit\n"", ""output"": ""59\n""}, {""input"": ""10 30 10\n3\nnobiro\nnobiro\ntidime\n"", ""output"": ""80\n""}, {""input"": ""10 30 10\n3\nnobiro\nnobiro\ntidime\n"", ""output"": ""80\n""}]","Given the following C code and assembly code, your task is to generate highly optimized x86-64 assembly code.
C Code:

```c
#include <stdio.h>
#define max(p,q)((p)>(q)?(p):(q))

int main(){
	int x,a,b,n;
	scanf(""%d%d%d%d"",&x,&a,&b,&n);
	while(n--){
		char s[10];
		scanf("" %s"",s);
		if(s[0]=='n')x+=a;
		if(s[0]=='t')x+=b;
		if(s[0]=='k')x=0;
		x=max(x,0);
	}
	printf(""%d\n"",x);
}
```

Assembly Code:

```assembly
	.file	""temp.c""
	.text
	.section	.rodata.str1.1,""aMS"",@progbits,1
.LC0:
	.string	""%d%d%d%d""
.LC1:
	.string	"" %s""
.LC2:
	.string	""%d\n""
	.section	.text.startup,""ax"",@progbits
	.p2align 4
	.globl	main
	.type	main, @function
main:
.LFB23:
	.cfi_startproc
	endbr64
	pushq	%rbp
	.cfi_def_cfa_offset 16
	.cfi_offset 6, -16
	leaq	.LC0(%rip), %rdi
	pushq	%rbx
	.cfi_def_cfa_offset 24
	.cfi_offset 3, -24
	subq	$56, %rsp
	.cfi_def_cfa_offset 80
	movq	%fs:40, %rax
	movq	%rax, 40(%rsp)
	xorl	%eax, %eax
	leaq	16(%rsp), %rdx
	leaq	20(%rsp), %rcx
	leaq	12(%rsp), %rsi
	leaq	24(%rsp), %r8
	call	__isoc99_scanf@PLT
	movl	24(%rsp), %eax
	leal	-1(%rax), %edx
	movl	%edx, 24(%rsp)
	testl	%eax, %eax
	je	.L2
	leaq	30(%rsp), %rbp
	leaq	.LC1(%rip), %rbx
	jmp	.L6
	.p2align 4,,10
	.p2align 3
.L3:
	cmpb	$116, %al
	je	.L5
	cmpb	$107, %al
	jne	.L13
	xorl	%edx, %edx
.L4:
	movl	24(%rsp), %eax
	movl	%edx, 12(%rsp)
	leal	-1(%rax), %ecx
	movl	%ecx, 24(%rsp)
	testl	%eax, %eax
	je	.L7
.L6:
	movq	%rbp, %rsi
	movq	%rbx, %rdi
	xorl	%eax, %eax
	call	__isoc99_scanf@PLT
	movzbl	30(%rsp), %eax
	cmpb	$110, %al
	jne	.L3
	movl	16(%rsp), %edx
	movl	$0, %eax
	addl	12(%rsp), %edx
	cmovs	%eax, %edx
	jmp	.L4
	.p2align 4,,10
	.p2align 3
.L5:
	movl	20(%rsp), %edx
	movl	$0, %eax
	addl	12(%rsp), %edx
	cmovs	%eax, %edx
	jmp	.L4
.L2:
	movl	12(%rsp), %edx
	.p2align 4,,10
	.p2align 3
.L7:
	xorl	%eax, %eax
	leaq	.LC2(%rip), %rsi
	movl	$1, %edi
	call	__printf_chk@PLT
	movq	40(%rsp), %rax
	subq	%fs:40, %rax
	jne	.L14
	addq	$56, %rsp
	.cfi_remember_state
	.cfi_def_cfa_offset 24
	xorl	%eax, %eax
	popq	%rbx
	.cfi_def_cfa_offset 16
	popq	%rbp
	.cfi_def_cfa_offset 8
	ret
.L13:
	.cfi_restore_state
	movl	12(%rsp), %edx
	xorl	%eax, %eax
	testl	%edx, %edx
	cmovs	%eax, %edx
	jmp	.L4
.L14:
	call	__stack_chk_fail@PLT
	.cfi_endproc
.LFE23:
	.size	main, .-main
	.ident	""GCC: (Ubuntu 11.4.0-1ubuntu1~22.04) 11.4.0""
	.section	.note.GNU-stack,"""",@progbits
	.section	.note.gnu.property,""a""
	.align 8
	.long	1f - 0f
	.long	4f - 1f
	.long	5
0:
	.string	""GNU""
1:
	.align 8
	.long	0xc0000002
	.long	3f - 2f
2:
	.long	0x3
3:
	.align 8
4:
```

Only output the optimized assembly code. Do not include any other text. Do not write any comments in the assembly code. Wrap the assembly code in ```assembly``` tags.
Optimized Assembly Code:
","Given the following C code, your task is to generate highly optimized x86-64 assembly code.
C Code:

```c
#include <stdio.h>
#define max(p,q)((p)>(q)?(p):(q))

int main(){
	int x,a,b,n;
	scanf(""%d%d%d%d"",&x,&a,&b,&n);
	while(n--){
		char s[10];
		scanf("" %s"",s);
		if(s[0]=='n')x+=a;
		if(s[0]=='t')x+=b;
		if(s[0]=='k')x=0;
		x=max(x,0);
	}
	printf(""%d\n"",x);
}
```

Only output the optimized assembly code. Do not include any other text. Do not write any comments in the assembly code. Wrap the assembly code in ```assembly``` tags.
Optimized Assembly Code:
"
89,"```c
#include<stdio.h>

int main()
{
    int R;

    scanf(""%d"",&R);
    int Q;
    int maxi=0;
    int total = 0;
    for(int i=1;i<=R;i++)
    {
        scanf(""%d"",&Q);
        total+=Q;
        if(Q>maxi)
        {
        maxi=Q;
        }
    }
    if(total-maxi>maxi)
        printf(""Yes\n"");
    else
        printf(""No\n"");
    return 0;
}
```","[{""input"": ""4\n3 5 5 1\n"", ""output"": ""Yes\n""}, {""input"": ""10\n1 0 10 5 8 12 34 100 11 3\n"", ""output"": ""No\n""}, {""input"": ""4\n3 3 4 1\n"", ""output"": ""Yes\n""}, {""input"": ""4\n3 5 6 1\n"", ""output"": ""Yes\n""}, {""input"": ""4\n4 3 4 1\n"", ""output"": ""Yes\n""}, {""input"": ""10\n1 0 10 10 8 12 34 100 11 3\n"", ""output"": ""No\n""}, {""input"": ""4\n3 5 0 1\n"", ""output"": ""No\n""}, {""input"": ""4\n4 1 4 1\n"", ""output"": ""Yes\n""}, {""input"": ""10\n1 0 10 10 8 12 34 110 11 3\n"", ""output"": ""No\n""}, {""input"": ""4\n3 5 0 0\n"", ""output"": ""No\n""}, {""input"": ""4\n2 1 4 1\n"", ""output"": ""No\n""}, {""input"": ""10\n1 0 10 10 16 12 34 110 11 3\n"", ""output"": ""No\n""}, {""input"": ""4\n3 6 0 0\n"", ""output"": ""No\n""}, {""input"": ""4\n2 1 5 1\n"", ""output"": ""No\n""}, {""input"": ""10\n1 0 10 10 16 22 34 110 11 3\n"", ""output"": ""No\n""}, {""input"": ""4\n3 6 1 0\n"", ""output"": ""No\n""}, {""input"": ""4\n2 1 2 1\n"", ""output"": ""Yes\n""}, {""input"": ""10\n1 0 10 10 16 17 34 110 11 3\n"", ""output"": ""No\n""}, {""input"": ""4\n3 6 1 -1\n"", ""output"": ""No\n""}, {""input"": ""4\n3 1 2 1\n"", ""output"": ""Yes\n""}, {""input"": ""10\n1 0 10 10 16 17 34 110 6 3\n"", ""output"": ""No\n""}, {""input"": ""4\n6 6 1 0\n"", ""output"": ""Yes\n""}, {""input"": ""4\n3 1 3 1\n"", ""output"": ""Yes\n""}, {""input"": ""10\n1 0 10 10 16 18 34 110 6 3\n"", ""output"": ""No\n""}, {""input"": ""4\n6 1 1 0\n"", ""output"": ""No\n""}, {""input"": ""4\n3 1 3 0\n"", ""output"": ""Yes\n""}, {""input"": ""10\n1 0 1 10 16 18 34 110 6 3\n"", ""output"": ""No\n""}, {""input"": ""4\n10 1 1 0\n"", ""output"": ""No\n""}, {""input"": ""4\n3 1 2 0\n"", ""output"": ""No\n""}, {""input"": ""10\n1 0 1 10 16 14 34 110 6 3\n"", ""output"": ""No\n""}, {""input"": ""4\n7 1 1 0\n"", ""output"": ""No\n""}, {""input"": ""4\n1 1 2 0\n"", ""output"": ""No\n""}, {""input"": ""10\n1 0 1 10 16 14 12 110 6 3\n"", ""output"": ""No\n""}, {""input"": ""4\n6 1 1 -1\n"", ""output"": ""No\n""}, {""input"": ""4\n1 0 2 0\n"", ""output"": ""No\n""}, {""input"": ""10\n1 0 0 10 16 14 12 110 6 3\n"", ""output"": ""No\n""}, {""input"": ""4\n6 2 1 -1\n"", ""output"": ""No\n""}, {""input"": ""4\n1 0 2 -1\n"", ""output"": ""No\n""}, {""input"": ""10\n1 0 0 10 16 14 12 110 6 1\n"", ""output"": ""No\n""}, {""input"": ""4\n5 2 1 -1\n"", ""output"": ""No\n""}, {""input"": ""4\n2 0 2 -1\n"", ""output"": ""No\n""}, {""input"": ""10\n1 0 1 10 16 14 12 110 6 1\n"", ""output"": ""No\n""}, {""input"": ""4\n5 4 1 -1\n"", ""output"": ""No\n""}, {""input"": ""4\n2 0 2 0\n"", ""output"": ""No\n""}, {""input"": ""10\n1 0 1 10 16 14 12 110 1 1\n"", ""output"": ""No\n""}, {""input"": ""4\n0 4 1 -1\n"", ""output"": ""No\n""}, {""input"": ""4\n4 0 2 0\n"", ""output"": ""No\n""}, {""input"": ""10\n1 0 1 10 16 14 12 100 1 1\n"", ""output"": ""No\n""}, {""input"": ""4\n0 1 1 -1\n"", ""output"": ""No\n""}, {""input"": ""4\n4 0 0 0\n"", ""output"": ""No\n""}, {""input"": ""10\n1 0 1 10 0 14 12 100 1 1\n"", ""output"": ""No\n""}, {""input"": ""4\n0 2 1 -1\n"", ""output"": ""No\n""}, {""input"": ""4\n4 -1 0 0\n"", ""output"": ""No\n""}, {""input"": ""10\n1 0 1 10 1 14 12 100 1 1\n"", ""output"": ""No\n""}, {""input"": ""4\n-1 2 1 -1\n"", ""output"": ""No\n""}, {""input"": ""4\n4 -2 0 0\n"", ""output"": ""No\n""}, {""input"": ""10\n1 0 1 5 1 14 12 100 1 1\n"", ""output"": ""No\n""}, {""input"": ""4\n-1 1 1 -1\n"", ""output"": ""No\n""}, {""input"": ""4\n5 -2 0 0\n"", ""output"": ""No\n""}, {""input"": ""10\n1 0 1 5 1 14 12 100 0 1\n"", ""output"": ""No\n""}, {""input"": ""4\n-1 1 2 -1\n"", ""output"": ""No\n""}, {""input"": ""4\n5 -2 -1 0\n"", ""output"": ""No\n""}, {""input"": ""10\n1 0 1 5 2 14 12 100 0 1\n"", ""output"": ""No\n""}, {""input"": ""4\n-2 1 2 -1\n"", ""output"": ""No\n""}, {""input"": ""4\n5 -3 -1 0\n"", ""output"": ""No\n""}, {""input"": ""10\n1 0 1 9 2 14 12 100 0 1\n"", ""output"": ""No\n""}, {""input"": ""4\n-2 0 2 -1\n"", ""output"": ""No\n""}, {""input"": ""4\n5 -5 -1 0\n"", ""output"": ""No\n""}, {""input"": ""10\n1 0 1 9 2 14 12 100 -1 1\n"", ""output"": ""No\n""}, {""input"": ""4\n-4 0 2 -1\n"", ""output"": ""No\n""}, {""input"": ""4\n4 -5 -1 0\n"", ""output"": ""No\n""}, {""input"": ""10\n0 0 1 9 2 14 12 100 -1 1\n"", ""output"": ""No\n""}, {""input"": ""4\n-4 0 4 -1\n"", ""output"": ""No\n""}, {""input"": ""4\n4 -5 -2 0\n"", ""output"": ""No\n""}, {""input"": ""10\n0 0 1 9 2 14 23 100 -1 1\n"", ""output"": ""No\n""}, {""input"": ""4\n-4 0 4 -2\n"", ""output"": ""No\n""}, {""input"": ""4\n8 -5 -2 0\n"", ""output"": ""No\n""}, {""input"": ""10\n0 0 1 9 2 14 22 100 -1 1\n"", ""output"": ""No\n""}, {""input"": ""4\n-4 0 8 -2\n"", ""output"": ""No\n""}, {""input"": ""4\n12 -5 -2 0\n"", ""output"": ""No\n""}, {""input"": ""10\n0 0 1 9 0 14 22 100 -1 1\n"", ""output"": ""No\n""}, {""input"": ""4\n-5 0 8 -2\n"", ""output"": ""No\n""}, {""input"": ""4\n12 -5 -2 -1\n"", ""output"": ""No\n""}, {""input"": ""10\n0 0 1 9 0 14 33 100 -1 1\n"", ""output"": ""No\n""}, {""input"": ""4\n-6 0 8 -2\n"", ""output"": ""No\n""}, {""input"": ""4\n12 -9 -2 -1\n"", ""output"": ""No\n""}, {""input"": ""10\n0 0 1 9 0 14 33 101 -1 1\n"", ""output"": ""No\n""}, {""input"": ""4\n-1 0 8 -2\n"", ""output"": ""No\n""}, {""input"": ""4\n12 -9 -1 -1\n"", ""output"": ""No\n""}, {""input"": ""10\n0 0 1 9 0 14 33 001 -1 1\n"", ""output"": ""No\n""}, {""input"": ""4\n-1 -1 8 -2\n"", ""output"": ""No\n""}, {""input"": ""4\n6 -9 -1 -1\n"", ""output"": ""No\n""}, {""input"": ""10\n0 0 1 10 0 14 33 001 -1 1\n"", ""output"": ""No\n""}, {""input"": ""4\n-1 -1 9 -2\n"", ""output"": ""No\n""}, {""input"": ""4\n6 -9 -1 0\n"", ""output"": ""No\n""}, {""input"": ""10\n0 0 1 10 0 14 33 001 -1 0\n"", ""output"": ""No\n""}, {""input"": ""4\n-1 -2 9 -2\n"", ""output"": ""No\n""}, {""input"": ""4\n3 -9 -1 0\n"", ""output"": ""No\n""}, {""input"": ""10\n0 0 1 10 1 14 33 001 -1 0\n"", ""output"": ""No\n""}, {""input"": ""4\n-1 -2 9 -4\n"", ""output"": ""No\n""}, {""input"": ""4\n3 8 5 1\n"", ""output"": ""Yes\n""}, {""input"": ""4\n3 8 5 1\n"", ""output"": ""Yes\n""}, {""input"": ""10\n1 8 10 5 8 12 34 100 11 3\n"", ""output"": ""No\n""}, {""input"": ""4\n3 8 4 1\n"", ""output"": ""No\n""}]","Given the following C code and assembly code, your task is to generate highly optimized x86-64 assembly code.
C Code:

```c
#include<stdio.h>

int main()
{
    int R;

    scanf(""%d"",&R);
    int Q;
    int maxi=0;
    int total = 0;
    for(int i=1;i<=R;i++)
    {
        scanf(""%d"",&Q);
        total+=Q;
        if(Q>maxi)
        {
        maxi=Q;
        }
    }
    if(total-maxi>maxi)
        printf(""Yes\n"");
    else
        printf(""No\n"");
    return 0;
}
```

Assembly Code:

```assembly
	.file	""temp.c""
	.text
	.section	.rodata.str1.1,""aMS"",@progbits,1
.LC0:
	.string	""%d""
.LC1:
	.string	""Yes""
.LC2:
	.string	""No""
	.section	.text.startup,""ax"",@progbits
	.p2align 4
	.globl	main
	.type	main, @function
main:
.LFB23:
	.cfi_startproc
	endbr64
	pushq	%r14
	.cfi_def_cfa_offset 16
	.cfi_offset 14, -16
	pushq	%r13
	.cfi_def_cfa_offset 24
	.cfi_offset 13, -24
	leaq	.LC0(%rip), %r13
	pushq	%r12
	.cfi_def_cfa_offset 32
	.cfi_offset 12, -32
	movq	%r13, %rdi
	pushq	%rbp
	.cfi_def_cfa_offset 40
	.cfi_offset 6, -40
	pushq	%rbx
	.cfi_def_cfa_offset 48
	.cfi_offset 3, -48
	subq	$16, %rsp
	.cfi_def_cfa_offset 64
	movq	%fs:40, %rax
	movq	%rax, 8(%rsp)
	xorl	%eax, %eax
	movq	%rsp, %rsi
	call	__isoc99_scanf@PLT
	movl	(%rsp), %eax
	testl	%eax, %eax
	jle	.L2
	movl	$1, %ebp
	xorl	%r12d, %r12d
	leaq	4(%rsp), %r14
	xorl	%ebx, %ebx
	.p2align 4,,10
	.p2align 3
.L3:
	xorl	%eax, %eax
	movq	%r14, %rsi
	movq	%r13, %rdi
	call	__isoc99_scanf@PLT
	movl	4(%rsp), %eax
	addl	%eax, %r12d
	cmpl	%eax, %ebx
	cmovl	%eax, %ebx
	addl	$1, %ebp
	cmpl	%ebp, (%rsp)
	jge	.L3
	subl	%ebx, %r12d
	cmpl	%ebx, %r12d
	jle	.L2
	leaq	.LC1(%rip), %rdi
	call	puts@PLT
.L4:
	movq	8(%rsp), %rax
	subq	%fs:40, %rax
	jne	.L9
	addq	$16, %rsp
	.cfi_remember_state
	.cfi_def_cfa_offset 48
	xorl	%eax, %eax
	popq	%rbx
	.cfi_def_cfa_offset 40
	popq	%rbp
	.cfi_def_cfa_offset 32
	popq	%r12
	.cfi_def_cfa_offset 24
	popq	%r13
	.cfi_def_cfa_offset 16
	popq	%r14
	.cfi_def_cfa_offset 8
	ret
.L2:
	.cfi_restore_state
	leaq	.LC2(%rip), %rdi
	call	puts@PLT
	jmp	.L4
.L9:
	call	__stack_chk_fail@PLT
	.cfi_endproc
.LFE23:
	.size	main, .-main
	.ident	""GCC: (Ubuntu 11.4.0-1ubuntu1~22.04) 11.4.0""
	.section	.note.GNU-stack,"""",@progbits
	.section	.note.gnu.property,""a""
	.align 8
	.long	1f - 0f
	.long	4f - 1f
	.long	5
0:
	.string	""GNU""
1:
	.align 8
	.long	0xc0000002
	.long	3f - 2f
2:
	.long	0x3
3:
	.align 8
4:
```

Only output the optimized assembly code. Do not include any other text. Do not write any comments in the assembly code. Wrap the assembly code in ```assembly``` tags.
Optimized Assembly Code:
","Given the following C code, your task is to generate highly optimized x86-64 assembly code.
C Code:

```c
#include<stdio.h>

int main()
{
    int R;

    scanf(""%d"",&R);
    int Q;
    int maxi=0;
    int total = 0;
    for(int i=1;i<=R;i++)
    {
        scanf(""%d"",&Q);
        total+=Q;
        if(Q>maxi)
        {
        maxi=Q;
        }
    }
    if(total-maxi>maxi)
        printf(""Yes\n"");
    else
        printf(""No\n"");
    return 0;
}
```

Only output the optimized assembly code. Do not include any other text. Do not write any comments in the assembly code. Wrap the assembly code in ```assembly``` tags.
Optimized Assembly Code:
"
90,"```c
#include <stdio.h>

int main(void) {
	// your code goes here
	int a,b,c;
	scanf(""%d %d %d"",&a,&b,&c);
	if(a <= c && b >= c){
		printf(""Yes"");
	}
	else{
		printf(""No"");
	}
	return 0;
}
```","[{""input"": ""7 5 4\n"", ""output"": ""No""}, {""input"": ""-1 2 -1\n"", ""output"": ""Yes""}, {""input"": ""2 0 2\n"", ""output"": ""No""}, {""input"": ""1 0 2\n"", ""output"": ""No""}, {""input"": ""7 5 3\n"", ""output"": ""No""}, {""input"": ""2 -1 2\n"", ""output"": ""No""}, {""input"": ""1 1 2\n"", ""output"": ""No""}, {""input"": ""7 3 3\n"", ""output"": ""No""}, {""input"": ""2 -1 0\n"", ""output"": ""No""}, {""input"": ""1 1 0\n"", ""output"": ""No""}, {""input"": ""7 1 3\n"", ""output"": ""No""}, {""input"": ""2 0 0\n"", ""output"": ""No""}, {""input"": ""2 1 0\n"", ""output"": ""No""}, {""input"": ""7 1 4\n"", ""output"": ""No""}, {""input"": ""2 1 -1\n"", ""output"": ""No""}, {""input"": ""2 0 1\n"", ""output"": ""No""}, {""input"": ""7 0 4\n"", ""output"": ""No""}, {""input"": ""2 2 -1\n"", ""output"": ""No""}, {""input"": ""2 1 2\n"", ""output"": ""No""}, {""input"": ""7 -1 4\n"", ""output"": ""No""}, {""input"": ""2 2 -2\n"", ""output"": ""No""}, {""input"": ""4 1 2\n"", ""output"": ""No""}, {""input"": ""7 -1 1\n"", ""output"": ""No""}, {""input"": ""1 2 -2\n"", ""output"": ""No""}, {""input"": ""4 0 2\n"", ""output"": ""No""}, {""input"": ""7 0 1\n"", ""output"": ""No""}, {""input"": ""1 2 -1\n"", ""output"": ""No""}, {""input"": ""4 0 1\n"", ""output"": ""No""}, {""input"": ""7 0 0\n"", ""output"": ""No""}, {""input"": ""0 2 -1\n"", ""output"": ""No""}, {""input"": ""4 1 1\n"", ""output"": ""No""}, {""input"": ""5 0 1\n"", ""output"": ""No""}, {""input"": ""3 0 2\n"", ""output"": ""No""}, {""input"": ""5 0 2\n"", ""output"": ""No""}, {""input"": ""-1 2 -2\n"", ""output"": ""No""}, {""input"": ""3 0 0\n"", ""output"": ""No""}, {""input"": ""5 0 0\n"", ""output"": ""No""}, {""input"": ""-1 0 -2\n"", ""output"": ""No""}, {""input"": ""3 1 0\n"", ""output"": ""No""}, {""input"": ""5 1 0\n"", ""output"": ""No""}, {""input"": ""-1 0 -3\n"", ""output"": ""No""}, {""input"": ""3 2 0\n"", ""output"": ""No""}, {""input"": ""5 -1 0\n"", ""output"": ""No""}, {""input"": ""-2 0 -3\n"", ""output"": ""No""}, {""input"": ""3 3 0\n"", ""output"": ""No""}, {""input"": ""5 -1 -1\n"", ""output"": ""No""}, {""input"": ""-3 0 -3\n"", ""output"": ""Yes""}, {""input"": ""3 3 -1\n"", ""output"": ""No""}, {""input"": ""9 0 0\n"", ""output"": ""No""}, {""input"": ""-5 0 -3\n"", ""output"": ""Yes""}, {""input"": ""6 3 0\n"", ""output"": ""No""}, {""input"": ""9 0 -1\n"", ""output"": ""No""}, {""input"": ""-2 1 -3\n"", ""output"": ""No""}, {""input"": ""9 3 0\n"", ""output"": ""No""}, {""input"": ""9 1 -1\n"", ""output"": ""No""}, {""input"": ""-2 2 -3\n"", ""output"": ""No""}, {""input"": ""9 3 1\n"", ""output"": ""No""}, {""input"": ""9 1 0\n"", ""output"": ""No""}, {""input"": ""-4 2 -3\n"", ""output"": ""Yes""}, {""input"": ""7 3 1\n"", ""output"": ""No""}, {""input"": ""15 1 -1\n"", ""output"": ""No""}, {""input"": ""0 2 -3\n"", ""output"": ""No""}, {""input"": ""0 3 1\n"", ""output"": ""Yes""}, {""input"": ""22 1 -1\n"", ""output"": ""No""}, {""input"": ""0 2 -6\n"", ""output"": ""No""}, {""input"": ""0 1 1\n"", ""output"": ""Yes""}, {""input"": ""37 1 -1\n"", ""output"": ""No""}, {""input"": ""0 2 -7\n"", ""output"": ""No""}, {""input"": ""0 0 1\n"", ""output"": ""No""}, {""input"": ""26 1 -1\n"", ""output"": ""No""}, {""input"": ""0 2 -9\n"", ""output"": ""No""}, {""input"": ""0 0 0\n"", ""output"": ""Yes""}, {""input"": ""26 2 -1\n"", ""output"": ""No""}, {""input"": ""0 2 -4\n"", ""output"": ""No""}, {""input"": ""0 0 -1\n"", ""output"": ""No""}, {""input"": ""11 2 -1\n"", ""output"": ""No""}, {""input"": ""0 4 -1\n"", ""output"": ""No""}, {""input"": ""1 0 -1\n"", ""output"": ""No""}, {""input"": ""11 2 0\n"", ""output"": ""No""}, {""input"": ""-1 4 -1\n"", ""output"": ""Yes""}, {""input"": ""1 1 -1\n"", ""output"": ""No""}, {""input"": ""11 1 0\n"", ""output"": ""No""}, {""input"": ""-1 8 -1\n"", ""output"": ""Yes""}, {""input"": ""0 1 -1\n"", ""output"": ""No""}, {""input"": ""11 1 1\n"", ""output"": ""No""}, {""input"": ""-1 3 -1\n"", ""output"": ""Yes""}, {""input"": ""0 1 -2\n"", ""output"": ""No""}, {""input"": ""5 2 0\n"", ""output"": ""No""}, {""input"": ""-1 3 0\n"", ""output"": ""Yes""}, {""input"": ""-1 1 -2\n"", ""output"": ""No""}, {""input"": ""5 3 0\n"", ""output"": ""No""}, {""input"": ""0 3 0\n"", ""output"": ""Yes""}, {""input"": ""-1 0 0\n"", ""output"": ""Yes""}, {""input"": ""8 3 0\n"", ""output"": ""No""}, {""input"": ""-2 3 -1\n"", ""output"": ""Yes""}, {""input"": ""-1 1 0\n"", ""output"": ""Yes""}, {""input"": ""2 3 0\n"", ""output"": ""No""}, {""input"": ""-3 3 -1\n"", ""output"": ""Yes""}, {""input"": ""-2 1 0\n"", ""output"": ""Yes""}, {""input"": ""3 5 0\n"", ""output"": ""No""}, {""input"": ""6 5 4\n"", ""output"": ""No""}, {""input"": ""1 3 2\n"", ""output"": ""Yes""}, {""input"": ""1 3 2\n"", ""output"": ""Yes""}, {""input"": ""2 2 2\n"", ""output"": ""Yes""}]","Given the following C code and assembly code, your task is to generate highly optimized x86-64 assembly code.
C Code:

```c
#include <stdio.h>

int main(void) {
	// your code goes here
	int a,b,c;
	scanf(""%d %d %d"",&a,&b,&c);
	if(a <= c && b >= c){
		printf(""Yes"");
	}
	else{
		printf(""No"");
	}
	return 0;
}
```

Assembly Code:

```assembly
	.file	""temp.c""
	.text
	.section	.rodata.str1.1,""aMS"",@progbits,1
.LC0:
	.string	""%d %d %d""
.LC1:
	.string	""Yes""
.LC2:
	.string	""No""
	.section	.text.startup,""ax"",@progbits
	.p2align 4
	.globl	main
	.type	main, @function
main:
.LFB23:
	.cfi_startproc
	endbr64
	subq	$40, %rsp
	.cfi_def_cfa_offset 48
	leaq	.LC0(%rip), %rdi
	movq	%fs:40, %rax
	movq	%rax, 24(%rsp)
	xorl	%eax, %eax
	leaq	20(%rsp), %rcx
	leaq	16(%rsp), %rdx
	leaq	12(%rsp), %rsi
	call	__isoc99_scanf@PLT
	movl	20(%rsp), %eax
	cmpl	%eax, 12(%rsp)
	jg	.L2
	cmpl	16(%rsp), %eax
	jle	.L7
.L2:
	leaq	.LC2(%rip), %rsi
	movl	$1, %edi
	xorl	%eax, %eax
	call	__printf_chk@PLT
.L3:
	movq	24(%rsp), %rax
	subq	%fs:40, %rax
	jne	.L8
	xorl	%eax, %eax
	addq	$40, %rsp
	.cfi_remember_state
	.cfi_def_cfa_offset 8
	ret
.L7:
	.cfi_restore_state
	leaq	.LC1(%rip), %rsi
	movl	$1, %edi
	xorl	%eax, %eax
	call	__printf_chk@PLT
	jmp	.L3
.L8:
	call	__stack_chk_fail@PLT
	.cfi_endproc
.LFE23:
	.size	main, .-main
	.ident	""GCC: (Ubuntu 11.4.0-1ubuntu1~22.04) 11.4.0""
	.section	.note.GNU-stack,"""",@progbits
	.section	.note.gnu.property,""a""
	.align 8
	.long	1f - 0f
	.long	4f - 1f
	.long	5
0:
	.string	""GNU""
1:
	.align 8
	.long	0xc0000002
	.long	3f - 2f
2:
	.long	0x3
3:
	.align 8
4:
```

Only output the optimized assembly code. Do not include any other text. Do not write any comments in the assembly code. Wrap the assembly code in ```assembly``` tags.
Optimized Assembly Code:
","Given the following C code, your task is to generate highly optimized x86-64 assembly code.
C Code:

```c
#include <stdio.h>

int main(void) {
	// your code goes here
	int a,b,c;
	scanf(""%d %d %d"",&a,&b,&c);
	if(a <= c && b >= c){
		printf(""Yes"");
	}
	else{
		printf(""No"");
	}
	return 0;
}
```

Only output the optimized assembly code. Do not include any other text. Do not write any comments in the assembly code. Wrap the assembly code in ```assembly``` tags.
Optimized Assembly Code:
"
91,"```c
#include<stdio.h>
int main(void)
{
	int a, b, c, d, e, f, g,h,hi,ke;
	scanf(""%d %d"", &a, &b);
	scanf(""%d %d"", &c, &d);
	scanf(""%d %d %d %d"", &e, &f, &g, &h);
	hi = a*e + b*f + a / 10 * g + b / 20 * h;
	ke = c*e + d*f + c / 10 * g + d / 20 * h;
	if (hi == ke)
	{
		printf(""even\n"");
	}
	else if(hi > ke)
	{
		printf(""hiroshi\n"");
	}
	else
	{
		printf(""kenjiro\n"");
	}
	return 0;
}```","[{""input"": ""9 1\n3 1\n1 2 5 5\n"", ""output"": ""hiroshi\n""}, {""input"": ""0 20\n10 0\n2 1 10 0\n"", ""output"": ""kenjiro\n""}, {""input"": ""5 0\n4 1\n0 0 6 -1\n"", ""output"": ""even\n""}, {""input"": ""5 1\n4 1\n1 2 5 5\n"", ""output"": ""hiroshi\n""}, {""input"": ""9 1\n3 1\n1 2 5 3\n"", ""output"": ""hiroshi\n""}, {""input"": ""0 13\n10 0\n2 1 10 0\n"", ""output"": ""kenjiro\n""}, {""input"": ""5 1\n4 1\n1 2 5 1\n"", ""output"": ""hiroshi\n""}, {""input"": ""9 2\n3 1\n1 2 5 3\n"", ""output"": ""hiroshi\n""}, {""input"": ""0 9\n10 0\n2 1 10 0\n"", ""output"": ""kenjiro\n""}, {""input"": ""5 1\n4 1\n1 2 5 0\n"", ""output"": ""hiroshi\n""}, {""input"": ""9 2\n2 1\n1 2 5 3\n"", ""output"": ""hiroshi\n""}, {""input"": ""0 11\n10 0\n2 1 10 0\n"", ""output"": ""kenjiro\n""}, {""input"": ""5 1\n4 1\n1 0 5 0\n"", ""output"": ""hiroshi\n""}, {""input"": ""9 2\n2 1\n0 2 5 3\n"", ""output"": ""hiroshi\n""}, {""input"": ""0 11\n10 0\n2 1 14 0\n"", ""output"": ""kenjiro\n""}, {""input"": ""5 1\n4 1\n1 0 5 -1\n"", ""output"": ""hiroshi\n""}, {""input"": ""9 2\n3 1\n0 2 5 3\n"", ""output"": ""hiroshi\n""}, {""input"": ""0 11\n10 0\n1 1 14 0\n"", ""output"": ""kenjiro\n""}, {""input"": ""5 1\n4 1\n1 0 6 -1\n"", ""output"": ""hiroshi\n""}, {""input"": ""9 2\n3 1\n0 3 5 3\n"", ""output"": ""hiroshi\n""}, {""input"": ""0 11\n10 0\n1 1 26 0\n"", ""output"": ""kenjiro\n""}, {""input"": ""5 0\n4 1\n1 0 6 -1\n"", ""output"": ""hiroshi\n""}, {""input"": ""9 3\n3 1\n0 3 5 3\n"", ""output"": ""hiroshi\n""}, {""input"": ""0 11\n10 0\n1 1 41 0\n"", ""output"": ""kenjiro\n""}, {""input"": ""11 3\n3 1\n0 3 5 3\n"", ""output"": ""hiroshi\n""}, {""input"": ""0 11\n10 0\n0 1 41 0\n"", ""output"": ""kenjiro\n""}, {""input"": ""5 0\n2 1\n0 0 6 -1\n"", ""output"": ""even\n""}, {""input"": ""11 3\n3 1\n-1 3 5 3\n"", ""output"": ""hiroshi\n""}, {""input"": ""0 11\n10 0\n-1 1 41 0\n"", ""output"": ""kenjiro\n""}, {""input"": ""5 0\n2 1\n0 0 6 0\n"", ""output"": ""even\n""}, {""input"": ""11 3\n3 2\n-1 3 5 3\n"", ""output"": ""even\n""}, {""input"": ""0 11\n10 0\n-1 2 41 0\n"", ""output"": ""kenjiro\n""}, {""input"": ""5 0\n2 1\n0 -1 6 0\n"", ""output"": ""hiroshi\n""}, {""input"": ""11 3\n1 2\n-1 3 5 3\n"", ""output"": ""kenjiro\n""}, {""input"": ""0 10\n10 0\n-1 2 41 0\n"", ""output"": ""kenjiro\n""}, {""input"": ""5 0\n2 2\n0 -1 6 0\n"", ""output"": ""hiroshi\n""}, {""input"": ""11 3\n1 2\n-1 3 5 0\n"", ""output"": ""kenjiro\n""}, {""input"": ""0 10\n10 1\n-1 2 41 0\n"", ""output"": ""kenjiro\n""}, {""input"": ""2 0\n2 2\n0 -1 6 0\n"", ""output"": ""hiroshi\n""}, {""input"": ""11 3\n0 2\n-1 3 5 0\n"", ""output"": ""kenjiro\n""}, {""input"": ""0 2\n10 1\n-1 2 41 0\n"", ""output"": ""kenjiro\n""}, {""input"": ""4 0\n2 2\n0 -1 6 0\n"", ""output"": ""hiroshi\n""}, {""input"": ""11 3\n0 0\n-1 3 5 0\n"", ""output"": ""hiroshi\n""}, {""input"": ""0 2\n10 2\n-1 2 41 0\n"", ""output"": ""kenjiro\n""}, {""input"": ""4 0\n2 0\n0 -1 6 0\n"", ""output"": ""even\n""}, {""input"": ""9 3\n0 0\n-1 3 5 0\n"", ""output"": ""even\n""}, {""input"": ""0 2\n10 2\n-2 2 41 0\n"", ""output"": ""kenjiro\n""}, {""input"": ""5 0\n2 0\n0 -1 6 0\n"", ""output"": ""even\n""}, {""input"": ""0 1\n10 2\n-2 2 41 0\n"", ""output"": ""kenjiro\n""}, {""input"": ""6 0\n2 0\n0 -1 6 0\n"", ""output"": ""even\n""}, {""input"": ""0 1\n10 2\n-2 0 41 0\n"", ""output"": ""kenjiro\n""}, {""input"": ""3 0\n2 0\n0 -1 6 0\n"", ""output"": ""even\n""}, {""input"": ""0 1\n10 2\n-2 1 41 0\n"", ""output"": ""kenjiro\n""}, {""input"": ""3 0\n2 0\n1 -1 6 0\n"", ""output"": ""hiroshi\n""}, {""input"": ""1 1\n10 2\n-2 1 41 0\n"", ""output"": ""kenjiro\n""}, {""input"": ""1 0\n2 0\n1 -1 6 0\n"", ""output"": ""kenjiro\n""}, {""input"": ""2 1\n10 2\n-2 1 41 0\n"", ""output"": ""kenjiro\n""}, {""input"": ""0 0\n2 0\n1 -1 6 0\n"", ""output"": ""kenjiro\n""}, {""input"": ""2 1\n10 2\n-2 1 39 0\n"", ""output"": ""kenjiro\n""}, {""input"": ""0 0\n2 -1\n1 -1 6 0\n"", ""output"": ""kenjiro\n""}, {""input"": ""2 1\n10 2\n-2 1 71 0\n"", ""output"": ""kenjiro\n""}, {""input"": ""1 0\n2 -1\n1 -1 6 0\n"", ""output"": ""kenjiro\n""}, {""input"": ""2 1\n10 4\n-2 1 71 0\n"", ""output"": ""kenjiro\n""}, {""input"": ""1 0\n2 -1\n1 0 6 0\n"", ""output"": ""kenjiro\n""}, {""input"": ""2 1\n10 4\n-1 1 71 0\n"", ""output"": ""kenjiro\n""}, {""input"": ""1 0\n4 -1\n1 0 6 0\n"", ""output"": ""kenjiro\n""}, {""input"": ""2 1\n10 4\n-1 1 16 0\n"", ""output"": ""kenjiro\n""}, {""input"": ""2 0\n4 -1\n1 0 6 0\n"", ""output"": ""kenjiro\n""}, {""input"": ""2 1\n10 4\n-1 1 24 0\n"", ""output"": ""kenjiro\n""}, {""input"": ""2 0\n4 -1\n1 0 6 1\n"", ""output"": ""kenjiro\n""}, {""input"": ""2 1\n19 4\n-1 1 24 0\n"", ""output"": ""kenjiro\n""}, {""input"": ""2 0\n4 0\n1 0 6 1\n"", ""output"": ""kenjiro\n""}, {""input"": ""2 1\n19 4\n-1 1 24 -1\n"", ""output"": ""kenjiro\n""}, {""input"": ""2 0\n4 0\n0 0 6 1\n"", ""output"": ""even\n""}, {""input"": ""2 1\n19 4\n-1 1 24 -2\n"", ""output"": ""kenjiro\n""}, {""input"": ""2 0\n1 0\n0 0 6 1\n"", ""output"": ""even\n""}, {""input"": ""2 1\n19 4\n-1 0 24 -2\n"", ""output"": ""kenjiro\n""}, {""input"": ""2 0\n0 0\n0 0 6 1\n"", ""output"": ""even\n""}, {""input"": ""2 1\n11 4\n-1 0 24 -2\n"", ""output"": ""kenjiro\n""}, {""input"": ""2 0\n1 1\n0 0 6 1\n"", ""output"": ""even\n""}, {""input"": ""2 1\n11 1\n-1 0 24 -2\n"", ""output"": ""kenjiro\n""}, {""input"": ""2 0\n1 2\n0 0 6 1\n"", ""output"": ""even\n""}, {""input"": ""2 1\n13 1\n-1 0 24 -2\n"", ""output"": ""kenjiro\n""}, {""input"": ""2 0\n1 2\n0 1 6 1\n"", ""output"": ""kenjiro\n""}, {""input"": ""2 1\n13 1\n-1 0 24 -4\n"", ""output"": ""kenjiro\n""}, {""input"": ""4 0\n1 2\n0 1 6 1\n"", ""output"": ""kenjiro\n""}, {""input"": ""2 1\n7 1\n-1 0 24 -4\n"", ""output"": ""hiroshi\n""}, {""input"": ""4 1\n1 2\n0 1 6 1\n"", ""output"": ""kenjiro\n""}, {""input"": ""2 1\n7 1\n0 0 24 -4\n"", ""output"": ""even\n""}, {""input"": ""4 1\n1 2\n1 1 6 1\n"", ""output"": ""hiroshi\n""}, {""input"": ""0 1\n7 1\n0 0 24 -4\n"", ""output"": ""even\n""}, {""input"": ""4 1\n1 2\n1 1 6 2\n"", ""output"": ""hiroshi\n""}, {""input"": ""0 1\n7 1\n0 0 24 -2\n"", ""output"": ""even\n""}, {""input"": ""4 1\n2 2\n1 1 6 2\n"", ""output"": ""hiroshi\n""}, {""input"": ""0 1\n7 1\n0 0 20 -2\n"", ""output"": ""even\n""}, {""input"": ""4 1\n2 0\n1 1 6 2\n"", ""output"": ""hiroshi\n""}, {""input"": ""0 1\n7 1\n0 0 0 -2\n"", ""output"": ""even\n""}, {""input"": ""8 1\n2 0\n1 1 6 2\n"", ""output"": ""hiroshi\n""}, {""input"": ""0 1\n7 2\n0 0 0 -2\n"", ""output"": ""even\n""}, {""input"": ""8 1\n2 0\n1 1 9 2\n"", ""output"": ""hiroshi\n""}, {""input"": ""5 1\n3 1\n1 2 5 5\n"", ""output"": ""hiroshi\n""}, {""input"": ""5 1\n3 1\n1 2 5 5\n"", ""output"": ""hiroshi\n""}, {""input"": ""5 1\n4 2\n1 2 5 5\n"", ""output"": ""kenjiro\n""}, {""input"": ""0 20\n10 0\n1 1 10 0\n"", ""output"": ""even\n""}]","Given the following C code and assembly code, your task is to generate highly optimized x86-64 assembly code.
C Code:

```c
#include<stdio.h>
int main(void)
{
	int a, b, c, d, e, f, g,h,hi,ke;
	scanf(""%d %d"", &a, &b);
	scanf(""%d %d"", &c, &d);
	scanf(""%d %d %d %d"", &e, &f, &g, &h);
	hi = a*e + b*f + a / 10 * g + b / 20 * h;
	ke = c*e + d*f + c / 10 * g + d / 20 * h;
	if (hi == ke)
	{
		printf(""even\n"");
	}
	else if(hi > ke)
	{
		printf(""hiroshi\n"");
	}
	else
	{
		printf(""kenjiro\n"");
	}
	return 0;
}```

Assembly Code:

```assembly
	.file	""temp.c""
	.text
	.section	.rodata.str1.1,""aMS"",@progbits,1
.LC0:
	.string	""%d %d""
.LC1:
	.string	""%d %d %d %d""
.LC2:
	.string	""even""
.LC3:
	.string	""hiroshi""
.LC4:
	.string	""kenjiro""
	.section	.text.startup,""ax"",@progbits
	.p2align 4
	.globl	main
	.type	main, @function
main:
.LFB23:
	.cfi_startproc
	endbr64
	pushq	%rbp
	.cfi_def_cfa_offset 16
	.cfi_offset 6, -16
	leaq	.LC0(%rip), %rbp
	movq	%rbp, %rdi
	subq	$48, %rsp
	.cfi_def_cfa_offset 64
	movq	%fs:40, %rax
	movq	%rax, 40(%rsp)
	xorl	%eax, %eax
	leaq	12(%rsp), %rdx
	leaq	8(%rsp), %rsi
	call	__isoc99_scanf@PLT
	leaq	20(%rsp), %rdx
	movq	%rbp, %rdi
	xorl	%eax, %eax
	leaq	16(%rsp), %rsi
	call	__isoc99_scanf@PLT
	leaq	32(%rsp), %rcx
	leaq	28(%rsp), %rdx
	xorl	%eax, %eax
	leaq	24(%rsp), %rsi
	leaq	36(%rsp), %r8
	leaq	.LC1(%rip), %rdi
	call	__isoc99_scanf@PLT
	movl	8(%rsp), %r10d
	movl	12(%rsp), %edi
	movl	24(%rsp), %eax
	movl	28(%rsp), %r9d
	movl	%r10d, %ecx
	movl	%edi, %edx
	movl	32(%rsp), %r8d
	movl	36(%rsp), %esi
	imull	%r9d, %edx
	imull	%eax, %ecx
	addl	%edx, %ecx
	movslq	%r10d, %rdx
	sarl	$31, %r10d
	imulq	$1717986919, %rdx, %rdx
	sarq	$34, %rdx
	subl	%r10d, %edx
	imull	%r8d, %edx
	addl	%edx, %ecx
	movslq	%edi, %rdx
	sarl	$31, %edi
	imulq	$1717986919, %rdx, %rdx
	sarq	$35, %rdx
	subl	%edi, %edx
	movl	20(%rsp), %edi
	imull	%esi, %edx
	imull	%edi, %r9d
	addl	%edx, %ecx
	movslq	16(%rsp), %rdx
	imull	%edx, %eax
	movq	%rdx, %r10
	imulq	$1717986919, %rdx, %rdx
	sarl	$31, %r10d
	addl	%r9d, %eax
	sarq	$34, %rdx
	subl	%r10d, %edx
	imull	%r8d, %edx
	addl	%edx, %eax
	movslq	%edi, %rdx
	imulq	$1717986919, %rdx, %rdx
	sarq	$35, %rdx
	sarl	$31, %edi
	subl	%edi, %edx
	imull	%esi, %edx
	addl	%edx, %eax
	cmpl	%eax, %ecx
	je	.L8
	jg	.L9
	leaq	.LC4(%rip), %rdi
	call	puts@PLT
.L3:
	movq	40(%rsp), %rax
	subq	%fs:40, %rax
	jne	.L10
	addq	$48, %rsp
	.cfi_remember_state
	.cfi_def_cfa_offset 16
	xorl	%eax, %eax
	popq	%rbp
	.cfi_def_cfa_offset 8
	ret
.L9:
	.cfi_restore_state
	leaq	.LC3(%rip), %rdi
	call	puts@PLT
	jmp	.L3
.L8:
	leaq	.LC2(%rip), %rdi
	call	puts@PLT
	jmp	.L3
.L10:
	call	__stack_chk_fail@PLT
	.cfi_endproc
.LFE23:
	.size	main, .-main
	.ident	""GCC: (Ubuntu 11.4.0-1ubuntu1~22.04) 11.4.0""
	.section	.note.GNU-stack,"""",@progbits
	.section	.note.gnu.property,""a""
	.align 8
	.long	1f - 0f
	.long	4f - 1f
	.long	5
0:
	.string	""GNU""
1:
	.align 8
	.long	0xc0000002
	.long	3f - 2f
2:
	.long	0x3
3:
	.align 8
4:
```

Only output the optimized assembly code. Do not include any other text. Do not write any comments in the assembly code. Wrap the assembly code in ```assembly``` tags.
Optimized Assembly Code:
","Given the following C code, your task is to generate highly optimized x86-64 assembly code.
C Code:

```c
#include<stdio.h>
int main(void)
{
	int a, b, c, d, e, f, g,h,hi,ke;
	scanf(""%d %d"", &a, &b);
	scanf(""%d %d"", &c, &d);
	scanf(""%d %d %d %d"", &e, &f, &g, &h);
	hi = a*e + b*f + a / 10 * g + b / 20 * h;
	ke = c*e + d*f + c / 10 * g + d / 20 * h;
	if (hi == ke)
	{
		printf(""even\n"");
	}
	else if(hi > ke)
	{
		printf(""hiroshi\n"");
	}
	else
	{
		printf(""kenjiro\n"");
	}
	return 0;
}```

Only output the optimized assembly code. Do not include any other text. Do not write any comments in the assembly code. Wrap the assembly code in ```assembly``` tags.
Optimized Assembly Code:
"
92,"```c
#include<stdio.h>
#include<stdlib.h>
int lis(int size, int *A, int *L);
int main(void)
{
  int i, n, *a, *l;
  scanf(""%d"", &n);
  a = (int*)malloc(sizeof(int) * n);
  l = (int*)malloc(sizeof(int) * n);
  for (i = 0; i < n; i++) scanf(""%d"", &a[i]);
  printf(""%d\n"", lis(n, a, l));
  free(a);
  free(l);
}
int lis(int size, int *A, int *L)
{
  int i, length = 1;
  L[0] = A[0];
  for (i = 0; i < size; i++) {
    if (L[length-1] < A[i]) L[length++] = A[i];
    else {
      int lo = 0, hi = length - 1;
      while (lo <= hi) {
        int mid = (lo + hi) / 2;
        if (A[i] <= L[mid]) hi = mid - 1;
        else lo = mid + 1;
      }
      L[lo] = A[i];
    }
  }
  return length;
}
```","[{""input"": ""5\n5\n1\n3\n2\n6\n"", ""output"": ""3\n""}, {""input"": ""3\n1\n1\n2\n"", ""output"": ""2\n""}, {""input"": ""3\n1\n1\n0\n"", ""output"": ""1\n""}, {""input"": ""5\n0\n2\n1\n2\n11\n"", ""output"": ""4\n""}, {""input"": ""5\n5\n1\n3\n1\n6\n"", ""output"": ""3\n""}, {""input"": ""3\n0\n1\n2\n"", ""output"": ""3\n""}, {""input"": ""5\n5\n1\n2\n1\n6\n"", ""output"": ""3\n""}, {""input"": ""3\n0\n2\n2\n"", ""output"": ""2\n""}, {""input"": ""5\n5\n1\n2\n0\n6\n"", ""output"": ""3\n""}, {""input"": ""5\n5\n1\n2\n-1\n6\n"", ""output"": ""3\n""}, {""input"": ""5\n5\n1\n2\n-1\n10\n"", ""output"": ""3\n""}, {""input"": ""5\n5\n1\n0\n-1\n10\n"", ""output"": ""2\n""}, {""input"": ""5\n5\n1\n0\n0\n10\n"", ""output"": ""2\n""}, {""input"": ""5\n5\n1\n0\n-1\n11\n"", ""output"": ""2\n""}, {""input"": ""5\n5\n1\n0\n0\n11\n"", ""output"": ""2\n""}, {""input"": ""5\n5\n1\n1\n0\n11\n"", ""output"": ""2\n""}, {""input"": ""5\n5\n2\n1\n0\n11\n"", ""output"": ""2\n""}, {""input"": ""5\n8\n2\n1\n0\n11\n"", ""output"": ""2\n""}, {""input"": ""5\n8\n1\n1\n0\n11\n"", ""output"": ""2\n""}, {""input"": ""5\n8\n1\n0\n0\n11\n"", ""output"": ""2\n""}, {""input"": ""5\n2\n1\n0\n0\n11\n"", ""output"": ""2\n""}, {""input"": ""5\n2\n1\n0\n1\n11\n"", ""output"": ""3\n""}, {""input"": ""5\n5\n1\n0\n2\n4\n"", ""output"": ""3\n""}, {""input"": ""3\n1\n2\n1\n"", ""output"": ""2\n""}, {""input"": ""5\n5\n1\n3\n2\n8\n"", ""output"": ""3\n""}, {""input"": ""5\n5\n1\n1\n1\n6\n"", ""output"": ""2\n""}, {""input"": ""3\n0\n1\n3\n"", ""output"": ""3\n""}, {""input"": ""5\n5\n1\n4\n0\n6\n"", ""output"": ""3\n""}, {""input"": ""3\n0\n3\n2\n"", ""output"": ""2\n""}, {""input"": ""5\n5\n0\n2\n0\n6\n"", ""output"": ""3\n""}, {""input"": ""5\n5\n1\n1\n-1\n6\n"", ""output"": ""2\n""}, {""input"": ""5\n5\n2\n2\n-1\n6\n"", ""output"": ""2\n""}, {""input"": ""5\n5\n1\n0\n0\n16\n"", ""output"": ""2\n""}, {""input"": ""5\n8\n1\n0\n-1\n11\n"", ""output"": ""2\n""}, {""input"": ""5\n5\n1\n0\n0\n13\n"", ""output"": ""2\n""}, {""input"": ""5\n5\n1\n1\n0\n2\n"", ""output"": ""2\n""}, {""input"": ""5\n0\n2\n1\n0\n11\n"", ""output"": ""3\n""}, {""input"": ""5\n8\n2\n1\n1\n11\n"", ""output"": ""2\n""}, {""input"": ""5\n8\n1\n1\n1\n11\n"", ""output"": ""2\n""}, {""input"": ""5\n8\n1\n0\n1\n11\n"", ""output"": ""3\n""}, {""input"": ""5\n2\n1\n1\n0\n11\n"", ""output"": ""2\n""}, {""input"": ""5\n2\n1\n0\n1\n19\n"", ""output"": ""3\n""}, {""input"": ""5\n5\n2\n0\n2\n4\n"", ""output"": ""3\n""}, {""input"": ""3\n1\n2\n0\n"", ""output"": ""2\n""}, {""input"": ""5\n9\n1\n3\n2\n8\n"", ""output"": ""3\n""}, {""input"": ""3\n1\n0\n0\n"", ""output"": ""1\n""}, {""input"": ""5\n5\n1\n0\n1\n6\n"", ""output"": ""3\n""}, {""input"": ""3\n0\n1\n1\n"", ""output"": ""2\n""}, {""input"": ""5\n8\n1\n4\n0\n6\n"", ""output"": ""3\n""}, {""input"": ""3\n0\n3\n3\n"", ""output"": ""2\n""}, {""input"": ""5\n5\n0\n2\n-1\n6\n"", ""output"": ""3\n""}, {""input"": ""5\n5\n0\n1\n-1\n6\n"", ""output"": ""3\n""}, {""input"": ""5\n1\n2\n2\n-1\n6\n"", ""output"": ""3\n""}, {""input"": ""5\n5\n1\n0\n0\n23\n"", ""output"": ""2\n""}, {""input"": ""5\n8\n2\n0\n-1\n11\n"", ""output"": ""2\n""}, {""input"": ""5\n5\n1\n0\n0\n24\n"", ""output"": ""2\n""}, {""input"": ""5\n5\n0\n1\n0\n2\n"", ""output"": ""3\n""}, {""input"": ""5\n0\n2\n1\n1\n11\n"", ""output"": ""3\n""}, {""input"": ""5\n8\n2\n1\n1\n4\n"", ""output"": ""2\n""}, {""input"": ""5\n11\n1\n1\n0\n11\n"", ""output"": ""2\n""}, {""input"": ""5\n14\n1\n0\n1\n11\n"", ""output"": ""3\n""}, {""input"": ""5\n2\n1\n1\n0\n15\n"", ""output"": ""2\n""}, {""input"": ""5\n2\n1\n0\n0\n19\n"", ""output"": ""2\n""}, {""input"": ""5\n5\n2\n0\n2\n6\n"", ""output"": ""3\n""}, {""input"": ""3\n2\n0\n0\n"", ""output"": ""1\n""}, {""input"": ""5\n9\n1\n6\n2\n8\n"", ""output"": ""3\n""}, {""input"": ""3\n1\n0\n-1\n"", ""output"": ""1\n""}, {""input"": ""3\n1\n1\n4\n"", ""output"": ""2\n""}, {""input"": ""5\n11\n1\n4\n0\n6\n"", ""output"": ""3\n""}, {""input"": ""5\n1\n2\n2\n-1\n5\n"", ""output"": ""3\n""}, {""input"": ""5\n5\n1\n0\n0\n1\n"", ""output"": ""2\n""}, {""input"": ""5\n8\n2\n0\n0\n11\n"", ""output"": ""2\n""}, {""input"": ""5\n5\n1\n0\n0\n42\n"", ""output"": ""2\n""}, {""input"": ""5\n5\n0\n1\n-1\n2\n"", ""output"": ""3\n""}, {""input"": ""5\n1\n2\n1\n1\n11\n"", ""output"": ""3\n""}, {""input"": ""5\n6\n2\n1\n1\n4\n"", ""output"": ""2\n""}, {""input"": ""5\n11\n0\n1\n0\n11\n"", ""output"": ""3\n""}, {""input"": ""5\n14\n1\n0\n0\n11\n"", ""output"": ""2\n""}, {""input"": ""5\n2\n1\n1\n-1\n15\n"", ""output"": ""2\n""}, {""input"": ""5\n1\n1\n0\n0\n19\n"", ""output"": ""2\n""}, {""input"": ""5\n9\n2\n0\n2\n6\n"", ""output"": ""3\n""}, {""input"": ""3\n2\n0\n1\n"", ""output"": ""2\n""}, {""input"": ""5\n9\n1\n0\n2\n8\n"", ""output"": ""3\n""}, {""input"": ""3\n1\n-1\n-1\n"", ""output"": ""1\n""}, {""input"": ""3\n1\n1\n3\n"", ""output"": ""2\n""}, {""input"": ""5\n11\n1\n3\n0\n6\n"", ""output"": ""3\n""}, {""input"": ""5\n1\n2\n2\n-2\n5\n"", ""output"": ""3\n""}, {""input"": ""5\n3\n1\n0\n0\n1\n"", ""output"": ""2\n""}, {""input"": ""5\n14\n2\n0\n0\n11\n"", ""output"": ""2\n""}, {""input"": ""5\n5\n1\n0\n0\n29\n"", ""output"": ""2\n""}, {""input"": ""5\n5\n0\n1\n-1\n3\n"", ""output"": ""3\n""}, {""input"": ""5\n6\n4\n1\n1\n4\n"", ""output"": ""2\n""}, {""input"": ""5\n11\n0\n1\n1\n11\n"", ""output"": ""3\n""}, {""input"": ""5\n14\n1\n0\n0\n1\n"", ""output"": ""2\n""}, {""input"": ""5\n1\n1\n1\n-1\n15\n"", ""output"": ""2\n""}, {""input"": ""5\n1\n1\n0\n0\n8\n"", ""output"": ""2\n""}, {""input"": ""5\n9\n4\n0\n2\n6\n"", ""output"": ""3\n""}, {""input"": ""3\n2\n0\n2\n"", ""output"": ""2\n""}, {""input"": ""5\n9\n1\n0\n2\n12\n"", ""output"": ""3\n""}, {""input"": ""3\n0\n-1\n-1\n"", ""output"": ""1\n""}, {""input"": ""5\n5\n1\n3\n2\n4\n"", ""output"": ""3\n""}, {""input"": ""5\n5\n1\n3\n2\n4\n"", ""output"": ""3\n""}, {""input"": ""3\n1\n1\n1\n"", ""output"": ""1\n""}]","Given the following C code and assembly code, your task is to generate highly optimized x86-64 assembly code.
C Code:

```c
#include<stdio.h>
#include<stdlib.h>
int lis(int size, int *A, int *L);
int main(void)
{
  int i, n, *a, *l;
  scanf(""%d"", &n);
  a = (int*)malloc(sizeof(int) * n);
  l = (int*)malloc(sizeof(int) * n);
  for (i = 0; i < n; i++) scanf(""%d"", &a[i]);
  printf(""%d\n"", lis(n, a, l));
  free(a);
  free(l);
}
int lis(int size, int *A, int *L)
{
  int i, length = 1;
  L[0] = A[0];
  for (i = 0; i < size; i++) {
    if (L[length-1] < A[i]) L[length++] = A[i];
    else {
      int lo = 0, hi = length - 1;
      while (lo <= hi) {
        int mid = (lo + hi) / 2;
        if (A[i] <= L[mid]) hi = mid - 1;
        else lo = mid + 1;
      }
      L[lo] = A[i];
    }
  }
  return length;
}
```

Assembly Code:

```assembly
	.file	""temp.c""
	.text
	.p2align 4
	.globl	lis
	.type	lis, @function
lis:
.LFB40:
	.cfi_startproc
	endbr64
	movl	(%rsi), %eax
	movq	%rdx, %r8
	movl	%eax, (%rdx)
	testl	%edi, %edi
	jle	.L10
	leal	-1(%rdi), %edx
	movl	$1, %r10d
	leaq	4(%rsi,%rdx,4), %r11
	jmp	.L9
	.p2align 4,,10
	.p2align 3
.L12:
	movslq	%r10d, %rax
	addq	$4, %rsi
	addl	$1, %r10d
	movl	%edi, (%r8,%rax,4)
	cmpq	%rsi, %r11
	je	.L1
.L13:
	movslq	%r10d, %rax
	movl	-4(%r8,%rax,4), %eax
.L9:
	movl	(%rsi), %edi
	cmpl	%eax, %edi
	jg	.L12
	leal	-1(%r10), %ecx
	xorl	%edx, %edx
	.p2align 4,,10
	.p2align 3
.L8:
	leal	(%rcx,%rdx), %eax
	sarl	%eax
	movslq	%eax, %r9
	cmpl	(%r8,%r9,4), %edi
	jg	.L5
	leal	-1(%rax), %ecx
	cmpl	%edx, %ecx
	jge	.L8
	movslq	%edx, %rdx
	movl	%edi, (%r8,%rdx,4)
.L14:
	addq	$4, %rsi
	cmpq	%rsi, %r11
	jne	.L13
.L1:
	movl	%r10d, %eax
	ret
	.p2align 4,,10
	.p2align 3
.L5:
	leal	1(%rax), %edx
	cmpl	%ecx, %edx
	jle	.L8
	movslq	%edx, %rdx
	movl	%edi, (%r8,%rdx,4)
	jmp	.L14
.L10:
	movl	$1, %r10d
	movl	%r10d, %eax
	ret
	.cfi_endproc
.LFE40:
	.size	lis, .-lis
	.section	.rodata.str1.1,""aMS"",@progbits,1
.LC0:
	.string	""%d""
.LC1:
	.string	""%d\n""
	.section	.text.startup,""ax"",@progbits
	.p2align 4
	.globl	main
	.type	main, @function
main:
.LFB39:
	.cfi_startproc
	endbr64
	pushq	%r15
	.cfi_def_cfa_offset 16
	.cfi_offset 15, -16
	pushq	%r14
	.cfi_def_cfa_offset 24
	.cfi_offset 14, -24
	pushq	%r13
	.cfi_def_cfa_offset 32
	.cfi_offset 13, -32
	leaq	.LC0(%rip), %r13
	pushq	%r12
	.cfi_def_cfa_offset 40
	.cfi_offset 12, -40
	movq	%r13, %rdi
	pushq	%rbp
	.cfi_def_cfa_offset 48
	.cfi_offset 6, -48
	pushq	%rbx
	.cfi_def_cfa_offset 56
	.cfi_offset 3, -56
	subq	$24, %rsp
	.cfi_def_cfa_offset 80
	movq	%fs:40, %rax
	movq	%rax, 8(%rsp)
	xorl	%eax, %eax
	leaq	4(%rsp), %rsi
	call	__isoc99_scanf@PLT
	movslq	4(%rsp), %rbp
	movq	%rbp, %r12
	salq	$2, %rbp
	movq	%rbp, %rdi
	call	malloc@PLT
	movq	%rbp, %rdi
	movq	%rax, %r14
	call	malloc@PLT
	movq	%rax, %r15
	testl	%r12d, %r12d
	jle	.L16
	movq	%r14, %rbp
	xorl	%ebx, %ebx
	.p2align 4,,10
	.p2align 3
.L17:
	movq	%rbp, %rsi
	movq	%r13, %rdi
	xorl	%eax, %eax
	addl	$1, %ebx
	call	__isoc99_scanf@PLT
	movl	4(%rsp), %r12d
	addq	$4, %rbp
	cmpl	%ebx, %r12d
	jg	.L17
.L16:
	movq	%r15, %rdx
	movq	%r14, %rsi
	movl	%r12d, %edi
	call	lis
	leaq	.LC1(%rip), %rsi
	movl	$1, %edi
	movl	%eax, %edx
	xorl	%eax, %eax
	call	__printf_chk@PLT
	movq	%r14, %rdi
	call	free@PLT
	movq	%r15, %rdi
	call	free@PLT
	movq	8(%rsp), %rax
	subq	%fs:40, %rax
	jne	.L21
	addq	$24, %rsp
	.cfi_remember_state
	.cfi_def_cfa_offset 56
	xorl	%eax, %eax
	popq	%rbx
	.cfi_def_cfa_offset 48
	popq	%rbp
	.cfi_def_cfa_offset 40
	popq	%r12
	.cfi_def_cfa_offset 32
	popq	%r13
	.cfi_def_cfa_offset 24
	popq	%r14
	.cfi_def_cfa_offset 16
	popq	%r15
	.cfi_def_cfa_offset 8
	ret
.L21:
	.cfi_restore_state
	call	__stack_chk_fail@PLT
	.cfi_endproc
.LFE39:
	.size	main, .-main
	.ident	""GCC: (Ubuntu 11.4.0-1ubuntu1~22.04) 11.4.0""
	.section	.note.GNU-stack,"""",@progbits
	.section	.note.gnu.property,""a""
	.align 8
	.long	1f - 0f
	.long	4f - 1f
	.long	5
0:
	.string	""GNU""
1:
	.align 8
	.long	0xc0000002
	.long	3f - 2f
2:
	.long	0x3
3:
	.align 8
4:
```

Only output the optimized assembly code. Do not include any other text. Do not write any comments in the assembly code. Wrap the assembly code in ```assembly``` tags.
Optimized Assembly Code:
","Given the following C code, your task is to generate highly optimized x86-64 assembly code.
C Code:

```c
#include<stdio.h>
#include<stdlib.h>
int lis(int size, int *A, int *L);
int main(void)
{
  int i, n, *a, *l;
  scanf(""%d"", &n);
  a = (int*)malloc(sizeof(int) * n);
  l = (int*)malloc(sizeof(int) * n);
  for (i = 0; i < n; i++) scanf(""%d"", &a[i]);
  printf(""%d\n"", lis(n, a, l));
  free(a);
  free(l);
}
int lis(int size, int *A, int *L)
{
  int i, length = 1;
  L[0] = A[0];
  for (i = 0; i < size; i++) {
    if (L[length-1] < A[i]) L[length++] = A[i];
    else {
      int lo = 0, hi = length - 1;
      while (lo <= hi) {
        int mid = (lo + hi) / 2;
        if (A[i] <= L[mid]) hi = mid - 1;
        else lo = mid + 1;
      }
      L[lo] = A[i];
    }
  }
  return length;
}
```

Only output the optimized assembly code. Do not include any other text. Do not write any comments in the assembly code. Wrap the assembly code in ```assembly``` tags.
Optimized Assembly Code:
"
93,"```c
#include <stdio.h>
#define MAX 100000
long long T[MAX];
int n,k;
 
int load(long long P) {
    int i=0,j=0;
    long long t;
    for(i = 0; i < k; i++) {
        t = 0;
        while( t+T[j] <=P) {
            t +=T[j];
            j++;
            if(j==n) return n;  
        }
    }
    return j;   
     
}
 
int solve() {
    long long right = MAX*10000,left=0,mid,s;
     
    while(right>left+1) {
        mid = (right + left)/2;
         s=load(mid);
         if(s>=n) right=mid;
         else left = mid;
    }
        return right;           
}
 
int main(void)
 
{
    int i;
    scanf(""%d %d%"",&n,&k);
     
    for(i=0; i < n; i++) {
        scanf(""%d"",&T[i]);
    }
        printf(""%llu\n"",solve());
        return 0;       
     
     
}
```","[{""input"": ""5 3\n4\n1\n7\n3\n9\n"", ""output"": ""10\n""}, {""input"": ""4 2\n1\n1\n2\n6\n"", ""output"": ""6\n""}, {""input"": ""5 3\n4\n1\n7\n3\n5\n"", ""output"": ""8\n""}, {""input"": ""5 6\n4\n1\n7\n3\n5\n"", ""output"": ""7\n""}, {""input"": ""4 2\n1\n1\n3\n1\n"", ""output"": ""4\n""}, {""input"": ""4 2\n1\n1\n3\n0\n"", ""output"": ""3\n""}, {""input"": ""4 2\n1\n4\n3\n0\n"", ""output"": ""5\n""}, {""input"": ""5 3\n6\n2\n8\n5\n4\n"", ""output"": ""9\n""}, {""input"": ""5 3\n6\n2\n8\n7\n4\n"", ""output"": ""11\n""}, {""input"": ""5 3\n8\n2\n9\n7\n5\n"", ""output"": ""12\n""}, {""input"": ""5 2\n6\n1\n8\n3\n5\n"", ""output"": ""15\n""}, {""input"": ""5 1\n6\n2\n8\n5\n4\n"", ""output"": ""25\n""}, {""input"": ""5 2\n6\n2\n8\n3\n5\n"", ""output"": ""16\n""}, {""input"": ""4 4\n-1\n4\n18\n5\n4\n"", ""output"": ""1000000000\n""}, {""input"": ""3 4\n1\n0\n2\n6\n"", ""output"": ""2\n""}, {""input"": ""3 1\n6\n0\n8\n5\n4\n"", ""output"": ""14\n""}, {""input"": ""4 4\n-1\n2\n17\n1\n4\n"", ""output"": ""1000000000\n""}, {""input"": ""5 1\n3\n4\n14\n7\n0\n"", ""output"": ""28\n""}, {""input"": ""4 6\n-2\n3\n5\n13\n8\n"", ""output"": ""1000000000\n""}, {""input"": ""1 6\n1\n-1\n9\n23\n8\n"", ""output"": ""1\n""}, {""input"": ""5 1\n6\n2\n8\n6\n4\n"", ""output"": ""26\n""}, {""input"": ""5 1\n6\n1\n8\n3\n1\n"", ""output"": ""19\n""}, {""input"": ""5 2\n20\n1\n6\n3\n0\n"", ""output"": ""20\n""}, {""input"": ""5 1\n5\n2\n8\n2\n5\n"", ""output"": ""22\n""}, {""input"": ""4 3\n6\n3\n29\n0\n3\n"", ""output"": ""29\n""}, {""input"": ""2 1\n11\n12\n5\n2\n6\n"", ""output"": ""23\n""}, {""input"": ""5 1\n7\n2\n9\n1\n5\n"", ""output"": ""24\n""}, {""input"": ""5 1\n10\n4\n9\n7\n5\n"", ""output"": ""35\n""}, {""input"": ""5 2\n10\n4\n9\n7\n5\n"", ""output"": ""21\n""}, {""input"": ""5 1\n14\n2\n9\n1\n4\n"", ""output"": ""30\n""}, {""input"": ""3 4\n0\n1\n39\n5\n4\n"", ""output"": ""39\n""}, {""input"": ""4 2\n11\n17\n10\n0\n6\n"", ""output"": ""27\n""}, {""input"": ""4 2\n1\n1\n3\n6\n"", ""output"": ""6\n""}, {""input"": ""5 6\n5\n1\n7\n3\n5\n"", ""output"": ""7\n""}, {""input"": ""5 6\n6\n1\n7\n3\n5\n"", ""output"": ""7\n""}, {""input"": ""4 2\n1\n2\n3\n0\n"", ""output"": ""3\n""}, {""input"": ""5 6\n6\n1\n8\n3\n5\n"", ""output"": ""8\n""}, {""input"": ""5 6\n6\n1\n8\n3\n4\n"", ""output"": ""8\n""}, {""input"": ""5 3\n6\n1\n8\n3\n4\n"", ""output"": ""8\n""}, {""input"": ""5 3\n6\n2\n8\n3\n4\n"", ""output"": ""8\n""}, {""input"": ""5 3\n6\n2\n8\n6\n4\n"", ""output"": ""10\n""}, {""input"": ""5 3\n6\n2\n9\n7\n4\n"", ""output"": ""11\n""}, {""input"": ""5 3\n8\n2\n9\n7\n4\n"", ""output"": ""11\n""}, {""input"": ""5 3\n7\n2\n9\n7\n5\n"", ""output"": ""12\n""}, {""input"": ""4 3\n7\n2\n9\n7\n5\n"", ""output"": ""9\n""}, {""input"": ""4 3\n0\n2\n9\n7\n5\n"", ""output"": ""9\n""}, {""input"": ""4 3\n0\n2\n9\n5\n5\n"", ""output"": ""9\n""}, {""input"": ""4 4\n0\n2\n9\n5\n5\n"", ""output"": ""9\n""}, {""input"": ""4 4\n-1\n2\n9\n5\n5\n"", ""output"": ""1000000000\n""}, {""input"": ""4 4\n-1\n3\n9\n5\n5\n"", ""output"": ""1000000000\n""}, {""input"": ""4 4\n-1\n3\n9\n5\n4\n"", ""output"": ""1000000000\n""}, {""input"": ""4 4\n-2\n3\n9\n5\n4\n"", ""output"": ""1000000000\n""}, {""input"": ""4 4\n-2\n3\n4\n5\n4\n"", ""output"": ""1000000000\n""}, {""input"": ""5 3\n8\n2\n7\n3\n9\n"", ""output"": ""10\n""}, {""input"": ""4 2\n1\n0\n2\n6\n"", ""output"": ""6\n""}, {""input"": ""5 3\n4\n2\n7\n3\n5\n"", ""output"": ""8\n""}, {""input"": ""4 2\n1\n1\n0\n6\n"", ""output"": ""6\n""}, {""input"": ""4 4\n1\n1\n3\n1\n"", ""output"": ""3\n""}, {""input"": ""5 6\n5\n2\n7\n3\n5\n"", ""output"": ""7\n""}, {""input"": ""5 6\n6\n1\n7\n3\n4\n"", ""output"": ""7\n""}, {""input"": ""4 1\n1\n2\n3\n0\n"", ""output"": ""6\n""}, {""input"": ""5 6\n6\n0\n8\n3\n4\n"", ""output"": ""8\n""}, {""input"": ""5 2\n6\n1\n8\n3\n4\n"", ""output"": ""15\n""}, {""input"": ""5 3\n10\n2\n8\n3\n4\n"", ""output"": ""10\n""}, {""input"": ""5 3\n6\n0\n8\n6\n4\n"", ""output"": ""10\n""}, {""input"": ""5 3\n6\n4\n8\n7\n4\n"", ""output"": ""11\n""}, {""input"": ""5 3\n6\n3\n9\n7\n4\n"", ""output"": ""11\n""}, {""input"": ""5 3\n8\n3\n9\n7\n4\n"", ""output"": ""11\n""}, {""input"": ""5 3\n7\n4\n9\n7\n5\n"", ""output"": ""12\n""}, {""input"": ""4 3\n7\n1\n9\n7\n5\n"", ""output"": ""9\n""}, {""input"": ""4 3\n0\n2\n9\n7\n7\n"", ""output"": ""9\n""}, {""input"": ""4 3\n0\n2\n9\n4\n5\n"", ""output"": ""9\n""}, {""input"": ""4 4\n0\n3\n9\n5\n5\n"", ""output"": ""9\n""}, {""input"": ""4 4\n-1\n3\n2\n5\n5\n"", ""output"": ""1000000000\n""}, {""input"": ""4 4\n-1\n4\n9\n5\n4\n"", ""output"": ""1000000000\n""}, {""input"": ""4 4\n-2\n3\n9\n4\n4\n"", ""output"": ""1000000000\n""}, {""input"": ""4 4\n-2\n3\n4\n5\n5\n"", ""output"": ""1000000000\n""}, {""input"": ""5 5\n8\n2\n7\n3\n9\n"", ""output"": ""9\n""}, {""input"": ""4 4\n1\n0\n2\n6\n"", ""output"": ""6\n""}, {""input"": ""5 3\n4\n4\n7\n3\n5\n"", ""output"": ""8\n""}, {""input"": ""4 2\n1\n2\n0\n6\n"", ""output"": ""6\n""}, {""input"": ""5 6\n5\n2\n3\n3\n5\n"", ""output"": ""5\n""}, {""input"": ""4 1\n1\n1\n3\n0\n"", ""output"": ""5\n""}, {""input"": ""5 10\n6\n0\n8\n3\n4\n"", ""output"": ""8\n""}, {""input"": ""5 2\n6\n1\n8\n3\n0\n"", ""output"": ""11\n""}, {""input"": ""5 3\n11\n2\n8\n3\n4\n"", ""output"": ""11\n""}, {""input"": ""3 1\n6\n2\n8\n5\n4\n"", ""output"": ""16\n""}, {""input"": ""5 3\n6\n4\n8\n7\n1\n"", ""output"": ""10\n""}, {""input"": ""5 3\n6\n3\n9\n5\n4\n"", ""output"": ""9\n""}, {""input"": ""5 3\n12\n3\n9\n7\n4\n"", ""output"": ""12\n""}, {""input"": ""3 3\n7\n1\n9\n7\n5\n"", ""output"": ""9\n""}, {""input"": ""4 3\n-1\n2\n9\n7\n7\n"", ""output"": ""1000000000\n""}, {""input"": ""4 3\n0\n2\n9\n4\n1\n"", ""output"": ""9\n""}, {""input"": ""4 4\n0\n2\n9\n1\n5\n"", ""output"": ""9\n""}, {""input"": ""4 4\n-1\n3\n2\n6\n5\n"", ""output"": ""1000000000\n""}, {""input"": ""4 4\n-2\n3\n11\n4\n4\n"", ""output"": ""1000000000\n""}, {""input"": ""4 7\n-2\n3\n4\n5\n4\n"", ""output"": ""1000000000\n""}, {""input"": ""4 4\n1\n2\n0\n6\n"", ""output"": ""6\n""}, {""input"": ""5 6\n1\n2\n3\n3\n5\n"", ""output"": ""5\n""}, {""input"": ""4 1\n1\n1\n3\n1\n"", ""output"": ""6\n""}, {""input"": ""5 3\n8\n1\n7\n3\n9\n"", ""output"": ""10\n""}, {""input"": ""5 3\n8\n1\n7\n3\n9\n"", ""output"": ""10\n""}, {""input"": ""4 2\n1\n2\n2\n6\n"", ""output"": ""6\n""}]","Given the following C code and assembly code, your task is to generate highly optimized x86-64 assembly code.
C Code:

```c
#include <stdio.h>
#define MAX 100000
long long T[MAX];
int n,k;
 
int load(long long P) {
    int i=0,j=0;
    long long t;
    for(i = 0; i < k; i++) {
        t = 0;
        while( t+T[j] <=P) {
            t +=T[j];
            j++;
            if(j==n) return n;  
        }
    }
    return j;   
     
}
 
int solve() {
    long long right = MAX*10000,left=0,mid,s;
     
    while(right>left+1) {
        mid = (right + left)/2;
         s=load(mid);
         if(s>=n) right=mid;
         else left = mid;
    }
        return right;           
}
 
int main(void)
 
{
    int i;
    scanf(""%d %d%"",&n,&k);
     
    for(i=0; i < n; i++) {
        scanf(""%d"",&T[i]);
    }
        printf(""%llu\n"",solve());
        return 0;       
     
     
}
```

Assembly Code:

```assembly
	.file	""temp.c""
	.text
	.p2align 4
	.globl	load
	.type	load, @function
load:
.LFB23:
	.cfi_startproc
	endbr64
	movl	k(%rip), %r9d
	testl	%r9d, %r9d
	jle	.L6
	movl	n(%rip), %ecx
	xorl	%r8d, %r8d
	xorl	%esi, %esi
	leaq	T(%rip), %r10
.L3:
	movslq	%r8d, %rax
	leaq	(%r10,%rax,8), %rdx
	xorl	%eax, %eax
	jmp	.L5
	.p2align 4,,10
	.p2align 3
.L4:
	addl	$1, %r8d
	addq	$8, %rdx
	cmpl	%r8d, %ecx
	je	.L1
.L5:
	addq	(%rdx), %rax
	cmpq	%rdi, %rax
	jle	.L4
	addl	$1, %esi
	cmpl	%r9d, %esi
	jne	.L3
.L1:
	movl	%r8d, %eax
	ret
.L6:
	xorl	%r8d, %r8d
	jmp	.L1
	.cfi_endproc
.LFE23:
	.size	load, .-load
	.p2align 4
	.globl	solve
	.type	solve, @function
solve:
.LFB24:
	.cfi_startproc
	endbr64
	movl	k(%rip), %r11d
	movl	n(%rip), %r9d
	pushq	%rbp
	.cfi_def_cfa_offset 16
	.cfi_offset 6, -16
	movl	$1000000000, %eax
	pushq	%rbx
	.cfi_def_cfa_offset 24
	.cfi_offset 3, -24
	leaq	T(%rip), %r8
	xorl	%ebx, %ebx
.L9:
	leaq	1(%rbx), %rbp
	cmpq	%rbp, %rax
	jle	.L22
	.p2align 4,,10
	.p2align 3
.L15:
	leaq	(%rax,%rbx), %rsi
	xorl	%edi, %edi
	xorl	%r10d, %r10d
	sarq	%rsi
	testl	%r11d, %r11d
	jle	.L11
.L10:
	movslq	%edi, %rdx
	xorl	%ecx, %ecx
	jmp	.L14
	.p2align 4,,10
	.p2align 3
.L13:
	addq	$1, %rdx
	cmpl	%edx, %r9d
	je	.L18
.L14:
	addq	(%r8,%rdx,8), %rcx
	movl	%edx, %edi
	cmpq	%rcx, %rsi
	jge	.L13
	addl	$1, %r10d
	cmpl	%r10d, %r11d
	jne	.L10
.L11:
	cmpl	%edi, %r9d
	jle	.L18
	movq	%rsi, %rbx
	jmp	.L9
	.p2align 4,,10
	.p2align 3
.L18:
	movq	%rsi, %rax
	cmpq	%rbp, %rax
	jg	.L15
.L22:
	popq	%rbx
	.cfi_def_cfa_offset 16
	popq	%rbp
	.cfi_def_cfa_offset 8
	ret
	.cfi_endproc
.LFE24:
	.size	solve, .-solve
	.section	.rodata.str1.1,""aMS"",@progbits,1
.LC0:
	.string	""%d %d%""
.LC1:
	.string	""%d""
.LC2:
	.string	""%llu\n""
	.section	.text.startup,""ax"",@progbits
	.p2align 4
	.globl	main
	.type	main, @function
main:
.LFB25:
	.cfi_startproc
	endbr64
	pushq	%r12
	.cfi_def_cfa_offset 16
	.cfi_offset 12, -16
	leaq	k(%rip), %rdx
	leaq	n(%rip), %rsi
	xorl	%eax, %eax
	pushq	%rbp
	.cfi_def_cfa_offset 24
	.cfi_offset 6, -24
	leaq	.LC0(%rip), %rdi
	pushq	%rbx
	.cfi_def_cfa_offset 32
	.cfi_offset 3, -32
	call	__isoc99_scanf@PLT
	movl	n(%rip), %eax
	testl	%eax, %eax
	jle	.L24
	leaq	T(%rip), %rbp
	xorl	%ebx, %ebx
	leaq	.LC1(%rip), %r12
	.p2align 4,,10
	.p2align 3
.L25:
	movq	%rbp, %rsi
	xorl	%eax, %eax
	movq	%r12, %rdi
	addl	$1, %ebx
	call	__isoc99_scanf@PLT
	addq	$8, %rbp
	cmpl	%ebx, n(%rip)
	jg	.L25
.L24:
	xorl	%eax, %eax
	call	solve
	leaq	.LC2(%rip), %rsi
	movl	$1, %edi
	movl	%eax, %edx
	xorl	%eax, %eax
	call	__printf_chk@PLT
	popq	%rbx
	.cfi_def_cfa_offset 24
	xorl	%eax, %eax
	popq	%rbp
	.cfi_def_cfa_offset 16
	popq	%r12
	.cfi_def_cfa_offset 8
	ret
	.cfi_endproc
.LFE25:
	.size	main, .-main
	.globl	k
	.bss
	.align 4
	.type	k, @object
	.size	k, 4
k:
	.zero	4
	.globl	n
	.align 4
	.type	n, @object
	.size	n, 4
n:
	.zero	4
	.globl	T
	.align 32
	.type	T, @object
	.size	T, 800000
T:
	.zero	800000
	.ident	""GCC: (Ubuntu 11.4.0-1ubuntu1~22.04) 11.4.0""
	.section	.note.GNU-stack,"""",@progbits
	.section	.note.gnu.property,""a""
	.align 8
	.long	1f - 0f
	.long	4f - 1f
	.long	5
0:
	.string	""GNU""
1:
	.align 8
	.long	0xc0000002
	.long	3f - 2f
2:
	.long	0x3
3:
	.align 8
4:
```

Only output the optimized assembly code. Do not include any other text. Do not write any comments in the assembly code. Wrap the assembly code in ```assembly``` tags.
Optimized Assembly Code:
","Given the following C code, your task is to generate highly optimized x86-64 assembly code.
C Code:

```c
#include <stdio.h>
#define MAX 100000
long long T[MAX];
int n,k;
 
int load(long long P) {
    int i=0,j=0;
    long long t;
    for(i = 0; i < k; i++) {
        t = 0;
        while( t+T[j] <=P) {
            t +=T[j];
            j++;
            if(j==n) return n;  
        }
    }
    return j;   
     
}
 
int solve() {
    long long right = MAX*10000,left=0,mid,s;
     
    while(right>left+1) {
        mid = (right + left)/2;
         s=load(mid);
         if(s>=n) right=mid;
         else left = mid;
    }
        return right;           
}
 
int main(void)
 
{
    int i;
    scanf(""%d %d%"",&n,&k);
     
    for(i=0; i < n; i++) {
        scanf(""%d"",&T[i]);
    }
        printf(""%llu\n"",solve());
        return 0;       
     
     
}
```

Only output the optimized assembly code. Do not include any other text. Do not write any comments in the assembly code. Wrap the assembly code in ```assembly``` tags.
Optimized Assembly Code:
"
94,"```c
#include<stdio.h>
int main()
{

int x, y;
scanf(""%d %d"", &x, &y);

    if(x==2||y==2){
        printf(""No\n"");
    }
    else if((x==1||x==3||x==5||x==7||x==8||x==10||x==12)&&(y==1||y==3||y==5||y==7||y==8||y==10||y==12))
    {
        printf(""Yes\n"");
    }
    else if((x==4||x==6||x==9||x==11)&&(y==4||y==6||y==9||y==11))
    {
        printf(""Yes"");
    }
    else{
        printf(""No"");
    }

return 0;

}
```","[{""input"": ""2 8\n"", ""output"": ""No\n""}, {""input"": ""1 10\n"", ""output"": ""Yes\n""}, {""input"": ""1 4\n"", ""output"": ""No""}, {""input"": ""2 3\n"", ""output"": ""No\n""}, {""input"": ""2 10\n"", ""output"": ""No\n""}, {""input"": ""4 3\n"", ""output"": ""No""}, {""input"": ""7 3\n"", ""output"": ""Yes\n""}, {""input"": ""7 6\n"", ""output"": ""No""}, {""input"": ""7 4\n"", ""output"": ""No""}, {""input"": ""7 5\n"", ""output"": ""Yes\n""}, {""input"": ""4 5\n"", ""output"": ""No""}, {""input"": ""1 5\n"", ""output"": ""Yes\n""}, {""input"": ""1 2\n"", ""output"": ""No\n""}, {""input"": ""0 2\n"", ""output"": ""No\n""}, {""input"": ""-1 2\n"", ""output"": ""No\n""}, {""input"": ""2 1\n"", ""output"": ""No\n""}, {""input"": ""1 1\n"", ""output"": ""Yes\n""}, {""input"": ""2 0\n"", ""output"": ""No\n""}, {""input"": ""2 6\n"", ""output"": ""No\n""}, {""input"": ""3 3\n"", ""output"": ""Yes\n""}, {""input"": ""7 1\n"", ""output"": ""Yes\n""}, {""input"": ""5 4\n"", ""output"": ""No""}, {""input"": ""7 10\n"", ""output"": ""Yes\n""}, {""input"": ""5 5\n"", ""output"": ""Yes\n""}, {""input"": ""2 5\n"", ""output"": ""No\n""}, {""input"": ""2 9\n"", ""output"": ""No\n""}, {""input"": ""3 6\n"", ""output"": ""No""}, {""input"": ""5 3\n"", ""output"": ""Yes\n""}, {""input"": ""7 12\n"", ""output"": ""Yes\n""}, {""input"": ""5 8\n"", ""output"": ""Yes\n""}, {""input"": ""3 9\n"", ""output"": ""No""}, {""input"": ""3 4\n"", ""output"": ""No""}, {""input"": ""5 2\n"", ""output"": ""No\n""}, {""input"": ""1 8\n"", ""output"": ""Yes\n""}, {""input"": ""5 10\n"", ""output"": ""Yes\n""}, {""input"": ""5 1\n"", ""output"": ""Yes\n""}, {""input"": ""3 1\n"", ""output"": ""Yes\n""}, {""input"": ""1 6\n"", ""output"": ""No""}, {""input"": ""8 3\n"", ""output"": ""Yes\n""}, {""input"": ""9 4\n"", ""output"": ""Yes""}, {""input"": ""2 7\n"", ""output"": ""No\n""}, {""input"": ""5 6\n"", ""output"": ""No""}, {""input"": ""4 4\n"", ""output"": ""Yes""}, {""input"": ""2 -1\n"", ""output"": ""No\n""}, {""input"": ""2 -2\n"", ""output"": ""No\n""}, {""input"": ""3 2\n"", ""output"": ""No\n""}, {""input"": ""2 12\n"", ""output"": ""No\n""}, {""input"": ""10 2\n"", ""output"": ""No\n""}, {""input"": ""7 2\n"", ""output"": ""No\n""}, {""input"": ""6 1\n"", ""output"": ""No""}, {""input"": ""1 9\n"", ""output"": ""No""}, {""input"": ""4 1\n"", ""output"": ""No""}, {""input"": ""4 9\n"", ""output"": ""Yes""}, {""input"": ""1 11\n"", ""output"": ""No""}, {""input"": ""4 2\n"", ""output"": ""No\n""}, {""input"": ""8 4\n"", ""output"": ""No""}, {""input"": ""6 4\n"", ""output"": ""Yes""}, {""input"": ""5 12\n"", ""output"": ""Yes\n""}, {""input"": ""6 2\n"", ""output"": ""No\n""}, {""input"": ""2 -3\n"", ""output"": ""No\n""}, {""input"": ""3 7\n"", ""output"": ""Yes\n""}, {""input"": ""11 1\n"", ""output"": ""No""}, {""input"": ""8 1\n"", ""output"": ""Yes\n""}, {""input"": ""8 9\n"", ""output"": ""No""}, {""input"": ""2 11\n"", ""output"": ""No\n""}, {""input"": ""1 7\n"", ""output"": ""Yes\n""}, {""input"": ""5 7\n"", ""output"": ""Yes\n""}, {""input"": ""8 5\n"", ""output"": ""Yes\n""}, {""input"": ""4 12\n"", ""output"": ""No""}, {""input"": ""9 12\n"", ""output"": ""No""}, {""input"": ""1 12\n"", ""output"": ""Yes\n""}, {""input"": ""12 1\n"", ""output"": ""Yes\n""}, {""input"": ""3 10\n"", ""output"": ""Yes\n""}, {""input"": ""4 8\n"", ""output"": ""No""}, {""input"": ""-3 2\n"", ""output"": ""No\n""}, {""input"": ""7 9\n"", ""output"": ""No""}, {""input"": ""10 1\n"", ""output"": ""Yes\n""}, {""input"": ""-2 2\n"", ""output"": ""No\n""}, {""input"": ""8 2\n"", ""output"": ""No\n""}, {""input"": ""7 11\n"", ""output"": ""No""}, {""input"": ""5 9\n"", ""output"": ""No""}, {""input"": ""12 12\n"", ""output"": ""Yes\n""}, {""input"": ""9 1\n"", ""output"": ""No""}, {""input"": ""3 8\n"", ""output"": ""Yes\n""}, {""input"": ""8 7\n"", ""output"": ""Yes\n""}, {""input"": ""9 2\n"", ""output"": ""No\n""}, {""input"": ""3 5\n"", ""output"": ""Yes\n""}, {""input"": ""4 6\n"", ""output"": ""Yes""}, {""input"": ""12 2\n"", ""output"": ""No\n""}, {""input"": ""7 8\n"", ""output"": ""Yes\n""}, {""input"": ""-4 2\n"", ""output"": ""No\n""}, {""input"": ""6 9\n"", ""output"": ""Yes""}, {""input"": ""6 8\n"", ""output"": ""No""}, {""input"": ""11 2\n"", ""output"": ""No\n""}, {""input"": ""8 12\n"", ""output"": ""Yes\n""}, {""input"": ""10 7\n"", ""output"": ""Yes\n""}, {""input"": ""11 5\n"", ""output"": ""No""}, {""input"": ""3 11\n"", ""output"": ""No""}, {""input"": ""12 5\n"", ""output"": ""Yes\n""}, {""input"": ""4 7\n"", ""output"": ""No""}, {""input"": ""2 4\n"", ""output"": ""No\n""}, {""input"": ""1 3\n"", ""output"": ""Yes\n""}, {""input"": ""1 3\n"", ""output"": ""Yes\n""}]","Given the following C code and assembly code, your task is to generate highly optimized x86-64 assembly code.
C Code:

```c
#include<stdio.h>
int main()
{

int x, y;
scanf(""%d %d"", &x, &y);

    if(x==2||y==2){
        printf(""No\n"");
    }
    else if((x==1||x==3||x==5||x==7||x==8||x==10||x==12)&&(y==1||y==3||y==5||y==7||y==8||y==10||y==12))
    {
        printf(""Yes\n"");
    }
    else if((x==4||x==6||x==9||x==11)&&(y==4||y==6||y==9||y==11))
    {
        printf(""Yes"");
    }
    else{
        printf(""No"");
    }

return 0;

}
```

Assembly Code:

```assembly
	.file	""temp.c""
	.text
	.section	.rodata.str1.1,""aMS"",@progbits,1
.LC0:
	.string	""%d %d""
.LC1:
	.string	""No""
.LC2:
	.string	""Yes""
	.section	.text.startup,""ax"",@progbits
	.p2align 4
	.globl	main
	.type	main, @function
main:
.LFB23:
	.cfi_startproc
	endbr64
	subq	$24, %rsp
	.cfi_def_cfa_offset 32
	leaq	.LC0(%rip), %rdi
	movq	%fs:40, %rax
	movq	%rax, 8(%rsp)
	xorl	%eax, %eax
	leaq	4(%rsp), %rdx
	movq	%rsp, %rsi
	call	__isoc99_scanf@PLT
	movl	(%rsp), %eax
	cmpl	$2, %eax
	je	.L2
	movl	4(%rsp), %edx
	cmpl	$2, %edx
	je	.L2
	cmpl	$12, %eax
	ja	.L5
	movl	$5546, %esi
	movl	%eax, %ecx
	movq	%rsi, %rdi
	shrq	%cl, %rdi
	movq	%rdi, %rcx
	andb	$1, %cl
	je	.L6
	cmpl	$12, %edx
	ja	.L6
	movl	%edx, %ecx
	shrq	%cl, %rsi
	andb	$1, %sil
	je	.L6
	leaq	.LC2(%rip), %rdi
	call	puts@PLT
	jmp	.L4
.L6:
	cmpl	$11, %eax
	ja	.L5
	movl	$2640, %esi
	movl	%eax, %ecx
	movq	%rsi, %rdi
	shrq	%cl, %rdi
	movq	%rdi, %rax
	testb	$1, %al
	jne	.L25
.L5:
	leaq	.LC1(%rip), %rsi
	movl	$1, %edi
	xorl	%eax, %eax
	call	__printf_chk@PLT
.L4:
	movq	8(%rsp), %rax
	subq	%fs:40, %rax
	jne	.L26
	xorl	%eax, %eax
	addq	$24, %rsp
	.cfi_remember_state
	.cfi_def_cfa_offset 8
	ret
.L25:
	.cfi_restore_state
	cmpl	$11, %edx
	ja	.L5
	movl	%edx, %ecx
	shrq	%cl, %rsi
	andb	$1, %sil
	je	.L5
	leaq	.LC2(%rip), %rsi
	movl	$1, %edi
	xorl	%eax, %eax
	call	__printf_chk@PLT
	jmp	.L4
.L2:
	leaq	.LC1(%rip), %rdi
	call	puts@PLT
	jmp	.L4
.L26:
	call	__stack_chk_fail@PLT
	.cfi_endproc
.LFE23:
	.size	main, .-main
	.ident	""GCC: (Ubuntu 11.4.0-1ubuntu1~22.04) 11.4.0""
	.section	.note.GNU-stack,"""",@progbits
	.section	.note.gnu.property,""a""
	.align 8
	.long	1f - 0f
	.long	4f - 1f
	.long	5
0:
	.string	""GNU""
1:
	.align 8
	.long	0xc0000002
	.long	3f - 2f
2:
	.long	0x3
3:
	.align 8
4:
```

Only output the optimized assembly code. Do not include any other text. Do not write any comments in the assembly code. Wrap the assembly code in ```assembly``` tags.
Optimized Assembly Code:
","Given the following C code, your task is to generate highly optimized x86-64 assembly code.
C Code:

```c
#include<stdio.h>
int main()
{

int x, y;
scanf(""%d %d"", &x, &y);

    if(x==2||y==2){
        printf(""No\n"");
    }
    else if((x==1||x==3||x==5||x==7||x==8||x==10||x==12)&&(y==1||y==3||y==5||y==7||y==8||y==10||y==12))
    {
        printf(""Yes\n"");
    }
    else if((x==4||x==6||x==9||x==11)&&(y==4||y==6||y==9||y==11))
    {
        printf(""Yes"");
    }
    else{
        printf(""No"");
    }

return 0;

}
```

Only output the optimized assembly code. Do not include any other text. Do not write any comments in the assembly code. Wrap the assembly code in ```assembly``` tags.
Optimized Assembly Code:
"
95,"```c
#include <stdio.h>
 
int main (void)
{
 
int m1,m2,d1,d2;
 
scanf(""%d %d %d %d"",&m1,&d1,&m2,&d2);
 
printf(""%d"",m1 != m2);
 
return 0;
}```","[{""input"": ""11 30\n6 1\n"", ""output"": ""1""}, {""input"": ""11 17\n11 17\n"", ""output"": ""0""}, {""input"": ""6 30\n12 1\n"", ""output"": ""1""}, {""input"": ""11 16\n11 28\n"", ""output"": ""0""}, {""input"": ""11 24\n11 28\n"", ""output"": ""0""}, {""input"": ""11 30\n18 1\n"", ""output"": ""1""}, {""input"": ""11 8\n11 28\n"", ""output"": ""0""}, {""input"": ""11 8\n11 17\n"", ""output"": ""0""}, {""input"": ""11 16\n11 31\n"", ""output"": ""0""}, {""input"": ""11 30\n35 1\n"", ""output"": ""1""}, {""input"": ""11 8\n11 32\n"", ""output"": ""0""}, {""input"": ""11 30\n2 1\n"", ""output"": ""1""}, {""input"": ""11 3\n11 8\n"", ""output"": ""0""}, {""input"": ""11 30\n26 1\n"", ""output"": ""1""}, {""input"": ""11 16\n11 46\n"", ""output"": ""0""}, {""input"": ""11 8\n11 33\n"", ""output"": ""0""}, {""input"": ""11 3\n11 7\n"", ""output"": ""0""}, {""input"": ""11 27\n11 46\n"", ""output"": ""0""}, {""input"": ""11 4\n11 46\n"", ""output"": ""0""}, {""input"": ""11 4\n11 30\n"", ""output"": ""0""}, {""input"": ""11 21\n11 28\n"", ""output"": ""0""}, {""input"": ""11 8\n11 46\n"", ""output"": ""0""}, {""input"": ""11 30\n31 1\n"", ""output"": ""1""}, {""input"": ""11 1\n11 46\n"", ""output"": ""0""}, {""input"": ""11 8\n11 52\n"", ""output"": ""0""}, {""input"": ""11 27\n11 50\n"", ""output"": ""0""}, {""input"": ""11 11\n11 46\n"", ""output"": ""0""}, {""input"": ""11 1\n11 71\n"", ""output"": ""0""}, {""input"": ""11 8\n11 58\n"", ""output"": ""0""}, {""input"": ""11 12\n11 46\n"", ""output"": ""0""}, {""input"": ""11 2\n11 71\n"", ""output"": ""0""}, {""input"": ""11 30\n23 1\n"", ""output"": ""1""}, {""input"": ""11 17\n11 20\n"", ""output"": ""0""}, {""input"": ""9 30\n12 1\n"", ""output"": ""1""}, {""input"": ""11 16\n11 56\n"", ""output"": ""0""}, {""input"": ""11 2\n11 28\n"", ""output"": ""0""}, {""input"": ""11 2\n11 17\n"", ""output"": ""0""}, {""input"": ""11 11\n11 31\n"", ""output"": ""0""}, {""input"": ""11 8\n11 50\n"", ""output"": ""0""}, {""input"": ""11 4\n11 73\n"", ""output"": ""0""}, {""input"": ""11 1\n11 30\n"", ""output"": ""0""}, {""input"": ""11 21\n11 27\n"", ""output"": ""0""}, {""input"": ""11 6\n11 46\n"", ""output"": ""0""}, {""input"": ""11 30\n58 1\n"", ""output"": ""1""}, {""input"": ""11 1\n11 47\n"", ""output"": ""0""}, {""input"": ""11 8\n11 44\n"", ""output"": ""0""}, {""input"": ""11 27\n11 91\n"", ""output"": ""0""}, {""input"": ""11 11\n11 61\n"", ""output"": ""0""}, {""input"": ""11 1\n11 61\n"", ""output"": ""0""}, {""input"": ""11 8\n11 64\n"", ""output"": ""0""}, {""input"": ""11 2\n11 99\n"", ""output"": ""0""}, {""input"": ""11 2\n11 20\n"", ""output"": ""0""}, {""input"": ""11 8\n11 71\n"", ""output"": ""0""}, {""input"": ""11 2\n11 47\n"", ""output"": ""0""}, {""input"": ""11 8\n11 23\n"", ""output"": ""0""}, {""input"": ""11 1\n11 116\n"", ""output"": ""0""}, {""input"": ""11 1\n11 20\n"", ""output"": ""0""}, {""input"": ""11 6\n11 28\n"", ""output"": ""0""}, {""input"": ""11 20\n11 28\n"", ""output"": ""0""}, {""input"": ""11 21\n11 31\n"", ""output"": ""0""}, {""input"": ""11 8\n11 94\n"", ""output"": ""0""}, {""input"": ""11 3\n11 9\n"", ""output"": ""0""}, {""input"": ""11 6\n11 7\n"", ""output"": ""0""}, {""input"": ""11 5\n11 46\n"", ""output"": ""0""}, {""input"": ""11 8\n11 92\n"", ""output"": ""0""}, {""input"": ""11 8\n11 61\n"", ""output"": ""0""}, {""input"": ""11 4\n11 71\n"", ""output"": ""0""}, {""input"": ""11 17\n11 38\n"", ""output"": ""0""}, {""input"": ""11 14\n11 56\n"", ""output"": ""0""}, {""input"": ""11 2\n11 32\n"", ""output"": ""0""}, {""input"": ""11 8\n11 63\n"", ""output"": ""0""}, {""input"": ""11 6\n11 77\n"", ""output"": ""0""}, {""input"": ""11 30\n63 1\n"", ""output"": ""1""}, {""input"": ""11 8\n11 175\n"", ""output"": ""0""}, {""input"": ""11 2\n11 125\n"", ""output"": ""0""}, {""input"": ""11 8\n11 111\n"", ""output"": ""0""}, {""input"": ""11 1\n11 21\n"", ""output"": ""0""}, {""input"": ""11 12\n11 61\n"", ""output"": ""0""}, {""input"": ""11 17\n11 65\n"", ""output"": ""0""}, {""input"": ""11 8\n11 97\n"", ""output"": ""0""}, {""input"": ""11 3\n11 77\n"", ""output"": ""0""}, {""input"": ""11 2\n11 110\n"", ""output"": ""0""}, {""input"": ""11 8\n11 101\n"", ""output"": ""0""}, {""input"": ""11 1\n11 39\n"", ""output"": ""0""}, {""input"": ""11 3\n11 61\n"", ""output"": ""0""}, {""input"": ""11 17\n11 122\n"", ""output"": ""0""}, {""input"": ""11 4\n11 110\n"", ""output"": ""0""}, {""input"": ""11 11\n11 101\n"", ""output"": ""0""}, {""input"": ""11 1\n11 7\n"", ""output"": ""0""}, {""input"": ""11 2\n11 61\n"", ""output"": ""0""}, {""input"": ""11 2\n11 7\n"", ""output"": ""0""}, {""input"": ""11 2\n11 24\n"", ""output"": ""0""}, {""input"": ""11 4\n11 7\n"", ""output"": ""0""}, {""input"": ""11 2\n11 10\n"", ""output"": ""0""}, {""input"": ""11 16\n11 19\n"", ""output"": ""0""}, {""input"": ""11 7\n11 28\n"", ""output"": ""0""}, {""input"": ""11 5\n11 7\n"", ""output"": ""0""}, {""input"": ""6 30\n31 1\n"", ""output"": ""1""}, {""input"": ""11 12\n11 57\n"", ""output"": ""0""}, {""input"": ""11 30\n42 1\n"", ""output"": ""1""}, {""input"": ""11 16\n11 17\n"", ""output"": ""0""}, {""input"": ""11 16\n11 17\n"", ""output"": ""0""}, {""input"": ""11 30\n12 1\n"", ""output"": ""1""}]","Given the following C code and assembly code, your task is to generate highly optimized x86-64 assembly code.
C Code:

```c
#include <stdio.h>
 
int main (void)
{
 
int m1,m2,d1,d2;
 
scanf(""%d %d %d %d"",&m1,&d1,&m2,&d2);
 
printf(""%d"",m1 != m2);
 
return 0;
}```

Assembly Code:

```assembly
	.file	""temp.c""
	.text
	.section	.rodata.str1.1,""aMS"",@progbits,1
.LC0:
	.string	""%d %d %d %d""
.LC1:
	.string	""%d""
	.section	.text.startup,""ax"",@progbits
	.p2align 4
	.globl	main
	.type	main, @function
main:
.LFB23:
	.cfi_startproc
	endbr64
	subq	$40, %rsp
	.cfi_def_cfa_offset 48
	leaq	.LC0(%rip), %rdi
	movq	%fs:40, %rax
	movq	%rax, 24(%rsp)
	xorl	%eax, %eax
	leaq	16(%rsp), %rdx
	leaq	8(%rsp), %rsi
	leaq	12(%rsp), %rcx
	leaq	20(%rsp), %r8
	call	__isoc99_scanf@PLT
	movl	12(%rsp), %eax
	xorl	%edx, %edx
	cmpl	%eax, 8(%rsp)
	setne	%dl
	leaq	.LC1(%rip), %rsi
	xorl	%eax, %eax
	movl	$1, %edi
	call	__printf_chk@PLT
	movq	24(%rsp), %rax
	subq	%fs:40, %rax
	jne	.L5
	xorl	%eax, %eax
	addq	$40, %rsp
	.cfi_remember_state
	.cfi_def_cfa_offset 8
	ret
.L5:
	.cfi_restore_state
	call	__stack_chk_fail@PLT
	.cfi_endproc
.LFE23:
	.size	main, .-main
	.ident	""GCC: (Ubuntu 11.4.0-1ubuntu1~22.04) 11.4.0""
	.section	.note.GNU-stack,"""",@progbits
	.section	.note.gnu.property,""a""
	.align 8
	.long	1f - 0f
	.long	4f - 1f
	.long	5
0:
	.string	""GNU""
1:
	.align 8
	.long	0xc0000002
	.long	3f - 2f
2:
	.long	0x3
3:
	.align 8
4:
```

Only output the optimized assembly code. Do not include any other text. Do not write any comments in the assembly code. Wrap the assembly code in ```assembly``` tags.
Optimized Assembly Code:
","Given the following C code, your task is to generate highly optimized x86-64 assembly code.
C Code:

```c
#include <stdio.h>
 
int main (void)
{
 
int m1,m2,d1,d2;
 
scanf(""%d %d %d %d"",&m1,&d1,&m2,&d2);
 
printf(""%d"",m1 != m2);
 
return 0;
}```

Only output the optimized assembly code. Do not include any other text. Do not write any comments in the assembly code. Wrap the assembly code in ```assembly``` tags.
Optimized Assembly Code:
"
96,"```c
#include <stdio.h>
#include <math.h>
int main(void){
    int n;
    long long power=1;
    scanf(""%d"", &n);
    for(int i=1; i<=n; i++) power=(power*i)%(long long)(pow(10, 9)+7);
    printf(""%lld"", power);
    return 0;
}```","[{""input"": ""100001\n"", ""output"": ""755072381""}, {""input"": ""1\n"", ""output"": ""1""}, {""input"": ""15\n"", ""output"": ""674358851""}, {""input"": ""110001\n"", ""output"": ""817497558""}, {""input"": ""21\n"", ""output"": ""72847302""}, {""input"": ""110011\n"", ""output"": ""422312314""}, {""input"": ""39\n"", ""output"": ""444985875""}, {""input"": ""11\n"", ""output"": ""39916800""}, {""input"": ""6\n"", ""output"": ""720""}, {""input"": ""4\n"", ""output"": ""24""}, {""input"": ""7\n"", ""output"": ""5040""}, {""input"": ""2\n"", ""output"": ""2""}, {""input"": ""101001\n"", ""output"": ""249638241""}, {""input"": ""8\n"", ""output"": ""40320""}, {""input"": ""18\n"", ""output"": ""660911389""}, {""input"": ""110000\n"", ""output"": ""559938709""}, {""input"": ""111011\n"", ""output"": ""864631379""}, {""input"": ""30\n"", ""output"": ""109361473""}, {""input"": ""110111\n"", ""output"": ""246839490""}, {""input"": ""65\n"", ""output"": ""536698543""}, {""input"": ""5\n"", ""output"": ""120""}, {""input"": ""101000\n"", ""output"": ""810232079""}, {""input"": ""12\n"", ""output"": ""479001600""}, {""input"": ""110100\n"", ""output"": ""645894938""}, {""input"": ""111010\n"", ""output"": ""521433597""}, {""input"": ""40\n"", ""output"": ""799434881""}, {""input"": ""110010\n"", ""output"": ""893005454""}, {""input"": ""22\n"", ""output"": ""602640637""}, {""input"": ""9\n"", ""output"": ""362880""}, {""input"": ""111000\n"", ""output"": ""477645764""}, {""input"": ""16\n"", ""output"": ""789741546""}, {""input"": ""110110\n"", ""output"": ""887588411""}, {""input"": ""36\n"", ""output"": ""523095984""}, {""input"": ""14\n"", ""output"": ""178290591""}, {""input"": ""111001\n"", ""output"": ""157078631""}, {""input"": ""17\n"", ""output"": ""425606191""}, {""input"": ""53\n"", ""output"": ""272481214""}, {""input"": ""13\n"", ""output"": ""227020758""}, {""input"": ""101011\n"", ""output"": ""557593479""}, {""input"": ""20\n"", ""output"": ""146326063""}, {""input"": ""99\n"", ""output"": ""104379182""}, {""input"": ""27\n"", ""output"": ""394134213""}, {""input"": ""177\n"", ""output"": ""420330952""}, {""input"": ""26\n"", ""output"": ""459042011""}, {""input"": ""109\n"", ""output"": ""260451868""}, {""input"": ""38\n"", ""output"": ""472948359""}, {""input"": ""175\n"", ""output"": ""318708924""}, {""input"": ""34\n"", ""output"": ""943272305""}, {""input"": ""52\n"", ""output"": ""948537388""}, {""input"": ""24\n"", ""output"": ""657629300""}, {""input"": ""51\n"", ""output"": ""249010336""}, {""input"": ""33\n"", ""output"": ""57155068""}, {""input"": ""28\n"", ""output"": ""35757887""}, {""input"": ""31\n"", ""output"": ""390205642""}, {""input"": ""25\n"", ""output"": ""440732388""}, {""input"": ""23\n"", ""output"": ""860734560""}, {""input"": ""44\n"", ""output"": ""10503098""}, {""input"": ""50\n"", ""output"": ""318608048""}, {""input"": ""32\n"", ""output"": ""486580460""}, {""input"": ""55\n"", ""output"": ""269199917""}, {""input"": ""83\n"", ""output"": ""671814275""}, {""input"": ""54\n"", ""output"": ""713985458""}, {""input"": ""42\n"", ""output"": ""626855450""}, {""input"": ""35\n"", ""output"": ""14530444""}, {""input"": ""100100\n"", ""output"": ""573468634""}, {""input"": ""37\n"", ""output"": ""354551275""}, {""input"": ""77\n"", ""output"": ""661063309""}, {""input"": ""46\n"", ""output"": ""741412713""}, {""input"": ""59\n"", ""output"": ""133605669""}, {""input"": ""101101\n"", ""output"": ""511008164""}, {""input"": ""57\n"", ""output"": ""286129051""}, {""input"": ""80\n"", ""output"": ""766523501""}, {""input"": ""43\n"", ""output"": ""954784168""}, {""input"": ""101100\n"", ""output"": ""650720680""}, {""input"": ""47\n"", ""output"": ""846397273""}, {""input"": ""101110\n"", ""output"": ""175005504""}, {""input"": ""111110\n"", ""output"": ""910389867""}, {""input"": ""61\n"", ""output"": ""996745124""}, {""input"": ""101111\n"", ""output"": ""981391086""}, {""input"": ""19\n"", ""output"": ""557316307""}, {""input"": ""100110\n"", ""output"": ""97369367""}, {""input"": ""76\n"", ""output"": ""878715114""}, {""input"": ""56\n"", ""output"": ""75195247""}, {""input"": ""111100\n"", ""output"": ""759241785""}, {""input"": ""169\n"", ""output"": ""903643190""}, {""input"": ""48\n"", ""output"": ""627068824""}, {""input"": ""75\n"", ""output"": ""932614679""}, {""input"": ""162\n"", ""output"": ""674190056""}, {""input"": ""214\n"", ""output"": ""497191232""}, {""input"": ""72\n"", ""output"": ""518459667""}, {""input"": ""193\n"", ""output"": ""98399701""}, {""input"": ""63\n"", ""output"": ""286427093""}, {""input"": ""29\n"", ""output"": ""36978716""}, {""input"": ""90\n"", ""output"": ""749079870""}, {""input"": ""68\n"", ""output"": ""103956247""}, {""input"": ""45\n"", ""output"": ""472639410""}, {""input"": ""78\n"", ""output"": ""562937745""}, {""input"": ""41\n"", ""output"": ""776829897""}, {""input"": ""126\n"", ""output"": ""750244778""}, {""input"": ""89\n"", ""output"": ""674989781""}, {""input"": ""100000\n"", ""output"": ""457992974""}, {""input"": ""3\n"", ""output"": ""6""}, {""input"": ""10\n"", ""output"": ""3628800""}, {""input"": ""3\n"", ""output"": ""6""}]","Given the following C code and assembly code, your task is to generate highly optimized x86-64 assembly code.
C Code:

```c
#include <stdio.h>
#include <math.h>
int main(void){
    int n;
    long long power=1;
    scanf(""%d"", &n);
    for(int i=1; i<=n; i++) power=(power*i)%(long long)(pow(10, 9)+7);
    printf(""%lld"", power);
    return 0;
}```

Assembly Code:

```assembly
	.file	""temp.c""
	.text
	.section	.rodata.str1.1,""aMS"",@progbits,1
.LC0:
	.string	""%d""
.LC1:
	.string	""%lld""
	.section	.text.startup,""ax"",@progbits
	.p2align 4
	.globl	main
	.type	main, @function
main:
.LFB23:
	.cfi_startproc
	endbr64
	subq	$24, %rsp
	.cfi_def_cfa_offset 32
	leaq	.LC0(%rip), %rdi
	movq	%fs:40, %rax
	movq	%rax, 8(%rsp)
	xorl	%eax, %eax
	leaq	4(%rsp), %rsi
	call	__isoc99_scanf@PLT
	movl	4(%rsp), %eax
	testl	%eax, %eax
	jle	.L5
	leal	1(%rax), %r8d
	movl	$1, %esi
	movl	$1, %edx
	movabsq	$-8543223828751151131, %rdi
	.p2align 4,,10
	.p2align 3
.L3:
	movq	%rdx, %rcx
	imulq	%rsi, %rcx
	addq	$1, %rsi
	movq	%rcx, %rax
	imulq	%rdi
	movq	%rcx, %rax
	sarq	$63, %rax
	addq	%rcx, %rdx
	sarq	$29, %rdx
	subq	%rax, %rdx
	imulq	$1000000007, %rdx, %rax
	subq	%rax, %rcx
	movq	%rcx, %rdx
	cmpq	%r8, %rsi
	jne	.L3
.L2:
	xorl	%eax, %eax
	leaq	.LC1(%rip), %rsi
	movl	$1, %edi
	call	__printf_chk@PLT
	movq	8(%rsp), %rax
	subq	%fs:40, %rax
	jne	.L9
	xorl	%eax, %eax
	addq	$24, %rsp
	.cfi_remember_state
	.cfi_def_cfa_offset 8
	ret
.L5:
	.cfi_restore_state
	movl	$1, %edx
	jmp	.L2
.L9:
	call	__stack_chk_fail@PLT
	.cfi_endproc
.LFE23:
	.size	main, .-main
	.ident	""GCC: (Ubuntu 11.4.0-1ubuntu1~22.04) 11.4.0""
	.section	.note.GNU-stack,"""",@progbits
	.section	.note.gnu.property,""a""
	.align 8
	.long	1f - 0f
	.long	4f - 1f
	.long	5
0:
	.string	""GNU""
1:
	.align 8
	.long	0xc0000002
	.long	3f - 2f
2:
	.long	0x3
3:
	.align 8
4:
```

Only output the optimized assembly code. Do not include any other text. Do not write any comments in the assembly code. Wrap the assembly code in ```assembly``` tags.
Optimized Assembly Code:
","Given the following C code, your task is to generate highly optimized x86-64 assembly code.
C Code:

```c
#include <stdio.h>
#include <math.h>
int main(void){
    int n;
    long long power=1;
    scanf(""%d"", &n);
    for(int i=1; i<=n; i++) power=(power*i)%(long long)(pow(10, 9)+7);
    printf(""%lld"", power);
    return 0;
}```

Only output the optimized assembly code. Do not include any other text. Do not write any comments in the assembly code. Wrap the assembly code in ```assembly``` tags.
Optimized Assembly Code:
"
97,"```c
#include <stdio.h>

int main()
{
    long long a, b, n;
    scanf(""%lld %lld %lld"", &a, &b, &n);
    
    printf(""%lld"", ((n < b) ? (a * n / b) : (a * (b - 1) / b)));
    return 0;
}```","[{""input"": ""4 7 4\n"", ""output"": ""2""}, {""input"": ""1 7 4\n"", ""output"": ""0""}, {""input"": ""5 7 5\n"", ""output"": ""3""}, {""input"": ""2 7 4\n"", ""output"": ""1""}, {""input"": ""7 7 5\n"", ""output"": ""5""}, {""input"": ""20 10 3\n"", ""output"": ""6""}, {""input"": ""35 10 3\n"", ""output"": ""10""}, {""input"": ""9 6 5\n"", ""output"": ""7""}, {""input"": ""56 12 1\n"", ""output"": ""4""}, {""input"": ""11 4 4\n"", ""output"": ""8""}, {""input"": ""11 11 9\n"", ""output"": ""9""}, {""input"": ""-2 2 1\n"", ""output"": ""-1""}, {""input"": ""14 7 8\n"", ""output"": ""12""}, {""input"": ""42 7 3\n"", ""output"": ""18""}, {""input"": ""11 10 2\n"", ""output"": ""2""}, {""input"": ""2 10 2\n"", ""output"": ""0""}, {""input"": ""1 7 1\n"", ""output"": ""0""}, {""input"": ""2 10 0\n"", ""output"": ""0""}, {""input"": ""1 7 0\n"", ""output"": ""0""}, {""input"": ""2 11 0\n"", ""output"": ""0""}, {""input"": ""2 11 1\n"", ""output"": ""0""}, {""input"": ""3 11 1\n"", ""output"": ""0""}, {""input"": ""2 12 1\n"", ""output"": ""0""}, {""input"": ""3 12 1\n"", ""output"": ""0""}, {""input"": ""0 12 1\n"", ""output"": ""0""}, {""input"": ""0 12 2\n"", ""output"": ""0""}, {""input"": ""0 19 2\n"", ""output"": ""0""}, {""input"": ""0 19 3\n"", ""output"": ""0""}, {""input"": ""0 23 3\n"", ""output"": ""0""}, {""input"": ""0 35 3\n"", ""output"": ""0""}, {""input"": ""0 41 3\n"", ""output"": ""0""}, {""input"": ""0 34 3\n"", ""output"": ""0""}, {""input"": ""0 68 3\n"", ""output"": ""0""}, {""input"": ""1 68 3\n"", ""output"": ""0""}, {""input"": ""0 68 2\n"", ""output"": ""0""}, {""input"": ""0 130 2\n"", ""output"": ""0""}, {""input"": ""0 130 4\n"", ""output"": ""0""}, {""input"": ""1 130 4\n"", ""output"": ""0""}, {""input"": ""0 254 4\n"", ""output"": ""0""}, {""input"": ""1 1 4\n"", ""output"": ""0""}, {""input"": ""11 10 0\n"", ""output"": ""0""}, {""input"": ""11 10 3\n"", ""output"": ""3""}, {""input"": ""0 10 2\n"", ""output"": ""0""}, {""input"": ""1 9 1\n"", ""output"": ""0""}, {""input"": ""2 15 0\n"", ""output"": ""0""}, {""input"": ""0 7 0\n"", ""output"": ""0""}, {""input"": ""2 8 0\n"", ""output"": ""0""}, {""input"": ""4 11 1\n"", ""output"": ""0""}, {""input"": ""4 11 2\n"", ""output"": ""0""}, {""input"": ""2 12 2\n"", ""output"": ""0""}, {""input"": ""5 12 1\n"", ""output"": ""0""}, {""input"": ""1 12 2\n"", ""output"": ""0""}, {""input"": ""1 19 3\n"", ""output"": ""0""}, {""input"": ""0 23 5\n"", ""output"": ""0""}, {""input"": ""0 35 2\n"", ""output"": ""0""}, {""input"": ""1 41 3\n"", ""output"": ""0""}, {""input"": ""1 34 3\n"", ""output"": ""0""}, {""input"": ""0 73 3\n"", ""output"": ""0""}, {""input"": ""1 130 3\n"", ""output"": ""0""}, {""input"": ""0 22 2\n"", ""output"": ""0""}, {""input"": ""0 29 2\n"", ""output"": ""0""}, {""input"": ""1 260 4\n"", ""output"": ""0""}, {""input"": ""0 486 4\n"", ""output"": ""0""}, {""input"": ""1 1 2\n"", ""output"": ""0""}, {""input"": ""11 10 1\n"", ""output"": ""1""}, {""input"": ""0 5 2\n"", ""output"": ""0""}, {""input"": ""1 15 1\n"", ""output"": ""0""}, {""input"": ""2 20 0\n"", ""output"": ""0""}, {""input"": ""-1 7 0\n"", ""output"": ""0""}, {""input"": ""1 8 0\n"", ""output"": ""0""}, {""input"": ""7 11 1\n"", ""output"": ""0""}, {""input"": ""1 5 2\n"", ""output"": ""0""}, {""input"": ""10 12 1\n"", ""output"": ""0""}, {""input"": ""0 8 2\n"", ""output"": ""0""}, {""input"": ""1 36 3\n"", ""output"": ""0""}, {""input"": ""0 32 5\n"", ""output"": ""0""}, {""input"": ""0 35 1\n"", ""output"": ""0""}, {""input"": ""1 5 3\n"", ""output"": ""0""}, {""input"": ""1 34 1\n"", ""output"": ""0""}, {""input"": ""0 78 3\n"", ""output"": ""0""}, {""input"": ""0 130 3\n"", ""output"": ""0""}, {""input"": ""0 29 1\n"", ""output"": ""0""}, {""input"": ""2 260 4\n"", ""output"": ""0""}, {""input"": ""0 297 4\n"", ""output"": ""0""}, {""input"": ""1 1 3\n"", ""output"": ""0""}, {""input"": ""11 19 2\n"", ""output"": ""1""}, {""input"": ""9 7 5\n"", ""output"": ""6""}, {""input"": ""1 5 1\n"", ""output"": ""0""}, {""input"": ""1 15 0\n"", ""output"": ""0""}, {""input"": ""-1 1 0\n"", ""output"": ""0""}, {""input"": ""2 7 0\n"", ""output"": ""0""}, {""input"": ""7 20 1\n"", ""output"": ""0""}, {""input"": ""10 12 0\n"", ""output"": ""0""}, {""input"": ""0 1 2\n"", ""output"": ""0""}, {""input"": ""0 36 3\n"", ""output"": ""0""}, {""input"": ""1 32 5\n"", ""output"": ""0""}, {""input"": ""1 35 2\n"", ""output"": ""0""}, {""input"": ""1 8 3\n"", ""output"": ""0""}, {""input"": ""1 44 1\n"", ""output"": ""0""}, {""input"": ""0 30 3\n"", ""output"": ""0""}, {""input"": ""5 7 4\n"", ""output"": ""2""}, {""input"": ""5 7 4\n"", ""output"": ""2""}, {""input"": ""11 10 9\n"", ""output"": ""9""}]","Given the following C code and assembly code, your task is to generate highly optimized x86-64 assembly code.
C Code:

```c
#include <stdio.h>

int main()
{
    long long a, b, n;
    scanf(""%lld %lld %lld"", &a, &b, &n);
    
    printf(""%lld"", ((n < b) ? (a * n / b) : (a * (b - 1) / b)));
    return 0;
}```

Assembly Code:

```assembly
	.file	""temp.c""
	.text
	.section	.rodata.str1.1,""aMS"",@progbits,1
.LC0:
	.string	""%lld %lld %lld""
.LC1:
	.string	""%lld""
	.section	.text.startup,""ax"",@progbits
	.p2align 4
	.globl	main
	.type	main, @function
main:
.LFB23:
	.cfi_startproc
	endbr64
	subq	$40, %rsp
	.cfi_def_cfa_offset 48
	leaq	.LC0(%rip), %rdi
	movq	%fs:40, %rax
	movq	%rax, 24(%rsp)
	xorl	%eax, %eax
	leaq	16(%rsp), %rcx
	leaq	8(%rsp), %rdx
	movq	%rsp, %rsi
	call	__isoc99_scanf@PLT
	movq	16(%rsp), %rax
	movq	8(%rsp), %rcx
	cmpq	%rcx, %rax
	jl	.L6
	leaq	-1(%rcx), %rax
.L6:
	imulq	(%rsp), %rax
	leaq	.LC1(%rip), %rsi
	movl	$1, %edi
	cqto
	idivq	%rcx
	movq	%rax, %rdx
	xorl	%eax, %eax
	call	__printf_chk@PLT
	movq	24(%rsp), %rax
	subq	%fs:40, %rax
	jne	.L8
	xorl	%eax, %eax
	addq	$40, %rsp
	.cfi_remember_state
	.cfi_def_cfa_offset 8
	ret
.L8:
	.cfi_restore_state
	call	__stack_chk_fail@PLT
	.cfi_endproc
.LFE23:
	.size	main, .-main
	.ident	""GCC: (Ubuntu 11.4.0-1ubuntu1~22.04) 11.4.0""
	.section	.note.GNU-stack,"""",@progbits
	.section	.note.gnu.property,""a""
	.align 8
	.long	1f - 0f
	.long	4f - 1f
	.long	5
0:
	.string	""GNU""
1:
	.align 8
	.long	0xc0000002
	.long	3f - 2f
2:
	.long	0x3
3:
	.align 8
4:
```

Only output the optimized assembly code. Do not include any other text. Do not write any comments in the assembly code. Wrap the assembly code in ```assembly``` tags.
Optimized Assembly Code:
","Given the following C code, your task is to generate highly optimized x86-64 assembly code.
C Code:

```c
#include <stdio.h>

int main()
{
    long long a, b, n;
    scanf(""%lld %lld %lld"", &a, &b, &n);
    
    printf(""%lld"", ((n < b) ? (a * n / b) : (a * (b - 1) / b)));
    return 0;
}```

Only output the optimized assembly code. Do not include any other text. Do not write any comments in the assembly code. Wrap the assembly code in ```assembly``` tags.
Optimized Assembly Code:
"
98,"```c
#include <stdio.h>
int main(){
int H, W, i, j;
for (;;){
scanf(""%d %d"", &H, &W);
if (H == 0 && W == 0 ) break;
for ( i = 1; i < H+1; i++ ){
for ( j = 1; j < W+1; j++)
putchar('#');
putchar('\n');
}
printf(""\n"");
}
return 0;
}

```","[{""input"": ""3 4\n5 6\n2 3\n0 0\n"", ""output"": ""####\n####\n####\n\n######\n######\n######\n######\n######\n\n###\n###\n\n""}, {""input"": ""3 4\n5 6\n2 0\n0 0\n"", ""output"": ""####\n####\n####\n\n######\n######\n######\n######\n######\n\n\n\n\n""}, {""input"": ""3 4\n5 6\n2 4\n0 0\n"", ""output"": ""####\n####\n####\n\n######\n######\n######\n######\n######\n\n####\n####\n\n""}, {""input"": ""4 4\n5 6\n2 0\n0 0\n"", ""output"": ""####\n####\n####\n####\n\n######\n######\n######\n######\n######\n\n\n\n\n""}, {""input"": ""4 4\n5 6\n4 0\n0 0\n"", ""output"": ""####\n####\n####\n####\n\n######\n######\n######\n######\n######\n\n\n\n\n\n\n""}, {""input"": ""4 3\n5 6\n4 -1\n0 0\n"", ""output"": ""###\n###\n###\n###\n\n######\n######\n######\n######\n######\n\n\n\n\n\n\n""}, {""input"": ""3 5\n5 6\n2 2\n0 0\n"", ""output"": ""#####\n#####\n#####\n\n######\n######\n######\n######\n######\n\n##\n##\n\n""}, {""input"": ""3 4\n5 0\n2 2\n0 0\n"", ""output"": ""####\n####\n####\n\n\n\n\n\n\n\n##\n##\n\n""}, {""input"": ""3 4\n5 6\n2 1\n0 0\n"", ""output"": ""####\n####\n####\n\n######\n######\n######\n######\n######\n\n#\n#\n\n""}, {""input"": ""6 4\n5 6\n2 4\n0 0\n"", ""output"": ""####\n####\n####\n####\n####\n####\n\n######\n######\n######\n######\n######\n\n####\n####\n\n""}, {""input"": ""3 4\n5 6\n4 -1\n0 0\n"", ""output"": ""####\n####\n####\n\n######\n######\n######\n######\n######\n\n\n\n\n\n\n""}, {""input"": ""8 3\n5 6\n4 -1\n0 0\n"", ""output"": ""###\n###\n###\n###\n###\n###\n###\n###\n\n######\n######\n######\n######\n######\n\n\n\n\n\n\n""}, {""input"": ""3 5\n5 6\n3 2\n0 0\n"", ""output"": ""#####\n#####\n#####\n\n######\n######\n######\n######\n######\n\n##\n##\n##\n\n""}, {""input"": ""4 4\n5 6\n2 1\n0 0\n"", ""output"": ""####\n####\n####\n####\n\n######\n######\n######\n######\n######\n\n#\n#\n\n""}, {""input"": ""6 4\n5 6\n2 1\n0 0\n"", ""output"": ""####\n####\n####\n####\n####\n####\n\n######\n######\n######\n######\n######\n\n#\n#\n\n""}, {""input"": ""8 3\n5 12\n4 -1\n0 0\n"", ""output"": ""###\n###\n###\n###\n###\n###\n###\n###\n\n############\n############\n############\n############\n############\n\n\n\n\n\n\n""}, {""input"": ""3 5\n5 6\n3 1\n0 0\n"", ""output"": ""#####\n#####\n#####\n\n######\n######\n######\n######\n######\n\n#\n#\n#\n\n""}, {""input"": ""4 4\n5 -1\n2 2\n0 0\n"", ""output"": ""####\n####\n####\n####\n\n\n\n\n\n\n\n##\n##\n\n""}, {""input"": ""6 4\n5 6\n0 1\n0 0\n"", ""output"": ""####\n####\n####\n####\n####\n####\n\n######\n######\n######\n######\n######\n\n\n""}, {""input"": ""8 3\n5 11\n4 -1\n0 0\n"", ""output"": ""###\n###\n###\n###\n###\n###\n###\n###\n\n###########\n###########\n###########\n###########\n###########\n\n\n\n\n\n\n""}, {""input"": ""3 1\n5 6\n3 1\n0 0\n"", ""output"": ""#\n#\n#\n\n######\n######\n######\n######\n######\n\n#\n#\n#\n\n""}, {""input"": ""6 4\n5 6\n-1 1\n0 0\n"", ""output"": ""####\n####\n####\n####\n####\n####\n\n######\n######\n######\n######\n######\n\n\n""}, {""input"": ""8 2\n5 11\n4 -1\n0 0\n"", ""output"": ""##\n##\n##\n##\n##\n##\n##\n##\n\n###########\n###########\n###########\n###########\n###########\n\n\n\n\n\n\n""}, {""input"": ""6 4\n5 9\n-1 0\n0 0\n"", ""output"": ""####\n####\n####\n####\n####\n####\n\n#########\n#########\n#########\n#########\n#########\n\n\n""}, {""input"": ""8 2\n5 22\n4 -2\n0 0\n"", ""output"": ""##\n##\n##\n##\n##\n##\n##\n##\n\n######################\n######################\n######################\n######################\n######################\n\n\n\n\n\n\n""}, {""input"": ""6 4\n6 9\n-1 0\n0 0\n"", ""output"": ""####\n####\n####\n####\n####\n####\n\n#########\n#########\n#########\n#########\n#########\n#########\n\n\n""}, {""input"": ""3 4\n9 6\n2 0\n0 0\n"", ""output"": ""####\n####\n####\n\n######\n######\n######\n######\n######\n######\n######\n######\n######\n\n\n\n\n""}, {""input"": ""3 4\n6 6\n2 4\n0 0\n"", ""output"": ""####\n####\n####\n\n######\n######\n######\n######\n######\n######\n\n####\n####\n\n""}, {""input"": ""3 4\n5 6\n1 0\n0 0\n"", ""output"": ""####\n####\n####\n\n######\n######\n######\n######\n######\n\n\n\n""}, {""input"": ""3 4\n10 6\n2 4\n0 0\n"", ""output"": ""####\n####\n####\n\n######\n######\n######\n######\n######\n######\n######\n######\n######\n######\n\n####\n####\n\n""}, {""input"": ""3 5\n5 5\n2 2\n0 0\n"", ""output"": ""#####\n#####\n#####\n\n#####\n#####\n#####\n#####\n#####\n\n##\n##\n\n""}, {""input"": ""3 4\n10 0\n2 2\n0 0\n"", ""output"": ""####\n####\n####\n\n\n\n\n\n\n\n\n\n\n\n\n##\n##\n\n""}, {""input"": ""4 4\n5 9\n2 -1\n0 0\n"", ""output"": ""####\n####\n####\n####\n\n#########\n#########\n#########\n#########\n#########\n\n\n\n\n""}, {""input"": ""3 8\n5 6\n4 -1\n0 0\n"", ""output"": ""########\n########\n########\n\n######\n######\n######\n######\n######\n\n\n\n\n\n\n""}, {""input"": ""8 3\n5 9\n4 -1\n0 0\n"", ""output"": ""###\n###\n###\n###\n###\n###\n###\n###\n\n#########\n#########\n#########\n#########\n#########\n\n\n\n\n\n\n""}, {""input"": ""3 5\n5 6\n6 2\n0 0\n"", ""output"": ""#####\n#####\n#####\n\n######\n######\n######\n######\n######\n\n##\n##\n##\n##\n##\n##\n\n""}, {""input"": ""3 0\n5 -1\n2 2\n0 0\n"", ""output"": ""\n\n\n\n\n\n\n\n\n\n##\n##\n\n""}, {""input"": ""4 4\n5 5\n2 1\n0 0\n"", ""output"": ""####\n####\n####\n####\n\n#####\n#####\n#####\n#####\n#####\n\n#\n#\n\n""}, {""input"": ""6 4\n5 4\n2 1\n0 0\n"", ""output"": ""####\n####\n####\n####\n####\n####\n\n####\n####\n####\n####\n####\n\n#\n#\n\n""}, {""input"": ""3 2\n5 6\n3 1\n0 0\n"", ""output"": ""##\n##\n##\n\n######\n######\n######\n######\n######\n\n#\n#\n#\n\n""}, {""input"": ""6 1\n5 6\n0 1\n0 0\n"", ""output"": ""#\n#\n#\n#\n#\n#\n\n######\n######\n######\n######\n######\n\n\n""}, {""input"": ""7 3\n5 11\n4 -1\n0 0\n"", ""output"": ""###\n###\n###\n###\n###\n###\n###\n\n###########\n###########\n###########\n###########\n###########\n\n\n\n\n\n\n""}, {""input"": ""3 1\n5 10\n3 1\n0 0\n"", ""output"": ""#\n#\n#\n\n##########\n##########\n##########\n##########\n##########\n\n#\n#\n#\n\n""}, {""input"": ""3 4\n5 6\n-1 1\n0 0\n"", ""output"": ""####\n####\n####\n\n######\n######\n######\n######\n######\n\n\n""}, {""input"": ""8 4\n5 6\n-1 0\n0 0\n"", ""output"": ""####\n####\n####\n####\n####\n####\n####\n####\n\n######\n######\n######\n######\n######\n\n\n""}, {""input"": ""13 2\n5 11\n4 -2\n0 0\n"", ""output"": ""##\n##\n##\n##\n##\n##\n##\n##\n##\n##\n##\n##\n##\n\n###########\n###########\n###########\n###########\n###########\n\n\n\n\n\n\n""}, {""input"": ""9 4\n5 9\n-1 0\n0 0\n"", ""output"": ""####\n####\n####\n####\n####\n####\n####\n####\n####\n\n#########\n#########\n#########\n#########\n#########\n\n\n""}, {""input"": ""6 4\n6 7\n-1 0\n0 0\n"", ""output"": ""####\n####\n####\n####\n####\n####\n\n#######\n#######\n#######\n#######\n#######\n#######\n\n\n""}, {""input"": ""6 1\n6 9\n-2 0\n0 0\n"", ""output"": ""#\n#\n#\n#\n#\n#\n\n#########\n#########\n#########\n#########\n#########\n#########\n\n\n""}, {""input"": ""3 4\n9 6\n2 1\n0 0\n"", ""output"": ""####\n####\n####\n\n######\n######\n######\n######\n######\n######\n######\n######\n######\n\n#\n#\n\n""}, {""input"": ""3 4\n15 6\n2 4\n0 0\n"", ""output"": ""####\n####\n####\n\n######\n######\n######\n######\n######\n######\n######\n######\n######\n######\n######\n######\n######\n######\n######\n\n####\n####\n\n""}, {""input"": ""3 5\n5 2\n2 2\n0 0\n"", ""output"": ""#####\n#####\n#####\n\n##\n##\n##\n##\n##\n\n##\n##\n\n""}, {""input"": ""3 0\n5 6\n4 -1\n0 0\n"", ""output"": ""\n\n\n\n######\n######\n######\n######\n######\n\n\n\n\n\n\n""}, {""input"": ""4 6\n5 5\n2 1\n0 0\n"", ""output"": ""######\n######\n######\n######\n\n#####\n#####\n#####\n#####\n#####\n\n#\n#\n\n""}, {""input"": ""10 4\n5 4\n2 1\n0 0\n"", ""output"": ""####\n####\n####\n####\n####\n####\n####\n####\n####\n####\n\n####\n####\n####\n####\n####\n\n#\n#\n\n""}, {""input"": ""2 2\n5 6\n3 1\n0 0\n"", ""output"": ""##\n##\n\n######\n######\n######\n######\n######\n\n#\n#\n#\n\n""}, {""input"": ""5 4\n5 -2\n2 2\n0 0\n"", ""output"": ""####\n####\n####\n####\n####\n\n\n\n\n\n\n\n##\n##\n\n""}, {""input"": ""6 1\n2 6\n0 1\n0 0\n"", ""output"": ""#\n#\n#\n#\n#\n#\n\n######\n######\n\n\n""}, {""input"": ""7 3\n4 11\n4 -1\n0 0\n"", ""output"": ""###\n###\n###\n###\n###\n###\n###\n\n###########\n###########\n###########\n###########\n\n\n\n\n\n\n""}, {""input"": ""6 1\n5 10\n3 1\n0 0\n"", ""output"": ""#\n#\n#\n#\n#\n#\n\n##########\n##########\n##########\n##########\n##########\n\n#\n#\n#\n\n""}, {""input"": ""5 4\n5 6\n-1 1\n0 0\n"", ""output"": ""####\n####\n####\n####\n####\n\n######\n######\n######\n######\n######\n\n\n""}, {""input"": ""10 4\n5 6\n-1 0\n0 0\n"", ""output"": ""####\n####\n####\n####\n####\n####\n####\n####\n####\n####\n\n######\n######\n######\n######\n######\n\n\n""}, {""input"": ""4 4\n5 9\n-1 0\n0 0\n"", ""output"": ""####\n####\n####\n####\n\n#########\n#########\n#########\n#########\n#########\n\n\n""}, {""input"": ""3 4\n13 6\n2 1\n0 0\n"", ""output"": ""####\n####\n####\n\n######\n######\n######\n######\n######\n######\n######\n######\n######\n######\n######\n######\n######\n\n#\n#\n\n""}, {""input"": ""1 4\n15 6\n2 4\n0 0\n"", ""output"": ""####\n\n######\n######\n######\n######\n######\n######\n######\n######\n######\n######\n######\n######\n######\n######\n######\n\n####\n####\n\n""}, {""input"": ""3 5\n5 4\n2 2\n0 0\n"", ""output"": ""#####\n#####\n#####\n\n####\n####\n####\n####\n####\n\n##\n##\n\n""}, {""input"": ""8 4\n5 9\n2 0\n0 0\n"", ""output"": ""####\n####\n####\n####\n####\n####\n####\n####\n\n#########\n#########\n#########\n#########\n#########\n\n\n\n\n""}, {""input"": ""2 0\n5 6\n4 -1\n0 0\n"", ""output"": ""\n\n\n######\n######\n######\n######\n######\n\n\n\n\n\n\n""}, {""input"": ""6 0\n5 0\n2 2\n0 0\n"", ""output"": ""\n\n\n\n\n\n\n\n\n\n\n\n\n##\n##\n\n""}, {""input"": ""10 6\n5 4\n2 1\n0 0\n"", ""output"": ""######\n######\n######\n######\n######\n######\n######\n######\n######\n######\n\n####\n####\n####\n####\n####\n\n#\n#\n\n""}, {""input"": ""2 0\n5 6\n3 1\n0 0\n"", ""output"": ""\n\n\n######\n######\n######\n######\n######\n\n#\n#\n#\n\n""}, {""input"": ""6 0\n2 6\n0 1\n0 0\n"", ""output"": ""\n\n\n\n\n\n\n######\n######\n\n\n""}, {""input"": ""7 3\n4 11\n6 -1\n0 0\n"", ""output"": ""###\n###\n###\n###\n###\n###\n###\n\n###########\n###########\n###########\n###########\n\n\n\n\n\n\n\n\n""}, {""input"": ""1 1\n5 10\n3 1\n0 0\n"", ""output"": ""#\n\n##########\n##########\n##########\n##########\n##########\n\n#\n#\n#\n\n""}, {""input"": ""5 4\n1 6\n-1 1\n0 0\n"", ""output"": ""####\n####\n####\n####\n####\n\n######\n\n\n""}, {""input"": ""3 4\n13 6\n4 1\n0 0\n"", ""output"": ""####\n####\n####\n\n######\n######\n######\n######\n######\n######\n######\n######\n######\n######\n######\n######\n######\n\n#\n#\n#\n#\n\n""}, {""input"": ""1 4\n15 6\n2 6\n0 0\n"", ""output"": ""####\n\n######\n######\n######\n######\n######\n######\n######\n######\n######\n######\n######\n######\n######\n######\n######\n\n######\n######\n\n""}, {""input"": ""3 5\n5 4\n2 3\n0 0\n"", ""output"": ""#####\n#####\n#####\n\n####\n####\n####\n####\n####\n\n###\n###\n\n""}, {""input"": ""6 4\n1 6\n-1 3\n0 0\n"", ""output"": ""####\n####\n####\n####\n####\n####\n\n######\n\n\n""}, {""input"": ""2 0\n5 6\n1 -1\n0 0\n"", ""output"": ""\n\n\n######\n######\n######\n######\n######\n\n\n\n""}, {""input"": ""10 6\n5 6\n2 1\n0 0\n"", ""output"": ""######\n######\n######\n######\n######\n######\n######\n######\n######\n######\n\n######\n######\n######\n######\n######\n\n#\n#\n\n""}, {""input"": ""6 0\n2 6\n-1 1\n0 0\n"", ""output"": ""\n\n\n\n\n\n\n######\n######\n\n\n""}, {""input"": ""1 1\n5 5\n3 1\n0 0\n"", ""output"": ""#\n\n#####\n#####\n#####\n#####\n#####\n\n#\n#\n#\n\n""}, {""input"": ""5 4\n1 9\n-1 1\n0 0\n"", ""output"": ""####\n####\n####\n####\n####\n\n#########\n\n\n""}, {""input"": ""1 4\n5 6\n-1 -1\n0 0\n"", ""output"": ""####\n\n######\n######\n######\n######\n######\n\n\n""}, {""input"": ""1 3\n15 6\n2 6\n0 0\n"", ""output"": ""###\n\n######\n######\n######\n######\n######\n######\n######\n######\n######\n######\n######\n######\n######\n######\n######\n\n######\n######\n\n""}, {""input"": ""6 5\n5 4\n2 3\n0 0\n"", ""output"": ""#####\n#####\n#####\n#####\n#####\n#####\n\n####\n####\n####\n####\n####\n\n###\n###\n\n""}, {""input"": ""11 4\n1 6\n-1 3\n0 0\n"", ""output"": ""####\n####\n####\n####\n####\n####\n####\n####\n####\n####\n####\n\n######\n\n\n""}, {""input"": ""2 0\n1 6\n1 -1\n0 0\n"", ""output"": ""\n\n\n######\n\n\n\n""}, {""input"": ""6 6\n5 6\n2 1\n0 0\n"", ""output"": ""######\n######\n######\n######\n######\n######\n\n######\n######\n######\n######\n######\n\n#\n#\n\n""}, {""input"": ""1 1\n5 5\n5 1\n0 0\n"", ""output"": ""#\n\n#####\n#####\n#####\n#####\n#####\n\n#\n#\n#\n#\n#\n\n""}, {""input"": ""1 3\n15 6\n2 1\n0 0\n"", ""output"": ""###\n\n######\n######\n######\n######\n######\n######\n######\n######\n######\n######\n######\n######\n######\n######\n######\n\n#\n#\n\n""}, {""input"": ""6 6\n5 4\n2 3\n0 0\n"", ""output"": ""######\n######\n######\n######\n######\n######\n\n####\n####\n####\n####\n####\n\n###\n###\n\n""}, {""input"": ""1 0\n1 6\n1 -1\n0 0\n"", ""output"": ""\n\n######\n\n\n\n""}, {""input"": ""6 6\n5 6\n2 2\n0 0\n"", ""output"": ""######\n######\n######\n######\n######\n######\n\n######\n######\n######\n######\n######\n\n##\n##\n\n""}, {""input"": ""2 1\n5 5\n5 1\n0 0\n"", ""output"": ""#\n#\n\n#####\n#####\n#####\n#####\n#####\n\n#\n#\n#\n#\n#\n\n""}, {""input"": ""1 3\n15 6\n2 0\n0 0\n"", ""output"": ""###\n\n######\n######\n######\n######\n######\n######\n######\n######\n######\n######\n######\n######\n######\n######\n######\n\n\n\n\n""}, {""input"": ""6 4\n5 4\n2 3\n0 0\n"", ""output"": ""####\n####\n####\n####\n####\n####\n\n####\n####\n####\n####\n####\n\n###\n###\n\n""}, {""input"": ""11 4\n2 6\n-1 5\n0 0\n"", ""output"": ""####\n####\n####\n####\n####\n####\n####\n####\n####\n####\n####\n\n######\n######\n\n\n""}, {""input"": ""1 0\n1 6\n2 -1\n0 0\n"", ""output"": ""\n\n######\n\n\n\n\n""}, {""input"": ""3 4\n5 6\n2 2\n0 0\n"", ""output"": ""####\n####\n####\n\n######\n######\n######\n######\n######\n\n##\n##\n\n""}, {""input"": ""3 4\n5 6\n2 2\n0 0\n"", ""output"": ""####\n####\n####\n\n######\n######\n######\n######\n######\n\n##\n##\n\n""}]","Given the following C code and assembly code, your task is to generate highly optimized x86-64 assembly code.
C Code:

```c
#include <stdio.h>
int main(){
int H, W, i, j;
for (;;){
scanf(""%d %d"", &H, &W);
if (H == 0 && W == 0 ) break;
for ( i = 1; i < H+1; i++ ){
for ( j = 1; j < W+1; j++)
putchar('#');
putchar('\n');
}
printf(""\n"");
}
return 0;
}

```

Assembly Code:

```assembly
	.file	""temp.c""
	.text
	.section	.rodata.str1.1,""aMS"",@progbits,1
.LC0:
	.string	""%d %d""
	.section	.text.startup,""ax"",@progbits
	.p2align 4
	.globl	main
	.type	main, @function
main:
.LFB23:
	.cfi_startproc
	endbr64
	pushq	%r14
	.cfi_def_cfa_offset 16
	.cfi_offset 14, -16
	pushq	%r13
	.cfi_def_cfa_offset 24
	.cfi_offset 13, -24
	pushq	%r12
	.cfi_def_cfa_offset 32
	.cfi_offset 12, -32
	leaq	.LC0(%rip), %r12
	pushq	%rbp
	.cfi_def_cfa_offset 40
	.cfi_offset 6, -40
	pushq	%rbx
	.cfi_def_cfa_offset 48
	.cfi_offset 3, -48
	subq	$16, %rsp
	.cfi_def_cfa_offset 64
	movq	%fs:40, %rax
	movq	%rax, 8(%rsp)
	xorl	%eax, %eax
	leaq	4(%rsp), %r14
	movq	%rsp, %r13
	jmp	.L8
.L2:
	movl	4(%rsp), %edx
	testl	%edx, %edx
	je	.L17
.L4:
	movl	$10, %edi
	call	putchar@PLT
.L8:
	movq	%r14, %rdx
	movq	%r13, %rsi
	movq	%r12, %rdi
	xorl	%eax, %eax
	call	__isoc99_scanf@PLT
	movl	(%rsp), %ecx
	testl	%ecx, %ecx
	je	.L2
	jle	.L4
	movl	$1, %ebp
	.p2align 4,,10
	.p2align 3
.L3:
	movl	4(%rsp), %eax
	movl	$1, %ebx
	testl	%eax, %eax
	jle	.L7
	.p2align 4,,10
	.p2align 3
.L6:
	movq	stdout(%rip), %rsi
	movl	$35, %edi
	addl	$1, %ebx
	call	putc@PLT
	cmpl	%ebx, 4(%rsp)
	jge	.L6
.L7:
	movq	stdout(%rip), %rsi
	movl	$10, %edi
	addl	$1, %ebp
	call	putc@PLT
	cmpl	%ebp, (%rsp)
	jge	.L3
	jmp	.L4
.L17:
	movq	8(%rsp), %rax
	subq	%fs:40, %rax
	jne	.L18
	addq	$16, %rsp
	.cfi_remember_state
	.cfi_def_cfa_offset 48
	xorl	%eax, %eax
	popq	%rbx
	.cfi_def_cfa_offset 40
	popq	%rbp
	.cfi_def_cfa_offset 32
	popq	%r12
	.cfi_def_cfa_offset 24
	popq	%r13
	.cfi_def_cfa_offset 16
	popq	%r14
	.cfi_def_cfa_offset 8
	ret
.L18:
	.cfi_restore_state
	call	__stack_chk_fail@PLT
	.cfi_endproc
.LFE23:
	.size	main, .-main
	.ident	""GCC: (Ubuntu 11.4.0-1ubuntu1~22.04) 11.4.0""
	.section	.note.GNU-stack,"""",@progbits
	.section	.note.gnu.property,""a""
	.align 8
	.long	1f - 0f
	.long	4f - 1f
	.long	5
0:
	.string	""GNU""
1:
	.align 8
	.long	0xc0000002
	.long	3f - 2f
2:
	.long	0x3
3:
	.align 8
4:
```

Only output the optimized assembly code. Do not include any other text. Do not write any comments in the assembly code. Wrap the assembly code in ```assembly``` tags.
Optimized Assembly Code:
","Given the following C code, your task is to generate highly optimized x86-64 assembly code.
C Code:

```c
#include <stdio.h>
int main(){
int H, W, i, j;
for (;;){
scanf(""%d %d"", &H, &W);
if (H == 0 && W == 0 ) break;
for ( i = 1; i < H+1; i++ ){
for ( j = 1; j < W+1; j++)
putchar('#');
putchar('\n');
}
printf(""\n"");
}
return 0;
}

```

Only output the optimized assembly code. Do not include any other text. Do not write any comments in the assembly code. Wrap the assembly code in ```assembly``` tags.
Optimized Assembly Code:
"
99,"```c
#include<stdio.h>


int main()
{
    int S,W;
    scanf(""%d %d"",&S,&W);
    if(S>W)
        printf(""safe"");
    else
        printf(""unsafe"");
    return 0;
}
```","[{""input"": ""1 5\n"", ""output"": ""unsafe""}, {""input"": ""101 2\n"", ""output"": ""safe""}, {""input"": ""5 10\n"", ""output"": ""unsafe""}, {""input"": ""1 6\n"", ""output"": ""unsafe""}, {""input"": ""111 2\n"", ""output"": ""safe""}, {""input"": ""8 10\n"", ""output"": ""unsafe""}, {""input"": ""0 6\n"", ""output"": ""unsafe""}, {""input"": ""111 0\n"", ""output"": ""safe""}, {""input"": ""11 10\n"", ""output"": ""safe""}, {""input"": ""-1 6\n"", ""output"": ""unsafe""}, {""input"": ""111 -1\n"", ""output"": ""safe""}, {""input"": ""6 10\n"", ""output"": ""unsafe""}, {""input"": ""-1 9\n"", ""output"": ""unsafe""}, {""input"": ""101 -1\n"", ""output"": ""safe""}, {""input"": ""3 10\n"", ""output"": ""unsafe""}, {""input"": ""-1 7\n"", ""output"": ""unsafe""}, {""input"": ""001 -1\n"", ""output"": ""safe""}, {""input"": ""5 14\n"", ""output"": ""unsafe""}, {""input"": ""0 7\n"", ""output"": ""unsafe""}, {""input"": ""001 0\n"", ""output"": ""safe""}, {""input"": ""1 14\n"", ""output"": ""unsafe""}, {""input"": ""0 10\n"", ""output"": ""unsafe""}, {""input"": ""101 0\n"", ""output"": ""safe""}, {""input"": ""1 19\n"", ""output"": ""unsafe""}, {""input"": ""0 8\n"", ""output"": ""unsafe""}, {""input"": ""100 -1\n"", ""output"": ""safe""}, {""input"": ""1 17\n"", ""output"": ""unsafe""}, {""input"": ""0 1\n"", ""output"": ""unsafe""}, {""input"": ""100 0\n"", ""output"": ""safe""}, {""input"": ""0 17\n"", ""output"": ""unsafe""}, {""input"": ""-1 1\n"", ""output"": ""unsafe""}, {""input"": ""000 -1\n"", ""output"": ""safe""}, {""input"": ""0 13\n"", ""output"": ""unsafe""}, {""input"": ""0 0\n"", ""output"": ""unsafe""}, {""input"": ""010 -1\n"", ""output"": ""safe""}, {""input"": ""0 14\n"", ""output"": ""unsafe""}, {""input"": ""0 -1\n"", ""output"": ""safe""}, {""input"": ""000 -2\n"", ""output"": ""safe""}, {""input"": ""1 13\n"", ""output"": ""unsafe""}, {""input"": ""-1 -1\n"", ""output"": ""unsafe""}, {""input"": ""001 -2\n"", ""output"": ""safe""}, {""input"": ""1 16\n"", ""output"": ""unsafe""}, {""input"": ""-1 0\n"", ""output"": ""unsafe""}, {""input"": ""010 -2\n"", ""output"": ""safe""}, {""input"": ""2 19\n"", ""output"": ""unsafe""}, {""input"": ""1 0\n"", ""output"": ""safe""}, {""input"": ""011 -2\n"", ""output"": ""safe""}, {""input"": ""0 19\n"", ""output"": ""unsafe""}, {""input"": ""1 -1\n"", ""output"": ""safe""}, {""input"": ""111 -2\n"", ""output"": ""safe""}, {""input"": ""1 1\n"", ""output"": ""unsafe""}, {""input"": ""1 -2\n"", ""output"": ""safe""}, {""input"": ""011 -1\n"", ""output"": ""safe""}, {""input"": ""1 2\n"", ""output"": ""unsafe""}, {""input"": ""2 -2\n"", ""output"": ""safe""}, {""input"": ""010 0\n"", ""output"": ""safe""}, {""input"": ""2 2\n"", ""output"": ""unsafe""}, {""input"": ""2 -1\n"", ""output"": ""safe""}, {""input"": ""110 0\n"", ""output"": ""safe""}, {""input"": ""2 3\n"", ""output"": ""unsafe""}, {""input"": ""-1 -2\n"", ""output"": ""safe""}, {""input"": ""101 -2\n"", ""output"": ""safe""}, {""input"": ""3 3\n"", ""output"": ""unsafe""}, {""input"": ""-1 -3\n"", ""output"": ""safe""}, {""input"": ""000 -4\n"", ""output"": ""safe""}, {""input"": ""3 1\n"", ""output"": ""safe""}, {""input"": ""-1 -4\n"", ""output"": ""safe""}, {""input"": ""001 -4\n"", ""output"": ""safe""}, {""input"": ""3 0\n"", ""output"": ""safe""}, {""input"": ""0 -4\n"", ""output"": ""safe""}, {""input"": ""011 -4\n"", ""output"": ""safe""}, {""input"": ""0 2\n"", ""output"": ""unsafe""}, {""input"": ""0 -6\n"", ""output"": ""safe""}, {""input"": ""000 -5\n"", ""output"": ""safe""}, {""input"": ""0 -2\n"", ""output"": ""safe""}, {""input"": ""0 -12\n"", ""output"": ""safe""}, {""input"": ""010 -5\n"", ""output"": ""safe""}, {""input"": ""1 -4\n"", ""output"": ""safe""}, {""input"": ""-1 -12\n"", ""output"": ""safe""}, {""input"": ""011 0\n"", ""output"": ""safe""}, {""input"": ""-2 -2\n"", ""output"": ""unsafe""}, {""input"": ""0 -23\n"", ""output"": ""safe""}, {""input"": ""000 0\n"", ""output"": ""unsafe""}, {""input"": ""-2 -4\n"", ""output"": ""safe""}, {""input"": ""1 -23\n"", ""output"": ""safe""}, {""input"": ""000 1\n"", ""output"": ""unsafe""}, {""input"": ""-3 -4\n"", ""output"": ""safe""}, {""input"": ""0 -30\n"", ""output"": ""safe""}, {""input"": ""001 1\n"", ""output"": ""unsafe""}, {""input"": ""-3 -3\n"", ""output"": ""unsafe""}, {""input"": ""1 -30\n"", ""output"": ""safe""}, {""input"": ""101 1\n"", ""output"": ""safe""}, {""input"": ""-3 -6\n"", ""output"": ""safe""}, {""input"": ""1 -5\n"", ""output"": ""safe""}, {""input"": ""100 1\n"", ""output"": ""safe""}, {""input"": ""-6 -6\n"", ""output"": ""unsafe""}, {""input"": ""2 0\n"", ""output"": ""safe""}, {""input"": ""110 -1\n"", ""output"": ""safe""}, {""input"": ""-6 -9\n"", ""output"": ""safe""}, {""input"": ""2 1\n"", ""output"": ""safe""}, {""input"": ""4 5\n"", ""output"": ""unsafe""}, {""input"": ""4 5\n"", ""output"": ""unsafe""}, {""input"": ""10 10\n"", ""output"": ""unsafe""}, {""input"": ""100 2\n"", ""output"": ""safe""}]","Given the following C code and assembly code, your task is to generate highly optimized x86-64 assembly code.
C Code:

```c
#include<stdio.h>


int main()
{
    int S,W;
    scanf(""%d %d"",&S,&W);
    if(S>W)
        printf(""safe"");
    else
        printf(""unsafe"");
    return 0;
}
```

Assembly Code:

```assembly
	.file	""temp.c""
	.text
	.section	.rodata.str1.1,""aMS"",@progbits,1
.LC0:
	.string	""%d %d""
.LC1:
	.string	""safe""
.LC2:
	.string	""unsafe""
	.section	.text.startup,""ax"",@progbits
	.p2align 4
	.globl	main
	.type	main, @function
main:
.LFB23:
	.cfi_startproc
	endbr64
	subq	$24, %rsp
	.cfi_def_cfa_offset 32
	leaq	.LC0(%rip), %rdi
	movq	%fs:40, %rax
	movq	%rax, 8(%rsp)
	xorl	%eax, %eax
	leaq	4(%rsp), %rdx
	movq	%rsp, %rsi
	call	__isoc99_scanf@PLT
	movl	4(%rsp), %eax
	cmpl	%eax, (%rsp)
	jle	.L2
	leaq	.LC1(%rip), %rsi
	movl	$1, %edi
	xorl	%eax, %eax
	call	__printf_chk@PLT
.L3:
	movq	8(%rsp), %rax
	subq	%fs:40, %rax
	jne	.L7
	xorl	%eax, %eax
	addq	$24, %rsp
	.cfi_remember_state
	.cfi_def_cfa_offset 8
	ret
.L2:
	.cfi_restore_state
	leaq	.LC2(%rip), %rsi
	movl	$1, %edi
	xorl	%eax, %eax
	call	__printf_chk@PLT
	jmp	.L3
.L7:
	call	__stack_chk_fail@PLT
	.cfi_endproc
.LFE23:
	.size	main, .-main
	.ident	""GCC: (Ubuntu 11.4.0-1ubuntu1~22.04) 11.4.0""
	.section	.note.GNU-stack,"""",@progbits
	.section	.note.gnu.property,""a""
	.align 8
	.long	1f - 0f
	.long	4f - 1f
	.long	5
0:
	.string	""GNU""
1:
	.align 8
	.long	0xc0000002
	.long	3f - 2f
2:
	.long	0x3
3:
	.align 8
4:
```

Only output the optimized assembly code. Do not include any other text. Do not write any comments in the assembly code. Wrap the assembly code in ```assembly``` tags.
Optimized Assembly Code:
","Given the following C code, your task is to generate highly optimized x86-64 assembly code.
C Code:

```c
#include<stdio.h>


int main()
{
    int S,W;
    scanf(""%d %d"",&S,&W);
    if(S>W)
        printf(""safe"");
    else
        printf(""unsafe"");
    return 0;
}
```

Only output the optimized assembly code. Do not include any other text. Do not write any comments in the assembly code. Wrap the assembly code in ```assembly``` tags.
Optimized Assembly Code:
"
